loan_id,loan_grade,loan_subgrade,grade_mismatch_flag,loan_purpose,loan_term_months,loan_amount,loan_amount_clean,loan_amount_flag,interest_rate,interest_rate_clean,interest_rate_flag,installment,issue_date,first_payment_date,date_sequence_flag,loan_status,total_payment,principal_received,interest_received,charged_off_amount,credit_score_clean,credit_score_flag,credit_score,dti,dti_clean,dti_flag,annual_income,employment_length,employment_length_clean,home_ownership,addr_state,state_name,state_flag
LN001341,E,E2,OK,medical,36,,,FLAGGED,22.56,22.56,OK,230.88,8/8/2022,9/6/2022,OK,Fully Paid,8178.62,6000,2178.62,0,745,OK,745,38.81,38.81,OK,116000,10+ years,10+ years,MORTGAGE,OK,Oklahoma,OK
LN000880,B,B3,OK,vacation,60,6600,6600,OK,10.15,10.15,OK,140.72,5/20/2022,6/18/2022,OK,Fully Paid,8536.16,6600,1936.16,0,685,OK,685,37.97,37.97,OK,86600,6 years,6 years,MORTGAGE,OK,Oklahoma,OK
LN000818,B,B4,OK,major_purchase,36,27700,27700,OK,9.61,9.61,OK,888.74,2/17/2021,3/18/2021,OK,Late (31-120 Days),3554.96,2488.47,1066.49,0,622,OK,622,42.82,42.82,OK,138700,8 years,8 years,MORTGAGE,OK,Oklahoma,OK
LN001602,B,B1,OK,moving,36,18000,18000,OK,11.92,11.92,OK,597.17,6/18/2021,7/18/2021,OK,Current,12540.57,8151.37,4389.2,0,797,OK,797,38.87,38.87,OK,151800,2 years,2 years,MORTGAGE,NY,New York,OK
LN001058,A,A3,OK,debt_consolidation,36,23100,23100,OK,5.46,5.46,OK,697.11,3/16/2022,4/20/2022,OK,Default,4182.66,2927.86,1254.8,0,820,OK,820,19.82,19.82,OK,151100,2 years,2 years,MORTGAGE,NY,New York,OK
LN002226,E,E4,OK,medical,36,24600,24600,OK,25.11,25.11,OK,979.52,5/25/2021,6/26/2021,OK,Current,22528.96,14643.82,7885.14,0,729,OK,729,12.36,12.36,OK,153200,7 years,7 years,MORTGAGE,VA,Virginia,OK
LN001787,G,G1,OK,credit_card,36,25000,25000,OK,-35.31,,NEGATIVE_RATE,1135.29,2/21/2023,3/27/2023,OK,Charged Off,9213.21,6449.25,2763.96,18550.75,762,OK,762,25.85,25.85,OK,106500,1 year,1 year,RENT,AZ,Arizona,OK
LN003171,F,F4,OK,major_purchase,36,10700,10700,OK,29.8,29.8,OK,453.06,2/1/2021,3/4/2021,OK,Current,6342.84,4122.85,2219.99,0,662,OK,662,20.75,20.75,OK,210000,10+ years,10+ years,MORTGAGE,NM,New Mexico,OK
LN000812,C,C2,OK,wedding,60,20000,20000,OK,14.58,14.58,OK,471.4,12/19/2021,1/20/2022,OK,Charged Off,3316.79,2321.75,995.04,17678.25,664,OK,664,42.08,42.08,OK,80400,2 years,2 years,MORTGAGE,NM,New Mexico,OK
LN000388,C,C2,OK,major_purchase,36,16400,16400,OK,13.36,13.36,OK,555.43,4/5/2022,5/7/2022,OK,Fully Paid,19894.88,16400,3494.88,0,589,OK,589,36.11,36.11,OK,62900,5 years,5 years,RENT,NM,New Mexico,OK
LN000212,G,G1,OK,wedding,36,7800,7800,OK,34.55,34.55,OK,350.86,5/8/2023,6/11/2023,OK,Fully Paid,12665.23,7800,4865.23,0,691,OK,691,31.5,31.5,OK,78500,2 years,2 years,RENT,MA,Massachusetts,OK
LN002697,B,B2,OK,renewable_energy,36,5800,5800,OK,8.71,8.71,OK,183.66,7/1/2022,7/30/2022,OK,Fully Paid,6541.64,5800,741.64,0,676,OK,676,22.26,22.26,OK,83800,5 years,5 years,RENT,MA,Massachusetts,OK
LN002457,C,C2,OK,renewable_energy,60,35700,35700,OK,13.43,13.43,OK,820.16,12/19/2023,1/21/2024,OK,Charged Off,18683.38,13078.37,5605.01,22621.63,757,OK,757,23.57,23.57,OK,59800,,MISSING,MORTGAGE,CA,California,OK
LN000928,F,F2,OK,moving,60,31000,31000,OK,28.76,28.76,OK,979.47,9/27/2022,10/25/2022,OK,Default,979.47,685.63,293.84,0,762,OK,762,35.18,35.18,OK,74000,9 years,9 years,RENT,CA,California,OK
LN002972,A,A2,OK,home_improvement,36,12900,12900,OK,5.9,5.9,OK,391.86,8/30/2021,9/28/2021,OK,Fully Paid,13830.84,12900,930.84,0,742,OK,742,28.67,28.67,OK,86800,1 year,1 year,RENT,ID,Idaho,OK
LN001466,E,E2,OK,home_improvement,36,5700,5700,OK,25.42,25.42,OK,227.9,2/7/2022,3/7/2022,OK,Fully Paid,8099.74,5700,2399.74,0,813,OK,813,28.51,28.51,OK,58700,,MISSING,MORTGAGE,TX,Texas,OK
LN001966,E,E3,OK,vacation,36,1900,1900,OK,24.59,24.59,OK,75.13,8/19/2022,9/20/2022,OK,Fully Paid,2714.73,1900,814.73,0,693,OK,693,30.34,30.34,OK,64300,3 years,3 years,OTHER,TX,Texas,OK
LN000271,D,D3,OK,educational,36,5900,5900,OK,20.8,20.8,OK,221.68,6/13/2023,7/14/2023,OK,Fully Paid,7934.24,5900,2034.24,0,742,OK,742,43.58,43.58,OK,144500,6 years,6 years,RENT,CT,Connecticut,OK
LN000671,F,F5,OK,home_improvement,36,,,FLAGGED,28.84,28.84,OK,1175.11,4/30/2022,5/30/2022,OK,Current,14101.32,9165.86,4935.46,0,808,OK,808,31.69,31.69,OK,148500,7 years,7 years,RENT,CT,Connecticut,OK
LN000135,F,F1,OK,educational,36,11600,11600,OK,29.74,29.74,OK,490.79,4/4/2021,5/9/2021,OK,Charged Off,2581.74,1807.22,774.52,9792.78,624,OK,624,156.55,,DTI_IMPOSSIBLE,243300,3 years,3 years,RENT,WY,Wyoming,OK
LN002678,E,E3,OK,debt_consolidation,36,32900,32900,OK,25.89,25.89,OK,1323.63,11/9/2023,12/9/2023,OK,Fully Paid,48291.03,32900,15391.03,0,633,OK,633,21.71,21.71,OK,179800,4 years,4 years,OWN,DE,Delaware,OK
LN002888,E,E1,OK,renewable_energy,60,36900,36900,OK,24.68,24.68,OK,1076.15,8/3/2022,9/5/2022,OK,Fully Paid,65817.74,36900,28917.74,0,783,OK,783,27.54,27.54,OK,219000,< 1 year,< 1 year,MORTGAGE,DE,Delaware,OK
LN001743,B,B3,OK,vacation,36,,,FLAGGED,10.6,10.6,OK,97.65,3/25/2022,4/29/2022,OK,Charged Off,198.2,138.74,59.46,2861.26,817,OK,817,26.62,26.62,OK,54800,< 1 year,< 1 year,RENT,SC,South Carolina,OK
LN003034,A,A4,OK,home_improvement,36,12100,12100,OK,5.56,5.56,OK,365.7,2/24/2021,3/30/2021,OK,Fully Paid,13036.38,12100,936.38,0,748,OK,748,39.94,39.94,OK,107800,1 year,1 year,RENT,GA,Georgia,OK
LN002317,C,C4,OK,major_purchase,36,19400,19400,OK,15.65,15.65,OK,678.7,8/11/2022,9/14/2022,OK,Fully Paid,24759.09,19400,5359.09,0,659,OK,659,8.57,8.57,OK,130200,10+ years,10+ years,RENT,MN,Minnesota,OK
LN000027,B,B2,OK,car,36,,,FLAGGED,11.88,11.88,OK,149.21,4/12/2021,5/14/2021,OK,Fully Paid,5373.58,4500,873.58,0,,NULL,,44.25,44.25,OK,244600,3 years,3 years,RENT,KY,Kentucky,OK
LN002708,B,B4,OK,home_improvement,60,13200,13200,OK,10.46,10.46,OK,283.46,9/25/2021,10/27/2021,OK,Fully Paid,17183.58,13200,3983.58,0,818,OK,818,42.95,42.95,OK,120000,5 years,5 years,RENT,KY,Kentucky,OK
LN000930,C,C4,OK,car,36,25200,25200,OK,13.05,13.05,OK,849.69,4/9/2021,5/12/2021,OK,Fully Paid,30357.83,25200,5157.83,0,625,OK,625,33.29,33.29,OK,128200,5 years,5 years,RENT,MT,Montana,OK
LN002989,B,B2,OK,vacation,36,32900,32900,OK,9.01,9.01,OK,1046.36,10/8/2021,11/11/2021,OK,Charged Off,17809.07,12466.35,5342.72,20433.65,729,OK,729,15.61,15.61,OK,117600,,MISSING,MORTGAGE,IL,Illinois,OK
LN001000,B,B1,OK,wedding,60,34600,34600,OK,8.72,8.72,OK,713.55,7/25/2023,8/26/2023,OK,Current,34963.95,22726.57,12237.38,0,702,OK,702,13.11,13.11,OK,134400,< 1 year,< 1 year,RENT,IL,Illinois,OK
LN000033,B,B5,OK,medical,60,20600,20600,OK,10.23,10.23,OK,440.02,8/10/2022,9/10/2022,OK,Fully Paid,26599.34,20600,5999.34,0,808,OK,808,35.04,35.04,OK,68600,,MISSING,RENT,VT,Vermont,OK
LN000316,E,E3,OK,moving,60,30400,30400,OK,23.63,23.63,OK,868.03,8/26/2023,9/30/2023,OK,Default,8680.3,6076.21,2604.09,0,703,OK,703,35.8,35.8,OK,164100,10+ years,10+ years,OWN,NJ,New Jersey,OK
LN000416,G,G1,OK,wedding,36,34600,34600,OK,35.06,35.06,OK,1566.34,1/27/2021,2/26/2021,OK,Late (31-120 Days),18796.08,13157.26,5638.82,0,627,OK,627,15.13,15.13,OK,216200,,MISSING,RENT,NJ,New Jersey,OK
LN002105,A,A4,OK,home_improvement,36,3400,3400,OK,5.04,5.04,OK,101.96,7/16/2023,8/19/2023,OK,Fully Paid,3663.48,3400,263.48,0,613,OK,613,14.63,14.63,OK,40600,1 year,1 year,MORTGAGE,IA,Iowa,OK
LN001510,A,A5,OK,small_business,60,9000,9000,OK,5.85,5.85,OK,173.37,2/23/2022,3/26/2022,OK,Current,8148.39,5296.45,2851.94,0,608,OK,608,29.8,29.8,OK,115900,6 years,6 years,RENT,ME,Maine,OK
LN002358,E,E5,OK,medical,36,25000,25000,OK,25.27,25.27,OK,997.57,11/25/2021,12/23/2021,OK,Charged Off,11022.05,7715.43,3306.61,17284.57,803,OK,803,18.24,18.24,OK,174100,6 years,6 years,RENT,MD,Maryland,OK
LN001925,C,G1,GRADE_MISMATCH,debt_consolidation,60,38600,38600,OK,16.19,16.19,OK,942.58,3/5/2021,4/4/2021,OK,Fully Paid,56134.93,38600,17534.93,0,700,OK,700,41.18,41.18,OK,145900,1 year,1 year,RENT,WA,Washington,OK
LN002963,A,A3,OK,home_improvement,36,21500,21500,OK,7.59,7.59,OK,669.67,11/4/2023,12/2/2023,OK,Fully Paid,24471.41,21500,2971.41,0,749,OK,749,34.85,34.85,OK,229800,4 years,4 years,RENT,WA,Washington,OK
LN000180,B,B3,OK,debt_consolidation,60,6800,6800,OK,8.58,8.58,OK,139.77,5/26/2022,6/28/2022,OK,Current,6429.42,4179.12,2250.3,0,784,OK,784,11.57,11.57,OK,124900,5 years,5 years,MORTGAGE,MI,Michigan,OK
LN002378,C,C1,OK,debt_consolidation,60,18200,18200,OK,12.77,12.77,OK,411.97,8/4/2021,9/3/2021,OK,Late (31-120 Days),4531.67,3172.17,1359.5,0,771,OK,771,24.16,24.16,OK,198800,3 years,3 years,RENT,RI,Rhode Island,OK
LN002956,E,E4,OK,debt_consolidation,60,38000,38000,OK,25.64,25.64,OK,1129.65,9/2/2021,10/1/2021,OK,Default,13555.8,9489.06,4066.74,0,698,OK,698,16.01,16.01,OK,103000,1 year,1 year,MORTGAGE,MS,Mississippi,OK
LN001404,D,D1,OK,moving,36,37200,37200,OK,21.69,21.69,OK,1414.73,5/19/2023,6/16/2023,OK,Fully Paid,51736.31,37200,14536.31,0,706,OK,706,20.43,20.43,OK,42700,4 years,4 years,MORTGAGE,MS,Mississippi,OK
LN001232,A,A3,OK,credit_card,36,9100,9100,OK,7.94,7.94,OK,284.91,11/27/2022,12/30/2022,OK,Charged Off,1672.01,1170.41,501.6,7929.59,741,OK,741,21.27,21.27,OK,247200,6 years,6 years,RENT,OR,Oregon,OK
LN002844,B,B1,OK,moving,36,,,FLAGGED,11.02,11.02,OK,753.21,12/29/2021,1/27/2022,OK,Fully Paid,26850.73,23000,3850.73,0,611,OK,611,39.52,39.52,OK,172400,3 years,3 years,MORTGAGE,OR,Oregon,OK
LN000121,A,A5,OK,wedding,36,29200,29200,OK,5.39,5.39,OK,880.27,4/15/2023,5/14/2023,OK,Fully Paid,31560.63,29200,2360.63,0,763,OK,763,33.75,33.75,OK,240300,4 years,4 years,OWN,OR,Oregon,OK
LN001511,C,C2,OK,debt_consolidation,36,6400,6400,OK,15.45,15.45,OK,223.27,9/13/2022,10/12/2022,OK,Current,5135.21,3337.89,1797.32,0,799,OK,799,14.15,14.15,OK,85300,1 year,1 year,MORTGAGE,MO,Missouri,OK
LN001958,B,B1,OK,car,60,32700,32700,OK,10.4,10.4,OK,701.23,8/11/2022,9/11/2022,OK,Charged Off,13219.01,9253.31,3965.7,23446.69,749,OK,749,27.81,27.81,OK,136400,4 years,4 years,OWN,MO,Missouri,OK
LN000440,D,D1,OK,renewable_energy,36,36300,36300,OK,18.66,18.66,OK,1324.38,5/27/2023,6/24/2023,OK,Fully Paid,48159.96,36300,11859.96,0,758,OK,758,42.84,42.84,OK,247100,,MISSING,RENT,UT,Utah,OK
LN003020,B,B3,OK,debt_consolidation,60,19300,19300,OK,8.62,8.62,OK,397.09,2/3/2021,3/3/2021,OK,Fully Paid,23516.76,19300,4216.76,0,697,OK,697,44.76,44.76,OK,130300,2 years,2 years,MORTGAGE,TN,Tennessee,OK
LN002763,F,F1,OK,credit_card,60,26400,26400,OK,27.82,27.82,OK,819.12,6/23/2022,7/21/2022,OK,Charged Off,9509.69,6656.78,2852.91,19743.22,672,OK,672,39.7,39.7,OK,32200,1 year,1 year,RENT,WI,Wisconsin,OK
LN001227,A,A2,OK,medical,36,5300,5300,OK,5.9,5.9,OK,161,4/6/2023,5/10/2023,OK,Fully Paid,5830.3,5300,530.3,0,601,OK,601,42.37,42.37,OK,234200,10+ years,10+ years,MORTGAGE,PA,Pennsylvania,OK
LN000843,D,D3,OK,car,36,,,FLAGGED,20.83,20.83,OK,605.16,12/12/2022,12/9/2022,DATE_SEQUENCE_ERROR,Charged Off,2387.64,1671.35,716.29,14428.65,,NULL,,21.68,21.68,OK,207900,3 years,3 years,MORTGAGE,RI,Rhode Island,OK
LN000185,A,A4,OK,wedding,36,19300,19300,OK,7.86,7.86,OK,603.55,3/17/2022,4/21/2022,OK,Fully Paid,22001.76,19300,2701.76,0,723,OK,723,25.22,25.22,OK,227700,4 years,4 years,OWN,VA,Virginia,OK
LN000496,B,B1,OK,major_purchase,36,30000,30000,OK,8.91,8.91,OK,952.74,1/13/2023,2/16/2023,OK,Current,30487.68,19816.99,10670.69,0,791,OK,791,31.94,31.94,OK,73500,2 years,2 years,RENT,LA,Louisiana,OK
LN002212,D,D1,OK,wedding,60,2200,2200,OK,21.82,21.82,OK,60.54,11/8/2022,12/10/2022,OK,Charged Off,309.76,216.83,92.93,1983.17,772,OK,772,14.41,14.41,OK,228000,6 years,6 years,MORTGAGE,OK,Oklahoma,OK
LN003202,E,E1,OK,renewable_energy,36,38700,38700,OK,24.24,24.24,OK,1523.19,1/12/2023,2/12/2023,OK,Fully Paid,54463.13,38700,15763.13,0,725,OK,725,42.4,42.4,OK,49300,10+ years,10+ years,OWN,CA,California,OK
LN000927,C,C4,OK,educational,60,7800,7800,OK,16.44,16.44,OK,191.51,4/28/2022,5/29/2022,OK,Current,4213.22,2738.59,1474.63,0,717,OK,717,32.89,32.89,OK,149700,3 years,3 years,MORTGAGE,NC,North Carolina,OK
LN000462,A,A4,OK,wedding,36,18500,18500,OK,5.52,5.52,OK,558.79,11/9/2021,12/11/2021,OK,Fully Paid,20369.56,18500,1869.56,0,636,OK,636,10.15,10.15,OK,83300,7 years,7 years,RENT,IN,Indiana,OK
LN000034,C,C1,OK,moving,36,7200,7200,OK,14.33,14.33,OK,247.23,12/1/2023,1/5/2024,OK,Current,5686.29,3696.09,1990.2,0,773,OK,773,40.66,40.66,OK,231700,,MISSING,MORTGAGE,NH,New Hampshire,OK
LN001794,D,D5,OK,car,36,31800,31800,OK,17.31,17.31,OK,1138.67,10/18/2023,11/22/2023,OK,Late (31-120 Days),3416.01,2391.21,1024.8,0,598,OK,598,6.92,6.92,OK,82900,8 years,8 years,RENT,IL,Illinois,OK
LN000290,D,D3,OK,debt_consolidation,36,29400,29400,OK,17.71,17.71,OK,1058.61,10/30/2021,11/27/2021,OK,Fully Paid,38257.3,29400,8857.3,0,,BELOW_MIN,231,26.9,26.9,OK,59800,3 years,3 years,MORTGAGE,WA,Washington,OK
LN002590,A,A2,OK,educational,36,32600,32600,OK,7.75,7.75,OK,1017.81,4/27/2022,5/27/2022,OK,Charged Off,11027.73,7719.41,3308.32,24880.59,722,OK,722,23.97,23.97,OK,121500,4 years,4 years,OWN,ID,Idaho,OK
LN001540,E,E1,OK,home_improvement,60,3900,3900,OK,24.5,24.5,OK,113.33,1/17/2023,2/19/2023,OK,Current,3173.24,2062.61,1110.63,0,660,OK,660,41.31,41.31,OK,79800,10+ years,10+ years,RENT,KS,Kansas,OK
LN000645,B,B5,OK,credit_card,36,25700,25700,OK,9.53,9.53,OK,823.61,8/9/2023,9/9/2023,OK,Fully Paid,29805.54,25700,4105.54,0,680,OK,680,13.7,13.7,OK,149800,10+ years,10+ years,MORTGAGE,NC,North Carolina,OK
LN000094,C,C3,OK,major_purchase,60,34000,34000,OK,15.76,15.76,OK,822.48,4/7/2022,5/8/2022,OK,Fully Paid,48867.09,34000,14867.09,0,624,OK,624,29.1,29.1,OK,55800,2 years,2 years,MORTGAGE,NY,New York,OK
LN000970,A,A2,OK,small_business,36,28700,28700,OK,6.73,6.73,OK,882.63,9/29/2023,10/30/2023,OK,Current,6178.41,4015.97,2162.44,0,628,OK,628,12.48,12.48,OK,156600,8 years,8 years,RENT,MT,Montana,OK
LN001555,B,B3,OK,medical,36,10000,10000,OK,8.97,8.97,OK,317.86,6/1/2021,7/3/2021,OK,Current,2542.88,1652.87,890.01,0,602,OK,602,42.99,42.99,OK,116000,,MISSING,RENT,AZ,Arizona,OK
LN001175,D,D4,OK,renewable_energy,36,,,FLAGGED,18.12,18.12,OK,517.84,1/9/2021,2/9/2021,OK,Fully Paid,18734.09,14300,4434.09,0,804,OK,804,32.02,32.02,OK,234800,9 years,9 years,RENT,DE,Delaware,OK
LN002576,B,B3,OK,home_improvement,60,,,FLAGGED,9.06,9.06,OK,428.22,2/24/2022,3/26/2022,OK,Current,2141.1,1391.71,749.38,0,806,OK,806,11.56,11.56,OK,115200,1 year,1 year,OWN,OR,Oregon,OK
LN003154,D,D1,OK,major_purchase,36,18200,18200,OK,21.95,21.95,OK,694.6,10/22/2021,11/26/2021,OK,Fully Paid,25222.72,18200,7022.72,0,,ABOVE_MAX,862,43.26,43.26,OK,141200,1 year,1 year,MORTGAGE,AL,Alabama,OK
LN000804,D,D4,OK,debt_consolidation,36,28700,28700,OK,20.02,20.02,OK,1066.89,12/29/2023,1/28/2024,OK,Fully Paid,38543.54,28700,9843.54,0,680,OK,680,196.74,,DTI_IMPOSSIBLE,152800,9 years,9 years,OWN,WV,West Virginia,OK
LN001475,A,A2,OK,medical,36,2000,2000,OK,5.05,5.05,OK,59.99,7/23/2022,8/26/2022,OK,Fully Paid,2141.65,2000,141.65,0,762,OK,762,44.76,44.76,OK,210700,2 years,2 years,RENT,AL,Alabama,OK
LN000603,F,F1,OK,debt_consolidation,60,38300,38300,OK,30.4,30.4,OK,1248.56,6/19/2022,7/24/2022,OK,Fully Paid,74661.35,38300,36361.35,0,681,OK,681,43.82,43.82,OK,177800,4 years,4 years,RENT,PA,Pennsylvania,OK
LN001965,A,A4,OK,car,36,28100,28100,OK,7.32,7.32,OK,871.76,1/7/2023,2/8/2023,OK,Current,8717.6,5666.44,3051.16,0,778,OK,778,12.74,12.74,OK,93600,2 years,2 years,MORTGAGE,TN,Tennessee,OK
LN002729,D,D3,OK,debt_consolidation,36,32000,32000,OK,19.43,19.43,OK,1179.96,11/10/2023,12/14/2023,OK,Charged Off,4439.38,3107.57,1331.81,28892.43,767,OK,767,27.47,27.47,OK,160200,8 years,8 years,RENT,NJ,New Jersey,OK
LN001337,C,C1,OK,vacation,60,2700,2700,OK,13.29,13.29,OK,61.83,5/1/2022,6/1/2022,OK,Fully Paid,3686.93,2700,986.93,0,761,OK,761,11.17,11.17,OK,185000,2 years,2 years,MORTGAGE,RI,Rhode Island,OK
LN000949,A,A1,OK,car,36,1800,1800,OK,6.86,6.86,OK,55.46,11/24/2023,12/24/2023,OK,Current,1275.58,829.13,446.45,0,674,OK,674,6.54,6.54,OK,67500,7 years,7 years,RENT,AL,Alabama,OK
LN003177,B,B3,OK,renewable_energy,36,27800,27800,OK,9.99,9.99,OK,896.9,10/2/2023,11/5/2023,OK,Charged Off,1976.34,1383.44,592.9,26416.56,600,OK,600,29.04,29.04,OK,114400,2 years,2 years,MORTGAGE,MA,Massachusetts,OK
LN000803,B,B2,OK,debt_consolidation,36,7300,7300,OK,11.35,11.35,OK,240.2,10/5/2022,11/8/2022,OK,Current,2642.2,1717.43,924.77,0,789,OK,789,34.62,34.62,OK,135500,10+ years,10+ years,RENT,NC,North Carolina,OK
LN001766,A,A3,OK,home_improvement,60,10800,10800,OK,-5.06,,NEGATIVE_RATE,204.11,9/3/2022,10/1/2022,OK,Late (31-120 Days),816.44,571.51,244.93,0,696,OK,696,38.21,38.21,OK,125600,6 years,6 years,OWN,VT,Vermont,OK
LN000071,E,A4,GRADE_MISMATCH,major_purchase,36,10700,10700,OK,25.29,25.29,OK,427.07,8/19/2021,9/18/2021,OK,Current,2135.35,1387.98,747.37,0,659,OK,659,36.54,36.54,OK,38600,6 years,6 years,MORTGAGE,CO,Colorado,OK
LN000444,F,F4,OK,wedding,36,35400,35400,OK,31.28,31.28,OK,1527.71,11/6/2023,12/5/2023,OK,Fully Paid,55842.28,35400,20442.28,0,602,OK,602,8.21,8.21,OK,98200,3 years,3 years,MORTGAGE,CT,Connecticut,OK
LN002330,B,B2,OK,renewable_energy,60,18000,18000,OK,11.57,11.57,OK,396.5,4/16/2022,5/17/2022,OK,Charged Off,8965.94,6276.16,2689.78,11723.84,651,OK,651,27.16,27.16,OK,38300,,MISSING,OWN,AL,Alabama,OK
LN002454,A,A5,OK,vacation,36,33800,33800,OK,7.38,7.38,OK,1049.53,2/15/2021,3/18/2021,OK,Fully Paid,37124.49,33800,3324.49,0,725,OK,725,29.26,29.26,OK,220800,,MISSING,MORTGAGE,IN,Indiana,OK
LN001068,C,C2,OK,debt_consolidation,60,9400,9400,OK,16.32,16.32,OK,230.19,8/23/2022,9/26/2022,OK,Fully Paid,14018.86,9400,4618.86,0,665,OK,665,10.93,10.93,OK,82400,,MISSING,MORTGAGE,LA,Louisiana,OK
LN002637,A,A4,OK,wedding,60,36000,36000,OK,-7.24,,NEGATIVE_RATE,716.93,4/23/2023,5/27/2023,OK,Late (31-120 Days),4301.58,3011.11,1290.47,0,703,OK,703,17.94,17.94,OK,97600,5 years,5 years,RENT,ID,Idaho,OK
LN002773,G,G4,OK,moving,60,4400,4400,OK,34.08,34.08,OK,153.58,12/3/2023,1/6/2024,OK,Fully Paid,9183.2,4400,4783.2,0,815,OK,815,8.14,8.14,OK,117000,10+ years,10+ years,RENT,VA,Virginia,OK
LN002335,B,B3,OK,wedding,36,3700,3700,OK,10.98,10.98,OK,121.1,9/28/2022,10/30/2022,OK,Current,847.7,551,296.69,0,593,OK,593,40.09,40.09,OK,33600,2 years,2 years,OWN,AZ,Arizona,OK
LN002283,E,E5,OK,educational,36,32200,32200,OK,24.75,24.75,OK,1276.01,6/13/2023,7/12/2023,OK,Fully Paid,46495.76,32200,14295.76,0,721,OK,721,38.63,38.63,OK,136800,4 years,4 years,RENT,LA,Louisiana,OK
LN001415,F,F4,OK,major_purchase,60,3400,3400,OK,27.5,27.5,OK,104.84,9/21/2021,10/19/2021,OK,Current,5137.16,3339.15,1798.01,0,679,OK,679,35.39,35.39,OK,190100,1 year,1 year,MORTGAGE,WY,Wyoming,OK
LN000606,A,A2,OK,wedding,36,34900,34900,OK,7.52,7.52,OK,1085.93,12/8/2022,1/5/2023,OK,Fully Paid,38455.95,34900,3555.95,0,762,OK,762,41.68,41.68,OK,187800,8 years,8 years,OTHER,CO,Colorado,OK
LN000292,C,C5,OK,credit_card,36,4400,4400,OK,13.5,13.5,OK,149.32,4/24/2023,5/25/2023,OK,Current,5076.88,3299.97,1776.91,0,664,OK,664,19.29,19.29,OK,121000,1 year,1 year,MORTGAGE,IL,Illinois,OK
LN000565,B,B1,OK,renewable_energy,36,12700,12700,OK,10.13,10.13,OK,410.57,7/19/2023,8/19/2023,OK,Fully Paid,14919.21,12700,2219.21,0,788,OK,788,18.26,18.26,OK,178900,2 years,2 years,RENT,AL,Alabama,OK
LN002568,C,C4,OK,wedding,60,13600,13600,OK,15.03,15.03,OK,323.76,1/14/2023,2/11/2023,OK,Fully Paid,19560.37,13600,5960.37,0,620,OK,620,11.4,11.4,OK,36300,< 1 year,< 1 year,RENT,NC,North Carolina,OK
LN000408,B,B1,OK,educational,60,39300,39300,OK,9.56,9.56,OK,826.53,7/18/2022,8/19/2022,OK,Fully Paid,49538.56,39300,10238.56,0,623,OK,623,27.91,27.91,OK,144500,9 years,9 years,MORTGAGE,ME,Maine,OK
LN001107,A,A2,OK,medical,36,22200,22200,OK,5.33,5.33,OK,668.65,2/28/2023,3/31/2023,OK,Current,8692.45,5650.09,3042.36,0,648,OK,648,33.55,33.55,OK,242400,10+ years,10+ years,MORTGAGE,PA,Pennsylvania,OK
LN002385,E,E2,OK,major_purchase,60,26700,26700,OK,26.2,26.2,OK,802.57,3/10/2021,4/7/2021,OK,Fully Paid,48861.77,26700,22161.77,0,740,OK,740,24.36,24.36,OK,175000,1 year,1 year,RENT,CA,California,OK
LN000552,B,B2,OK,medical,60,19500,19500,OK,8.63,8.63,OK,401.3,11/18/2022,12/23/2022,OK,Late (31-120 Days),4815.6,3370.92,1444.68,0,735,OK,735,13.36,13.36,OK,105300,10+ years,10+ years,MORTGAGE,DE,Delaware,OK
LN001237,B,B1,OK,medical,60,15000,15000,OK,8.6,8.6,OK,308.47,3/16/2021,4/19/2021,OK,Fully Paid,18184.81,15000,3184.81,0,773,OK,773,34.61,34.61,OK,51700,9 years,9 years,RENT,KY,Kentucky,OK
LN001573,D,D5,OK,vacation,60,2200,2200,OK,20.71,20.71,OK,59.16,5/8/2022,6/10/2022,OK,Current,2543.88,1653.52,890.36,0,662,OK,662,38.93,38.93,OK,148900,6 years,6 years,RENT,DE,Delaware,OK
LN001996,E,E4,OK,medical,36,12500,12500,OK,23.3,23.3,OK,485.83,12/15/2021,12/10/2021,DATE_SEQUENCE_ERROR,Current,15060.73,9789.47,5271.26,0,665,OK,665,41.5,41.5,OK,229700,10+ years,10+ years,RENT,MI,Michigan,OK
LN001427,B,B4,OK,moving,36,12300,12300,OK,9.18,9.18,OK,392.17,11/27/2022,12/28/2022,OK,Charged Off,6526.57,4568.6,1957.97,7731.4,597,OK,597,188.65,,DTI_IMPOSSIBLE,123100,9 years,9 years,OWN,RI,Rhode Island,OK
LN000197,B,B1,OK,credit_card,36,16300,16300,OK,8.98,8.98,OK,518.18,8/26/2022,9/25/2022,OK,Current,6218.16,4041.8,2176.36,0,597,OK,597,26.22,26.22,OK,28400,6 years,6 years,RENT,MN,Minnesota,OK
LN003263,C,C5,OK,medical,60,16600,16600,OK,15.6,15.6,OK,400.16,8/8/2022,9/11/2022,OK,Current,14405.76,9363.74,5042.02,0,716,OK,716,28.29,28.29,OK,232100,4 years,4 years,RENT,WV,West Virginia,OK
LN001054,C,C1,OK,medical,36,,,FLAGGED,16.2,16.2,OK,331.41,5/17/2022,6/21/2022,OK,Fully Paid,12011.61,9400,2611.61,0,787,OK,787,40.98,40.98,OK,177400,10+ years,10+ years,MORTGAGE,KY,Kentucky,OK
LN000890,C,C5,OK,educational,36,9300,9300,OK,15.53,15.53,OK,324.81,10/5/2022,11/3/2022,OK,Late (31-120 Days),3897.72,2728.4,1169.32,0,734,OK,734,19.34,19.34,OK,154700,4 years,4 years,RENT,CO,Colorado,OK
LN002865,A,A4,OK,educational,36,2600,2600,OK,6.85,6.85,OK,80.1,11/3/2021,12/1/2021,OK,Current,801,520.65,280.35,0,693,OK,693,36.58,36.58,OK,63900,7 years,7 years,RENT,IA,Iowa,OK
LN003200,D,D5,OK,renewable_energy,36,7400,7400,OK,21.47,21.47,OK,280.58,7/27/2023,8/25/2023,OK,Default,1964.06,1374.84,589.22,0,686,OK,686,31.49,31.49,OK,137400,5 years,5 years,OTHER,NY,New York,OK
LN000412,D,D5,OK,medical,36,37100,37100,OK,18.95,18.95,OK,1359,4/2/2023,5/4/2023,OK,Fully Paid,49648.62,37100,12548.62,0,583,OK,583,16.55,16.55,OK,208800,4 years,4 years,RENT,ND,North Dakota,OK
LN000150,E,E4,OK,car,36,34800,34800,OK,26.44,26.44,OK,1410.28,12/8/2021,1/7/2022,OK,Current,35257,22917.05,12339.95,0,610,OK,610,12.14,12.14,OK,245000,4 years,4 years,RENT,0,,INVALID_STATE
LN000938,B,B3,OK,renewable_energy,60,28000,28000,OK,11.41,11.41,OK,614.53,9/27/2023,10/28/2023,OK,Late (31-120 Days),3072.65,2150.86,921.79,0,808,OK,808,134.35,,DTI_IMPOSSIBLE,247300,2 years,2 years,RENT,AR,Arkansas,OK
LN000315,B,B3,OK,medical,60,10900,10900,OK,10.09,10.09,OK,232.08,5/4/2023,6/7/2023,OK,Charged Off,2110.34,1477.24,633.1,9422.76,684,OK,684,25.25,25.25,OK,54600,5 years,5 years,RENT,DE,Delaware,OK
LN002504,C,C5,OK,credit_card,36,,,FLAGGED,13.69,13.69,OK,108.89,9/24/2022,10/29/2022,OK,Fully Paid,3880.54,3200,680.54,0,685,OK,685,29.88,29.88,OK,186100,1 year,1 year,RENT,NV,Nevada,OK
LN002270,D,D3,OK,moving,60,,,FLAGGED,19.51,19.51,OK,978.08,5/29/2021,6/27/2021,OK,Current,42057.44,27337.34,14720.1,0,591,OK,591,6.7,6.7,OK,148900,,MISSING,OWN,IA,Iowa,OK
LN001897,A,A3,OK,educational,36,19800,19800,OK,6.83,6.83,OK,609.83,5/31/2022,7/4/2022,OK,Charged Off,4558.29,3190.8,1367.49,16609.2,806,OK,806,44.06,44.06,OK,138900,3 years,3 years,MORTGAGE,TN,Tennessee,OK
LN001814,B,B1,OK,educational,60,33700,33700,OK,9.07,9.07,OK,700.7,6/7/2022,7/11/2022,OK,Fully Paid,41468.4,33700,7768.4,0,688,OK,688,22.29,22.29,OK,206800,5 years,5 years,MORTGAGE,AL,Alabama,OK
LN001299,B,B4,OK,wedding,60,1600,1600,OK,-10.75,,NEGATIVE_RATE,34.59,2/17/2022,3/23/2022,OK,Charged Off,909.76,636.83,272.93,963.17,812,OK,812,37.97,37.97,OK,49000,< 1 year,< 1 year,RENT,NH,New Hampshire,OK
LN002148,A,A4,OK,educational,60,28700,28700,OK,6.55,6.55,OK,562.22,7/28/2023,8/28/2023,OK,Fully Paid,34191.07,28700,5491.07,0,744,OK,744,21.06,21.06,OK,150100,10+ years,10+ years,MORTGAGE,OR,Oregon,OK
LN003425,G,G5,OK,major_purchase,36,32800,32800,OK,32.78,32.78,OK,1442.82,11/14/2021,12/14/2021,OK,Fully Paid,52424.51,32800,19624.51,0,688,OK,688,34.13,34.13,OK,42000,4 years,4 years,MORTGAGE,SD,South Dakota,OK
LN003223,C,C5,OK,renewable_energy,60,13700,13700,OK,13.64,13.64,OK,316.22,1/11/2023,2/10/2023,OK,Fully Paid,19125.96,13700,5425.96,0,604,OK,604,33.15,33.15,OK,214900,4 years,4 years,RENT,OH,Ohio,OK
LN001799,D,D4,OK,debt_consolidation,36,,,FLAGGED,19.39,19.39,OK,571.23,9/23/2021,10/24/2021,OK,Charged Off,7273.29,5091.3,2181.99,10408.7,665,OK,665,24.71,24.71,OK,71800,1 year,1 year,MORTGAGE,AZ,Arizona,OK
LN000300,C,C3,OK,major_purchase,36,25600,25600,OK,16.05,16.05,OK,900.65,8/25/2023,9/22/2023,OK,Charged Off,3236.67,2265.67,971,23334.33,622,OK,622,14.2,14.2,OK,235700,7 years,7 years,RENT,ID,Idaho,OK
LN001109,F,F1,OK,medical,36,20200,20200,OK,30.59,30.59,OK,864.06,10/19/2022,11/23/2022,OK,Late (31-120 Days),8640.6,6048.42,2592.18,0,609,OK,609,36.86,36.86,OK,76900,10+ years,10+ years,RENT,VT,Vermont,OK
LN001771,B,B4,OK,wedding,36,22000,22000,OK,9.41,9.41,OK,703.8,8/15/2021,9/19/2021,OK,Charged Off,8223.03,5756.12,2466.91,16243.88,620,OK,620,11.59,11.59,OK,142900,8 years,8 years,MORTGAGE,AK,Alaska,OK
LN000806,C,C4,OK,debt_consolidation,60,38200,38200,OK,14.07,14.07,OK,890.23,6/12/2021,7/15/2021,OK,Current,42731.04,27775.18,14955.86,0,607,OK,607,23.09,23.09,OK,35100,4 years,4 years,RENT,MS,Mississippi,OK
LN002986,G,G3,OK,credit_card,36,19900,19900,OK,35.59,35.59,OK,906.85,10/18/2021,11/16/2021,OK,Fully Paid,32198.69,19900,12298.69,0,699,OK,699,8.22,8.22,OK,204200,6 years,6 years,OWN,WI,Wisconsin,OK
LN000184,B,B2,OK,moving,36,31500,31500,OK,8.98,8.98,OK,1001.4,4/18/2021,5/22/2021,OK,Charged Off,10006.56,7004.59,3001.97,24495.41,717,OK,717,32.74,32.74,OK,95900,6 years,6 years,OWN,FL,Florida,OK
LN003328,B,B2,OK,home_improvement,60,3600,3600,OK,11.01,11.01,OK,78.29,8/7/2021,9/7/2021,OK,Current,2192.12,1424.88,767.24,0,589,OK,589,41.29,41.29,OK,49100,2 years,2 years,OWN,OK,Oklahoma,OK
LN001026,C,C3,OK,small_business,36,,,FLAGGED,14.57,14.57,OK,623.64,9/13/2023,10/17/2023,OK,Fully Paid,22538.83,18100,4438.83,0,751,OK,751,31.36,31.36,OK,82000,9 years,9 years,MORTGAGE,IL,Illinois,OK
LN002190,A,A3,OK,car,36,23000,23000,OK,6.98,6.98,OK,709.96,12/18/2023,12/15/2023,DATE_SEQUENCE_ERROR,Charged Off,12743.96,8920.77,3823.19,14079.23,750,OK,750,40.92,40.92,OK,169700,10+ years,10+ years,RENT,MI,Michigan,OK
LN000882,C,C2,OK,home_improvement,36,12600,12600,OK,14.34,14.34,OK,432.72,10/7/2021,11/9/2021,OK,Fully Paid,15871.68,12600,3271.68,0,646,OK,646,15.21,15.21,OK,34400,1 year,1 year,MORTGAGE,NV,Nevada,OK
LN002794,A,A3,OK,car,36,4200,4200,OK,5.75,5.75,OK,127.3,6/20/2021,7/22/2021,OK,Fully Paid,4582.75,4200,382.75,0,601,OK,601,32.73,32.73,OK,52600,5 years,5 years,RENT,SD,South Dakota,OK
LN002845,D,D3,OK,home_improvement,60,33100,33100,OK,18.81,18.81,OK,855.18,2/16/2021,3/18/2021,OK,Current,20524.32,13340.81,7183.51,0,581,OK,581,19.71,19.71,OK,246600,5 years,5 years,RENT,LA,Louisiana,OK
LN001377,C,C4,OK,small_business,60,28900,28900,OK,14.35,14.35,OK,677.71,9/15/2021,10/14/2021,OK,Current,22364.43,14536.88,7827.55,0,744,OK,744,30.44,30.44,OK,227800,3 years,3 years,RENT,CT,Connecticut,OK
LN001172,E,E2,OK,moving,60,30300,30300,OK,26.71,26.71,OK,919.98,5/31/2021,7/3/2021,OK,Fully Paid,54670.5,30300,24370.5,0,755,OK,755,32.22,32.22,OK,159200,2 years,2 years,MORTGAGE,WA,Washington,OK
LN003424,A,A1,OK,renewable_energy,36,15200,15200,OK,6.54,6.54,OK,466.14,2/13/2021,3/19/2021,OK,Fully Paid,16721.43,15200,1521.43,0,639,OK,639,22.56,22.56,OK,178100,< 1 year,< 1 year,MORTGAGE,HI,Hawaii,OK
LN000052,B,B5,OK,car,36,32700,32700,OK,8.71,8.71,OK,1035.44,8/18/2021,9/16/2021,OK,Late (31-120 Days),4141.76,2899.23,1242.53,0,740,OK,740,13.44,13.44,OK,58200,1 year,1 year,RENT,CA,California,OK
LN000352,A,A3,OK,moving,36,30200,30200,OK,7.78,7.78,OK,943.3,8/10/2022,9/9/2022,OK,Fully Paid,33904.97,30200,3704.97,0,619,OK,619,10.54,10.54,OK,175300,,MISSING,RENT,KY,Kentucky,OK
LN001878,A,A3,OK,educational,36,39300,39300,OK,6.83,6.83,OK,1210.42,3/9/2021,4/8/2021,OK,Current,38733.44,25176.74,13556.7,0,703,OK,703,30.44,30.44,OK,102000,3 years,3 years,MORTGAGE,CO,Colorado,OK
LN000863,E,E3,OK,wedding,36,2800,2800,OK,25.93,25.93,OK,112.71,1/30/2023,3/1/2023,OK,Charged Off,179.95,125.96,53.98,2674.04,,ABOVE_MAX,871,19.83,19.83,OK,173500,8 years,8 years,RENT,VA,Virginia,OK
LN000535,A,A2,OK,vacation,60,7600,7600,OK,7.9,7.9,OK,153.74,2/5/2023,3/6/2023,OK,Current,4919.68,3197.79,1721.89,0,701,OK,701,6.3,6.3,OK,89200,10+ years,10+ years,RENT,DE,Delaware,OK
LN002894,D,D2,OK,moving,60,,,FLAGGED,21.46,21.46,OK,1084.32,10/19/2021,11/17/2021,OK,Charged Off,17030.77,11921.54,5109.23,27778.46,759,OK,759,9.65,9.65,OK,131900,1 year,1 year,RENT,ID,Idaho,OK
LN002828,C,C1,OK,car,36,27700,27700,OK,15.18,15.18,OK,962.67,12/11/2023,1/14/2024,OK,Current,9626.7,6257.36,3369.35,0,,BELOW_MIN,165,18.73,18.73,OK,175200,7 years,7 years,MORTGAGE,CO,Colorado,OK
LN002919,B,B1,OK,debt_consolidation,36,16000,16000,OK,8.63,8.63,OK,506.04,12/5/2021,1/6/2022,OK,Current,9614.76,6249.59,3365.17,0,797,OK,797,19.35,19.35,OK,214200,4 years,4 years,MORTGAGE,ME,Maine,OK
LN001045,C,C4,OK,moving,36,34100,34100,OK,16.27,16.27,OK,1203.41,5/2/2023,6/4/2023,OK,Current,33695.48,21902.06,11793.42,0,772,OK,772,15.06,15.06,OK,191900,2 years,2 years,MORTGAGE,FL,Florida,OK
LN003352,E,E4,OK,moving,36,29500,29500,OK,24.63,24.63,OK,1167.15,9/14/2023,10/19/2023,OK,Fully Paid,41615.22,29500,12115.22,0,614,OK,614,13.98,13.98,OK,217900,,MISSING,RENT,DE,Delaware,OK
LN000171,C,C3,OK,car,36,,,FLAGGED,14.05,14.05,OK,755.86,10/21/2023,11/19/2023,OK,Current,13605.48,8843.56,4761.92,0,726,OK,726,25.84,25.84,OK,180900,2 years,2 years,RENT,LA,Louisiana,OK
LN000140,B,B1,OK,credit_card,60,12800,12800,OK,10.37,10.37,OK,274.3,5/21/2021,6/18/2021,OK,Late (31-120 Days),822.9,576.03,246.87,0,686,OK,686,40.29,40.29,OK,97000,10+ years,10+ years,RENT,MT,Montana,OK
LN001214,C,C2,OK,major_purchase,36,3400,3400,OK,15.75,15.75,OK,119.11,1/18/2022,2/19/2022,OK,Fully Paid,4293.22,3400,893.22,0,650,OK,650,24.68,24.68,OK,106700,9 years,9 years,RENT,VA,Virginia,OK
LN002114,E,E5,OK,moving,36,39800,39800,OK,25.17,25.17,OK,1586.02,7/8/2022,8/6/2022,OK,Current,47580.6,30927.39,16653.21,0,597,OK,597,36.97,36.97,OK,151700,9 years,9 years,RENT,RI,Rhode Island,OK
LN003307,A,A3,OK,renewable_energy,60,4800,4800,OK,5.09,5.09,OK,90.78,12/13/2021,1/15/2022,OK,Fully Paid,5339.9,4800,539.9,0,602,OK,602,19.58,19.58,OK,238800,5 years,5 years,OWN,AZ,Arizona,OK
LN000280,G,G1,OK,debt_consolidation,60,11300,11300,OK,34.48,34.48,OK,397.29,10/24/2022,11/28/2022,OK,Current,17083.47,11104.26,5979.21,0,760,OK,760,33.38,33.38,OK,175600,8 years,8 years,OWN,RI,Rhode Island,OK
LN001981,D,D2,OK,medical,36,14600,14600,OK,21.87,21.87,OK,556.6,4/21/2021,5/20/2021,OK,Fully Paid,19991.85,14600,5391.85,0,718,OK,718,13.28,13.28,OK,184400,< 1 year,< 1 year,RENT,NM,New Mexico,OK
LN002900,A,A3,OK,car,60,15200,15200,OK,7.86,7.86,OK,307.18,7/16/2023,8/17/2023,OK,Current,18123.62,11780.35,6343.27,0,606,OK,606,11.82,11.82,OK,82100,9 years,9 years,RENT,IA,Iowa,OK
LN002375,C,C2,OK,medical,60,34200,34200,OK,15.02,15.02,OK,813.97,4/18/2022,5/18/2022,OK,Fully Paid,48955.77,34200,14755.77,0,615,OK,615,12.43,12.43,OK,46400,2 years,2 years,RENT,NY,New York,OK
LN001065,A,A4,OK,home_improvement,36,4700,4700,OK,5.85,5.85,OK,142.66,3/13/2021,4/15/2021,OK,Current,2567.88,1669.12,898.76,0,763,OK,763,24.26,24.26,OK,192800,1 year,1 year,MORTGAGE,TX,Texas,OK
LN000568,B,B2,OK,small_business,36,19900,19900,OK,11.33,11.33,OK,654.61,11/18/2023,12/18/2023,OK,Late (31-120 Days),6546.1,4582.27,1963.83,0,805,OK,805,22.35,22.35,OK,51700,1 year,1 year,MORTGAGE,FL,Florida,OK
LN001481,F,F5,OK,wedding,36,30700,30700,OK,31.06,31.06,OK,1321.15,8/20/2022,9/21/2022,OK,Current,39634.5,25762.42,13872.07,0,693,OK,693,10.93,10.93,OK,46900,1 year,1 year,MORTGAGE,LA,Louisiana,OK
LN002997,B,B1,OK,major_purchase,36,25800,25800,OK,9.18,9.18,OK,822.6,2/19/2022,3/19/2022,OK,Current,9871.2,6416.28,3454.92,0,631,OK,631,12.6,12.6,OK,42600,6 years,6 years,RENT,RI,Rhode Island,OK
LN003115,F,F5,OK,home_improvement,60,22600,22600,OK,30.11,30.11,OK,732.71,3/30/2022,5/2/2022,OK,Charged Off,2485.97,1740.18,745.79,20859.82,787,OK,787,7.44,7.44,OK,181700,3 years,3 years,RENT,NE,Nebraska,OK
LN001609,D,D1,OK,major_purchase,60,24100,24100,OK,18.3,18.3,OK,615.92,2/1/2021,3/7/2021,OK,Current,11086.56,7206.26,3880.3,0,734,OK,734,31.66,31.66,OK,188100,< 1 year,< 1 year,OWN,NM,New Mexico,OK
LN002727,B,G2,GRADE_MISMATCH,medical,36,22300,22300,OK,9.21,9.21,OK,711.32,5/30/2023,7/2/2023,OK,Fully Paid,25508.74,22300,3208.74,0,706,OK,706,5.87,5.87,OK,75400,4 years,4 years,MORTGAGE,KY,Kentucky,OK
LN000965,B,B4,OK,major_purchase,36,27200,27200,OK,11.49,11.49,OK,896.82,4/29/2021,6/2/2021,OK,Fully Paid,32081.64,27200,4881.64,0,668,OK,668,33.76,33.76,OK,104000,,MISSING,RENT,NH,New Hampshire,OK
LN001937,A,A4,OK,major_purchase,60,19100,19100,OK,6.29,6.29,OK,371.84,10/20/2023,11/19/2023,OK,Fully Paid,22362.93,19100,3262.93,0,715,OK,715,25.35,25.35,OK,234000,5 years,5 years,MORTGAGE,MN,Minnesota,OK
LN001392,E,E3,OK,educational,36,34900,34900,OK,26.6,26.6,OK,1417.32,1/6/2021,2/4/2021,OK,Current,17007.84,11055.1,5952.74,0,802,OK,802,22.42,22.42,OK,195800,5 years,5 years,OTHER,MD,Maryland,OK
LN002397,F,F2,OK,moving,60,12400,12400,OK,30.95,30.95,OK,408.45,10/5/2022,11/9/2022,OK,Fully Paid,24646.14,12400,12246.14,0,796,OK,796,26.56,26.56,OK,180900,5 years,5 years,OWN,RI,Rhode Island,OK
LN002222,G,G5,OK,medical,36,37600,37600,OK,34.42,34.42,OK,1688.56,1/6/2021,2/4/2021,OK,Fully Paid,61806.29,37600,24206.29,0,,NULL,,6.33,6.33,OK,71400,,MISSING,OWN,VT,Vermont,OK
LN001467,D,D5,OK,small_business,36,23800,23800,OK,20.99,20.99,OK,896.54,9/1/2023,10/6/2023,OK,Late (31-120 Days),6275.78,4393.05,1882.73,0,737,OK,737,5.9,5.9,OK,99800,4 years,4 years,MORTGAGE,MA,Massachusetts,OK
LN003215,C,C4,OK,credit_card,36,24100,24100,OK,15.56,15.56,OK,842.06,12/1/2021,1/4/2022,OK,Charged Off,8176.86,5723.8,2453.06,18376.2,690,OK,690,15.96,15.96,OK,150800,1 year,1 year,OWN,KS,Kansas,OK
LN003193,B,B1,OK,debt_consolidation,36,18900,18900,OK,8.78,8.78,OK,599.08,3/31/2023,5/3/2023,OK,Current,18571.48,12071.46,6500.02,0,715,OK,715,41.85,41.85,OK,241800,,MISSING,RENT,OR,Oregon,OK
LN002149,E,E1,OK,home_improvement,36,27800,27800,OK,23.36,23.36,OK,1081.35,4/11/2023,5/10/2023,OK,Late (31-120 Days),5406.75,3784.72,1622.02,0,614,OK,614,27.27,27.27,OK,172800,,MISSING,RENT,UT,Utah,OK
LN001489,G,G3,OK,car,60,2200,2200,OK,32.43,32.43,OK,74.5,1/20/2022,2/18/2022,OK,Fully Paid,4381.82,2200,2181.82,0,707,OK,707,33.77,33.77,OK,108900,10+ years,10+ years,RENT,GA,Georgia,OK
LN002737,C,C3,OK,moving,36,22500,22500,OK,13.59,13.59,OK,764.52,8/8/2021,9/12/2021,OK,Fully Paid,27433.04,22500,4933.04,0,791,OK,791,16.31,16.31,OK,216400,10+ years,10+ years,OWN,TN,Tennessee,OK
LN002930,B,B2,OK,major_purchase,36,6100,6100,OK,11.49,11.49,OK,201.12,10/3/2023,11/7/2023,OK,Fully Paid,7132.24,6100,1032.24,0,717,OK,717,27.87,27.87,OK,150500,5 years,5 years,MORTGAGE,NV,Nevada,OK
LN001719,G,G1,OK,moving,60,20700,20700,OK,34.93,34.93,OK,733.72,5/22/2023,6/22/2023,OK,Fully Paid,44867.06,20700,24167.06,0,653,OK,653,20.93,20.93,OK,105400,6 years,6 years,RENT,WY,Wyoming,OK
LN001158,E,E1,OK,vacation,60,31100,31100,OK,24.91,24.91,OK,911.19,10/26/2021,11/25/2021,OK,Fully Paid,54000.88,31100,22900.88,0,712,OK,712,42.22,42.22,OK,196900,,MISSING,OWN,WV,West Virginia,OK
LN001954,D,D5,OK,major_purchase,36,38800,38800,OK,20.13,20.13,OK,1444.52,8/13/2022,9/12/2022,OK,Current,37557.52,24412.39,13145.13,0,768,OK,768,6.7,6.7,OK,60000,10+ years,10+ years,MORTGAGE,MA,Massachusetts,OK
LN003199,A,A5,OK,renewable_energy,60,35400,35400,OK,5,5,OK,668.04,11/22/2023,12/21/2023,OK,Fully Paid,40494.91,35400,5094.91,0,773,OK,773,20.9,20.9,OK,98600,6 years,6 years,OTHER,CA,California,OK
LN002906,B,B5,OK,moving,36,11400,11400,OK,11.71,11.71,OK,377.07,10/11/2022,11/9/2022,OK,Current,13197.45,8578.34,4619.11,0,,BELOW_MIN,262,31.71,31.71,OK,98300,6 years,6 years,MORTGAGE,ND,North Dakota,OK
LN002563,D,D4,OK,moving,60,,,FLAGGED,20.56,20.56,OK,857.81,2/9/2023,3/16/2023,OK,Default,10293.72,7205.6,3088.12,0,754,OK,754,15.82,15.82,OK,97400,2 years,2 years,MORTGAGE,KS,Kansas,OK
LN001789,B,B3,OK,medical,60,30600,30600,OK,10.8,10.8,OK,662.27,4/29/2022,5/29/2022,OK,Fully Paid,39558.02,30600,8958.02,0,748,OK,748,10.68,10.68,OK,216700,10+ years,10+ years,MORTGAGE,MI,Michigan,OK
LN000439,B,B1,OK,debt_consolidation,36,16600,16600,OK,9.07,9.07,OK,528.42,5/15/2022,6/19/2022,OK,Current,2113.68,1373.89,739.79,0,696,OK,696,23.55,23.55,OK,81700,10+ years,10+ years,OWN,MS,Mississippi,OK
LN002612,B,B3,OK,small_business,60,21100,21100,OK,8.56,8.56,OK,433.51,7/17/2023,8/21/2023,OK,Fully Paid,25575.59,21100,4475.59,0,623,OK,623,8.48,8.48,OK,61200,5 years,5 years,RENT,HI,Hawaii,OK
LN000753,F,F4,OK,major_purchase,60,38500,38500,OK,30.68,30.68,OK,1261.73,3/19/2022,4/17/2022,OK,Late (31-120 Days),3785.19,2649.63,1135.56,0,766,OK,766,40.7,40.7,OK,197000,10+ years,10+ years,RENT,KY,Kentucky,OK
LN002714,A,A4,OK,car,60,15900,15900,OK,7.55,7.55,OK,318.98,8/28/2022,10/2/2022,OK,Fully Paid,18869.31,15900,2969.31,0,722,OK,722,9.22,9.22,OK,25600,2 years,2 years,OWN,IN,Indiana,OK
LN001398,A,A5,OK,debt_consolidation,36,23100,23100,OK,6.27,6.27,OK,705.58,8/1/2022,8/29/2022,OK,Current,9172.54,5962.15,3210.39,0,760,OK,760,5.09,5.09,OK,27200,3 years,3 years,RENT,HI,Hawaii,OK
LN003357,C,C5,OK,home_improvement,60,4100,4100,OK,13.59,13.59,OK,94.53,3/18/2022,4/18/2022,OK,Charged Off,951.77,666.24,285.53,3433.76,765,OK,765,10.87,10.87,OK,237700,5 years,5 years,MORTGAGE,MN,Minnesota,OK
LN001883,B,B1,OK,credit_card,60,27300,27300,OK,9.99,9.99,OK,579.91,9/7/2023,10/6/2023,OK,Default,4059.37,2841.56,1217.81,0,650,OK,650,5.32,5.32,OK,141700,1 year,1 year,OWN,IL,Illinois,OK
LN002961,B,B1,OK,major_purchase,60,,,FLAGGED,10.98,10.98,OK,97.8,5/20/2021,6/22/2021,OK,Current,5379,3496.35,1882.65,0,740,OK,740,21.26,21.26,OK,86800,5 years,5 years,MORTGAGE,IL,Illinois,OK
LN002322,B,B2,OK,car,36,2800,2800,OK,10.54,10.54,OK,91.06,1/24/2022,2/27/2022,OK,Fully Paid,3317.62,2800,517.62,0,774,OK,774,12.75,12.75,OK,99200,4 years,4 years,RENT,ID,Idaho,OK
LN001830,A,A3,OK,car,36,38500,38500,OK,7.47,7.47,OK,1197.06,12/27/2023,1/24/2024,OK,Charged Off,7861.71,5503.2,2358.51,32996.8,814,OK,814,44.43,44.43,OK,105300,6 years,6 years,MORTGAGE,NH,New Hampshire,OK
LN001638,E,E3,OK,home_improvement,60,,,FLAGGED,26.62,26.62,OK,118.2,9/7/2022,10/12/2022,OK,Fully Paid,7111.4,3900,3211.4,0,735,OK,735,29.89,29.89,OK,107600,6 years,6 years,RENT,AK,Alaska,OK
LN000409,C,C2,OK,moving,36,15200,15200,OK,13.51,13.51,OK,515.89,11/24/2022,12/26/2022,OK,Fully Paid,18391.49,15200,3191.49,0,769,OK,769,9.46,9.46,OK,96500,,MISSING,MORTGAGE,TX,Texas,OK
LN003336,B,B4,OK,car,36,33700,33700,OK,9.56,9.56,OK,1080.46,9/30/2021,11/1/2021,OK,Fully Paid,39232.78,33700,5532.78,0,637,OK,637,31.79,31.79,OK,205700,10+ years,10+ years,RENT,TN,Tennessee,OK
LN000053,A,A4,OK,vacation,60,25000,25000,OK,5.87,5.87,OK,481.81,10/20/2021,11/20/2021,OK,Fully Paid,28657.35,25000,3657.35,0,800,OK,800,23.16,23.16,OK,120600,10+ years,10+ years,MORTGAGE,SD,South Dakota,OK
LN000950,C,C4,OK,wedding,36,12400,12400,OK,15.55,15.55,OK,433.2,7/30/2023,8/27/2023,OK,Charged Off,1124.16,786.91,337.25,11613.09,746,OK,746,37.96,37.96,OK,220100,10+ years,10+ years,MORTGAGE,ME,Maine,OK
LN001875,D,D3,OK,vacation,60,,,FLAGGED,21.52,21.52,OK,276.2,1/13/2021,2/11/2021,OK,Current,3866.8,2513.42,1353.38,0,760,OK,760,12.51,12.51,OK,40200,1 year,1 year,OWN,IA,Iowa,OK
LN002781,B,B4,OK,renewable_energy,36,23700,23700,OK,9.24,9.24,OK,756.3,11/21/2023,12/21/2023,OK,Fully Paid,27589.44,23700,3889.44,0,665,OK,665,26.28,26.28,OK,222400,3 years,3 years,RENT,CA,California,OK
LN000394,D,D5,OK,credit_card,60,39600,39600,OK,20.82,20.82,OK,1067.31,8/23/2022,9/22/2022,OK,Fully Paid,64813.08,39600,25213.08,0,758,OK,758,23.73,23.73,OK,211600,3 years,3 years,MORTGAGE,WY,Wyoming,OK
LN000677,D,D4,OK,major_purchase,36,6400,6400,OK,20.31,20.31,OK,238.86,3/21/2023,4/19/2023,OK,Charged Off,2410.62,1687.43,723.19,4712.57,620,OK,620,6.21,6.21,OK,174600,1 year,1 year,RENT,AL,Alabama,OK
LN001792,B,B3,OK,car,36,13200,13200,OK,8.52,8.52,OK,416.81,8/10/2021,9/14/2021,OK,Current,1250.43,812.78,437.65,0,717,OK,717,41.64,41.64,OK,218200,1 year,1 year,MORTGAGE,AL,Alabama,OK
LN003018,B,B2,OK,major_purchase,60,29100,29100,OK,10.5,10.5,OK,625.47,11/3/2022,12/8/2022,OK,Current,34400.85,22360.55,12040.3,0,630,OK,630,7.26,7.26,OK,106200,1 year,1 year,OWN,MT,Montana,OK
LN001463,G,G1,OK,vacation,36,24600,24600,OK,32.36,32.36,OK,1076.36,8/6/2023,9/3/2023,OK,Current,13992.68,9095.24,4897.44,0,621,OK,621,8.74,8.74,OK,108600,6 years,6 years,RENT,AZ,Arizona,OK
LN001222,D,D5,OK,small_business,36,6800,6800,OK,21.98,21.98,OK,259.62,4/12/2023,5/17/2023,OK,Current,1817.34,1181.27,636.07,0,762,OK,762,37.9,37.9,OK,133100,2 years,2 years,OWN,TX,Texas,OK
LN001584,D,D1,OK,vacation,36,26900,26900,OK,20.3,20.3,OK,1003.82,5/16/2021,6/18/2021,OK,Default,3011.46,2108.02,903.44,0,744,OK,744,30.87,30.87,OK,137800,1 year,1 year,OWN,AL,Alabama,OK
LN000145,C,C3,OK,educational,36,16100,16100,OK,13.97,13.97,OK,550.03,4/8/2022,4/5/2022,DATE_SEQUENCE_ERROR,Fully Paid,19510.85,16100,3410.85,0,,NULL,,23.2,23.2,OK,178000,4 years,4 years,OWN,NM,New Mexico,OK
LN001174,A,A5,OK,credit_card,36,21000,21000,OK,6.11,6.11,OK,639.91,12/25/2021,1/22/2022,OK,Default,5119.28,3583.5,1535.78,0,712,OK,712,15.51,15.51,OK,183200,10+ years,10+ years,MORTGAGE,AK,Alaska,OK
LN003471,C,C1,OK,small_business,36,34700,34700,OK,15.51,15.51,OK,1211.57,10/14/2021,11/16/2021,OK,Fully Paid,43457.21,34700,8757.21,0,767,OK,767,7.25,7.25,OK,233600,3 years,3 years,RENT,NC,North Carolina,OK
LN002652,C,C1,OK,educational,36,34900,34900,OK,14.9,14.9,OK,1208.11,10/31/2021,11/28/2021,OK,Current,41075.74,26699.23,14376.51,0,672,OK,672,13.75,13.75,OK,106000,7 years,7 years,RENT,IL,Illinois,OK
LN000077,C,C2,OK,major_purchase,36,36100,36100,OK,13.97,13.97,OK,1233.29,9/28/2023,10/31/2023,OK,Fully Paid,44000.42,36100,7900.42,0,611,OK,611,42.96,42.96,OK,211200,1 year,1 year,RENT,SD,South Dakota,OK
LN001111,C,C1,OK,medical,36,5200,5200,OK,13.86,13.86,OK,177.37,9/25/2022,10/24/2022,OK,Fully Paid,6342.43,5200,1142.43,0,614,OK,614,38.12,38.12,OK,43000,,MISSING,MORTGAGE,IN,Indiana,OK
LN000252,F,F1,OK,vacation,60,26600,26600,OK,27.98,27.98,OK,827.89,4/3/2023,5/7/2023,OK,Charged Off,7373.76,5161.63,2212.13,21438.37,802,OK,802,39.17,39.17,OK,81200,10+ years,10+ years,RENT,OR,Oregon,OK
LN002316,D,D4,OK,wedding,60,6300,6300,OK,18.04,18.04,OK,160.12,9/7/2023,10/11/2023,OK,Fully Paid,9679.96,6300,3379.96,0,666,OK,666,28.05,28.05,OK,97600,5 years,5 years,OWN,ND,North Dakota,OK
LN000018,F,F5,OK,home_improvement,36,27000,27000,OK,27.82,27.82,OK,1114.19,10/7/2022,11/6/2022,OK,Fully Paid,39417.66,27000,12417.66,0,800,OK,800,14.41,14.41,OK,74100,10+ years,10+ years,MORTGAGE,PA,Pennsylvania,OK
LN000299,B,B5,OK,renewable_energy,60,38900,38900,OK,9.42,9.42,OK,815.45,3/24/2021,4/23/2021,OK,Fully Paid,48689.25,38900,9789.25,0,730,OK,730,31.13,31.13,OK,56800,5 years,5 years,RENT,IA,Iowa,OK
LN002237,A,A1,OK,medical,60,39100,39100,OK,6.42,6.42,OK,763.57,11/16/2021,12/14/2021,OK,Charged Off,19390.02,13573.01,5817.01,25526.99,704,OK,704,25.81,25.81,OK,49800,5 years,5 years,OWN,WA,Washington,OK
LN002823,B,B2,OK,debt_consolidation,36,14300,14300,OK,10.89,10.89,OK,467.42,5/21/2022,6/21/2022,OK,Default,3271.94,2290.36,981.58,0,779,OK,779,42.34,42.34,OK,236300,10+ years,10+ years,OWN,HI,Hawaii,OK
LN001765,D,D1,OK,moving,36,8900,8900,OK,17.36,17.36,OK,318.91,9/27/2021,10/27/2021,OK,Fully Paid,11543.1,8900,2643.1,0,764,OK,764,16.38,16.38,OK,234900,4 years,4 years,RENT,NY,New York,OK
LN001739,A,A4,OK,car,36,4000,4000,OK,7.02,7.02,OK,123.54,1/21/2021,2/19/2021,OK,Charged Off,1379.86,965.9,413.96,3034.1,581,OK,581,23.87,23.87,OK,94000,2 years,2 years,MORTGAGE,DE,Delaware,OK
LN000558,A,A4,OK,wedding,36,,,FLAGGED,7.75,7.75,OK,128.01,12/13/2023,1/16/2024,OK,Fully Paid,4672.45,4100,572.45,0,596,OK,596,36.31,36.31,OK,50300,10+ years,10+ years,OWN,MD,Maryland,OK
LN003197,F,F2,OK,debt_consolidation,36,30900,30900,OK,31.14,31.14,OK,1331.12,6/28/2021,8/2/2021,OK,Default,5324.48,3727.14,1597.34,0,,ABOVE_MAX,972,5.83,5.83,OK,188300,9 years,9 years,MORTGAGE,KY,Kentucky,OK
LN002154,B,B4,OK,home_improvement,60,33000,33000,OK,9.3,9.3,OK,689.84,1/11/2021,2/10/2021,OK,Fully Paid,40582.39,33000,7582.39,0,752,OK,752,11.89,11.89,OK,217700,4 years,4 years,MORTGAGE,RI,Rhode Island,OK
LN001872,A,A1,OK,medical,36,32400,32400,OK,7.58,7.58,OK,1009.03,11/10/2023,12/13/2023,OK,Fully Paid,35651.8,32400,3251.8,0,797,OK,797,6.82,6.82,OK,48000,2 years,2 years,MORTGAGE,RI,Rhode Island,OK
LN002224,F,F3,OK,educational,60,18100,18100,OK,31.01,31.01,OK,596.87,1/29/2022,2/27/2022,OK,Fully Paid,35355.58,18100,17255.58,0,670,OK,670,15.2,15.2,OK,183500,4 years,4 years,RENT,FL,Florida,OK
LN002233,E,E4,OK,medical,60,35300,35300,OK,24.82,24.82,OK,1032.38,4/12/2021,5/15/2021,OK,Default,3097.14,2168,929.14,0,641,OK,641,122.79,,DTI_IMPOSSIBLE,222700,,MISSING,MORTGAGE,WA,Washington,OK
LN003138,C,C5,OK,vacation,36,8900,8900,OK,14.54,14.54,OK,306.52,9/17/2021,10/19/2021,OK,Charged Off,515.35,360.75,154.6,8539.25,620,OK,620,21.55,21.55,OK,127700,5 years,5 years,RENT,MI,Michigan,OK
LN000323,B,B4,OK,car,36,36800,36800,OK,11.13,11.13,OK,1207.05,6/6/2023,7/9/2023,OK,Current,24141,15691.65,8449.35,0,695,OK,695,12.2,12.2,OK,78700,,MISSING,MORTGAGE,CT,Connecticut,OK
LN001403,A,A5,OK,home_improvement,36,12500,12500,OK,7.15,7.15,OK,386.82,4/5/2022,5/5/2022,OK,Fully Paid,13948.12,12500,1448.12,0,710,OK,710,34.24,34.24,OK,116600,3 years,3 years,RENT,WV,West Virginia,OK
LN002019,G,G4,OK,debt_consolidation,60,30400,30400,OK,34.59,34.59,OK,1070.94,2/16/2022,3/19/2022,OK,Current,42837.6,27844.44,14993.16,0,667,OK,667,25.22,25.22,OK,67200,3 years,3 years,MORTGAGE,SD,South Dakota,OK
LN003302,D,D3,OK,medical,60,4900,4900,OK,20.74,20.74,OK,131.85,8/8/2021,9/7/2021,OK,Fully Paid,7867.79,4900,2967.79,0,768,OK,768,39.4,39.4,OK,189500,3 years,3 years,OWN,NH,New Hampshire,OK
LN002416,B,B3,OK,medical,36,26700,26700,OK,11.74,11.74,OK,883.51,11/27/2022,12/26/2022,OK,Fully Paid,31590.62,26700,4890.62,0,670,OK,670,6.27,6.27,OK,82600,10+ years,10+ years,OWN,AR,Arkansas,OK
LN001570,D,D4,OK,small_business,60,31300,31300,OK,19.55,19.55,OK,821.44,3/22/2021,4/22/2021,OK,Fully Paid,49252.98,31300,17952.98,0,692,OK,692,31.63,31.63,OK,34100,9 years,9 years,OWN,DE,Delaware,OK
LN000933,A,A2,OK,wedding,36,10000,10000,OK,7.67,7.67,OK,311.84,7/12/2021,8/11/2021,OK,Charged Off,4978.99,3485.29,1493.7,6514.71,693,OK,693,6.21,6.21,OK,40800,,MISSING,MORTGAGE,DE,Delaware,OK
LN001076,B,B4,OK,medical,60,19500,19500,OK,8.84,8.84,OK,403.28,7/22/2023,8/23/2023,OK,Fully Paid,24237.76,19500,4737.76,0,720,OK,720,30.56,30.56,OK,56200,,MISSING,MORTGAGE,AL,Alabama,OK
LN001035,C,C2,OK,educational,60,32400,32400,OK,15.5,15.5,OK,779.32,1/17/2021,2/14/2021,OK,Charged Off,6462.11,4523.48,1938.63,27876.52,805,OK,805,31.93,31.93,OK,203800,9 years,9 years,OWN,MA,Massachusetts,OK
LN001682,C,C3,OK,small_business,36,25200,25200,OK,14.8,14.8,OK,871.1,4/17/2023,5/19/2023,OK,Fully Paid,31687.35,25200,6487.35,0,639,OK,639,37.78,37.78,OK,198300,8 years,8 years,OWN,MD,Maryland,OK
LN002217,A,A5,OK,wedding,36,39300,39300,OK,7.25,7.25,OK,1217.97,2/18/2023,3/23/2023,OK,Fully Paid,44213.97,39300,4913.97,0,649,OK,649,20.16,20.16,OK,168600,10+ years,10+ years,RENT,MT,Montana,OK
LN001796,E,E4,OK,credit_card,60,30800,30800,OK,25.34,25.34,OK,910.17,5/31/2021,6/29/2021,OK,Fully Paid,55068.44,30800,24268.44,0,691,OK,691,18.99,18.99,OK,188300,4 years,4 years,OWN,ME,Maine,OK
LN001024,B,B5,OK,wedding,36,16700,16700,OK,11.49,11.49,OK,550.62,12/26/2021,1/30/2022,OK,Charged Off,4381.27,3066.89,1314.38,13633.11,803,OK,803,38.58,38.58,OK,81200,5 years,5 years,RENT,NY,New York,OK
LN002595,F,F1,OK,major_purchase,36,11000,11000,OK,28.52,28.52,OK,458.1,1/22/2023,2/24/2023,OK,Fully Paid,16738.09,11000,5738.09,0,634,OK,634,21.05,21.05,OK,241300,6 years,6 years,RENT,IN,Indiana,OK
LN002720,C,C4,OK,vacation,36,39900,39900,OK,14.85,14.85,OK,1380.22,2/27/2023,3/27/2023,OK,Charged Off,11146.31,7802.42,3343.89,32097.58,716,OK,716,7.71,7.71,OK,151900,4 years,4 years,MORTGAGE,MI,Michigan,OK
LN000658,D,D5,OK,major_purchase,60,23900,23900,OK,20.15,20.15,OK,635.2,11/20/2022,12/19/2022,OK,Late (31-120 Days),1270.4,889.28,381.12,0,,BELOW_MIN,196,21.76,21.76,OK,231300,9 years,9 years,RENT,LA,Louisiana,OK
LN000528,A,A5,OK,debt_consolidation,60,37500,37500,OK,7.4,7.4,OK,749.64,8/7/2021,9/8/2021,OK,Fully Paid,45672.48,37500,8172.48,0,759,OK,759,27.14,27.14,OK,149600,8 years,8 years,RENT,MN,Minnesota,OK
LN002257,B,B3,OK,car,36,34900,34900,OK,10.79,10.79,OK,1139.11,10/12/2022,11/12/2022,OK,Fully Paid,40283.28,34900,5383.28,0,705,OK,705,13.69,13.69,OK,46900,1 year,1 year,MORTGAGE,AK,Alaska,OK
LN003441,C,C2,OK,renewable_energy,36,19600,19600,OK,15.86,15.86,OK,687.72,7/20/2021,8/20/2021,OK,Charged Off,1131.58,792.11,339.47,18807.89,729,OK,729,27.39,27.39,OK,121200,10+ years,10+ years,RENT,NC,North Carolina,OK
LN001892,F,F4,OK,small_business,36,17500,17500,OK,29.9,29.9,OK,741.94,6/17/2021,7/22/2021,OK,Fully Paid,26223.51,17500,8723.51,0,697,OK,697,9.98,9.98,OK,250000,5 years,5 years,RENT,WI,Wisconsin,OK
LN002248,F,F5,OK,medical,36,19700,19700,OK,29.09,29.09,OK,826.51,6/24/2022,7/23/2022,OK,Fully Paid,29927.73,19700,10227.73,0,808,OK,808,26.9,26.9,OK,30100,3 years,3 years,RENT,CT,Connecticut,OK
LN002726,B,B5,OK,credit_card,60,21700,21700,OK,8.59,8.59,OK,446.15,7/16/2021,8/17/2021,OK,Fully Paid,26978.54,21700,5278.54,0,753,OK,753,44.98,44.98,OK,162100,10+ years,10+ years,RENT,VA,Virginia,OK
LN002765,A,A2,OK,educational,60,28000,28000,OK,6.29,6.29,OK,545.1,12/27/2023,1/30/2024,OK,Default,5451,3815.7,1635.3,0,743,OK,743,7,7,OK,198800,4 years,4 years,OWN,WV,West Virginia,OK
LN003076,A,A4,OK,home_improvement,36,18700,18700,OK,6.56,6.56,OK,573.65,8/7/2023,9/6/2023,OK,Charged Off,9855.09,6898.56,2956.53,11801.44,771,OK,771,23.07,23.07,OK,200200,10+ years,10+ years,RENT,SD,South Dakota,OK
LN000326,C,C3,OK,major_purchase,36,7200,7200,OK,13.9,13.9,OK,245.73,3/17/2023,4/17/2023,OK,Charged Off,2933.47,2053.43,880.04,5146.57,717,OK,717,11.98,11.98,OK,141500,4 years,4 years,MORTGAGE,NY,New York,OK
LN000433,A,A1,OK,vacation,36,,,FLAGGED,7.69,7.69,OK,143.49,7/12/2021,8/16/2021,OK,Charged Off,1054.71,738.3,316.41,3861.7,630,OK,630,34.88,34.88,OK,158400,2 years,2 years,RENT,IA,Iowa,OK
LN000031,E,E3,OK,small_business,36,30600,30600,OK,25.23,25.23,OK,1220.38,6/2/2023,7/5/2023,OK,Charged Off,8971.55,6280.08,2691.46,24319.92,634,OK,634,25.45,25.45,OK,94500,7 years,7 years,RENT,TX,Texas,OK
LN000458,D,D1,OK,major_purchase,36,30400,30400,OK,17.09,17.09,OK,1085.21,7/25/2022,8/26/2022,OK,Fully Paid,38377.64,30400,7977.64,0,661,OK,661,23.44,23.44,OK,80400,4 years,4 years,RENT,MS,Mississippi,OK
LN000230,B,B3,OK,small_business,60,4700,4700,OK,9.7,9.7,OK,99.17,11/18/2023,12/22/2023,OK,Fully Paid,5849.05,4700,1149.05,0,809,OK,809,44.12,44.12,OK,163400,,MISSING,MORTGAGE,NM,New Mexico,OK
LN000204,D,D1,OK,small_business,60,34600,34600,OK,20.7,20.7,OK,930.22,7/1/2021,7/30/2021,OK,Fully Paid,55003.27,34600,20403.27,0,582,OK,582,11.55,11.55,OK,167000,5 years,5 years,MORTGAGE,WA,Washington,OK
LN002623,B,F5,GRADE_MISMATCH,major_purchase,36,5400,5400,OK,10.35,10.35,OK,175.13,5/4/2021,6/5/2021,OK,Fully Paid,6343.19,5400,943.19,0,801,OK,801,22.2,22.2,OK,99000,7 years,7 years,MORTGAGE,IL,Illinois,OK
LN000786,C,C4,OK,small_business,60,36800,36800,OK,13.04,13.04,OK,838.07,7/3/2023,8/2/2023,OK,Current,33522.8,21789.82,11732.98,0,814,OK,814,37.8,37.8,OK,233600,,MISSING,MORTGAGE,PA,Pennsylvania,OK
LN001484,A,A2,OK,major_purchase,60,,,FLAGGED,5.03,5.03,OK,33.99,12/25/2022,1/23/2023,OK,Fully Paid,2006.34,1800,206.34,0,777,OK,777,27.4,27.4,OK,82100,6 years,6 years,RENT,OK,Oklahoma,OK
LN002271,B,B3,OK,home_improvement,60,22200,22200,OK,11,11,OK,482.68,12/17/2021,1/20/2022,OK,Fully Paid,29325.62,22200,7125.62,0,711,OK,711,17.55,17.55,OK,25100,8 years,8 years,RENT,PA,Pennsylvania,OK
LN001583,C,C1,OK,vacation,36,8600,8600,OK,14.61,14.61,OK,296.48,3/2/2021,4/5/2021,OK,Charged Off,3510.56,2457.39,1053.17,6142.61,777,OK,777,16.84,16.84,OK,147500,10+ years,10+ years,RENT,AK,Alaska,OK
LN000694,C,C4,OK,moving,36,14200,14200,OK,13.24,13.24,OK,480.1,10/8/2023,11/5/2023,OK,Fully Paid,17561.27,14200,3361.27,0,667,OK,667,43.53,43.53,OK,146600,2 years,2 years,RENT,NE,Nebraska,OK
LN002923,E,E3,OK,credit_card,60,36000,36000,OK,23.74,23.74,OK,1030.22,8/28/2021,10/2/2021,OK,Current,50480.78,32812.51,17668.27,0,749,OK,749,20.49,20.49,OK,102200,9 years,9 years,MORTGAGE,CT,Connecticut,OK
LN002021,D,D1,OK,small_business,60,16300,16300,OK,19.81,19.81,OK,430.13,6/3/2022,7/8/2022,OK,Current,17205.2,11183.38,6021.82,0,685,OK,685,11.34,11.34,OK,78300,3 years,3 years,RENT,OH,Ohio,OK
LN000193,D,B3,GRADE_MISMATCH,moving,36,22900,22900,OK,21.12,21.12,OK,864.17,10/1/2021,11/5/2021,OK,Fully Paid,31518.71,22900,8618.71,0,666,OK,666,26.89,26.89,OK,78400,6 years,6 years,OWN,MI,Michigan,OK
LN002668,A,A3,OK,wedding,60,38500,38500,OK,5.04,5.04,OK,727.25,4/21/2022,5/19/2022,OK,Fully Paid,43774.47,38500,5274.47,0,594,OK,594,43.65,43.65,OK,39300,,MISSING,OWN,MA,Massachusetts,OK
LN001537,B,B1,OK,debt_consolidation,36,20100,20100,OK,11.67,11.67,OK,664.44,9/11/2023,10/14/2023,OK,Fully Paid,24372.81,20100,4272.81,0,609,OK,609,29.73,29.73,OK,117600,10+ years,10+ years,RENT,VA,Virginia,OK
LN003473,D,D5,OK,wedding,36,32000,32000,OK,19.32,19.32,OK,1178.18,2/10/2023,3/17/2023,OK,Fully Paid,42435.26,32000,10435.26,0,711,OK,711,42.25,42.25,OK,85600,1 year,1 year,MORTGAGE,VT,Vermont,OK
LN003049,G,G3,OK,debt_consolidation,60,,,FLAGGED,33.09,33.09,OK,445.6,12/4/2021,1/1/2022,OK,Current,1336.8,868.92,467.88,0,627,OK,627,20.69,20.69,OK,177300,3 years,3 years,RENT,MD,Maryland,OK
LN000167,B,B4,OK,renewable_energy,60,17900,17900,OK,9.84,9.84,OK,378.91,9/18/2021,10/18/2021,OK,Current,17808.77,11575.7,6233.07,0,765,OK,765,8.14,8.14,OK,166600,< 1 year,< 1 year,OWN,CA,California,OK
LN003065,B,B1,OK,car,60,22800,22800,OK,11.55,11.55,OK,502,1/1/2023,2/4/2023,OK,Fully Paid,30092.18,22800,7292.18,0,699,OK,699,32.39,32.39,OK,138900,2 years,2 years,RENT,NM,New Mexico,OK
LN001737,A,A4,OK,home_improvement,60,,,FLAGGED,6.22,6.22,OK,378.99,11/4/2023,12/2/2023,OK,Fully Paid,23079.55,19500,3579.55,0,701,OK,701,5.9,5.9,OK,42500,1 year,1 year,MORTGAGE,TN,Tennessee,OK
LN002826,C,C5,OK,educational,36,4300,4300,OK,12.6,12.6,OK,144.06,1/14/2021,2/16/2021,OK,Current,4465.86,2902.81,1563.05,0,618,OK,618,13.45,13.45,OK,223400,5 years,5 years,MORTGAGE,NM,New Mexico,OK
LN002679,C,C2,OK,small_business,60,25100,25100,OK,15.15,15.15,OK,599.11,7/27/2022,8/26/2022,OK,Fully Paid,35718.85,25100,10618.85,0,805,OK,805,23.61,23.61,OK,102500,10+ years,10+ years,RENT,NE,Nebraska,OK
LN003257,C,C2,OK,renewable_energy,36,27100,27100,OK,14.39,14.39,OK,931.36,2/8/2021,3/11/2021,OK,Fully Paid,32930.47,27100,5830.47,0,667,OK,667,19.09,19.09,OK,190900,7 years,7 years,RENT,KS,Kansas,OK
LN000977,D,D4,OK,car,60,9100,9100,OK,19.44,19.44,OK,238.27,6/2/2021,6/30/2021,OK,Fully Paid,14070.9,9100,4970.9,0,662,OK,662,33.24,33.24,OK,143500,1 year,1 year,OWN,NY,New York,OK
LN001607,F,F1,OK,educational,60,22100,22100,OK,28.79,28.79,OK,698.67,9/9/2022,10/8/2022,OK,Current,30042.81,19527.83,10514.98,0,588,OK,588,44.1,44.1,OK,171300,1 year,1 year,MORTGAGE,TX,Texas,OK
LN000322,C,C1,OK,debt_consolidation,60,20400,20400,OK,14.82,14.82,OK,483.39,12/4/2023,1/6/2024,OK,Fully Paid,29423.19,20400,9023.19,0,627,OK,627,26.94,26.94,OK,122100,3 years,3 years,MORTGAGE,MI,Michigan,OK
LN001512,C,C3,OK,educational,36,20800,20800,OK,15.29,15.29,OK,724,10/24/2022,11/27/2022,OK,Current,13032,8470.8,4561.2,0,639,OK,639,156.06,,DTI_IMPOSSIBLE,160100,,MISSING,OWN,CO,Colorado,OK
LN003431,E,E4,OK,renewable_energy,60,24000,24000,OK,26.8,26.8,OK,729.98,2/20/2021,3/20/2021,OK,Fully Paid,43034.49,24000,19034.49,0,,NULL,,6.32,6.32,OK,168300,2 years,2 years,MORTGAGE,GA,Georgia,OK
LN000195,A,A3,OK,small_business,36,35000,35000,OK,7.71,7.71,OK,1092.1,4/30/2022,5/30/2022,OK,Fully Paid,39513.13,35000,4513.13,0,765,OK,765,32.98,32.98,OK,120900,4 years,4 years,RENT,CT,Connecticut,OK
LN001443,B,B1,OK,home_improvement,36,37500,37500,OK,10.11,10.11,OK,1211.96,5/24/2022,6/27/2022,OK,Fully Paid,43357,37500,5857,0,758,OK,758,36.8,36.8,OK,242400,5 years,5 years,RENT,MT,Montana,OK
LN003005,A,A4,OK,educational,36,36900,36900,OK,5.63,5.63,OK,1116.39,3/22/2021,4/21/2021,OK,Late (31-120 Days),12280.29,8596.2,3684.09,0,778,OK,778,18.38,18.38,OK,123700,4 years,4 years,RENT,WV,West Virginia,OK
LN003144,D,D5,OK,car,60,25500,25500,OK,21.63,21.63,OK,698.93,11/28/2021,12/28/2021,OK,Current,22365.76,14537.74,7828.02,0,684,OK,684,6.01,6.01,OK,195300,10+ years,10+ years,RENT,TN,Tennessee,OK
LN001043,E,E5,OK,debt_consolidation,36,3900,3900,OK,24.27,24.27,OK,153.56,3/27/2023,4/26/2023,OK,Fully Paid,5452.07,3900,1552.07,0,613,OK,613,14.68,14.68,OK,175400,6 years,6 years,RENT,KS,Kansas,OK
LN003337,D,D5,OK,debt_consolidation,36,23400,23400,OK,18.7,18.7,OK,854.21,1/29/2023,3/5/2023,OK,Current,26480.51,17212.33,9268.18,0,680,OK,680,35.15,35.15,OK,67800,5 years,5 years,RENT,KY,Kentucky,OK
LN000502,C,C4,OK,home_improvement,36,26100,26100,OK,15.55,15.55,OK,911.81,1/30/2021,3/1/2021,OK,Charged Off,14552.55,10186.78,4365.76,15913.22,742,OK,742,36.93,36.93,OK,46700,2 years,2 years,RENT,ID,Idaho,OK
LN002680,C,C3,OK,educational,36,36500,36500,OK,15.48,15.48,OK,1273.88,5/7/2023,6/9/2023,OK,Fully Paid,45596.26,36500,9096.26,0,625,OK,625,19.22,19.22,OK,148000,10+ years,10+ years,RENT,ND,North Dakota,OK
LN003406,D,D1,OK,major_purchase,36,32500,32500,OK,17.69,17.69,OK,1169.9,12/28/2021,1/27/2022,OK,Late (31-120 Days),9359.2,6551.44,2807.76,0,586,OK,586,42.7,42.7,OK,76900,4 years,4 years,MORTGAGE,OR,Oregon,OK
LN002078,D,D5,OK,wedding,36,33000,33000,OK,19.02,19.02,OK,1209.98,6/9/2021,7/12/2021,OK,Fully Paid,43360.5,33000,10360.5,0,608,OK,608,43.29,43.29,OK,220600,,MISSING,OWN,CT,Connecticut,OK
LN001917,C,C2,OK,home_improvement,36,3800,3800,OK,13.92,13.92,OK,129.73,8/13/2021,9/13/2021,OK,Current,3502.71,2276.76,1225.95,0,676,OK,676,6.29,6.29,OK,223400,3 years,3 years,MORTGAGE,IN,Indiana,OK
LN001790,C,C1,OK,renewable_energy,36,14700,14700,OK,16.22,16.22,OK,518.41,10/8/2021,11/11/2021,OK,Charged Off,5624.42,3937.09,1687.33,10762.91,633,OK,633,5.17,5.17,OK,107900,,MISSING,MORTGAGE,MI,Michigan,OK
LN000563,C,C2,OK,debt_consolidation,36,29600,29600,OK,15.93,15.93,OK,1039.63,7/8/2022,8/11/2022,OK,Fully Paid,38140.05,29600,8540.05,0,743,OK,743,41.34,41.34,OK,53000,3 years,3 years,MORTGAGE,VT,Vermont,OK
LN003472,E,E2,OK,medical,36,11700,11700,OK,23.17,23.17,OK,453.94,12/10/2021,1/13/2022,OK,Charged Off,1976.16,1383.31,592.85,10316.69,790,OK,790,39.39,39.39,OK,108000,10+ years,10+ years,OWN,UT,Utah,OK
LN003364,C,C2,OK,home_improvement,36,21700,21700,OK,15.11,15.11,OK,753.41,2/6/2022,3/12/2022,OK,Charged Off,12863.67,9004.57,3859.1,12695.43,696,OK,696,9.1,9.1,OK,206500,1 year,1 year,RENT,TX,Texas,OK
LN001437,E,E3,OK,medical,36,39900,39900,OK,26.43,26.43,OK,1616.75,12/30/2021,2/2/2022,OK,Default,3233.5,2263.45,970.05,0,601,OK,601,12.29,12.29,OK,114100,7 years,7 years,RENT,NC,North Carolina,OK
LN001007,D,D4,OK,home_improvement,60,39500,39500,OK,17.94,17.94,OK,1001.75,7/27/2021,8/24/2021,OK,Late (31-120 Days),9015.75,6311.02,2704.72,0,784,OK,784,9.31,9.31,OK,84100,10+ years,10+ years,MORTGAGE,MD,Maryland,OK
LN001164,C,C3,OK,medical,36,32100,32100,OK,14.67,14.67,OK,1107.58,6/17/2022,7/15/2022,OK,Default,3322.74,2325.92,996.82,0,808,OK,808,41.74,41.74,OK,160500,9 years,9 years,MORTGAGE,VT,Vermont,OK
LN000081,C,C4,OK,renewable_energy,60,4100,4100,OK,16.49,16.49,OK,100.77,9/7/2022,10/11/2022,OK,Charged Off,448.45,313.91,134.53,3786.09,762,OK,762,41.39,41.39,OK,55100,10+ years,10+ years,RENT,GA,Georgia,OK
LN001633,C,C2,OK,debt_consolidation,60,6100,6100,OK,14.75,14.75,OK,144.32,3/15/2023,4/14/2023,OK,Fully Paid,8610.67,6100,2510.67,0,705,OK,705,14.68,14.68,OK,102600,10+ years,10+ years,RENT,VA,Virginia,OK
LN000296,C,C1,OK,moving,36,28600,28600,OK,14.39,14.39,OK,982.91,8/27/2022,9/26/2022,OK,Fully Paid,34993.13,28600,6393.13,0,777,OK,777,28.58,28.58,OK,144100,1 year,1 year,OWN,CO,Colorado,OK
LN002267,C,C5,OK,major_purchase,36,6700,6700,OK,13.25,13.25,OK,226.56,6/12/2023,7/11/2023,OK,Current,6117.12,3976.13,2140.99,0,588,OK,588,37.9,37.9,OK,231600,,MISSING,RENT,OH,Ohio,OK
LN001718,A,A1,OK,vacation,60,25200,25200,OK,5.39,5.39,OK,480.07,10/1/2022,10/29/2022,OK,Charged Off,3561.4,2492.98,1068.42,22707.02,792,OK,792,35.93,35.93,OK,64000,3 years,3 years,MORTGAGE,NM,New Mexico,OK
LN001579,A,A5,OK,major_purchase,60,23400,23400,OK,5.57,5.57,OK,447.72,7/19/2021,8/21/2021,OK,Fully Paid,26978.45,23400,3578.45,0,621,OK,621,43.34,43.34,OK,136200,2 years,2 years,MORTGAGE,WV,West Virginia,OK
LN001740,B,B2,OK,home_improvement,36,29200,29200,OK,9.02,9.02,OK,928.82,12/10/2021,1/9/2022,OK,Charged Off,6019.57,4213.7,1805.87,24986.3,717,OK,717,16.11,16.11,OK,158800,10+ years,10+ years,OWN,MN,Minnesota,OK
LN003236,B,B1,OK,wedding,60,20900,20900,OK,9.64,9.64,OK,440.37,12/18/2023,1/19/2024,OK,Fully Paid,26627.8,20900,5727.8,0,642,OK,642,23.58,23.58,OK,128100,3 years,3 years,MORTGAGE,SD,South Dakota,OK
LN003321,G,G1,OK,moving,36,35400,35400,OK,32.96,32.96,OK,1560.75,4/7/2021,5/5/2021,OK,Current,21850.5,14202.83,7647.67,0,748,OK,748,31.21,31.21,OK,220500,4 years,4 years,OWN,WI,Wisconsin,OK
LN002624,A,A4,OK,moving,36,38400,38400,OK,5.48,5.48,OK,1159.18,7/1/2022,7/30/2022,OK,Fully Paid,41296.98,38400,2896.98,0,686,OK,686,24.42,24.42,OK,194200,5 years,5 years,OWN,NJ,New Jersey,OK
LN001899,A,A5,OK,wedding,36,17900,17900,OK,7.4,7.4,OK,555.98,12/28/2022,1/26/2023,OK,Fully Paid,19641.63,17900,1741.63,0,613,OK,613,18.22,18.22,OK,123500,5 years,5 years,MORTGAGE,NY,New York,OK
LN000898,A,A5,OK,home_improvement,60,8300,8300,OK,5.68,5.68,OK,159.23,9/17/2021,10/16/2021,OK,Current,7643.04,4967.98,2675.06,0,683,OK,683,16.29,16.29,OK,68100,2 years,2 years,RENT,WA,Washington,OK
LN000464,A,A3,OK,renewable_energy,36,5900,5900,OK,7.35,7.35,OK,183.12,12/16/2021,1/16/2022,OK,Charged Off,944.08,660.86,283.22,5239.14,751,OK,751,19.06,19.06,OK,62100,1 year,1 year,MORTGAGE,LA,Louisiana,OK
LN000841,A,A4,OK,moving,36,25200,25200,OK,7.14,7.14,OK,779.72,1/6/2022,2/8/2022,OK,Fully Paid,27709.32,25200,2509.32,0,688,OK,688,26.27,26.27,OK,182000,,MISSING,RENT,AL,Alabama,OK
LN001648,D,D2,OK,home_improvement,60,31200,31200,OK,21.86,21.86,OK,859.23,8/5/2023,9/6/2023,OK,Late (31-120 Days),4296.15,3007.3,1288.84,0,624,OK,624,38.07,38.07,OK,91100,,MISSING,MORTGAGE,WV,West Virginia,OK
LN001188,A,A5,OK,vacation,36,28200,28200,OK,5.5,5.5,OK,851.52,8/2/2023,9/6/2023,OK,Fully Paid,30907.52,28200,2707.52,0,750,OK,750,23.24,23.24,OK,99000,10+ years,10+ years,OWN,MA,Massachusetts,OK
LN001229,C,C2,OK,educational,36,5500,5500,OK,-15.66,,NEGATIVE_RATE,192.44,5/7/2022,6/10/2022,OK,Fully Paid,6907.65,5500,1407.65,0,706,OK,706,40.98,40.98,OK,126600,2 years,2 years,RENT,VT,Vermont,OK
LN002371,D,D2,OK,renewable_energy,60,39900,39900,OK,19.47,19.47,OK,1045.37,9/11/2021,10/15/2021,OK,Fully Paid,62577.55,39900,22677.55,0,780,OK,780,31.05,31.05,OK,237200,1 year,1 year,MORTGAGE,NM,New Mexico,OK
LN001336,A,A3,OK,home_improvement,36,34900,34900,OK,7.54,7.54,OK,1086.25,9/17/2021,10/18/2021,OK,Fully Paid,38364.3,34900,3464.3,0,657,OK,657,14.07,14.07,OK,75500,,MISSING,RENT,MT,Montana,OK
LN001118,E,E5,OK,car,60,29200,29200,OK,25.71,25.71,OK,869.26,4/15/2023,5/20/2023,OK,Fully Paid,51546.25,29200,22346.25,0,685,OK,685,29.08,29.08,OK,213400,6 years,6 years,MORTGAGE,AK,Alaska,OK
LN002644,D,D4,OK,small_business,36,1200,1200,OK,21.71,21.71,OK,45.65,7/9/2022,8/8/2022,OK,Charged Off,327.54,229.28,98.26,970.72,814,OK,814,33.74,33.74,OK,29000,1 year,1 year,RENT,CT,Connecticut,OK
LN000258,F,F3,OK,moving,60,31400,31400,OK,31.48,31.48,OK,1044.63,8/22/2021,9/20/2021,OK,Current,4178.52,2716.04,1462.48,0,592,OK,592,32.59,32.59,OK,195700,5 years,5 years,RENT,KY,Kentucky,OK
LN001430,E,E5,OK,debt_consolidation,36,29900,29900,OK,26.39,26.39,OK,1210.91,1/18/2021,2/20/2021,OK,Charged Off,9361.73,6553.21,2808.52,23346.79,654,OK,654,16.17,16.17,OK,181200,5 years,5 years,MORTGAGE,NH,New Hampshire,OK
LN001689,D,D4,OK,educational,60,37100,37100,OK,19.95,19.95,OK,981.89,5/20/2023,6/20/2023,OK,Current,53022.06,34464.34,18557.72,0,695,OK,695,16.51,16.51,OK,77600,6 years,6 years,MORTGAGE,FL,Florida,OK
LN003374,B,B5,OK,small_business,36,32200,32200,OK,11.52,11.52,OK,1062.13,1/22/2021,2/20/2021,OK,Fully Paid,38740.65,32200,6540.65,0,648,OK,648,22.88,22.88,OK,112000,7 years,7 years,MORTGAGE,MI,Michigan,OK
LN001816,C,C2,OK,major_purchase,36,,,FLAGGED,13.04,13.04,OK,215.76,11/21/2023,12/24/2023,OK,Current,7120.08,4628.05,2492.03,0,699,OK,699,11.09,11.09,OK,157100,10+ years,10+ years,MORTGAGE,MO,Missouri,OK
LN002585,E,C5,GRADE_MISMATCH,credit_card,60,,,FLAGGED,22.72,22.72,OK,686.73,12/23/2023,1/26/2024,OK,Fully Paid,40959.29,24500,16459.29,0,787,OK,787,39.31,39.31,OK,203400,10+ years,10+ years,MORTGAGE,IL,Illinois,OK
LN003423,C,C2,OK,moving,60,8800,8800,OK,12.59,12.59,OK,198.38,7/11/2021,8/10/2021,OK,Fully Paid,11699.43,8800,2899.43,0,687,OK,687,16.7,16.7,OK,191200,< 1 year,< 1 year,RENT,MI,Michigan,OK
LN000239,E,E5,OK,major_purchase,60,14500,14500,OK,24.22,24.22,OK,418.99,10/13/2022,11/17/2022,OK,Charged Off,4497.55,3148.28,1349.27,11351.72,624,OK,624,16.02,16.02,OK,83900,6 years,6 years,MORTGAGE,MT,Montana,OK
LN000359,A,A3,OK,home_improvement,60,5300,5300,OK,5.34,5.34,OK,100.85,4/29/2021,5/27/2021,OK,Fully Paid,6080.29,5300,780.29,0,617,OK,617,39.75,39.75,OK,142800,< 1 year,< 1 year,MORTGAGE,DE,Delaware,OK
LN000737,B,B1,OK,vacation,60,8500,8500,OK,10.13,10.13,OK,181.14,6/22/2022,7/22/2022,OK,Charged Off,1779.73,1245.81,533.92,7254.19,722,OK,722,31.57,31.57,OK,149300,5 years,5 years,RENT,ME,Maine,OK
LN003320,E,E2,OK,wedding,60,17600,17600,OK,25.8,25.8,OK,524.87,4/16/2023,5/16/2023,OK,Fully Paid,31923.84,17600,14323.84,0,682,OK,682,7.32,7.32,OK,196400,10+ years,10+ years,OWN,DE,Delaware,OK
LN000512,D,D5,OK,small_business,36,30900,30900,OK,17.41,17.41,OK,1107.98,12/24/2021,12/21/2021,DATE_SEQUENCE_ERROR,Fully Paid,40145.08,30900,9245.08,0,625,OK,625,36.45,36.45,OK,185900,< 1 year,< 1 year,OWN,VA,Virginia,OK
LN003399,G,G5,OK,renewable_energy,36,38300,38300,OK,34.45,34.45,OK,1720.64,8/9/2021,9/6/2021,OK,Current,34412.8,22368.32,12044.48,0,621,OK,621,25.99,25.99,OK,53100,4 years,4 years,RENT,GA,Georgia,OK
LN002872,B,B1,OK,debt_consolidation,36,17700,17700,OK,11.1,11.1,OK,580.31,5/20/2023,6/17/2023,OK,Fully Paid,20958.95,17700,3258.95,0,,NULL,,19.65,19.65,OK,207500,5 years,5 years,RENT,TX,Texas,OK
LN000175,A,E4,GRADE_MISMATCH,debt_consolidation,60,24600,24600,OK,7.83,7.83,OK,496.8,6/3/2023,7/4/2023,OK,Charged Off,5171.71,3620.2,1551.51,20979.8,757,OK,757,7.77,7.77,OK,192500,7 years,7 years,RENT,MD,Maryland,OK
LN000756,A,A2,OK,debt_consolidation,36,21800,21800,OK,6.7,6.7,OK,670.13,12/21/2022,1/19/2023,OK,Fully Paid,24300.66,21800,2500.66,0,813,OK,813,34.13,34.13,OK,241300,5 years,5 years,MORTGAGE,OR,Oregon,OK
LN000215,B,B3,OK,home_improvement,36,13700,13700,OK,11.89,11.89,OK,454.32,11/14/2023,12/18/2023,OK,Charged Off,5787.58,4051.31,1736.27,9648.69,646,OK,646,151.57,,DTI_IMPOSSIBLE,96200,< 1 year,< 1 year,OWN,NH,New Hampshire,OK
LN000480,B,B3,OK,wedding,36,12500,12500,OK,10.69,10.69,OK,407.4,4/18/2023,5/17/2023,OK,Current,3666.6,2383.29,1283.31,0,731,OK,731,18.47,18.47,OK,52500,6 years,6 years,OWN,NV,Nevada,OK
LN002929,E,E4,OK,car,60,35400,35400,OK,26.12,26.12,OK,1062.41,2/24/2023,3/30/2023,OK,Current,60557.37,39362.29,21195.08,0,726,OK,726,179.51,,DTI_IMPOSSIBLE,109200,5 years,5 years,RENT,KS,Kansas,OK
LN000415,B,B5,OK,credit_card,60,18900,18900,OK,9.27,9.27,OK,394.81,8/6/2021,9/7/2021,OK,Fully Paid,23247.08,18900,4347.08,0,738,OK,738,8.68,8.68,OK,113800,10+ years,10+ years,MORTGAGE,VA,Virginia,OK
LN002241,C,C1,OK,debt_consolidation,36,18000,18000,OK,15.56,15.56,OK,628.92,9/18/2023,10/18/2023,OK,Fully Paid,22584.48,18000,4584.48,0,625,OK,625,20.89,20.89,OK,117400,< 1 year,< 1 year,RENT,WV,West Virginia,OK
LN000760,A,A3,OK,car,36,18100,18100,OK,7.66,7.66,OK,564.35,1/31/2022,2/28/2022,OK,Fully Paid,20354.87,18100,2254.87,0,767,OK,767,18.18,18.18,OK,50500,2 years,2 years,RENT,OR,Oregon,OK
LN000103,E,E2,OK,educational,36,22000,22000,OK,24.14,24.14,OK,864.74,1/16/2023,2/16/2023,OK,Default,8647.4,6053.18,2594.22,0,652,OK,652,35.1,35.1,OK,208800,2 years,2 years,RENT,NM,New Mexico,OK
LN002935,D,D1,OK,renewable_energy,60,32700,32700,OK,20.46,20.46,OK,874.74,10/1/2023,11/3/2023,OK,Charged Off,7457.99,5220.59,2237.4,27479.41,674,OK,674,20.58,20.58,OK,113600,5 years,5 years,MORTGAGE,LA,Louisiana,OK
LN001587,B,B2,OK,renewable_energy,36,27700,27700,OK,10.88,10.88,OK,905.29,12/19/2021,1/23/2022,OK,Late (31-120 Days),1810.58,1267.41,543.17,0,625,OK,625,5.44,5.44,OK,145900,9 years,9 years,MORTGAGE,GA,Georgia,OK
LN000240,A,A3,OK,educational,36,39100,39100,OK,6.43,6.43,OK,1197.13,11/9/2022,12/11/2022,OK,Late (31-120 Days),1197.13,837.99,359.14,0,666,OK,666,37.7,37.7,OK,149100,,MISSING,MORTGAGE,VT,Vermont,OK
LN000411,E,E2,OK,renewable_energy,36,33600,33600,OK,23.25,23.25,OK,1305.03,6/15/2023,7/18/2023,OK,Fully Paid,46538.32,33600,12938.32,0,789,OK,789,9.64,9.64,OK,93600,5 years,5 years,OWN,NM,New Mexico,OK
LN000403,E,E2,OK,small_business,60,35300,35300,OK,23.06,23.06,OK,996.34,6/2/2022,6/30/2022,OK,Fully Paid,58622.35,35300,23322.35,0,764,OK,764,40.4,40.4,OK,203800,10+ years,10+ years,RENT,FL,Florida,OK
LN001565,B,B5,OK,wedding,36,2600,2600,OK,-10.54,,NEGATIVE_RATE,84.56,12/30/2023,1/30/2024,OK,Charged Off,241.04,168.73,72.31,2431.27,752,OK,752,22.09,22.09,OK,149800,5 years,5 years,MORTGAGE,NE,Nebraska,OK
LN002340,A,A2,OK,vacation,36,19600,19600,OK,6.79,6.79,OK,603.31,10/6/2022,11/7/2022,OK,Default,1206.62,844.63,361.99,0,759,OK,759,34.46,34.46,OK,109800,10+ years,10+ years,RENT,NE,Nebraska,OK
LN001625,C,C1,OK,moving,36,29700,29700,OK,12.98,12.98,OK,1000.42,3/21/2021,4/24/2021,OK,Fully Paid,35799.59,29700,6099.59,0,634,OK,634,16.34,16.34,OK,140900,8 years,8 years,RENT,MT,Montana,OK
LN002072,A,A5,OK,wedding,36,18000,18000,OK,5.89,5.89,OK,546.7,7/8/2023,8/6/2023,OK,Fully Paid,19465.38,18000,1465.38,0,589,OK,589,20.54,20.54,OK,143200,< 1 year,< 1 year,RENT,ME,Maine,OK
LN002472,C,C5,OK,educational,36,31200,31200,OK,14.79,14.79,OK,1078.35,1/19/2022,2/20/2022,OK,Fully Paid,38934.9,31200,7734.9,0,652,OK,652,23.68,23.68,OK,140700,10+ years,10+ years,RENT,UT,Utah,OK
LN002294,F,F2,OK,educational,36,15100,15100,OK,31.14,31.14,OK,650.48,4/25/2022,5/24/2022,OK,Fully Paid,22977.94,15100,7877.94,0,811,OK,811,26.53,26.53,OK,223800,5 years,5 years,RENT,IL,Illinois,OK
LN000045,B,B4,OK,medical,60,30100,30100,OK,10.64,10.64,OK,649.06,3/29/2021,5/2/2021,OK,Fully Paid,38934.73,30100,8834.73,0,663,OK,663,12.27,12.27,OK,111800,4 years,4 years,RENT,LA,Louisiana,OK
LN000046,F,F3,OK,moving,36,10700,10700,OK,27.84,27.84,OK,441.67,9/12/2021,10/16/2021,OK,Charged Off,4996.8,3497.76,1499.04,7202.24,756,OK,756,24.04,24.04,OK,226000,5 years,5 years,RENT,ME,Maine,OK
LN001038,E,E4,OK,wedding,36,20500,20500,OK,22.59,22.59,OK,789.18,12/21/2021,1/24/2022,OK,Current,23675.4,15389.01,8286.39,0,602,OK,602,22.49,22.49,OK,167600,2 years,2 years,RENT,KY,Kentucky,OK
LN000333,B,B4,OK,moving,36,26100,26100,OK,11.81,11.81,OK,864.53,5/12/2023,6/16/2023,OK,Fully Paid,31454.07,26100,5354.07,0,784,OK,784,16.72,16.72,OK,119700,9 years,9 years,OWN,IL,Illinois,OK
LN001069,F,F2,OK,car,36,1400,1400,OK,30.03,30.03,OK,59.46,12/22/2021,1/24/2022,OK,Current,1545.96,1004.87,541.09,0,,NULL,,5.11,5.11,OK,222700,9 years,9 years,MORTGAGE,IL,Illinois,OK
LN002064,B,B4,OK,credit_card,36,24200,24200,OK,11.76,11.76,OK,801.02,8/7/2022,9/5/2022,OK,Current,8010.2,5206.63,2803.57,0,792,OK,792,9.08,9.08,OK,76200,8 years,8 years,MORTGAGE,MO,Missouri,OK
LN001768,E,E5,OK,educational,36,26100,26100,OK,25.47,25.47,OK,1044.23,12/1/2023,1/1/2024,OK,Current,35503.82,23077.48,12426.34,0,685,OK,685,18.7,18.7,OK,54300,10+ years,10+ years,RENT,IN,Indiana,OK
LN001028,E,E2,OK,renewable_energy,60,20100,20100,OK,23.61,23.61,OK,573.7,7/29/2023,9/2/2023,OK,Current,22374.3,14543.3,7831,0,697,OK,697,26.5,26.5,OK,84900,3 years,3 years,RENT,DE,Delaware,OK
LN001053,B,B2,OK,medical,36,10900,10900,OK,9.96,9.96,OK,351.51,7/25/2022,8/24/2022,OK,Charged Off,3951.28,2765.9,1185.38,8134.1,,NULL,,13.42,13.42,OK,52100,2 years,2 years,RENT,WA,Washington,OK
LN000719,E,E4,OK,wedding,36,16200,16200,OK,25.63,25.63,OK,649.52,12/19/2021,1/23/2022,OK,Charged Off,6522.18,4565.53,1956.65,11634.47,813,OK,813,9.86,9.86,OK,178100,10+ years,10+ years,RENT,IA,Iowa,OK
LN000059,D,D4,OK,renewable_energy,36,,,FLAGGED,18.02,18.02,OK,130.18,6/28/2021,7/28/2021,OK,Late (31-120 Days),1041.44,729.01,312.43,0,805,OK,805,32.93,32.93,OK,74700,< 1 year,< 1 year,MORTGAGE,KS,Kansas,OK
LN000012,F,F2,OK,educational,36,35300,35300,OK,30.1,30.1,OK,1500.47,7/7/2022,8/11/2022,OK,Late (31-120 Days),12003.76,8402.63,3601.13,0,610,OK,610,14.92,14.92,OK,51200,3 years,3 years,MORTGAGE,IA,Iowa,OK
LN001012,D,D4,OK,debt_consolidation,36,29200,29200,OK,20.89,20.89,OK,1098.46,12/4/2022,1/8/2023,OK,Fully Paid,39403.16,29200,10203.16,0,582,OK,582,32.35,32.35,OK,36500,10+ years,10+ years,OWN,NC,North Carolina,OK
LN003294,A,A2,OK,debt_consolidation,36,,,FLAGGED,5.8,5.8,OK,1185.96,9/1/2023,10/6/2023,OK,Fully Paid,42430.82,39100,3330.82,0,710,OK,710,32.97,32.97,OK,100800,3 years,3 years,MORTGAGE,FL,Florida,OK
LN003139,D,D2,OK,wedding,36,25600,25600,OK,19.69,19.69,OK,947.35,3/27/2023,4/26/2023,OK,Charged Off,10702.34,7491.64,3210.7,18108.36,693,OK,693,29.38,29.38,OK,115600,6 years,6 years,OWN,SD,South Dakota,OK
LN001612,C,C3,OK,renewable_energy,60,39000,39000,OK,12.58,12.58,OK,879.01,9/23/2022,10/28/2022,OK,Charged Off,2217,1551.9,665.1,37448.1,680,OK,680,17.87,17.87,OK,163400,1 year,1 year,MORTGAGE,ME,Maine,OK
LN002462,A,A5,OK,credit_card,60,28600,28600,OK,6.91,6.91,OK,565.1,12/30/2023,1/30/2024,OK,Current,27689.9,17998.44,9691.47,0,615,OK,615,6.32,6.32,OK,139200,9 years,9 years,MORTGAGE,WY,Wyoming,OK
LN002003,E,E4,OK,credit_card,60,5300,5300,OK,22.75,22.75,OK,148.65,8/30/2021,10/4/2021,OK,Current,3716.25,2415.56,1300.69,0,611,OK,611,10.2,10.2,OK,196800,2 years,2 years,MORTGAGE,AZ,Arizona,OK
LN002390,A,A4,OK,credit_card,60,10100,10100,OK,5.25,5.25,OK,191.76,5/16/2022,6/14/2022,OK,Current,6136.32,3988.61,2147.71,0,802,OK,802,32.53,32.53,OK,107900,9 years,9 years,OTHER,MS,Mississippi,OK
LN001396,B,B1,OK,debt_consolidation,36,32300,32300,OK,9.39,9.39,OK,1033,8/24/2022,9/24/2022,OK,Current,10330,6714.5,3615.5,0,652,OK,652,34.31,34.31,OK,234300,10+ years,10+ years,MORTGAGE,VT,Vermont,OK
LN002634,B,B1,OK,credit_card,36,25000,25000,OK,11.17,11.17,OK,820.48,1/18/2023,2/20/2023,OK,Current,8204.8,5333.12,2871.68,0,808,OK,808,32.39,32.39,OK,178900,,MISSING,RENT,SC,South Carolina,OK
LN000310,B,B3,OK,wedding,36,,,FLAGGED,9.89,9.89,OK,1195.2,7/31/2023,8/30/2023,OK,Current,11952,7768.8,4183.2,0,771,OK,771,14.19,14.19,OK,91200,1 year,1 year,OWN,MI,Michigan,OK
LN002046,D,D3,OK,credit_card,36,36000,36000,OK,18.77,18.77,OK,1315.43,9/4/2022,10/8/2022,OK,Late (31-120 Days),1315.43,920.8,394.63,0,669,OK,669,30.11,30.11,OK,181300,3 years,3 years,OWN,OK,Oklahoma,OK
LN001433,F,F3,OK,home_improvement,36,5300,5300,OK,29.66,29.66,OK,224.01,3/13/2023,4/16/2023,OK,Current,4704.21,3057.74,1646.47,0,811,OK,811,16.5,16.5,OK,145700,4 years,4 years,MORTGAGE,NC,North Carolina,OK
LN001666,E,E2,OK,vacation,36,25600,25600,OK,23.82,23.82,OK,1001.94,8/24/2023,9/24/2023,OK,Fully Paid,36765.54,25600,11165.54,0,629,OK,629,32.99,32.99,OK,182200,4 years,4 years,MORTGAGE,IN,Indiana,OK
LN001117,B,B5,OK,small_business,36,,,FLAGGED,9.82,9.82,OK,698.37,2/7/2022,3/8/2022,OK,Fully Paid,24788.61,21700,3088.61,0,648,OK,648,25.47,25.47,OK,156700,4 years,4 years,RENT,MD,Maryland,OK
LN002158,B,B5,OK,renewable_energy,60,20400,20400,OK,10.37,10.37,OK,437.16,5/9/2023,6/12/2023,OK,Current,1311.48,852.46,459.02,0,794,OK,794,26.21,26.21,OK,165600,5 years,5 years,RENT,NJ,New Jersey,OK
LN002796,F,F5,OK,major_purchase,36,35200,35200,OK,27.6,27.6,OK,1448.4,5/25/2022,6/28/2022,OK,Fully Paid,52734.39,35200,17534.39,0,618,OK,618,35.71,35.71,OK,249000,9 years,9 years,MORTGAGE,RI,Rhode Island,OK
LN000795,E,E2,OK,debt_consolidation,36,26100,26100,OK,25.01,25.01,OK,1037.87,10/30/2021,11/30/2021,OK,Current,5189.35,3373.08,1816.27,0,687,OK,687,32.52,32.52,OK,180700,7 years,7 years,RENT,MN,Minnesota,OK
LN001428,G,G4,OK,debt_consolidation,36,26900,26900,OK,34.14,34.14,OK,1203.79,12/10/2023,1/9/2024,OK,Current,8426.53,5477.24,2949.29,0,670,OK,670,36.78,36.78,OK,221500,6 years,6 years,RENT,ME,Maine,OK
LN001491,B,B1,OK,moving,36,22400,22400,OK,10.96,10.96,OK,732.92,8/10/2023,9/13/2023,OK,Late (31-120 Days),8795.04,6156.53,2638.51,0,,NULL,,21.01,21.01,OK,87500,,MISSING,RENT,CA,California,OK
LN001469,B,B4,OK,debt_consolidation,36,6400,6400,OK,10.51,10.51,OK,208.05,9/6/2023,10/5/2023,OK,Fully Paid,7618.67,6400,1218.67,0,728,OK,728,41.89,41.89,OK,62200,2 years,2 years,OWN,MT,Montana,OK
LN000713,D,D5,OK,car,36,30000,30000,OK,18.76,18.76,OK,1096.04,10/29/2023,11/27/2023,OK,Charged Off,16175.92,11323.14,4852.78,18676.86,710,OK,710,15.12,15.12,OK,192800,3 years,3 years,MORTGAGE,TN,Tennessee,OK
LN000539,B,B4,OK,major_purchase,36,35300,35300,OK,11.62,11.62,OK,1166.07,3/30/2023,5/1/2023,OK,Current,15158.91,9853.29,5305.62,0,761,OK,761,5.99,5.99,OK,151500,6 years,6 years,RENT,OK,Oklahoma,OK
LN001234,C,C5,OK,wedding,36,2100,2100,OK,14.99,14.99,OK,72.79,8/4/2023,9/2/2023,OK,Fully Paid,2575.77,2100,475.77,0,792,OK,792,9.52,9.52,OK,126600,4 years,4 years,MORTGAGE,RI,Rhode Island,OK
LN001212,B,B4,OK,moving,36,24000,24000,OK,9.9,9.9,OK,773.29,7/12/2022,8/10/2022,OK,Charged Off,6794.23,4755.96,2038.27,19244.04,590,OK,590,26.77,26.77,OK,236700,1 year,1 year,MORTGAGE,MS,Mississippi,OK
LN000782,E,E2,OK,wedding,60,7400,7400,OK,26.67,26.67,OK,224.5,6/30/2022,7/31/2022,OK,Current,6510.5,4231.82,2278.67,0,752,OK,752,28.39,28.39,OK,81500,6 years,6 years,MORTGAGE,MI,Michigan,OK
LN002692,B,B3,OK,wedding,36,23800,23800,OK,10.53,10.53,OK,773.89,2/19/2023,3/25/2023,OK,Fully Paid,27414.57,23800,3614.57,0,,BELOW_MIN,285,36.73,36.73,OK,203800,7 years,7 years,RENT,GA,Georgia,OK
LN000189,C,C3,OK,educational,60,,,FLAGGED,13.16,13.16,OK,522.92,7/28/2021,8/27/2021,OK,Current,28760.6,18694.39,10066.21,0,632,OK,632,37.22,37.22,OK,168600,,MISSING,MORTGAGE,HI,Hawaii,OK
LN001558,D,D2,OK,renewable_energy,36,11100,11100,OK,20.93,20.93,OK,417.79,8/30/2022,9/28/2022,OK,Fully Paid,15303.26,11100,4203.26,0,738,OK,738,15.36,15.36,OK,63100,10+ years,10+ years,RENT,IL,Illinois,OK
LN002818,C,C2,OK,wedding,36,,,FLAGGED,16.28,16.28,OK,1344.76,2/4/2021,3/11/2021,OK,Fully Paid,48995.29,38100,10895.29,0,660,OK,660,27.14,27.14,OK,213500,7 years,7 years,OTHER,TX,Texas,OK
LN002035,F,F2,OK,small_business,36,33200,33200,OK,31.09,31.09,OK,1429.29,7/16/2023,8/16/2023,OK,Fully Paid,52454.22,33200,19254.22,0,688,OK,688,17.41,17.41,OK,98200,1 year,1 year,MORTGAGE,KY,Kentucky,OK
LN002150,B,B4,OK,debt_consolidation,36,31900,31900,OK,8.8,8.8,OK,1011.44,4/13/2021,5/15/2021,OK,Charged Off,10758.74,7531.12,3227.62,24368.88,580,OK,580,42.24,42.24,OK,73500,5 years,5 years,MORTGAGE,WY,Wyoming,OK
LN002687,C,C4,OK,home_improvement,60,36200,36200,OK,14.54,14.54,OK,852.48,4/24/2023,5/28/2023,OK,Charged Off,11022.22,7715.55,3306.67,28484.45,768,OK,768,15.04,15.04,OK,196100,8 years,8 years,RENT,IN,Indiana,OK
LN003379,B,B2,OK,credit_card,60,6500,6500,OK,8.92,8.92,OK,134.68,6/3/2022,7/6/2022,OK,Fully Paid,8026.62,6500,1526.62,0,741,OK,741,34.57,34.57,OK,78200,6 years,6 years,MORTGAGE,NM,New Mexico,OK
LN002971,C,C2,OK,moving,36,,,FLAGGED,13.95,13.95,OK,676.24,11/25/2023,12/29/2023,OK,Fully Paid,24466.49,19800,4666.49,0,,BELOW_MIN,284,24.33,24.33,OK,43700,4 years,4 years,OWN,VT,Vermont,OK
LN000355,B,B1,OK,major_purchase,36,8600,8600,OK,9.64,9.64,OK,276.05,11/28/2023,12/29/2023,OK,Fully Paid,10006.82,8600,1406.82,0,680,OK,680,43.84,43.84,OK,231700,1 year,1 year,OWN,MT,Montana,OK
LN000241,D,D2,OK,home_improvement,36,39000,39000,OK,19.22,19.22,OK,1433.93,4/4/2022,5/7/2022,OK,Fully Paid,51449.63,39000,12449.63,0,,ABOVE_MAX,936,8.57,8.57,OK,205900,2 years,2 years,MORTGAGE,WV,West Virginia,OK
LN000791,B,B5,OK,car,60,27600,27600,OK,8.94,8.94,OK,572.13,10/6/2023,11/10/2023,OK,Fully Paid,33791.76,27600,6191.76,0,,NULL,,41.77,41.77,OK,74100,5 years,5 years,OWN,KY,Kentucky,OK
LN003101,B,B5,OK,major_purchase,36,11200,11200,OK,9.27,9.27,OK,357.57,10/10/2021,11/8/2021,OK,Charged Off,5941.33,4158.93,1782.4,7041.07,584,OK,584,33.1,33.1,OK,36300,9 years,9 years,RENT,MT,Montana,OK
LN000966,F,F1,OK,renewable_energy,60,27000,27000,OK,31.08,31.08,OK,891.54,9/13/2021,9/4/2021,DATE_SEQUENCE_ERROR,Current,48143.16,31293.05,16850.11,0,775,OK,775,9.28,9.28,OK,55400,2 years,2 years,RENT,OR,Oregon,OK
LN003488,F,F2,OK,wedding,36,12200,12200,OK,27.77,27.77,OK,503.12,2/26/2022,4/1/2022,OK,Charged Off,4869.28,3408.5,1460.78,8791.5,713,OK,713,9.54,9.54,OK,59700,7 years,7 years,MORTGAGE,OH,Ohio,OK
LN002393,C,C3,OK,renewable_energy,60,17900,17900,OK,15.46,15.46,OK,430.17,8/1/2022,8/29/2022,OK,Fully Paid,25329.64,17900,7429.64,0,597,OK,597,39.25,39.25,OK,51500,3 years,3 years,RENT,NC,North Carolina,OK
LN001002,C,C4,OK,moving,36,34700,34700,OK,16.11,16.11,OK,1221.83,1/21/2023,2/20/2023,OK,Fully Paid,44230.99,34700,9530.99,0,684,OK,684,11.96,11.96,OK,189500,4 years,4 years,OTHER,WY,Wyoming,OK
LN000579,E,E5,OK,small_business,36,2100,2100,OK,25.05,25.05,OK,83.55,4/22/2022,5/20/2022,OK,Late (31-120 Days),250.65,175.45,75.19,0,664,OK,664,27.73,27.73,OK,185100,10+ years,10+ years,RENT,MT,Montana,OK
LN000555,B,B5,OK,vacation,36,27400,27400,OK,11.16,11.16,OK,899.12,7/20/2023,8/20/2023,OK,Fully Paid,32910.03,27400,5510.03,0,716,OK,716,22.95,22.95,OK,27100,4 years,4 years,RENT,OR,Oregon,OK
LN000479,D,D2,OK,major_purchase,36,35100,35100,OK,18.7,18.7,OK,1281.31,7/27/2023,8/28/2023,OK,Fully Paid,46009.06,35100,10909.06,0,707,OK,707,30.42,30.42,OK,55800,,MISSING,OWN,ME,Maine,OK
LN003489,E,E1,OK,home_improvement,60,,,FLAGGED,26.63,26.63,OK,394.09,7/7/2023,8/7/2023,OK,Late (31-120 Days),3940.9,2758.63,1182.27,0,754,OK,754,24.19,24.19,OK,27500,9 years,9 years,RENT,TX,Texas,OK
LN001627,A,A4,OK,home_improvement,36,22600,22600,OK,5.09,5.09,OK,678.26,4/26/2022,5/24/2022,OK,Fully Paid,24772.58,22600,2172.58,0,619,OK,619,35.31,35.31,OK,191300,< 1 year,< 1 year,RENT,CA,California,OK
LN002632,B,B3,OK,wedding,36,39300,39300,OK,10.97,10.97,OK,1286.07,9/14/2022,10/16/2022,OK,Fully Paid,46884.66,39300,7584.66,0,748,OK,748,245.18,,DTI_IMPOSSIBLE,147200,4 years,4 years,MORTGAGE,GA,Georgia,OK
LN000153,B,B2,OK,debt_consolidation,36,15800,15800,OK,9.32,9.32,OK,504.79,4/25/2022,5/28/2022,OK,Charged Off,7503.36,5252.35,2251.01,10547.65,789,OK,789,17.83,17.83,OK,148600,10+ years,10+ years,OTHER,ND,North Dakota,OK
LN002741,F,F4,OK,moving,60,19700,19700,OK,29.72,29.72,OK,633.98,5/23/2022,6/21/2022,OK,Fully Paid,38749.39,19700,19049.39,0,588,OK,588,43.14,43.14,OK,210500,,MISSING,RENT,MO,Missouri,OK
LN002260,C,C4,OK,educational,60,2100,2100,OK,15.49,15.49,OK,50.5,11/30/2021,12/31/2021,OK,Default,606,424.2,181.8,0,619,OK,619,21.53,21.53,OK,149600,10+ years,10+ years,OWN,WY,Wyoming,OK
LN002913,E,E5,OK,renewable_energy,60,,,FLAGGED,25.72,25.72,OK,538.93,9/9/2022,10/10/2022,OK,Fully Paid,32872.83,18100,14772.83,0,692,OK,692,29.97,29.97,OK,74000,1 year,1 year,MORTGAGE,HI,Hawaii,OK
LN001913,C,C5,OK,educational,36,,,FLAGGED,16.47,16.47,OK,601.62,6/13/2021,7/12/2021,OK,Charged Off,7234.62,5064.23,2170.39,11935.77,661,OK,661,25.1,25.1,OK,208400,9 years,9 years,RENT,NV,Nevada,OK
LN000257,E,E2,OK,car,36,12400,12400,OK,25.77,25.77,OK,498.09,3/22/2021,4/21/2021,OK,Fully Paid,17588.33,12400,5188.33,0,709,OK,709,11.76,11.76,OK,175100,8 years,8 years,MORTGAGE,MO,Missouri,OK
LN001873,B,B3,OK,major_purchase,36,18000,18000,OK,10.26,10.26,OK,583.01,11/27/2021,12/30/2021,OK,Current,10494.18,6821.22,3672.96,0,754,OK,754,28.91,28.91,OK,249500,8 years,8 years,RENT,NM,New Mexico,OK
LN000347,C,C1,OK,vacation,60,4100,4100,OK,13.94,13.94,OK,95.27,11/24/2023,12/28/2023,OK,Current,5049.31,3282.05,1767.26,0,761,OK,761,7.33,7.33,OK,133800,5 years,5 years,MORTGAGE,MD,Maryland,OK
LN001539,B,B2,OK,wedding,36,1300,1300,OK,11.34,11.34,OK,42.77,4/7/2021,5/5/2021,OK,Fully Paid,1554.91,1300,254.91,0,717,OK,717,44.99,44.99,OK,119400,1 year,1 year,MORTGAGE,LA,Louisiana,OK
LN001808,G,G2,OK,major_purchase,60,15200,15200,OK,32.26,32.26,OK,513.08,1/6/2021,2/5/2021,OK,Current,3078.48,2001.01,1077.47,0,739,OK,739,34.58,34.58,OK,45200,10+ years,10+ years,MORTGAGE,SD,South Dakota,OK
LN000777,B,B3,OK,renewable_energy,36,33800,33800,OK,9.99,9.99,OK,1090.47,12/22/2023,1/23/2024,OK,Fully Paid,38984.54,33800,5184.54,0,781,OK,781,19.41,19.41,OK,192100,10+ years,10+ years,RENT,ME,Maine,OK
LN002513,C,C5,OK,wedding,36,31000,31000,OK,12.96,12.96,OK,1043.92,10/22/2023,11/22/2023,OK,Fully Paid,37287.89,31000,6287.89,0,667,OK,667,36.02,36.02,OK,180900,< 1 year,< 1 year,MORTGAGE,WA,Washington,OK
LN002518,C,C1,OK,major_purchase,60,37200,37200,OK,14.46,14.46,OK,874.48,4/27/2023,5/29/2023,OK,Current,43724,28420.6,15303.4,0,663,OK,663,15.2,15.2,OK,178400,10+ years,10+ years,OWN,DE,Delaware,OK
LN001105,B,B1,OK,educational,36,11700,11700,OK,9.19,9.19,OK,373.09,4/1/2023,5/3/2023,OK,Charged Off,4842.79,3389.95,1452.84,8310.05,637,OK,637,29.75,29.75,OK,37800,1 year,1 year,MORTGAGE,IN,Indiana,OK
LN001707,A,A3,OK,medical,60,31000,31000,OK,5.39,5.39,OK,590.56,3/20/2023,4/19/2023,OK,Fully Paid,35260.37,31000,4260.37,0,747,OK,747,6.1,6.1,OK,43900,10+ years,10+ years,RENT,IN,Indiana,OK
LN002955,A,A2,OK,major_purchase,36,4200,4200,OK,6.99,6.99,OK,129.66,5/11/2023,6/8/2023,OK,Late (31-120 Days),1555.92,1089.14,466.78,0,662,OK,662,25.45,25.45,OK,176200,4 years,4 years,MORTGAGE,CO,Colorado,OK
LN001425,C,C1,OK,major_purchase,36,5700,5700,OK,13.53,13.53,OK,193.51,3/4/2022,4/8/2022,OK,Fully Paid,6958.45,5700,1258.45,0,775,OK,775,19.64,19.64,OK,112900,4 years,4 years,RENT,NH,New Hampshire,OK
LN002488,F,F3,OK,small_business,60,24500,24500,OK,29.73,29.73,OK,788.6,12/15/2023,1/17/2024,OK,Fully Paid,48119.7,24500,23619.7,0,689,OK,689,8.63,8.63,OK,229500,6 years,6 years,RENT,NE,Nebraska,OK
LN001421,B,B2,OK,wedding,36,9700,9700,OK,8.84,8.84,OK,307.74,7/30/2022,8/30/2022,OK,Charged Off,2152.4,1506.68,645.72,8193.32,705,OK,705,38.22,38.22,OK,81100,,MISSING,MORTGAGE,IN,Indiana,OK
LN000179,A,A4,OK,credit_card,36,38300,38300,OK,5.43,5.43,OK,1155.29,4/9/2022,5/11/2022,OK,Fully Paid,42063.36,38300,3763.36,0,713,OK,713,24.32,24.32,OK,220000,1 year,1 year,MORTGAGE,NH,New Hampshire,OK
LN002816,D,D4,OK,educational,36,21400,21400,OK,17.79,17.79,OK,771.41,10/12/2021,11/9/2021,OK,Current,3085.64,2005.67,1079.97,0,817,OK,817,22.66,22.66,OK,119700,8 years,8 years,MORTGAGE,GA,Georgia,OK
LN001984,B,B1,OK,renewable_energy,36,26600,26600,OK,9.86,9.86,OK,856.56,2/9/2023,3/12/2023,OK,Fully Paid,31312.33,26600,4712.33,0,751,OK,751,11.47,11.47,OK,146800,7 years,7 years,MORTGAGE,KY,Kentucky,OK
LN001062,E,E4,OK,vacation,36,31300,31300,OK,23.81,23.81,OK,1224.87,3/22/2021,4/20/2021,OK,Current,25722.27,16719.48,9002.79,0,615,OK,615,7.6,7.6,OK,131400,1 year,1 year,MORTGAGE,NC,North Carolina,OK
LN000574,C,C3,OK,renewable_energy,36,5200,5200,OK,13.68,13.68,OK,176.92,11/23/2023,12/22/2023,OK,Current,3007.64,1954.97,1052.67,0,605,OK,605,9.74,9.74,OK,172500,< 1 year,< 1 year,RENT,IL,Illinois,OK
LN001269,F,F1,OK,car,36,35200,35200,OK,29.06,29.06,OK,1476.23,9/29/2021,10/31/2021,OK,Fully Paid,52109.12,35200,16909.12,0,745,OK,745,20.72,20.72,OK,176900,3 years,3 years,RENT,CO,Colorado,OK
LN001081,A,A3,OK,debt_consolidation,60,20000,20000,OK,6.95,6.95,OK,395.55,5/10/2022,6/13/2022,OK,Current,1186.65,771.32,415.33,0,660,OK,660,39.48,39.48,OK,59900,1 year,1 year,RENT,ND,North Dakota,OK
LN002701,C,C5,OK,small_business,36,25000,25000,OK,15.99,15.99,OK,878.8,4/23/2021,5/24/2021,OK,Current,10545.6,6854.64,3690.96,0,812,OK,812,8.05,8.05,OK,168000,< 1 year,< 1 year,RENT,UT,Utah,OK
LN001727,E,E1,OK,car,60,2600,2600,OK,25.87,25.87,OK,77.65,9/24/2022,10/23/2022,OK,Current,3183.65,2069.37,1114.28,0,590,OK,590,136.19,,DTI_IMPOSSIBLE,84100,1 year,1 year,MORTGAGE,IL,Illinois,OK
LN001285,B,B1,OK,wedding,60,27300,27300,OK,11.74,11.74,OK,603.69,3/3/2023,4/7/2023,OK,Fully Paid,35947.36,27300,8647.36,0,717,OK,717,8.31,8.31,OK,53900,< 1 year,< 1 year,RENT,GA,Georgia,OK
LN001124,B,B3,OK,small_business,36,28100,28100,OK,10.27,10.27,OK,910.27,11/3/2022,12/1/2022,OK,Current,8192.43,5325.08,2867.35,0,674,OK,674,14.66,14.66,OK,230100,,MISSING,MORTGAGE,LA,Louisiana,OK
LN003196,D,E3,GRADE_MISMATCH,medical,60,23900,23900,OK,17.5,17.5,OK,600.42,2/27/2022,4/3/2022,OK,Fully Paid,35956.03,23900,12056.03,0,664,OK,664,7.14,7.14,OK,38000,7 years,7 years,RENT,MI,Michigan,OK
LN000706,C,C1,OK,educational,60,24200,24200,OK,15.04,15.04,OK,576.22,12/3/2021,1/5/2022,OK,Fully Paid,34784.13,24200,10584.13,0,636,OK,636,16.88,16.88,OK,244300,10+ years,10+ years,MORTGAGE,MO,Missouri,OK
LN000015,B,B2,OK,moving,36,22600,22600,OK,9.14,9.14,OK,720.15,12/12/2022,1/16/2023,OK,Fully Paid,26364.33,22600,3764.33,0,693,OK,693,37.32,37.32,OK,65100,< 1 year,< 1 year,OTHER,AL,Alabama,OK
LN000986,G,G1,OK,debt_consolidation,60,29200,29200,OK,33.91,33.91,OK,1016.03,3/24/2023,4/23/2023,OK,Fully Paid,61499.49,29200,32299.49,0,720,OK,720,6.02,6.02,OK,202800,7 years,7 years,RENT,MA,Massachusetts,OK
LN000174,G,G3,OK,educational,60,26100,26100,OK,35.87,35.87,OK,940.88,5/9/2023,6/9/2023,OK,Fully Paid,55956.69,26100,29856.69,0,781,OK,781,20.72,20.72,OK,71600,10+ years,10+ years,RENT,OH,Ohio,OK
LN003429,D,D2,OK,small_business,60,10100,10100,OK,-17.16,,NEGATIVE_RATE,251.88,4/14/2021,5/12/2021,OK,Late (31-120 Days),1007.52,705.26,302.26,0,600,OK,600,36.6,36.6,OK,43500,10+ years,10+ years,OWN,HI,Hawaii,OK
LN002764,C,B3,GRADE_MISMATCH,vacation,36,,,FLAGGED,15.17,15.17,OK,681.07,3/7/2021,4/8/2021,OK,Fully Paid,24891.41,19600,5291.41,0,744,OK,744,16.27,16.27,OK,126000,7 years,7 years,RENT,IN,Indiana,OK
LN000332,C,C5,OK,small_business,60,25600,25600,OK,14.66,14.66,OK,604.46,10/19/2021,11/17/2021,OK,Charged Off,6430.23,4501.16,1929.07,21098.84,646,OK,646,11.23,11.23,OK,29300,< 1 year,< 1 year,MORTGAGE,FL,Florida,OK
LN000692,D,D4,OK,credit_card,36,2900,2900,OK,-19.73,,NEGATIVE_RATE,107.38,5/12/2022,6/16/2022,OK,Fully Paid,3821.37,2900,921.37,0,725,OK,725,6.25,6.25,OK,180700,< 1 year,< 1 year,MORTGAGE,NV,Nevada,OK
LN000431,A,A5,OK,credit_card,60,39900,39900,OK,7.96,7.96,OK,808.26,4/27/2021,5/28/2021,OK,Charged Off,15742.76,11019.93,4722.83,28880.07,633,OK,633,16.06,16.06,OK,104300,1 year,1 year,RENT,NM,New Mexico,OK
LN002587,C,C5,OK,credit_card,36,7300,7300,OK,12.9,12.9,OK,245.61,8/4/2022,9/5/2022,OK,Current,5894.64,3831.52,2063.12,0,758,OK,758,21.27,21.27,OK,189700,5 years,5 years,OWN,CA,California,OK
LN003378,G,G3,OK,car,36,5000,5000,OK,35.22,35.22,OK,226.8,8/22/2022,9/22/2022,OK,Fully Paid,8285.37,5000,3285.37,0,,ABOVE_MAX,924,13.45,13.45,OK,123400,4 years,4 years,MORTGAGE,NY,New York,OK
LN002841,C,C3,OK,small_business,36,35400,35400,OK,15.86,15.86,OK,1242.11,5/21/2021,5/19/2021,DATE_SEQUENCE_ERROR,Current,39747.52,25835.89,13911.63,0,722,OK,722,6.78,6.78,OK,232200,5 years,5 years,OWN,AK,Alaska,OK
LN002060,F,G2,GRADE_MISMATCH,major_purchase,36,21600,21600,OK,29.23,29.23,OK,907.87,9/29/2023,10/28/2023,OK,Current,14525.92,9441.85,5084.07,0,728,OK,728,10.08,10.08,OK,240900,6 years,6 years,MORTGAGE,NY,New York,OK
LN001678,A,C5,GRADE_MISMATCH,major_purchase,60,35800,35800,OK,7.53,7.53,OK,717.87,8/1/2021,9/3/2021,OK,Charged Off,19610.79,13727.55,5883.24,22072.45,,ABOVE_MAX,880,10.08,10.08,OK,63300,5 years,5 years,MORTGAGE,UT,Utah,OK
LN001447,C,C4,OK,renewable_energy,36,1200,1200,OK,13.87,13.87,OK,40.94,3/11/2021,4/11/2021,OK,Fully Paid,1475.09,1200,275.09,0,676,OK,676,37.29,37.29,OK,130000,< 1 year,< 1 year,MORTGAGE,NE,Nebraska,OK
LN000545,G,G1,OK,medical,60,,,FLAGGED,35.14,35.14,OK,1220.39,12/8/2021,1/9/2022,OK,Charged Off,10128.46,7089.92,3038.54,27210.08,796,OK,796,30.43,30.43,OK,108300,9 years,9 years,RENT,OH,Ohio,OK
LN001162,A,A2,OK,home_improvement,36,18800,18800,OK,5.98,5.98,OK,571.76,11/6/2021,12/6/2021,OK,Fully Paid,20495.56,18800,1695.56,0,,NULL,,31.38,31.38,OK,31000,9 years,9 years,OWN,NH,New Hampshire,OK
LN003233,D,D5,OK,moving,60,13000,13000,OK,21.7,21.7,OK,356.83,11/23/2021,12/26/2021,OK,Charged Off,2664.38,1865.07,799.31,11134.93,809,OK,809,33.4,33.4,OK,65500,1 year,1 year,OWN,FL,Florida,OK
LN001290,E,E5,OK,debt_consolidation,36,18000,18000,OK,26.56,26.56,OK,730.61,9/30/2022,11/2/2022,OK,Fully Paid,26295,18000,8295,0,759,OK,759,17.38,17.38,OK,36200,7 years,7 years,MORTGAGE,IA,Iowa,OK
LN002227,B,B2,OK,home_improvement,36,38400,38400,OK,10.3,10.3,OK,1244.48,7/25/2021,8/29/2021,OK,Current,6222.4,4044.56,2177.84,0,593,OK,593,8.62,8.62,OK,30200,5 years,5 years,MORTGAGE,CT,Connecticut,OK
LN000451,F,F2,OK,renewable_energy,36,16700,16700,OK,27.6,27.6,OK,687.17,9/9/2023,10/10/2023,OK,Charged Off,1684.44,1179.11,505.33,15520.89,594,OK,594,29.33,29.33,OK,104900,6 years,6 years,RENT,WY,Wyoming,OK
LN003045,D,D1,OK,wedding,60,20200,20200,OK,20.3,20.3,OK,538.55,7/6/2021,8/8/2021,OK,Default,5385.5,3769.85,1615.65,0,774,OK,774,35.51,35.51,OK,182400,2 years,2 years,RENT,IL,Illinois,OK
LN001749,B,B4,OK,debt_consolidation,36,17200,17200,OK,9,9,OK,546.96,6/1/2021,7/5/2021,OK,Fully Paid,19472.13,17200,2272.13,0,749,OK,749,27.41,27.41,OK,147400,6 years,6 years,MORTGAGE,FL,Florida,OK
LN002494,C,C3,OK,home_improvement,36,11700,11700,OK,13.77,13.77,OK,398.57,12/22/2023,1/23/2024,OK,Fully Paid,14493.16,11700,2793.16,0,789,OK,789,30.55,30.55,OK,212100,2 years,2 years,MORTGAGE,VA,Virginia,OK
LN000325,B,B5,OK,wedding,36,6000,6000,OK,10.92,10.92,OK,196.21,1/28/2021,2/25/2021,OK,Fully Paid,6994.14,6000,994.14,0,794,OK,794,30.19,30.19,OK,209200,8 years,8 years,RENT,MS,Mississippi,OK
LN001023,E,E4,OK,wedding,36,4300,4300,OK,25.03,25.03,OK,171.04,8/10/2023,9/9/2023,OK,Current,855.2,555.88,299.32,0,674,OK,674,16.1,16.1,OK,140000,5 years,5 years,MORTGAGE,MI,Michigan,OK
LN000487,C,C5,OK,moving,36,5600,5600,OK,13.45,13.45,OK,189.9,4/4/2022,5/3/2022,OK,Current,4367.7,2839.01,1528.69,0,664,OK,664,38.29,38.29,OK,184700,9 years,9 years,MORTGAGE,NV,Nevada,OK
LN001147,F,F2,OK,moving,36,18200,18200,OK,31.42,31.42,OK,786.84,4/30/2023,5/29/2023,OK,Fully Paid,27977.31,18200,9777.31,0,648,OK,648,20.95,20.95,OK,86000,2 years,2 years,MORTGAGE,MD,Maryland,OK
LN000819,C,C3,OK,renewable_energy,36,23200,23200,OK,15.11,15.11,OK,805.49,3/26/2023,4/25/2023,OK,Fully Paid,28841.85,23200,5641.85,0,699,OK,699,35.83,35.83,OK,166700,8 years,8 years,RENT,OK,Oklahoma,OK
LN000064,G,G4,OK,debt_consolidation,36,31200,31200,OK,33.33,33.33,OK,1382.03,1/19/2023,2/17/2023,OK,Current,42842.93,27847.9,14995.03,0,605,OK,605,26.04,26.04,OK,212100,< 1 year,< 1 year,RENT,TN,Tennessee,OK
LN000267,D,D2,OK,vacation,36,35600,35600,OK,20.21,20.21,OK,1326.84,11/1/2022,12/1/2022,OK,Current,7961.04,5174.68,2786.36,0,582,OK,582,30.74,30.74,OK,89200,5 years,5 years,OWN,NY,New York,OK
LN001729,A,A5,OK,car,36,17500,17500,OK,7.36,7.36,OK,543.23,10/1/2022,10/30/2022,OK,Current,4345.84,2824.8,1521.04,0,782,OK,782,24.82,24.82,OK,108200,10+ years,10+ years,MORTGAGE,CT,Connecticut,OK
LN000926,A,A4,OK,moving,60,18700,18700,OK,6.43,6.43,OK,365.27,12/4/2021,1/3/2022,OK,Fully Paid,21788.57,18700,3088.57,0,764,OK,764,16.04,16.04,OK,128200,,MISSING,MORTGAGE,VA,Virginia,OK
LN000158,A,A4,OK,medical,60,37000,37000,OK,5.61,5.61,OK,708.62,10/6/2022,11/6/2022,OK,Charged Off,17631.71,12342.2,5289.51,24657.8,677,OK,677,23.65,23.65,OK,172100,3 years,3 years,RENT,NY,New York,OK
LN000858,B,B4,OK,vacation,36,31800,31800,OK,10.05,10.05,OK,1026.84,4/20/2022,5/21/2022,OK,Current,32858.88,21358.27,11500.61,0,708,OK,708,30.66,30.66,OK,160600,10+ years,10+ years,MORTGAGE,KS,Kansas,OK
LN000369,D,D3,OK,home_improvement,60,26100,26100,OK,19.37,19.37,OK,682.37,1/2/2021,2/1/2021,OK,Fully Paid,40176.14,26100,14076.14,0,775,OK,775,43.75,43.75,OK,135500,10+ years,10+ years,RENT,TX,Texas,OK
LN000062,E,E3,OK,educational,36,31000,31000,OK,25.11,25.11,OK,1234.36,12/2/2022,1/6/2023,OK,Current,38265.16,24872.35,13392.81,0,717,OK,717,24.37,24.37,OK,161100,6 years,6 years,OWN,NJ,New Jersey,OK
LN002979,A,A5,OK,debt_consolidation,36,14700,14700,OK,5.06,5.06,OK,440.97,7/3/2021,8/7/2021,OK,Charged Off,8265.76,5786.03,2479.73,8913.97,789,OK,789,13.17,13.17,OK,228900,10+ years,10+ years,MORTGAGE,OH,Ohio,OK
LN002572,D,D1,OK,vacation,36,18500,18500,OK,21.21,21.21,OK,698.99,12/18/2023,1/18/2024,OK,Current,9785.86,6360.81,3425.05,0,820,OK,820,16.76,16.76,OK,151500,5 years,5 years,RENT,IN,Indiana,OK
LN003025,B,B3,OK,medical,36,37700,37700,OK,11.91,11.91,OK,1250.56,4/21/2021,5/23/2021,OK,Fully Paid,44941.91,37700,7241.91,0,689,OK,689,42.95,42.95,OK,229300,7 years,7 years,MORTGAGE,VA,Virginia,OK
LN000255,D,D1,OK,major_purchase,60,28100,28100,OK,17.95,17.95,OK,712.79,12/29/2023,1/26/2024,OK,Current,12830.22,8339.64,4490.58,0,637,OK,637,32.74,32.74,OK,166000,3 years,3 years,RENT,NC,North Carolina,OK
LN002442,C,C1,OK,small_business,36,12800,12800,OK,13.91,13.91,OK,436.91,8/12/2022,9/16/2022,OK,Current,7427.47,4827.86,2599.61,0,600,OK,600,25.84,25.84,OK,175400,6 years,6 years,RENT,CO,Colorado,OK
LN002792,B,B3,OK,moving,36,37500,37500,OK,11.2,11.2,OK,1231.26,5/4/2023,6/8/2023,OK,Fully Paid,43761.8,37500,6261.8,0,730,OK,730,41.8,41.8,OK,182300,6 years,6 years,MORTGAGE,CT,Connecticut,OK
LN002555,A,A5,OK,car,60,,,FLAGGED,5.77,5.77,OK,526.79,2/11/2022,3/13/2022,OK,Fully Paid,31688.26,27400,4288.26,0,627,OK,627,43.83,43.83,OK,77300,3 years,3 years,MORTGAGE,MI,Michigan,OK
LN002124,C,C5,OK,home_improvement,60,7900,7900,OK,14.04,14.04,OK,183.98,8/3/2022,9/5/2022,OK,Fully Paid,10920.58,7900,3020.58,0,776,OK,776,23.08,23.08,OK,170200,10+ years,10+ years,RENT,MT,Montana,OK
LN000110,D,D5,OK,major_purchase,36,27900,27900,OK,19.72,19.72,OK,1032.89,11/10/2023,12/8/2023,OK,Fully Paid,37139.62,27900,9239.62,0,,NULL,,20.48,20.48,OK,177900,3 years,3 years,RENT,CA,California,OK
LN000125,A,A5,OK,small_business,60,30200,30200,OK,6.25,6.25,OK,587.37,1/1/2021,1/29/2021,OK,Charged Off,11927.19,8349.03,3578.16,21850.97,654,OK,654,30.68,30.68,OK,148700,5 years,5 years,MORTGAGE,UT,Utah,OK
LN001264,F,F5,OK,medical,60,27400,27400,OK,30.97,30.97,OK,902.88,9/11/2023,10/9/2023,OK,Current,34309.44,22301.14,12008.3,0,816,OK,816,13.48,13.48,OK,84600,1 year,1 year,MORTGAGE,AL,Alabama,OK
LN002437,D,D5,OK,vacation,60,,,FLAGGED,20.54,20.54,OK,610.93,4/1/2021,5/6/2021,OK,Fully Paid,37346.9,22800,14546.9,0,759,OK,759,40.06,40.06,OK,229400,5 years,5 years,RENT,AZ,Arizona,OK
LN000264,B,B4,OK,small_business,60,36300,36300,OK,11.48,11.48,OK,797.97,6/22/2021,7/26/2021,OK,Current,43090.38,28008.75,15081.63,0,622,OK,622,9.52,9.52,OK,49000,10+ years,10+ years,MORTGAGE,CT,Connecticut,OK
LN003251,B,B2,OK,small_business,60,35900,35900,OK,9.5,9.5,OK,753.97,3/1/2023,4/5/2023,OK,Current,2261.91,1470.24,791.67,0,614,OK,614,43.92,43.92,OK,166200,1 year,1 year,MORTGAGE,MT,Montana,OK
LN002990,A,E2,GRADE_MISMATCH,renewable_energy,36,11400,11400,OK,6.81,6.81,OK,351.01,4/29/2021,6/2/2021,OK,Default,2106.06,1474.24,631.82,0,685,OK,685,12.95,12.95,OK,43500,4 years,4 years,RENT,DE,Delaware,OK
LN000600,C,C2,OK,educational,36,22700,22700,OK,13.21,13.21,OK,767.15,11/4/2023,12/5/2023,OK,Fully Paid,27701.82,22700,5001.82,0,742,OK,742,13.06,13.06,OK,222000,1 year,1 year,OTHER,MT,Montana,OK
LN001614,F,F1,OK,car,36,26800,26800,OK,30.38,30.38,OK,1143.29,4/20/2023,5/25/2023,OK,Default,1143.29,800.3,342.99,0,732,OK,732,11.73,11.73,OK,73100,,MISSING,MORTGAGE,OH,Ohio,OK
LN000222,A,A2,OK,wedding,60,20800,20800,OK,6.06,6.06,OK,402.7,9/26/2022,10/26/2022,OK,Fully Paid,24251.42,20800,3451.42,0,786,OK,786,34.52,34.52,OK,171900,10+ years,10+ years,RENT,VT,Vermont,OK
LN001611,C,C2,OK,credit_card,60,,,FLAGGED,15.22,15.22,OK,52.59,12/3/2022,1/6/2023,OK,Fully Paid,3112.53,2200,912.53,0,820,OK,820,34.54,34.54,OK,41300,2 years,2 years,RENT,OH,Ohio,OK
LN003159,C,C3,OK,credit_card,36,2000,2000,OK,13.27,13.27,OK,67.65,6/21/2023,7/22/2023,OK,Late (31-120 Days),608.85,426.19,182.66,0,693,OK,693,15.4,15.4,OK,68100,1 year,1 year,MORTGAGE,DE,Delaware,OK
LN002196,D,D5,OK,medical,60,23300,23300,OK,18.17,18.17,OK,593.82,7/7/2023,8/4/2023,OK,Charged Off,2321.61,1625.13,696.48,21674.87,784,OK,784,33.66,33.66,OK,40800,4 years,4 years,MORTGAGE,HI,Hawaii,OK
LN000550,B,B4,OK,car,36,34200,34200,OK,10.78,10.78,OK,1116.1,3/25/2021,4/22/2021,OK,Late (31-120 Days),12277.1,8593.97,3683.13,0,693,OK,693,31.89,31.89,OK,169500,10+ years,10+ years,RENT,RI,Rhode Island,OK
LN001744,B,B3,OK,medical,36,32300,32300,OK,9.67,9.67,OK,1037.23,4/28/2023,5/28/2023,OK,Current,36303.05,23596.98,12706.07,0,774,OK,774,41.26,41.26,OK,132500,3 years,3 years,MORTGAGE,NJ,New Jersey,OK
LN001748,C,C1,OK,educational,36,8800,8800,OK,14.58,14.58,OK,303.25,3/10/2021,4/13/2021,OK,Fully Paid,10727.78,8800,1927.78,0,592,OK,592,20.54,20.54,OK,197100,5 years,5 years,RENT,WI,Wisconsin,OK
LN002619,B,B4,OK,wedding,60,25000,25000,OK,11.61,11.61,OK,551.2,3/1/2021,4/1/2021,OK,Current,20394.4,13256.36,7138.04,0,667,OK,667,7.77,7.77,OK,107600,7 years,7 years,MORTGAGE,NM,New Mexico,OK
LN000089,D,D3,OK,vacation,60,25800,25800,OK,20.04,20.04,OK,684.12,4/10/2021,5/14/2021,OK,Fully Paid,41465.79,25800,15665.79,0,609,OK,609,18.81,18.81,OK,70400,3 years,3 years,MORTGAGE,NY,New York,OK
LN002926,E,E2,OK,vacation,60,14900,14900,OK,-26.74,,NEGATIVE_RATE,452.66,10/2/2023,11/3/2023,OK,Current,21727.68,14122.99,7604.69,0,,BELOW_MIN,270,37.68,37.68,OK,89300,9 years,9 years,OWN,VA,Virginia,OK
LN003091,B,B3,OK,home_improvement,36,7200,7200,OK,10.45,10.45,OK,233.85,12/13/2023,1/10/2024,OK,Fully Paid,8427.22,7200,1227.22,0,771,OK,771,23.9,23.9,OK,214500,2 years,2 years,RENT,VT,Vermont,OK
LN002341,F,F4,OK,debt_consolidation,36,36500,36500,OK,29.52,29.52,OK,1539.9,7/2/2022,7/30/2022,OK,Charged Off,3152.72,2206.9,945.82,34293.1,591,OK,591,30.12,30.12,OK,190600,10+ years,10+ years,RENT,AK,Alaska,OK
LN002567,D,D2,OK,credit_card,36,28800,28800,OK,17.14,17.14,OK,1028.81,9/5/2021,10/9/2021,OK,Charged Off,4459.33,3121.53,1337.8,25678.47,700,OK,700,21.83,21.83,OK,52900,9 years,9 years,MORTGAGE,IN,Indiana,OK
LN000595,B,B4,OK,credit_card,36,32100,32100,OK,11.69,11.69,OK,1061.43,1/8/2022,2/12/2022,OK,Fully Paid,38426.37,32100,6326.37,0,639,OK,639,25.14,25.14,OK,30400,2 years,2 years,MORTGAGE,DE,Delaware,OK
LN002311,A,A2,OK,moving,36,28500,28500,OK,5.5,5.5,OK,860.58,10/4/2023,11/5/2023,OK,Current,9466.38,6153.15,3313.23,0,689,OK,689,201.54,,DTI_IMPOSSIBLE,113200,6 years,6 years,RENT,AL,Alabama,OK
LN003479,B,B3,OK,vacation,36,12800,12800,OK,8.67,8.67,OK,405.07,1/3/2023,2/7/2023,OK,Current,12557.17,8162.16,4395.01,0,726,OK,726,37.48,37.48,OK,225000,3 years,3 years,MORTGAGE,AL,Alabama,OK
LN002099,G,G4,OK,debt_consolidation,36,28000,28000,OK,33.7,33.7,OK,1246.09,6/19/2022,7/22/2022,OK,Fully Paid,45133.66,28000,17133.66,0,800,OK,800,22.24,22.24,OK,67300,2 years,2 years,MORTGAGE,ME,Maine,OK
LN003096,D,D1,OK,home_improvement,36,29900,29900,OK,20.26,20.26,OK,1115.16,12/18/2023,1/16/2024,OK,Current,24533.52,15946.79,8586.73,0,581,OK,581,7.99,7.99,OK,138500,4 years,4 years,RENT,VA,Virginia,OK
LN003242,B,B2,OK,educational,60,11200,11200,OK,10.46,10.46,OK,240.51,11/23/2021,12/28/2021,OK,Current,4810.2,3126.63,1683.57,0,737,OK,737,17.95,17.95,OK,61200,< 1 year,< 1 year,RENT,WY,Wyoming,OK
LN001895,C,C1,OK,small_business,60,5200,5200,OK,12.82,12.82,OK,117.84,3/31/2022,5/1/2022,OK,Current,2238.96,1455.32,783.64,0,783,OK,783,43.06,43.06,OK,208500,1 year,1 year,RENT,MN,Minnesota,OK
LN001567,F,F3,OK,car,60,7700,7700,OK,30.22,30.22,OK,250.16,7/30/2022,9/2/2022,OK,Current,7004.48,4552.91,2451.57,0,721,OK,721,41.98,41.98,OK,52500,4 years,4 years,RENT,VT,Vermont,OK
LN001236,C,C4,OK,major_purchase,60,36800,36800,OK,12.59,12.59,OK,829.61,6/15/2021,7/15/2021,OK,Fully Paid,50684.82,36800,13884.82,0,772,OK,772,17.08,17.08,OK,84200,3 years,3 years,MORTGAGE,NV,Nevada,OK
LN002610,C,C4,OK,small_business,60,6100,6100,OK,12.66,12.66,OK,137.73,5/3/2023,4/25/2023,DATE_SEQUENCE_ERROR,Current,6748.77,4386.7,2362.07,0,752,OK,752,26.42,26.42,OK,154600,< 1 year,< 1 year,RENT,IA,Iowa,OK
LN000722,C,C1,OK,home_improvement,36,8500,8500,OK,15.51,15.51,OK,296.78,11/19/2023,12/23/2023,OK,Current,2967.8,1929.07,1038.73,0,713,OK,713,26.1,26.1,OK,220700,7 years,7 years,OTHER,MA,Massachusetts,OK
LN003188,B,B5,OK,vacation,36,23500,23500,OK,9.04,9.04,OK,747.73,8/11/2023,9/11/2023,OK,Current,12711.41,8262.42,4448.99,0,610,OK,610,17.62,17.62,OK,136700,4 years,4 years,RENT,WI,Wisconsin,OK
LN000284,B,B5,OK,moving,36,29700,29700,OK,11.38,11.38,OK,977.69,10/16/2021,11/13/2021,OK,Fully Paid,34980.04,29700,5280.04,0,641,OK,641,41.18,41.18,OK,124800,10+ years,10+ years,MORTGAGE,MA,Massachusetts,OK
LN000275,C,C4,OK,car,60,36400,36400,OK,15.55,15.55,OK,876.5,5/27/2021,6/28/2021,OK,Fully Paid,52259.44,36400,15859.44,0,655,OK,655,23.11,23.11,OK,79600,1 year,1 year,MORTGAGE,WV,West Virginia,OK
LN000745,D,D1,OK,educational,36,8300,8300,OK,19.81,19.81,OK,307.65,11/12/2021,12/17/2021,OK,Fully Paid,11250.41,8300,2950.41,0,743,OK,743,39.09,39.09,OK,148200,7 years,7 years,MORTGAGE,AL,Alabama,OK
LN002347,D,D4,OK,car,36,2000,2000,OK,21.8,21.8,OK,76.17,5/7/2021,6/6/2021,OK,Late (31-120 Days),457.02,319.91,137.11,0,797,OK,797,43.57,43.57,OK,169400,3 years,3 years,RENT,KS,Kansas,OK
LN003238,A,A1,OK,moving,60,27100,27100,OK,5.04,5.04,OK,511.91,8/1/2023,9/1/2023,OK,Fully Paid,30508.42,27100,3408.42,0,629,OK,629,23.24,23.24,OK,87900,6 years,6 years,RENT,ND,North Dakota,OK
LN002755,C,C3,OK,wedding,36,9800,9800,OK,14.06,14.06,OK,335.23,11/7/2023,12/7/2023,OK,Fully Paid,11935.09,9800,2135.09,0,765,OK,765,38.74,38.74,OK,202200,4 years,4 years,MORTGAGE,MN,Minnesota,OK
LN000424,G,G1,OK,debt_consolidation,36,,,FLAGGED,35.15,35.15,OK,824.84,2/1/2023,3/1/2023,OK,Fully Paid,29351.78,18200,11151.78,0,747,OK,747,31.69,31.69,OK,212700,10+ years,10+ years,MORTGAGE,OH,Ohio,OK
LN000507,A,A1,OK,renewable_energy,36,3800,3800,OK,7.23,7.23,OK,117.73,5/29/2021,7/2/2021,OK,Fully Paid,4196.77,3800,396.77,0,641,OK,641,43.6,43.6,OK,188300,1 year,1 year,MORTGAGE,HI,Hawaii,OK
LN001863,C,C4,OK,debt_consolidation,36,29200,29200,OK,14.73,14.73,OK,1008.37,4/5/2021,5/6/2021,OK,Fully Paid,35979.41,29200,6779.41,0,636,OK,636,24.46,24.46,OK,118300,4 years,4 years,RENT,CO,Colorado,OK
LN002879,G,G4,OK,wedding,36,22600,22600,OK,33.04,33.04,OK,997.42,7/4/2022,8/1/2022,OK,Fully Paid,35280.65,22600,12680.65,0,778,OK,778,39.08,39.08,OK,154900,3 years,3 years,RENT,MT,Montana,OK
LN001106,B,B3,OK,renewable_energy,36,36200,36200,OK,8.72,8.72,OK,1146.44,8/8/2023,9/7/2023,OK,Charged Off,1961.77,1373.24,588.53,34826.76,675,OK,675,6.41,6.41,OK,96700,7 years,7 years,MORTGAGE,CT,Connecticut,OK
LN000443,B,B3,OK,moving,60,15100,15100,OK,8.69,8.69,OK,311.18,10/14/2022,11/16/2022,OK,Fully Paid,18660.51,15100,3560.51,0,714,OK,714,38.18,38.18,OK,217500,8 years,8 years,MORTGAGE,OH,Ohio,OK
LN000991,C,C3,OK,vacation,36,,,FLAGGED,-15.29,,NEGATIVE_RATE,1305.28,3/30/2022,4/28/2022,OK,Fully Paid,47158.62,37500,9658.62,0,633,OK,633,14.18,14.18,OK,226300,< 1 year,< 1 year,MORTGAGE,PA,Pennsylvania,OK
LN000219,A,A5,OK,wedding,36,16100,16100,OK,6.5,6.5,OK,493.45,6/19/2021,7/24/2021,OK,Fully Paid,17607.72,16100,1507.72,0,615,OK,615,21.77,21.77,OK,240300,2 years,2 years,OTHER,OH,Ohio,OK
LN001779,B,B3,OK,home_improvement,36,13900,13900,OK,11.21,11.21,OK,456.45,1/11/2023,2/11/2023,OK,Fully Paid,16598.32,13900,2698.32,0,688,OK,688,38.96,38.96,OK,181000,< 1 year,< 1 year,MORTGAGE,HI,Hawaii,OK
LN002998,E,E5,OK,moving,36,24700,24700,OK,24.75,24.75,OK,978.8,8/21/2022,9/25/2022,OK,Fully Paid,35270.12,24700,10570.12,0,816,OK,816,20.85,20.85,OK,67700,,MISSING,OWN,SD,South Dakota,OK
LN003353,F,F4,OK,small_business,60,1300,1300,OK,30.62,30.62,OK,42.56,1/29/2022,2/28/2022,OK,Fully Paid,2538.9,1300,1238.9,0,788,OK,788,30.79,30.79,OK,201700,,MISSING,RENT,IA,Iowa,OK
LN003434,B,B3,OK,home_improvement,36,13600,13600,OK,9.19,9.19,OK,433.68,7/6/2021,8/10/2021,OK,Fully Paid,15375.65,13600,1775.65,0,806,OK,806,191.8,,DTI_IMPOSSIBLE,181000,< 1 year,< 1 year,RENT,WV,West Virginia,OK
LN002740,B,B2,OK,small_business,36,34300,34300,OK,8.9,8.9,OK,1089.14,11/13/2022,12/17/2022,OK,Default,5445.7,3811.99,1633.71,0,636,OK,636,18.4,18.4,OK,93200,10+ years,10+ years,OWN,QQ,,INVALID_STATE
LN001657,D,D4,OK,debt_consolidation,60,21900,21900,OK,17.97,17.97,OK,555.76,12/4/2021,1/5/2022,OK,Current,11115.2,7224.88,3890.32,0,,BELOW_MIN,196,41.65,41.65,OK,234900,7 years,7 years,RENT,AZ,Arizona,OK
LN001692,G,G4,OK,medical,36,,,FLAGGED,32.54,32.54,OK,114.02,4/6/2023,5/6/2023,OK,Fully Paid,4137.39,2600,1537.39,0,636,OK,636,15.75,15.75,OK,247900,< 1 year,< 1 year,MORTGAGE,IN,Indiana,OK
LN000808,C,C5,OK,medical,36,26200,26200,OK,13.51,13.51,OK,889.23,1/13/2022,1/9/2022,DATE_SEQUENCE_ERROR,Current,10670.76,6935.99,3734.77,0,589,OK,589,17.86,17.86,OK,191500,10+ years,10+ years,RENT,IN,Indiana,OK
LN001176,F,F5,OK,vacation,36,11100,11100,OK,29.59,29.59,OK,468.72,3/29/2023,5/1/2023,OK,Charged Off,2198.06,1538.64,659.42,9561.36,589,OK,589,8.44,8.44,OK,174100,2 years,2 years,RENT,MA,Massachusetts,OK
LN000840,E,E1,OK,home_improvement,36,30400,30400,OK,24.78,24.78,OK,1205.16,11/27/2023,1/1/2024,OK,Fully Paid,43652.7,30400,13252.7,0,751,OK,751,21.07,21.07,OK,47300,3 years,3 years,RENT,SD,South Dakota,OK
LN001747,C,C3,OK,vacation,60,,,FLAGGED,14.79,14.79,OK,741.18,3/17/2023,4/14/2023,OK,Charged Off,6355.2,4448.64,1906.56,26851.36,727,OK,727,40.79,40.79,OK,25200,10+ years,10+ years,MORTGAGE,NV,Nevada,OK
LN000765,B,B3,OK,major_purchase,60,13500,13500,OK,11.99,11.99,OK,300.23,8/24/2022,9/23/2022,OK,Current,9907.59,6439.93,3467.66,0,748,OK,748,177.87,,DTI_IMPOSSIBLE,56400,< 1 year,< 1 year,MORTGAGE,IN,Indiana,OK
LN001252,B,B4,OK,major_purchase,36,18700,18700,OK,10.94,10.94,OK,611.68,5/22/2022,6/25/2022,OK,Current,3670.08,2385.55,1284.53,0,698,OK,698,27.16,27.16,OK,94100,4 years,4 years,RENT,NC,North Carolina,OK
LN001074,A,B3,GRADE_MISMATCH,wedding,60,26400,26400,OK,7.97,7.97,OK,534.92,4/19/2021,5/20/2021,OK,Charged Off,9340.26,6538.18,2802.08,19861.82,779,OK,779,9.63,9.63,OK,121100,10+ years,10+ years,RENT,WA,Washington,OK
LN001030,A,A4,OK,renewable_energy,60,31400,31400,OK,5.32,5.32,OK,597.17,5/23/2021,6/26/2021,OK,Fully Paid,35284.79,31400,3884.79,0,626,OK,626,9.92,9.92,OK,47300,< 1 year,< 1 year,RENT,CT,Connecticut,OK
LN002054,E,E2,OK,small_business,60,8000,8000,OK,26.79,26.79,OK,243.28,5/9/2021,6/10/2021,OK,Fully Paid,14318.75,8000,6318.75,0,594,OK,594,44.87,44.87,OK,146100,6 years,6 years,RENT,WV,West Virginia,OK
LN000001,D,D1,OK,educational,36,12400,12400,OK,17.7,17.7,OK,446.43,12/1/2022,12/30/2022,OK,Current,3571.44,2321.44,1250,0,731,OK,731,21.88,21.88,OK,37200,1 year,1 year,RENT,RI,Rhode Island,OK
LN003400,B,B4,OK,vacation,36,2300,2300,OK,10.95,10.95,OK,75.24,2/9/2023,3/16/2023,OK,Fully Paid,2685.53,2300,385.53,0,816,OK,816,9.89,9.89,OK,45600,10+ years,10+ years,RENT,CO,Colorado,OK
LN003461,E,E3,OK,vacation,60,36900,36900,OK,-24.11,,NEGATIVE_RATE,1063.9,1/28/2022,3/1/2022,OK,Current,17022.4,11064.56,5957.84,0,642,OK,642,42.47,42.47,OK,232200,10+ years,10+ years,RENT,MD,Maryland,OK
LN002938,D,D2,OK,vacation,36,17700,17700,OK,20.36,20.36,OK,661.05,7/31/2023,9/4/2023,OK,Fully Paid,24004.73,17700,6304.73,0,728,OK,728,44.64,44.64,OK,89500,8 years,8 years,MORTGAGE,NV,Nevada,OK
LN001223,A,A2,OK,vacation,36,24500,24500,OK,7.46,7.46,OK,761.65,12/19/2022,1/18/2023,OK,Fully Paid,27321.5,24500,2821.5,0,795,OK,795,11.33,11.33,OK,36200,7 years,7 years,MORTGAGE,KY,Kentucky,OK
LN002100,D,D2,OK,medical,36,1700,1700,OK,19.72,19.72,OK,62.94,10/1/2023,11/3/2023,OK,Fully Paid,2243.11,1700,543.11,0,770,OK,770,42.91,42.91,OK,84800,6 years,6 years,RENT,KY,Kentucky,OK
LN000248,D,D3,OK,small_business,60,34300,34300,OK,18.49,18.49,OK,880.16,3/9/2022,4/8/2022,OK,Charged Off,6248.3,4373.81,1874.49,29926.19,594,OK,594,37.22,37.22,OK,190500,7 years,7 years,MORTGAGE,WA,Washington,OK
LN002084,C,C2,OK,small_business,60,25300,25300,OK,-15.28,,NEGATIVE_RATE,605.61,12/27/2021,1/25/2022,OK,Current,16957.08,11022.1,5934.98,0,681,OK,681,43.15,43.15,OK,86800,4 years,4 years,RENT,TN,Tennessee,OK
LN002954,A,A3,OK,medical,60,13700,13700,OK,6.37,6.37,OK,267.22,10/14/2023,11/13/2023,OK,Charged Off,3983.84,2788.69,1195.15,10911.31,816,OK,816,8.99,8.99,OK,187000,2 years,2 years,RENT,AK,Alaska,OK
LN002155,C,C4,OK,renewable_energy,60,34900,34900,OK,15.94,15.94,OK,847.59,7/7/2021,8/9/2021,OK,Current,49160.22,31954.14,17206.08,0,733,OK,733,21.89,21.89,OK,209800,8 years,8 years,RENT,WI,Wisconsin,OK
LN001615,E,E3,OK,medical,36,11200,11200,OK,25.56,25.56,OK,448.63,4/1/2022,5/1/2022,OK,Current,12113.01,7873.46,4239.55,0,605,OK,605,8.85,8.85,OK,245000,3 years,3 years,RENT,AR,Arkansas,OK
LN001713,B,B5,OK,educational,36,15700,15700,OK,11.57,11.57,OK,518.25,11/24/2021,12/26/2021,OK,Late (31-120 Days),3627.75,2539.42,1088.33,0,691,OK,691,33.79,33.79,OK,120500,3 years,3 years,MORTGAGE,VT,Vermont,OK
LN000176,B,B2,OK,educational,36,20300,20300,OK,8.76,8.76,OK,643.27,7/28/2021,9/1/2021,OK,Charged Off,6981.21,4886.85,2094.36,15413.15,816,OK,816,41.82,41.82,OK,196300,6 years,6 years,MORTGAGE,MS,Mississippi,OK
LN000279,D,D5,OK,medical,60,29700,29700,OK,18.94,18.94,OK,769.45,10/25/2021,11/26/2021,OK,Current,4616.7,3000.86,1615.84,0,817,OK,817,20.26,20.26,OK,195600,10+ years,10+ years,OTHER,MA,Massachusetts,OK
LN002195,C,C3,OK,debt_consolidation,36,38300,38300,OK,13.95,13.95,OK,1308.07,4/24/2022,5/25/2022,OK,Fully Paid,47914.02,38300,9614.02,0,781,OK,781,11.74,11.74,OK,141500,10+ years,10+ years,RENT,WV,West Virginia,OK
LN002172,A,A3,OK,medical,36,11900,11900,OK,7.51,7.51,OK,370.22,9/9/2022,10/9/2022,OK,Current,12587.48,8181.86,4405.62,0,597,OK,597,26.48,26.48,OK,91300,3 years,3 years,OWN,MN,Minnesota,OK
LN003073,B,B4,OK,medical,36,17300,17300,OK,11.64,11.64,OK,571.64,6/15/2023,7/18/2023,OK,Fully Paid,20974.69,17300,3674.69,0,636,OK,636,10.89,10.89,OK,121100,3 years,3 years,RENT,WV,West Virginia,OK
LN002895,C,C4,OK,medical,36,17100,17100,OK,15.1,15.1,OK,593.61,6/13/2023,7/14/2023,OK,Current,11278.59,7331.08,3947.51,0,626,OK,626,41.33,41.33,OK,66400,7 years,7 years,RENT,GA,Georgia,OK
LN002286,D,D3,OK,wedding,36,34300,34300,OK,19.22,19.22,OK,1261.12,9/9/2022,10/13/2022,OK,Fully Paid,46032.24,34300,11732.24,0,752,OK,752,35.44,35.44,OK,243500,3 years,3 years,OWN,MO,Missouri,OK
LN001809,C,C4,OK,credit_card,36,22300,22300,OK,14.08,14.08,OK,763.03,8/26/2022,9/23/2022,OK,Charged Off,11059.15,7741.4,3317.74,14558.6,615,OK,615,44.4,44.4,OK,200700,,MISSING,RENT,WI,Wisconsin,OK
LN000417,F,F3,OK,car,60,35100,35100,OK,30.58,30.58,OK,1148.14,9/25/2021,10/28/2021,OK,Fully Paid,69661.97,35100,34561.97,0,650,OK,650,201.93,,DTI_IMPOSSIBLE,181700,4 years,4 years,OTHER,KY,Kentucky,OK
LN003285,B,B2,OK,wedding,36,20400,20400,OK,8.91,8.91,OK,647.86,12/29/2021,2/2/2022,OK,Default,1943.58,1360.51,583.07,0,730,OK,730,16.23,16.23,OK,237700,3 years,3 years,MORTGAGE,MO,Missouri,OK
LN000218,A,A5,OK,car,60,21200,21200,OK,6.49,6.49,OK,414.7,2/25/2023,3/31/2023,OK,Current,5805.8,3773.77,2032.03,0,,ABOVE_MAX,966,13.59,13.59,OK,101600,3 years,3 years,OWN,GA,Georgia,OK
LN001616,B,B4,OK,medical,36,7100,7100,OK,8.89,8.89,OK,225.41,12/1/2022,1/4/2023,OK,Fully Paid,8275.17,7100,1175.17,0,784,OK,784,32.35,32.35,OK,90000,1 year,1 year,RENT,RI,Rhode Island,OK
LN000680,B,B1,OK,moving,36,7400,7400,OK,11.1,11.1,OK,242.62,8/19/2021,9/22/2021,OK,Current,4124.54,2680.95,1443.59,0,,NULL,,12.35,12.35,OK,56600,9 years,9 years,OWN,MA,Massachusetts,OK
LN000643,F,F1,OK,car,36,10700,10700,OK,31.14,31.14,OK,460.94,2/2/2023,3/2/2023,OK,Current,11523.5,7490.28,4033.22,0,642,OK,642,44.77,44.77,OK,241300,7 years,7 years,RENT,NH,New Hampshire,OK
LN000799,E,E4,OK,car,36,,,FLAGGED,23.71,23.71,OK,144.6,7/10/2022,8/10/2022,OK,Fully Paid,5271.92,3700,1571.92,0,658,OK,658,22.91,22.91,OK,115600,6 years,6 years,RENT,IN,Indiana,OK
LN002119,C,C1,OK,home_improvement,60,33500,33500,OK,14.81,14.81,OK,793.63,6/13/2022,7/14/2022,OK,Fully Paid,48548.04,33500,15048.04,0,706,OK,706,16.23,16.23,OK,68300,8 years,8 years,MORTGAGE,WA,Washington,OK
LN001353,C,C4,OK,renewable_energy,36,19000,19000,OK,13.45,13.45,OK,644.31,11/24/2023,12/25/2023,OK,Late (31-120 Days),7087.41,4961.19,2126.22,0,726,OK,726,41,41,OK,151400,2 years,2 years,MORTGAGE,SD,South Dakota,OK
LN000788,C,C4,OK,small_business,36,17300,17300,OK,15.53,15.53,OK,604.21,9/24/2021,10/24/2021,OK,Fully Paid,22138.78,17300,4838.78,0,805,OK,805,44.57,44.57,OK,111200,4 years,4 years,RENT,SC,South Carolina,OK
LN000450,A,A5,OK,moving,36,,,FLAGGED,5.89,5.89,OK,1126.81,8/23/2022,9/24/2022,OK,Default,11268.1,7887.67,3380.43,0,750,OK,750,10.88,10.88,OK,206000,,MISSING,RENT,NM,New Mexico,OK
LN001133,B,B4,OK,credit_card,36,2800,2800,OK,10.93,10.93,OK,91.58,1/7/2022,2/8/2022,OK,Fully Paid,3301.64,2800,501.64,0,820,OK,820,34.89,34.89,OK,175200,7 years,7 years,MORTGAGE,MI,Michigan,OK
LN003226,C,C2,OK,medical,36,10500,10500,OK,13.85,13.85,OK,358.1,4/22/2021,5/21/2021,OK,Fully Paid,13030.08,10500,2530.08,0,795,OK,795,27.42,27.42,OK,215400,4 years,4 years,OWN,LA,Louisiana,OK
LN001834,F,F1,OK,home_improvement,36,19000,19000,OK,29.8,29.8,OK,804.5,11/19/2023,12/21/2023,OK,Default,2413.5,1689.45,724.05,0,682,OK,682,19.32,19.32,OK,213700,9 years,9 years,RENT,NV,Nevada,OK
LN000868,E,E5,OK,credit_card,60,3800,3800,OK,24.51,24.51,OK,110.45,2/15/2022,3/18/2022,OK,Fully Paid,6705.8,3800,2905.8,0,626,OK,626,32.59,32.59,OK,125300,2 years,2 years,MORTGAGE,ID,Idaho,OK
LN000434,A,A4,OK,medical,36,12200,12200,OK,5.22,5.22,OK,366.85,11/15/2023,12/20/2023,OK,Fully Paid,13172.72,12200,972.72,0,635,OK,635,42.12,42.12,OK,211300,2 years,2 years,RENT,NJ,New Jersey,OK
LN000875,A,A3,OK,wedding,36,35400,35400,OK,5.46,5.46,OK,1068.3,8/11/2023,9/10/2023,OK,Fully Paid,38299.18,35400,2899.18,0,,NULL,,39.09,39.09,OK,89300,3 years,3 years,OWN,NM,New Mexico,OK
LN000372,A,A4,OK,moving,60,3500,3500,OK,5.57,5.57,OK,66.97,2/27/2023,4/3/2023,OK,Fully Paid,3986.79,3500,486.79,0,791,OK,791,16.44,16.44,OK,93100,4 years,4 years,MORTGAGE,AR,Arkansas,OK
LN002957,B,B1,OK,vacation,60,1300,1300,OK,9.15,9.15,OK,27.08,10/7/2022,11/5/2022,OK,Current,1272.76,827.29,445.47,0,797,OK,797,44.01,44.01,OK,112200,5 years,5 years,RENT,RI,Rhode Island,OK
LN002160,B,B3,OK,educational,36,19200,19200,OK,10.05,10.05,OK,619.98,7/28/2023,8/29/2023,OK,Fully Paid,22377.25,19200,3177.25,0,727,OK,727,27.31,27.31,OK,110600,2 years,2 years,RENT,KS,Kansas,OK
LN001455,C,C3,OK,credit_card,36,1400,1400,OK,14.92,14.92,OK,48.48,7/18/2022,8/16/2022,OK,Late (31-120 Days),290.88,203.62,87.26,0,629,OK,629,25.51,25.51,OK,196600,10+ years,10+ years,RENT,FL,Florida,OK
LN003209,C,G5,GRADE_MISMATCH,major_purchase,60,10900,10900,OK,13.56,13.56,OK,251.14,9/25/2023,10/26/2023,OK,Fully Paid,15135.83,10900,4235.83,0,719,OK,719,11.96,11.96,OK,214600,10+ years,10+ years,RENT,GA,Georgia,OK
LN001273,C,C3,OK,vacation,60,30100,30100,OK,14.32,14.32,OK,705.38,6/23/2021,7/27/2021,OK,Fully Paid,42483.12,30100,12383.12,0,612,OK,612,5.89,5.89,OK,60600,1 year,1 year,MORTGAGE,WI,Wisconsin,OK
LN000811,A,A5,OK,car,36,16100,16100,OK,5.35,5.35,OK,485.07,5/14/2022,6/15/2022,OK,Current,9701.4,6305.91,3395.49,0,713,OK,713,17.9,17.9,OK,177200,6 years,6 years,RENT,ME,Maine,OK
LN003485,E,E5,OK,home_improvement,36,11600,11600,OK,22.69,22.69,OK,447.16,9/29/2021,11/2/2021,OK,Current,12520.48,8138.31,4382.17,0,749,OK,749,135.21,,DTI_IMPOSSIBLE,129300,7 years,7 years,MORTGAGE,PA,Pennsylvania,OK
LN001906,C,C1,OK,moving,60,29300,29300,OK,16.16,16.16,OK,715.01,2/9/2023,3/16/2023,OK,Current,13585.19,8830.37,4754.82,0,780,OK,780,24.83,24.83,OK,178300,,MISSING,MORTGAGE,TN,Tennessee,OK
LN001617,F,F1,OK,vacation,36,14900,14900,OK,28.95,28.95,OK,623.99,6/29/2022,7/31/2022,OK,Fully Paid,22667.08,14900,7767.08,0,782,OK,782,7.27,7.27,OK,242800,7 years,7 years,MORTGAGE,FL,Florida,OK
LN000247,D,D5,OK,car,36,1300,1300,OK,19.56,19.56,OK,48.02,9/19/2021,10/22/2021,OK,Charged Off,489.55,342.69,146.87,957.31,652,OK,652,16.94,16.94,OK,69200,5 years,5 years,RENT,LA,Louisiana,OK
LN001374,D,D1,OK,renewable_energy,60,24300,24300,OK,18.83,18.83,OK,628.08,1/30/2021,2/27/2021,OK,Charged Off,6920.09,4844.06,2076.03,19455.94,778,OK,778,24.14,24.14,OK,167200,8 years,8 years,RENT,WV,West Virginia,OK
LN000506,D,D4,OK,renewable_energy,60,31400,31400,OK,20.29,20.29,OK,836.98,12/5/2022,1/7/2023,OK,Default,9206.78,6444.75,2762.03,0,739,OK,739,43.04,43.04,OK,158000,10+ years,10+ years,OTHER,OR,Oregon,OK
LN001492,G,G5,OK,vacation,60,21900,21900,OK,35.41,35.41,OK,782.99,1/21/2022,2/25/2022,OK,Charged Off,11264.7,7885.29,3379.41,14014.71,782,OK,782,29.94,29.94,OK,218800,5 years,5 years,RENT,HI,Hawaii,OK
LN001339,D,D4,OK,medical,60,10700,10700,OK,21.47,21.47,OK,292.31,3/30/2023,3/28/2023,DATE_SEQUENCE_ERROR,Fully Paid,17442.9,10700,6742.9,0,701,OK,701,32.65,32.65,OK,115900,9 years,9 years,RENT,IA,Iowa,OK
LN003446,C,C4,OK,educational,60,32200,32200,OK,13.49,13.49,OK,740.75,7/20/2023,8/20/2023,OK,Late (31-120 Days),8889,6222.3,2666.7,0,726,OK,726,39.89,39.89,OK,234200,2 years,2 years,MORTGAGE,AK,Alaska,OK
LN003103,C,C3,OK,major_purchase,36,35500,35500,OK,15.41,15.41,OK,1237.76,9/28/2023,10/30/2023,OK,Fully Paid,44992.28,35500,9492.28,0,744,OK,744,11.45,11.45,OK,65000,5 years,5 years,MORTGAGE,RI,Rhode Island,OK
LN002252,D,D5,OK,wedding,36,35600,35600,OK,20.36,20.36,OK,1329.56,6/14/2022,7/15/2022,OK,Current,10636.48,6913.71,3722.77,0,757,OK,757,19.89,19.89,OK,122400,2 years,2 years,MORTGAGE,MS,Mississippi,OK
LN000865,A,A1,OK,small_business,36,27000,27000,OK,7.24,7.24,OK,836.65,2/20/2021,3/26/2021,OK,Charged Off,14715.06,10300.54,4414.52,16699.46,668,OK,668,30.75,30.75,OK,230200,3 years,3 years,RENT,NY,New York,OK
LN003152,E,E5,OK,medical,60,11500,11500,OK,25.55,25.55,OK,341.26,4/30/2022,5/31/2022,OK,Fully Paid,20315.06,11500,8815.06,0,622,OK,622,32.05,32.05,OK,175300,6 years,6 years,RENT,AZ,Arizona,OK
LN002548,B,E4,GRADE_MISMATCH,small_business,36,9200,9200,OK,11.12,11.12,OK,301.72,5/25/2021,6/28/2021,OK,Charged Off,1739.59,1217.71,521.88,7982.29,620,OK,620,32.6,32.6,OK,28000,,MISSING,OWN,GA,Georgia,OK
LN002177,B,B1,OK,medical,36,12200,12200,OK,11.44,11.44,OK,401.96,10/5/2022,11/4/2022,OK,Current,12862.72,8360.77,4501.95,0,603,OK,603,36.71,36.71,OK,93600,2 years,2 years,RENT,AK,Alaska,OK
LN002405,E,E1,OK,small_business,60,24700,24700,OK,23.1,23.1,OK,697.72,4/3/2021,5/7/2021,OK,Charged Off,13202.59,9241.81,3960.78,15458.19,605,OK,605,9.21,9.21,OK,162500,4 years,4 years,MORTGAGE,WV,West Virginia,OK
LN000544,C,C5,OK,car,60,14700,14700,OK,12.74,12.74,OK,332.52,1/29/2021,3/5/2021,OK,Charged Off,1264.23,884.96,379.27,13815.04,587,OK,587,21.3,21.3,OK,120700,10+ years,10+ years,RENT,OK,Oklahoma,OK
LN003474,G,G2,OK,vacation,60,11000,11000,OK,33.68,33.68,OK,381.15,1/12/2023,2/11/2023,OK,Charged Off,1136.57,795.6,340.97,10204.4,698,OK,698,37.5,37.5,OK,204000,4 years,4 years,RENT,SD,South Dakota,OK
LN002813,C,C5,OK,car,60,9000,9000,OK,14.52,14.52,OK,211.85,1/25/2022,2/23/2022,OK,Charged Off,4985.32,3489.72,1495.6,5510.28,714,OK,714,24.6,24.6,OK,225200,8 years,8 years,RENT,NM,New Mexico,OK
LN000622,E,E3,OK,medical,36,24300,24300,OK,23.16,23.16,OK,942.67,5/12/2021,6/13/2021,OK,Fully Paid,34160.57,24300,9860.57,0,785,OK,785,38.11,38.11,OK,39000,6 years,6 years,RENT,VT,Vermont,OK
LN000762,D,D4,OK,vacation,36,12600,12600,OK,17.11,17.11,OK,449.91,11/16/2022,12/14/2022,OK,Fully Paid,16379.34,12600,3779.34,0,630,OK,630,26.37,26.37,OK,180300,7 years,7 years,MORTGAGE,OK,Oklahoma,OK
LN000613,G,C3,GRADE_MISMATCH,major_purchase,60,20300,20300,OK,34.44,34.44,OK,713.19,9/29/2022,11/1/2022,OK,Current,38512.26,25032.97,13479.29,0,605,OK,605,5.12,5.12,OK,189500,8 years,8 years,MORTGAGE,FL,Florida,OK
LN001071,C,C5,OK,moving,36,39600,39600,OK,14.33,14.33,OK,1359.79,8/4/2022,9/5/2022,OK,Fully Paid,48771,39600,9171,0,740,OK,740,43.6,43.6,OK,50700,5 years,5 years,MORTGAGE,NJ,New Jersey,OK
LN002604,D,D4,OK,major_purchase,36,4900,4900,OK,21.25,21.25,OK,185.24,6/2/2021,7/4/2021,OK,Charged Off,1188.24,831.77,356.47,4068.23,582,OK,582,9.1,9.1,OK,92400,3 years,3 years,RENT,IL,Illinois,OK
LN002383,C,C1,OK,car,36,39000,39000,OK,15.7,15.7,OK,1365.35,4/4/2023,5/3/2023,OK,Current,46421.9,30174.24,16247.66,0,591,OK,591,6.53,6.53,OK,86800,1 year,1 year,RENT,LA,Louisiana,OK
LN000486,B,B3,OK,credit_card,60,21800,21800,OK,11.64,11.64,OK,480.97,11/10/2023,12/9/2023,OK,Fully Paid,29250.45,21800,7450.45,0,795,OK,795,10.62,10.62,OK,70800,6 years,6 years,OWN,DE,Delaware,OK
LN002087,E,E4,OK,wedding,60,35800,35800,OK,25.59,25.59,OK,1063.2,7/1/2022,8/4/2022,OK,Charged Off,5661.88,3963.32,1698.56,31836.68,818,OK,818,13.72,13.72,OK,50100,3 years,3 years,RENT,DE,Delaware,OK
LN002627,C,C2,OK,medical,60,10600,10600,OK,15.11,15.11,OK,252.79,12/6/2023,1/4/2024,OK,Fully Paid,15275.83,10600,4675.83,0,597,OK,597,17.45,17.45,OK,238000,3 years,3 years,MORTGAGE,AK,Alaska,OK
LN001136,B,B3,OK,major_purchase,36,23000,23000,OK,10.28,10.28,OK,745.17,9/12/2022,10/12/2022,OK,Charged Off,2525.99,1768.19,757.8,21231.81,740,OK,740,38.9,38.9,OK,198800,8 years,8 years,MORTGAGE,GA,Georgia,OK
LN000259,C,C2,OK,medical,60,33200,33200,OK,12.54,12.54,OK,747.61,10/18/2021,11/21/2021,OK,Current,33642.45,21867.59,11774.86,0,713,OK,713,15.8,15.8,OK,81100,,MISSING,MORTGAGE,NC,North Carolina,OK
LN002502,C,C4,OK,wedding,36,9500,9500,OK,13.29,13.29,OK,321.42,1/10/2023,2/7/2023,OK,Current,964.26,626.77,337.49,0,806,OK,806,29.2,29.2,OK,52400,5 years,5 years,RENT,WA,Washington,OK
LN003480,C,C4,OK,educational,60,6000,6000,OK,14.99,14.99,OK,142.71,1/6/2022,2/7/2022,OK,Fully Paid,8449.43,6000,2449.43,0,784,OK,784,43.65,43.65,OK,139800,10+ years,10+ years,OWN,MS,Mississippi,OK
LN000651,D,D4,OK,vacation,36,25800,25800,OK,17.41,17.41,OK,925.11,7/21/2021,8/24/2021,OK,Fully Paid,32841.03,25800,7041.03,0,710,OK,710,12.47,12.47,OK,140100,8 years,8 years,MORTGAGE,VT,Vermont,OK
LN003038,A,A3,OK,credit_card,36,38000,38000,OK,6.73,6.73,OK,1168.64,1/30/2022,3/1/2022,OK,Charged Off,7836.86,5485.8,2351.06,32514.2,798,OK,798,37.04,37.04,OK,227300,10+ years,10+ years,RENT,MI,Michigan,OK
LN002598,B,B5,OK,credit_card,60,4800,4800,OK,9.06,9.06,OK,99.78,4/20/2021,5/19/2021,OK,Fully Paid,6084.95,4800,1284.95,0,649,OK,649,35.1,35.1,OK,96100,10+ years,10+ years,MORTGAGE,ME,Maine,OK
LN003375,A,A5,OK,renewable_energy,36,9600,9600,OK,5.18,5.18,OK,288.5,1/25/2023,2/25/2023,OK,Charged Off,1189.58,832.71,356.87,8767.29,610,OK,610,8.78,8.78,OK,32500,2 years,2 years,RENT,PA,Pennsylvania,OK
LN002716,E,E3,OK,vacation,60,20100,20100,OK,23.1,23.1,OK,567.78,3/22/2023,4/25/2023,OK,Fully Paid,33780.19,20100,13680.19,0,723,OK,723,42.41,42.41,OK,113800,7 years,7 years,RENT,IL,Illinois,OK
LN001098,A,A1,OK,major_purchase,60,29300,29300,OK,6.26,6.26,OK,570,9/1/2022,10/4/2022,OK,Fully Paid,33780.6,29300,4480.6,0,607,OK,607,34.3,34.3,OK,199000,3 years,3 years,MORTGAGE,PA,Pennsylvania,OK
LN003039,D,C3,GRADE_MISMATCH,medical,36,34100,34100,OK,19.23,19.23,OK,1253.94,4/13/2022,5/14/2022,OK,Fully Paid,45440.03,34100,11340.03,0,744,OK,744,16.95,16.95,OK,227700,3 years,3 years,RENT,CA,California,OK
LN000830,E,E1,OK,moving,60,14200,14200,OK,23.48,23.48,OK,404.23,8/10/2023,9/11/2023,OK,Fully Paid,23880.58,14200,9680.58,0,748,OK,748,30.24,30.24,OK,219600,1 year,1 year,MORTGAGE,MS,Mississippi,OK
LN002431,E,E1,OK,credit_card,36,3100,3100,OK,23.18,23.18,OK,120.29,7/7/2022,8/8/2022,OK,Current,3608.7,2345.65,1263.04,0,738,OK,738,44.19,44.19,OK,235300,10+ years,10+ years,RENT,MS,Mississippi,OK
LN003088,A,A2,OK,educational,36,13500,13500,OK,7.34,7.34,OK,418.94,5/12/2021,6/15/2021,OK,Charged Off,4443.88,3110.72,1333.16,10389.28,665,OK,665,44.26,44.26,OK,232000,3 years,3 years,MORTGAGE,LA,Louisiana,OK
LN000597,D,D3,OK,home_improvement,36,33900,33900,OK,20.93,20.93,OK,1275.97,2/7/2023,3/7/2023,OK,Charged Off,19921.75,13945.22,5976.52,19954.78,745,OK,745,37.51,37.51,OK,34700,2 years,2 years,MORTGAGE,MI,Michigan,OK
LN002269,C,C5,OK,credit_card,60,5100,5100,OK,14.2,14.2,OK,119.2,12/2/2023,1/1/2024,OK,Fully Paid,7241.4,5100,2141.4,0,591,OK,591,44.4,44.4,OK,122300,8 years,8 years,MORTGAGE,MT,Montana,OK
LN002070,C,C5,OK,medical,36,6400,6400,OK,15.33,15.33,OK,222.89,12/10/2023,1/13/2024,OK,Current,4680.69,3042.45,1638.24,0,602,OK,602,12.43,12.43,OK,190600,10+ years,10+ years,RENT,MO,Missouri,OK
LN000297,B,B5,OK,debt_consolidation,60,32400,32400,OK,10.89,10.89,OK,702.68,4/13/2022,5/13/2022,OK,Charged Off,4812.37,3368.66,1443.71,29031.34,724,OK,724,31.38,31.38,OK,84800,,MISSING,OWN,MN,Minnesota,OK
LN001503,A,A2,OK,vacation,36,,,FLAGGED,6.59,6.59,OK,558.56,6/6/2021,7/5/2021,OK,Fully Paid,20448.09,18200,2248.09,0,722,OK,722,26.14,26.14,OK,206700,5 years,5 years,RENT,FL,Florida,OK
LN000508,B,B4,OK,small_business,60,34400,34400,OK,9.04,9.04,OK,714.76,5/21/2022,6/22/2022,OK,Charged Off,9900.22,6930.15,2970.07,27469.85,786,OK,786,41.87,41.87,OK,78700,4 years,4 years,RENT,MS,Mississippi,OK
LN000008,E,E2,OK,renewable_energy,36,35800,35800,OK,24.4,24.4,OK,1412.07,4/6/2021,5/5/2021,OK,Fully Paid,51029.5,35800,15229.5,0,699,OK,699,26.16,26.16,OK,29700,7 years,7 years,RENT,OH,Ohio,OK
LN002012,A,A3,OK,credit_card,60,10100,10100,OK,6.58,6.58,OK,198,11/30/2023,1/1/2024,OK,Fully Paid,11680.08,10100,1580.08,0,820,OK,820,5.85,5.85,OK,90200,8 years,8 years,MORTGAGE,AL,Alabama,OK
LN002761,D,D2,OK,major_purchase,60,31600,31600,OK,19.07,19.07,OK,820.94,8/3/2022,9/2/2022,OK,Default,5746.58,4022.61,1723.97,0,756,OK,756,11.53,11.53,OK,123300,4 years,4 years,RENT,ID,Idaho,OK
LN001661,C,C4,OK,renewable_energy,60,12400,12400,OK,14.79,14.79,OK,293.63,11/24/2023,12/22/2023,OK,Late (31-120 Days),2936.3,2055.41,880.89,0,792,OK,792,30.12,30.12,OK,249600,< 1 year,< 1 year,MORTGAGE,NV,Nevada,OK
LN001911,B,B2,OK,medical,60,7600,7600,OK,11.8,11.8,OK,168.29,7/8/2022,8/11/2022,OK,Default,1851.19,1295.83,555.36,0,754,OK,754,41.62,41.62,OK,30500,10+ years,10+ years,RENT,NJ,New Jersey,OK
LN001460,B,B2,OK,home_improvement,36,6500,6500,OK,10.37,10.37,OK,210.87,7/29/2021,8/26/2021,OK,Fully Paid,7532.25,6500,1032.25,0,714,OK,714,22.26,22.26,OK,181200,2 years,2 years,OWN,GA,Georgia,OK
LN002690,E,E4,OK,home_improvement,36,36000,36000,OK,25.11,25.11,OK,1433.45,10/25/2021,11/23/2021,OK,Late (31-120 Days),8600.7,6020.49,2580.21,0,,NULL,,18.67,18.67,OK,138900,< 1 year,< 1 year,OWN,HI,Hawaii,OK
LN003468,D,D1,OK,wedding,60,,,FLAGGED,20.22,20.22,OK,170.35,5/4/2021,6/8/2021,OK,Charged Off,3436.36,2405.45,1030.91,3994.55,695,OK,695,185.02,,DTI_IMPOSSIBLE,182700,7 years,7 years,OWN,KY,Kentucky,OK
LN002520,C,C2,OK,car,36,14200,14200,OK,15.24,15.24,OK,493.92,3/11/2023,4/10/2023,OK,Fully Paid,17540.03,14200,3340.03,0,632,OK,632,33.55,33.55,OK,239600,10+ years,10+ years,MORTGAGE,HI,Hawaii,OK
LN002301,D,D5,OK,vacation,36,35000,35000,OK,17.65,17.65,OK,1259.2,11/24/2022,12/29/2022,OK,Fully Paid,44555.59,35000,9555.59,0,795,OK,795,37.86,37.86,OK,184700,6 years,6 years,MORTGAGE,CT,Connecticut,OK
LN002314,G,G4,OK,major_purchase,36,14300,14300,OK,32.73,32.73,OK,628.64,5/16/2023,6/13/2023,OK,Current,11315.52,7355.09,3960.43,0,699,OK,699,27.29,27.29,OK,61100,5 years,5 years,MORTGAGE,MD,Maryland,OK
LN002484,C,C4,OK,major_purchase,60,11600,11600,OK,14.49,14.49,OK,272.87,2/10/2023,3/13/2023,OK,Current,15007.85,9755.1,5252.75,0,723,OK,723,19.07,19.07,OK,143800,7 years,7 years,RENT,PA,Pennsylvania,OK
LN000097,C,C1,OK,vacation,60,30200,30200,OK,15.11,15.11,OK,720.2,12/26/2023,1/28/2024,OK,Current,25207,16384.55,8822.45,0,618,OK,618,43.31,43.31,OK,209500,1 year,1 year,MORTGAGE,MI,Michigan,OK
LN002079,G,G2,OK,wedding,60,40000,40000,OK,33.71,33.71,OK,1386.75,10/13/2021,11/12/2021,OK,Fully Paid,83189.39,40000,43189.39,0,765,OK,765,11.09,11.09,OK,105300,9 years,9 years,MORTGAGE,MN,Minnesota,OK
LN003454,B,B2,OK,car,36,35000,35000,OK,11.5,11.5,OK,1154.16,6/24/2021,7/27/2021,OK,Default,2308.32,1615.82,692.5,0,676,OK,676,23.33,23.33,OK,197200,7 years,7 years,RENT,SC,South Carolina,OK
LN002156,A,A2,OK,car,60,35800,35800,OK,6.85,6.85,OK,706.35,7/1/2022,8/2/2022,OK,Current,9182.55,5968.66,3213.89,0,594,OK,594,16.25,16.25,OK,190600,3 years,3 years,RENT,0,,INVALID_STATE
LN002315,C,C2,OK,car,36,28000,28000,OK,12.88,12.88,OK,941.81,1/29/2022,3/4/2022,OK,Current,23545.25,15304.41,8240.84,0,816,OK,816,19.46,19.46,OK,177400,6 years,6 years,RENT,CA,California,OK
LN000026,F,F4,OK,renewable_energy,60,13700,13700,OK,28.57,28.57,OK,431.28,1/4/2022,2/2/2022,OK,Fully Paid,25399.35,13700,11699.35,0,700,OK,700,13.9,13.9,OK,213500,3 years,3 years,MORTGAGE,IA,Iowa,OK
LN001316,B,B5,OK,credit_card,60,,,FLAGGED,8.96,8.96,OK,257.16,5/31/2021,6/29/2021,OK,Current,11315.04,7354.78,3960.26,0,621,OK,621,44.63,44.63,OK,61700,4 years,4 years,MORTGAGE,UT,Utah,OK
LN002336,C,C5,OK,credit_card,60,,,FLAGGED,13.81,13.81,OK,729.85,9/22/2022,10/26/2022,OK,Fully Paid,43822.09,31500,12322.09,0,731,OK,731,40.25,40.25,OK,219800,6 years,6 years,OWN,ND,North Dakota,OK
LN002441,A,A5,OK,home_improvement,60,27100,27100,OK,6.73,6.73,OK,533.17,10/28/2021,12/1/2021,OK,Current,23992.65,15595.22,8397.43,0,740,OK,740,11.66,11.66,OK,213100,6 years,6 years,OWN,AK,Alaska,OK
LN000848,B,B2,OK,renewable_energy,36,1200,1200,OK,9.93,9.93,OK,38.68,12/13/2021,1/10/2022,OK,Current,425.48,276.56,148.92,0,650,OK,650,15.68,15.68,OK,155300,1 year,1 year,RENT,VA,Virginia,OK
LN002544,B,B1,OK,medical,60,12300,12300,OK,10.73,10.73,OK,265.78,1/1/2021,1/29/2021,OK,Charged Off,3811.8,2668.26,1143.54,9631.74,798,OK,798,34.63,34.63,OK,160300,5 years,5 years,MORTGAGE,NH,New Hampshire,OK
LN000998,B,B1,OK,credit_card,36,14400,14400,OK,10.1,10.1,OK,465.32,5/1/2022,6/1/2022,OK,Fully Paid,16843.12,14400,2443.12,0,754,OK,754,36.71,36.71,OK,220100,2 years,2 years,RENT,WA,Washington,OK
LN003278,D,D2,OK,medical,60,1100,1100,OK,19.3,19.3,OK,28.72,1/14/2023,2/13/2023,OK,Fully Paid,1715.5,1100,615.5,0,,BELOW_MIN,268,31.95,31.95,OK,29100,3 years,3 years,OWN,MS,Mississippi,OK
LN000747,B,B4,OK,home_improvement,60,28900,28900,OK,9.41,9.41,OK,605.68,6/10/2023,7/15/2023,OK,Current,25438.56,16535.06,8903.5,0,611,OK,611,22.29,22.29,OK,33800,2 years,2 years,MORTGAGE,TX,Texas,OK
LN001836,B,B4,OK,debt_consolidation,60,33000,33000,OK,8.78,8.78,OK,681.51,8/18/2023,9/18/2023,OK,Fully Paid,40201.01,33000,7201.01,0,750,OK,750,41.08,41.08,OK,149600,3 years,3 years,RENT,WI,Wisconsin,OK
LN000068,D,D2,OK,vacation,60,8300,8300,OK,18.16,18.16,OK,211.49,2/5/2021,3/9/2021,OK,Charged Off,3459.13,2421.39,1037.74,5878.61,810,OK,810,37.19,37.19,OK,142800,7 years,7 years,RENT,NH,New Hampshire,OK
LN001778,E,E5,OK,car,36,6700,6700,OK,22.8,22.8,OK,258.66,5/14/2021,6/13/2021,OK,Late (31-120 Days),775.98,543.19,232.79,0,586,OK,586,37.87,37.87,OK,45000,10+ years,10+ years,MORTGAGE,ND,North Dakota,OK
LN001019,C,C3,OK,wedding,36,16500,16500,OK,16.02,16.02,OK,580.25,3/17/2021,4/16/2021,OK,Fully Paid,20674.83,16500,4174.83,0,702,OK,702,37.05,37.05,OK,102200,7 years,7 years,OWN,IN,Indiana,OK
LN002074,F,F4,OK,vacation,36,4600,4600,OK,29.28,29.28,OK,193.47,2/10/2022,3/13/2022,OK,Current,4449.81,2892.38,1557.43,0,726,OK,726,41.3,41.3,OK,105800,9 years,9 years,MORTGAGE,AZ,Arizona,OK
LN002892,F,F5,OK,debt_consolidation,36,28200,28200,OK,31.49,31.49,OK,1220.26,4/20/2021,5/18/2021,OK,Fully Paid,44454.86,28200,16254.86,0,602,OK,602,35.49,35.49,OK,86400,10+ years,10+ years,MORTGAGE,NJ,New Jersey,OK
LN003270,C,C1,OK,home_improvement,36,4800,4800,OK,12.68,12.68,OK,160.99,8/17/2023,9/20/2023,OK,Fully Paid,5826.08,4800,1026.08,0,704,OK,704,20.51,20.51,OK,146500,3 years,3 years,RENT,UT,Utah,OK
LN000032,D,D3,OK,credit_card,60,39400,39400,OK,18.17,18.17,OK,1004.15,3/10/2023,4/11/2023,OK,Fully Paid,59523.92,39400,20123.92,0,,NULL,,6.85,6.85,OK,219600,6 years,6 years,MORTGAGE,NJ,New Jersey,OK
LN002004,B,B2,OK,small_business,36,12800,12800,OK,9.17,9.17,OK,408.05,11/25/2021,12/26/2021,OK,Fully Paid,14480.09,12800,1680.09,0,737,OK,737,28.58,28.58,OK,119100,3 years,3 years,RENT,MT,Montana,OK
LN002606,F,F1,OK,moving,36,5000,5000,OK,28.56,28.56,OK,208.33,4/3/2021,5/5/2021,OK,Fully Paid,7360.89,5000,2360.89,0,698,OK,698,29.74,29.74,OK,180900,6 years,6 years,MORTGAGE,WI,Wisconsin,OK
LN000611,A,A1,OK,small_business,36,2500,2500,OK,6.76,6.76,OK,76.92,1/27/2023,3/3/2023,OK,Charged Off,1170.73,819.51,351.22,1680.49,582,OK,582,7.44,7.44,OK,27900,7 years,7 years,MORTGAGE,AZ,Arizona,OK
LN002043,B,B3,OK,renewable_energy,60,31400,31400,OK,10.06,10.06,OK,668.08,7/25/2021,8/23/2021,OK,Fully Paid,40382.77,31400,8982.77,0,757,OK,757,43.57,43.57,OK,34800,10+ years,10+ years,OWN,WV,West Virginia,OK
LN000571,E,E3,OK,vacation,36,10100,10100,OK,23.95,23.95,OK,395.99,2/13/2023,3/18/2023,OK,Charged Off,3189.72,2232.8,956.92,7867.2,706,OK,706,23.95,23.95,OK,189200,7 years,7 years,MORTGAGE,TN,Tennessee,OK
LN003333,A,A2,OK,vacation,60,23700,23700,OK,5.4,5.4,OK,451.6,7/28/2021,8/26/2021,OK,Fully Paid,26845.16,23700,3145.16,0,745,OK,745,36.66,36.66,OK,40400,2 years,2 years,RENT,WV,West Virginia,OK
LN000344,E,E5,OK,major_purchase,36,,,FLAGGED,24.78,24.78,OK,1332.02,7/31/2021,8/30/2021,OK,Late (31-120 Days),13320.2,9324.14,3996.06,0,799,OK,799,19.56,19.56,OK,122800,3 years,3 years,RENT,OH,Ohio,OK
LN002112,D,D3,OK,vacation,60,9900,9900,OK,21.69,21.69,OK,271.69,2/13/2023,3/16/2023,OK,Charged Off,749.41,524.59,224.82,9375.41,607,OK,607,8.48,8.48,OK,160000,9 years,9 years,MORTGAGE,MA,Massachusetts,OK
LN001557,F,F4,OK,small_business,36,27900,27900,OK,30.35,30.35,OK,1189.75,1/29/2021,3/3/2021,OK,Fully Paid,42955.11,27900,15055.11,0,638,OK,638,23.52,23.52,OK,106800,3 years,3 years,RENT,NV,Nevada,OK
LN000679,A,A2,OK,moving,36,21200,21200,OK,7.5,7.5,OK,659.45,8/16/2021,9/20/2021,OK,Charged Off,10732.18,7512.53,3219.65,13687.47,815,OK,815,27.88,27.88,OK,150300,8 years,8 years,OWN,HI,Hawaii,OK
LN001351,A,A1,OK,medical,36,39400,39400,OK,7.15,7.15,OK,1219.26,2/22/2022,3/28/2022,OK,Charged Off,14246.69,9972.68,4274.01,29427.32,696,OK,696,21.24,21.24,OK,239300,5 years,5 years,RENT,NV,Nevada,OK
LN002749,B,B1,OK,home_improvement,36,23600,23600,OK,8.75,8.75,OK,747.73,1/7/2021,2/8/2021,OK,Fully Paid,27284.45,23600,3684.45,0,733,OK,733,40.19,40.19,OK,127800,,MISSING,MORTGAGE,MD,Maryland,OK
LN002950,A,A4,OK,wedding,60,15200,15200,OK,7.59,7.59,OK,305.23,12/12/2022,1/13/2023,OK,Current,14345.81,9324.78,5021.03,0,710,OK,710,14.84,14.84,OK,215800,1 year,1 year,MORTGAGE,VA,Virginia,OK
LN003007,D,D3,OK,home_improvement,60,7100,7100,OK,-21.2,,NEGATIVE_RATE,192.88,11/19/2021,12/22/2021,OK,Fully Paid,11405.01,7100,4305.01,0,703,OK,703,28.77,28.77,OK,137800,10+ years,10+ years,RENT,IL,Illinois,OK
LN000941,A,A3,OK,debt_consolidation,60,34700,34700,OK,7.44,7.44,OK,694.33,6/22/2023,7/25/2023,OK,Default,4860.31,3402.22,1458.09,0,791,OK,791,14.13,14.13,OK,189600,< 1 year,< 1 year,RENT,KS,Kansas,OK
LN003269,G,G4,OK,small_business,60,18000,18000,OK,32.41,32.41,OK,609.29,7/9/2023,8/10/2023,OK,Charged Off,5991.81,4194.27,1797.54,13805.73,685,OK,685,13.05,13.05,OK,228000,8 years,8 years,RENT,CT,Connecticut,OK
LN002133,A,A2,OK,credit_card,36,13700,13700,OK,7.78,7.78,OK,427.92,4/16/2021,5/15/2021,OK,Default,1283.76,898.63,385.13,0,702,OK,702,32.08,32.08,OK,30800,10+ years,10+ years,RENT,NH,New Hampshire,OK
LN001770,F,F3,OK,credit_card,60,25900,25900,OK,28.23,28.23,OK,810.02,11/13/2021,12/15/2021,OK,Fully Paid,48300.7,25900,22400.7,0,786,OK,786,41.38,41.38,OK,225200,10+ years,10+ years,RENT,MT,Montana,OK
LN002323,A,A5,OK,car,36,23400,23400,OK,7.94,7.94,OK,732.62,12/9/2022,1/10/2023,OK,Late (31-120 Days),7326.2,5128.34,2197.86,0,700,OK,700,9.14,9.14,OK,174100,4 years,4 years,MORTGAGE,SC,South Carolina,OK
LN001753,B,B4,OK,wedding,60,1700,1700,OK,9.07,9.07,OK,35.35,7/29/2022,8/28/2022,OK,Fully Paid,2083.79,1700,383.79,0,775,OK,775,13.52,13.52,OK,84100,7 years,7 years,RENT,RI,Rhode Island,OK
LN000577,C,C5,OK,wedding,60,39700,39700,OK,14.37,14.37,OK,931.38,8/12/2022,9/16/2022,OK,Fully Paid,54957.1,39700,15257.1,0,796,OK,796,12.51,12.51,OK,196000,2 years,2 years,OWN,OK,Oklahoma,OK
LN002527,C,C3,OK,debt_consolidation,36,,,FLAGGED,13.06,13.06,OK,859.93,4/16/2022,5/20/2022,OK,Current,25797.9,16768.64,9029.26,0,631,OK,631,28.37,28.37,OK,125600,2 years,2 years,MORTGAGE,KY,Kentucky,OK
LN003405,B,B1,OK,medical,36,6900,6900,OK,8.9,8.9,OK,219.1,10/18/2023,11/16/2023,OK,Fully Paid,7825.25,6900,925.25,0,658,OK,658,12.4,12.4,OK,140500,2 years,2 years,MORTGAGE,NC,North Carolina,OK
LN002855,B,B1,OK,home_improvement,36,34400,34400,OK,9.11,9.11,OK,1095.67,7/24/2021,8/23/2021,OK,Fully Paid,40157.12,34400,5757.12,0,,NULL,,30.56,30.56,OK,78900,1 year,1 year,MORTGAGE,MI,Michigan,OK
LN002275,D,D2,OK,wedding,60,37200,37200,OK,17.81,17.81,OK,940.79,11/22/2023,12/25/2023,OK,Fully Paid,57392.12,37200,20192.12,0,759,OK,759,9.06,9.06,OK,198000,1 year,1 year,MORTGAGE,IA,Iowa,OK
LN000529,A,A3,OK,moving,60,8500,8500,OK,7.1,7.1,OK,168.71,1/23/2021,2/27/2021,OK,Current,9953.89,6470.03,3483.86,0,,NULL,,29.97,29.97,OK,206100,7 years,7 years,MORTGAGE,TN,Tennessee,OK
LN000177,D,D5,OK,wedding,60,5300,5300,OK,17.55,17.55,OK,133.29,4/17/2021,5/18/2021,OK,Current,3332.25,2165.96,1166.29,0,622,OK,622,30.88,30.88,OK,43100,6 years,6 years,MORTGAGE,TN,Tennessee,OK
LN002458,D,D5,OK,moving,60,29300,29300,OK,19.48,19.48,OK,767.82,4/23/2021,5/28/2021,OK,Charged Off,9137.69,6396.38,2741.31,22903.62,692,OK,692,41.71,41.71,OK,51000,2 years,2 years,OWN,TX,Texas,OK
LN000423,F,F4,OK,educational,36,2800,2800,OK,28.27,28.27,OK,116.23,8/1/2021,9/1/2021,OK,Charged Off,237.01,165.91,71.1,2634.09,718,OK,718,30.74,30.74,OK,229600,5 years,5 years,MORTGAGE,NH,New Hampshire,OK
LN000681,D,D4,OK,car,36,20000,20000,OK,20.23,20.23,OK,745.62,12/24/2022,1/24/2023,OK,Fully Paid,26417.57,20000,6417.57,0,672,OK,672,29.13,29.13,OK,162400,< 1 year,< 1 year,RENT,OH,Ohio,OK
LN003475,B,B3,OK,major_purchase,60,,,FLAGGED,9.44,9.44,OK,671.12,4/20/2023,5/23/2023,OK,Current,20133.6,13086.84,7046.76,0,750,OK,750,27.72,27.72,OK,162900,5 years,5 years,MORTGAGE,RI,Rhode Island,OK
LN001654,E,E4,OK,major_purchase,36,9800,9800,OK,23.65,23.65,OK,382.68,6/30/2022,8/3/2022,OK,Fully Paid,13504.72,9800,3704.72,0,678,OK,678,25.95,25.95,OK,163200,5 years,5 years,MORTGAGE,ND,North Dakota,OK
LN003387,B,B4,OK,vacation,36,,,FLAGGED,10.69,10.69,OK,74.96,10/25/2022,11/27/2022,OK,Fully Paid,2750.62,2300,450.62,0,813,OK,813,38.3,38.3,OK,231500,10+ years,10+ years,RENT,VA,Virginia,OK
LN002776,F,F4,OK,wedding,36,,,FLAGGED,29.72,29.72,OK,1078.61,5/27/2021,6/26/2021,OK,Current,11864.71,7712.06,4152.65,0,585,OK,585,6.76,6.76,OK,75500,< 1 year,< 1 year,RENT,WV,West Virginia,OK
LN002501,D,D5,OK,car,60,7700,7700,OK,18.17,18.17,OK,196.24,4/14/2023,5/13/2023,OK,Current,10596.96,6888.02,3708.94,0,738,OK,738,41.28,41.28,OK,236300,8 years,8 years,MORTGAGE,DE,Delaware,OK
LN001042,D,D1,OK,credit_card,36,10100,10100,OK,19.67,19.67,OK,373.66,7/30/2022,9/3/2022,OK,Charged Off,2554.41,1788.09,766.32,8311.91,625,OK,625,11.11,11.11,OK,101500,2 years,2 years,RENT,HI,Hawaii,OK
LN003155,E,E4,OK,car,60,21800,21800,OK,26.45,26.45,OK,658.52,4/1/2022,4/30/2022,OK,Current,9877.8,6420.57,3457.23,0,600,OK,600,22.62,22.62,OK,191200,< 1 year,< 1 year,MORTGAGE,ME,Maine,OK
LN000289,A,A3,OK,wedding,36,23400,23400,OK,6.14,6.14,OK,713.36,4/9/2022,5/7/2022,OK,Charged Off,8035.73,5625.01,2410.72,17774.99,614,OK,614,34.87,34.87,OK,248500,3 years,3 years,MORTGAGE,MD,Maryland,OK
LN003282,E,E2,OK,moving,36,7800,7800,OK,26.17,26.17,OK,314.97,3/26/2023,4/26/2023,OK,Fully Paid,11298.62,7800,3498.62,0,799,OK,799,41.65,41.65,OK,74400,3 years,3 years,MORTGAGE,FL,Florida,OK
LN002384,B,B3,OK,wedding,60,21800,21800,OK,9.77,9.77,OK,460.72,6/4/2023,7/2/2023,OK,Fully Paid,27237.07,21800,5437.07,0,584,OK,584,33.13,33.13,OK,168900,6 years,6 years,OWN,DE,Delaware,OK
LN002010,G,G5,OK,renewable_energy,36,25100,25100,OK,34.26,34.26,OK,1124.94,4/13/2022,5/18/2022,OK,Fully Paid,41122.39,25100,16022.39,0,707,OK,707,13.12,13.12,OK,56200,3 years,3 years,RENT,MD,Maryland,OK
LN002115,G,G2,OK,major_purchase,60,17800,17800,OK,35.84,35.84,OK,641.33,2/13/2022,3/17/2022,OK,Current,16674.58,10838.48,5836.1,0,732,OK,732,40.17,40.17,OK,43500,3 years,3 years,MORTGAGE,OR,Oregon,OK
LN001129,E,E1,OK,debt_consolidation,60,11600,11600,OK,26.19,26.19,OK,348.62,10/20/2021,11/17/2021,OK,Charged Off,2714.67,1900.27,814.4,9699.73,686,OK,686,9.48,9.48,OK,77300,10+ years,10+ years,OWN,AL,Alabama,OK
LN000178,B,B3,OK,car,36,6000,6000,OK,9.41,9.41,OK,191.95,4/17/2022,5/18/2022,OK,Charged Off,1590.74,1113.52,477.22,4886.48,777,OK,777,32.18,32.18,OK,229900,1 year,1 year,OTHER,NM,New Mexico,OK
LN000839,D,D4,OK,debt_consolidation,36,22500,22500,OK,17.9,17.9,OK,812.3,5/29/2022,7/2/2022,OK,Current,7310.7,4751.95,2558.74,0,699,OK,699,37.25,37.25,OK,166800,7 years,7 years,RENT,MT,Montana,OK
LN001114,C,C5,OK,renewable_energy,36,33200,33200,OK,15.49,15.49,OK,1158.87,9/3/2021,10/1/2021,OK,Current,28971.75,18831.64,10140.11,0,660,OK,660,20.16,20.16,OK,72100,9 years,9 years,OWN,ME,Maine,OK
LN001838,E,E3,OK,vacation,36,22600,22600,OK,25.74,25.74,OK,907.44,9/14/2022,10/14/2022,OK,Current,17241.36,11206.88,6034.48,0,806,OK,806,9.06,9.06,OK,198700,< 1 year,< 1 year,RENT,DE,Delaware,OK
LN002326,C,C5,OK,vacation,36,18700,18700,OK,-14.5,,NEGATIVE_RATE,643.67,1/12/2023,2/16/2023,OK,Current,13517.07,8786.1,4730.97,0,792,OK,792,13.5,13.5,OK,104600,10+ years,10+ years,OWN,LA,Louisiana,OK
LN000371,D,D4,OK,wedding,60,30200,30200,OK,19.97,19.97,OK,799.61,8/13/2022,9/10/2022,OK,Charged Off,9011.24,6307.87,2703.37,23892.13,791,OK,791,40.11,40.11,OK,125600,5 years,5 years,RENT,WV,West Virginia,OK
LN001495,B,B3,OK,small_business,36,9800,9800,OK,8.56,8.56,OK,309.63,12/9/2023,1/12/2024,OK,Current,6192.6,4025.19,2167.41,0,785,OK,785,16.32,16.32,OK,61000,8 years,8 years,RENT,VA,Virginia,OK
LN000730,B,B3,OK,educational,36,38500,38500,OK,8.51,8.51,OK,1215.53,4/8/2023,5/8/2023,OK,Charged Off,16757.48,11730.24,5027.24,26769.76,702,OK,702,34.56,34.56,OK,122700,2 years,2 years,MORTGAGE,HI,Hawaii,OK
LN000599,A,A2,OK,debt_consolidation,60,8200,8200,OK,7.81,7.81,OK,165.52,1/12/2021,2/11/2021,OK,Fully Paid,9968,8200,1768,0,792,OK,792,36.81,36.81,OK,108700,2 years,2 years,RENT,WA,Washington,OK
LN002184,E,E3,OK,car,60,24500,24500,OK,23.55,23.55,OK,698.43,7/3/2023,8/6/2023,OK,Current,40508.94,26330.81,14178.13,0,667,OK,667,20.2,20.2,OK,29100,3 years,3 years,MORTGAGE,NC,North Carolina,OK
LN001488,C,A2,GRADE_MISMATCH,medical,60,38400,38400,OK,16.15,16.15,OK,936.88,1/25/2023,2/26/2023,OK,Fully Paid,56719.63,38400,18319.63,0,804,OK,804,17.22,17.22,OK,97700,10+ years,10+ years,OTHER,NE,Nebraska,OK
LN002273,C,C4,OK,educational,60,5600,5600,OK,14.89,14.89,OK,132.9,8/8/2021,9/6/2021,OK,Fully Paid,7942.48,5600,2342.48,0,780,OK,780,33.96,33.96,OK,39800,10+ years,10+ years,RENT,OR,Oregon,OK
LN002185,D,D3,OK,educational,60,26500,26500,OK,20.73,20.73,OK,712.9,3/2/2022,4/2/2022,OK,Fully Paid,42223.61,26500,15723.61,0,797,OK,797,7.82,7.82,OK,91700,3 years,3 years,MORTGAGE,MN,Minnesota,OK
LN003293,E,E5,OK,educational,60,12900,12900,OK,23.43,23.43,OK,366.85,3/19/2021,4/23/2021,OK,Charged Off,7337.53,5136.27,2201.26,7763.73,673,OK,673,36.51,36.51,OK,57600,8 years,8 years,MORTGAGE,SC,South Carolina,OK
LN002830,A,A4,OK,debt_consolidation,36,,,FLAGGED,6.87,6.87,OK,930.69,6/21/2023,7/19/2023,OK,Late (31-120 Days),6514.83,4560.38,1954.45,0,659,OK,659,29.28,29.28,OK,151000,7 years,7 years,RENT,TN,Tennessee,OK
LN001621,B,B1,OK,major_purchase,36,38400,38400,OK,10.36,10.36,OK,1245.56,6/13/2022,7/12/2022,OK,Current,37366.8,24288.42,13078.38,0,648,OK,648,38.5,38.5,OK,248200,6 years,6 years,RENT,IN,Indiana,OK
LN000142,C,C2,OK,moving,36,10800,10800,OK,15.74,15.74,OK,378.31,8/25/2022,9/27/2022,OK,Fully Paid,13596.78,10800,2796.78,0,,ABOVE_MAX,938,33.74,33.74,OK,30700,,MISSING,MORTGAGE,OR,Oregon,OK
LN002967,E,E1,OK,major_purchase,60,12600,12600,OK,24.47,24.47,OK,365.92,11/22/2023,12/26/2023,OK,Default,1097.76,768.43,329.33,0,685,OK,685,25.39,25.39,OK,206900,< 1 year,< 1 year,RENT,CA,California,OK
LN000666,E,E5,OK,medical,36,4600,4600,OK,24.42,24.42,OK,181.49,10/26/2022,11/30/2022,OK,Late (31-120 Days),1270.43,889.3,381.13,0,605,OK,605,33.97,33.97,OK,81200,8 years,8 years,MORTGAGE,RI,Rhode Island,OK
LN000810,B,B1,OK,home_improvement,36,7200,7200,OK,9.08,9.08,OK,229.23,8/18/2022,9/22/2022,OK,Current,2292.3,1490,802.31,0,589,OK,589,40.42,40.42,OK,227800,2 years,2 years,MORTGAGE,NY,New York,OK
LN002510,G,G3,OK,medical,60,23400,23400,OK,34.19,34.19,OK,818.38,4/12/2021,5/14/2021,OK,Charged Off,4937.38,3456.17,1481.21,19943.83,703,OK,703,30.13,30.13,OK,107200,4 years,4 years,RENT,NC,North Carolina,OK
LN000655,B,B3,OK,vacation,36,32000,32000,OK,8.85,8.85,OK,1015.36,6/19/2023,7/19/2023,OK,Fully Paid,36540.22,32000,4540.22,0,665,OK,665,17.17,17.17,OK,64600,7 years,7 years,MORTGAGE,WY,Wyoming,OK
LN000472,C,C1,OK,home_improvement,36,35700,35700,OK,13.81,13.81,OK,1216.85,8/17/2022,9/18/2022,OK,Current,10951.65,7118.57,3833.08,0,774,OK,774,8.06,8.06,OK,237900,8 years,8 years,MORTGAGE,IL,Illinois,OK
LN001599,D,D4,OK,small_business,36,35100,35100,OK,21.7,21.7,OK,1335.04,7/4/2022,8/3/2022,OK,Fully Paid,47122.04,35100,12022.04,0,738,OK,738,43.78,43.78,OK,86900,< 1 year,< 1 year,RENT,MI,Michigan,OK
LN001189,B,B3,OK,moving,60,25700,25700,OK,8.97,8.97,OK,533.12,9/22/2022,10/22/2022,OK,Current,2665.6,1732.64,932.96,0,663,OK,663,10.7,10.7,OK,61900,5 years,5 years,MORTGAGE,TX,Texas,OK
LN001139,A,A1,OK,moving,36,29900,29900,OK,6.74,6.74,OK,919.67,11/24/2022,12/23/2022,OK,Current,19313.07,12553.5,6759.57,0,726,OK,726,12.27,12.27,OK,31400,8 years,8 years,OWN,KY,Kentucky,OK
LN000953,E,E3,OK,medical,60,,,FLAGGED,26.48,26.48,OK,680.07,11/25/2023,12/30/2023,OK,Current,21082.17,13703.41,7378.76,0,679,OK,679,23.54,23.54,OK,163300,3 years,3 years,RENT,WA,Washington,OK
LN002669,B,B4,OK,educational,36,16800,16800,OK,11.05,11.05,OK,550.41,5/11/2022,6/12/2022,OK,Fully Paid,19736.99,16800,2936.99,0,726,OK,726,14.28,14.28,OK,38200,6 years,6 years,RENT,IN,Indiana,OK
LN001211,F,F3,OK,vacation,60,8000,8000,OK,30.85,30.85,OK,263.02,5/5/2021,6/6/2021,OK,Charged Off,412.02,288.41,123.61,7711.59,591,OK,591,27.2,27.2,OK,73500,9 years,9 years,OWN,AZ,Arizona,OK
LN001160,B,B3,OK,medical,36,24000,24000,OK,11.86,11.86,OK,795.54,5/5/2021,6/2/2021,OK,Charged Off,10477.22,7334.05,3143.17,16665.95,719,OK,719,33.77,33.77,OK,200500,4 years,4 years,MORTGAGE,DE,Delaware,OK
LN001363,G,G5,OK,renewable_energy,60,,,FLAGGED,34.33,34.33,OK,971.23,7/21/2023,8/22/2023,OK,Fully Paid,57475.9,27700,29775.9,0,582,OK,582,44.91,44.91,OK,207400,1 year,1 year,MORTGAGE,DE,Delaware,OK
LN000196,A,A4,OK,credit_card,36,12500,12500,OK,6.56,6.56,OK,383.45,8/1/2023,9/5/2023,OK,Fully Paid,13912.2,12500,1412.2,0,789,OK,789,9.82,9.82,OK,197900,7 years,7 years,OWN,IA,Iowa,OK
LN000533,A,A5,OK,wedding,36,19400,19400,OK,6.36,6.36,OK,593.36,9/9/2022,10/9/2022,OK,Current,17207.44,11184.84,6022.6,0,600,OK,600,8.69,8.69,OK,199000,10+ years,10+ years,OWN,NH,New Hampshire,OK
LN001357,B,B3,OK,debt_consolidation,36,13500,13500,OK,9.74,9.74,OK,433.96,10/1/2021,9/24/2021,DATE_SEQUENCE_ERROR,Charged Off,954.44,668.11,286.33,12831.89,769,OK,769,20.44,20.44,OK,136500,6 years,6 years,MORTGAGE,NJ,New Jersey,OK
LN003255,B,B5,OK,vacation,60,24300,24300,OK,9.37,9.37,OK,508.8,4/3/2022,5/7/2022,OK,Default,5596.8,3917.76,1679.04,0,772,OK,772,12.49,12.49,OK,230300,10+ years,10+ years,RENT,NH,New Hampshire,OK
LN001271,E,E2,OK,car,36,11300,11300,OK,23.82,23.82,OK,442.26,4/26/2022,5/26/2022,OK,Fully Paid,16065.04,11300,4765.04,0,724,OK,724,29.87,29.87,OK,90200,4 years,4 years,OWN,AL,Alabama,OK
LN000870,C,C1,OK,moving,60,3600,3600,OK,13.78,13.78,OK,83.36,8/5/2022,9/3/2022,OK,Fully Paid,4924.86,3600,1324.86,0,601,OK,601,24.04,24.04,OK,65900,6 years,6 years,RENT,NY,New York,OK
LN003264,A,A5,OK,renewable_energy,36,24500,24500,OK,6.15,6.15,OK,747,5/9/2023,6/11/2023,OK,Charged Off,1976.41,1383.49,592.92,23116.51,654,OK,654,12.56,12.56,OK,194600,7 years,7 years,RENT,CA,California,OK
LN000228,A,A1,OK,educational,60,38300,38300,OK,7.66,7.66,OK,770.37,7/22/2023,8/26/2023,OK,Fully Paid,45685.44,38300,7385.44,0,,BELOW_MIN,102,7.71,7.71,OK,130100,9 years,9 years,MORTGAGE,AR,Arkansas,OK
LN000556,E,E2,OK,educational,36,4800,4800,OK,26.63,26.63,OK,195.01,10/19/2022,11/19/2022,OK,Fully Paid,6967.23,4800,2167.23,0,740,OK,740,30.01,30.01,OK,36400,5 years,5 years,MORTGAGE,PA,Pennsylvania,OK
LN001704,F,F2,OK,educational,60,,,FLAGGED,29.12,29.12,OK,50.9,11/2/2022,11/30/2022,OK,Fully Paid,2999.54,1600,1399.54,0,708,OK,708,22.27,22.27,OK,162300,10+ years,10+ years,MORTGAGE,MI,Michigan,OK
LN002722,C,C5,OK,credit_card,60,27500,27500,OK,15.96,15.96,OK,668.16,3/27/2021,4/24/2021,OK,Fully Paid,39463.41,27500,11963.41,0,752,OK,752,24.88,24.88,OK,153500,4 years,4 years,MORTGAGE,IN,Indiana,OK
LN003157,C,C3,OK,small_business,36,1800,1800,OK,14.04,14.04,OK,61.55,7/25/2021,8/25/2021,OK,Fully Paid,2260.07,1800,460.07,0,686,OK,686,5.86,5.86,OK,104600,2 years,2 years,OWN,HI,Hawaii,OK
LN002688,D,D1,OK,medical,60,18600,18600,OK,20.26,20.26,OK,495.48,2/2/2021,1/24/2021,DATE_SEQUENCE_ERROR,Charged Off,8678.45,6074.91,2603.54,12525.09,772,OK,772,39.81,39.81,OK,100900,4 years,4 years,RENT,IL,Illinois,OK
LN001942,A,A4,OK,vacation,36,29400,29400,OK,5.77,5.77,OK,891.34,4/22/2023,5/26/2023,OK,Current,25848.86,16801.76,9047.1,0,793,OK,793,36.99,36.99,OK,180600,7 years,7 years,RENT,HI,Hawaii,OK
LN002402,A,A1,OK,wedding,60,9100,9100,OK,6.23,6.23,OK,176.9,2/12/2023,3/14/2023,OK,Default,1945.9,1362.13,583.77,0,748,OK,748,20.32,20.32,OK,51500,1 year,1 year,OWN,AK,Alaska,OK
LN000632,C,C3,OK,credit_card,36,30400,30400,OK,13.32,13.32,OK,1028.99,7/28/2022,8/27/2022,OK,Fully Paid,36683.22,30400,6283.22,0,772,OK,772,6.4,6.4,OK,76000,5 years,5 years,RENT,OH,Ohio,OK
LN002061,D,D1,OK,wedding,36,10900,10900,OK,19.08,19.08,OK,399.99,8/27/2022,9/29/2022,OK,Fully Paid,14336.8,10900,3436.8,0,662,OK,662,38.17,38.17,OK,140400,3 years,3 years,RENT,GA,Georgia,OK
LN001207,E,E3,OK,credit_card,60,8900,8900,OK,22.62,22.62,OK,248.96,1/7/2022,2/11/2022,OK,Late (31-120 Days),1742.72,1219.9,522.82,0,611,OK,611,19.47,19.47,OK,91300,5 years,5 years,MORTGAGE,LA,Louisiana,OK
LN000163,C,C3,OK,debt_consolidation,36,36700,36700,OK,15.2,15.2,OK,1275.81,9/8/2021,10/8/2021,OK,Fully Paid,45187.52,36700,8487.52,0,618,OK,618,14.64,14.64,OK,240600,3 years,3 years,RENT,MT,Montana,OK
LN000220,E,E4,OK,educational,36,28800,28800,OK,26.02,26.02,OK,1160.68,11/21/2021,12/24/2021,OK,Late (31-120 Days),10446.12,7312.28,3133.84,0,662,OK,662,20.54,20.54,OK,98600,< 1 year,< 1 year,MORTGAGE,AK,Alaska,OK
LN001973,E,E2,OK,major_purchase,36,38200,38200,OK,25.05,25.05,OK,1519.84,3/5/2023,4/9/2023,OK,Current,10638.88,6915.27,3723.61,0,757,OK,757,15.72,15.72,OK,34100,,MISSING,MORTGAGE,TX,Texas,OK
LN001033,B,B5,OK,debt_consolidation,60,5600,5600,OK,10.5,10.5,OK,120.37,12/25/2022,1/26/2023,OK,Current,1203.7,782.41,421.3,0,604,OK,604,14.85,14.85,OK,191400,2 years,2 years,OWN,HI,Hawaii,OK
LN002167,C,C4,OK,wedding,60,27500,27500,OK,15.1,15.1,OK,655.67,6/5/2022,7/10/2022,OK,Charged Off,9569.09,6698.36,2870.73,20801.64,698,OK,698,42.63,42.63,OK,160400,3 years,3 years,RENT,KY,Kentucky,OK
LN002127,G,G1,OK,vacation,60,36500,36500,OK,32.84,32.84,OK,1245.35,1/19/2021,2/23/2021,OK,Current,11208.15,7285.3,3922.85,0,786,OK,786,32.47,32.47,OK,215800,5 years,5 years,RENT,UT,Utah,OK
LN001504,E,E5,OK,debt_consolidation,60,24900,24900,OK,23,23,OK,701.94,10/27/2022,11/30/2022,OK,Fully Paid,41320.38,24900,16420.38,0,756,OK,756,25.48,25.48,OK,217500,,MISSING,RENT,IL,Illinois,OK
LN000548,D,D2,OK,educational,36,15300,15300,OK,21.39,21.39,OK,579.5,3/10/2022,4/10/2022,OK,Current,13328.5,8663.52,4664.97,0,806,OK,806,32.28,32.28,OK,165300,7 years,7 years,OTHER,VA,Virginia,OK
LN002743,B,B3,OK,vacation,36,9000,9000,OK,10.68,10.68,OK,293.29,6/24/2022,7/27/2022,OK,Fully Paid,10515.56,9000,1515.56,0,706,OK,706,40.58,40.58,OK,134300,3 years,3 years,RENT,IL,Illinois,OK
LN002987,G,G3,OK,debt_consolidation,60,7200,7200,OK,32.83,32.83,OK,245.61,9/30/2021,10/29/2021,OK,Current,10561.23,6864.8,3696.43,0,648,OK,648,8.51,8.51,OK,35000,4 years,4 years,RENT,ME,Maine,OK
LN001833,A,A4,OK,wedding,36,36000,36000,OK,7.06,7.06,OK,1112.56,10/22/2023,11/22/2023,OK,Current,37827.04,24587.58,13239.46,0,738,OK,738,39.34,39.34,OK,160400,2 years,2 years,MORTGAGE,WA,Washington,OK
LN000569,E,E2,OK,moving,36,20100,20100,OK,23.93,23.93,OK,787.84,11/27/2022,12/31/2022,OK,Default,3151.36,2205.95,945.41,0,815,OK,815,6.85,6.85,OK,102400,10+ years,10+ years,RENT,GA,Georgia,OK
LN000872,D,D4,OK,renewable_energy,36,26900,26900,OK,19.42,19.42,OK,991.77,5/18/2023,6/19/2023,OK,Default,4958.85,3471.2,1487.65,0,,NULL,,39.69,39.69,OK,126900,3 years,3 years,MORTGAGE,NC,North Carolina,OK
LN002543,F,F4,OK,car,36,35900,35900,OK,28.49,28.49,OK,1494.47,4/28/2022,5/29/2022,OK,Current,16439.17,10685.46,5753.71,0,735,OK,735,15.65,15.65,OK,214500,8 years,8 years,MORTGAGE,CA,California,OK
LN001090,A,A5,OK,car,60,15700,15700,OK,5.81,5.81,OK,302.14,6/16/2021,7/15/2021,OK,Current,5740.66,3731.43,2009.23,0,745,OK,745,29.21,29.21,OK,25500,10+ years,10+ years,OWN,IL,Illinois,OK
LN002482,D,D4,OK,medical,36,16000,16000,OK,21.56,21.56,OK,607.41,8/13/2022,8/10/2022,DATE_SEQUENCE_ERROR,Fully Paid,22044.97,16000,6044.97,0,701,OK,701,24.69,24.69,OK,222600,3 years,3 years,MORTGAGE,LA,Louisiana,OK
LN000612,A,A5,OK,debt_consolidation,36,27600,27600,OK,7.96,7.96,OK,864.37,12/1/2021,1/2/2022,OK,Late (31-120 Days),6914.96,4840.47,2074.49,0,773,OK,773,18.48,18.48,OK,200900,3 years,3 years,MORTGAGE,MI,Michigan,OK
LN002440,D,D5,OK,wedding,60,31300,31300,OK,17.89,17.89,OK,792.94,11/16/2021,12/20/2021,OK,Current,40439.94,26285.96,14153.98,0,761,OK,761,33.53,33.53,OK,155600,7 years,7 years,RENT,TX,Texas,OK
LN001908,B,B4,OK,moving,36,2200,2200,OK,9.43,9.43,OK,70.4,9/10/2022,10/10/2022,OK,Fully Paid,2571.56,2200,371.56,0,687,OK,687,23.69,23.69,OK,57900,3 years,3 years,OWN,IL,Illinois,OK
LN003299,E,E5,OK,small_business,60,38800,38800,OK,23.91,23.91,OK,1114.17,3/1/2021,4/4/2021,OK,Fully Paid,65607.86,38800,26807.86,0,631,OK,631,21.97,21.97,OK,134200,2 years,2 years,RENT,WY,Wyoming,OK
LN001318,C,C3,OK,credit_card,60,21000,21000,OK,13.15,13.15,OK,479.43,7/13/2023,8/11/2023,OK,Current,7191.45,4674.44,2517.01,0,820,OK,820,9.74,9.74,OK,224400,< 1 year,< 1 year,RENT,MT,Montana,OK
LN000743,E,E5,OK,moving,36,32700,32700,OK,24.94,24.94,OK,1299.11,12/27/2021,1/28/2022,OK,Fully Paid,47413.56,32700,14713.56,0,612,OK,612,21.12,21.12,OK,27400,5 years,5 years,MORTGAGE,ND,North Dakota,OK
LN003231,F,F2,OK,small_business,36,15600,15600,OK,30.8,30.8,OK,669.1,12/10/2022,1/8/2023,OK,Fully Paid,23620.75,15600,8020.75,0,628,OK,628,40.2,40.2,OK,126700,3 years,3 years,OWN,VT,Vermont,OK
LN003415,B,B4,OK,renewable_energy,36,26400,26400,OK,-10.35,,NEGATIVE_RATE,856.2,3/3/2023,4/4/2023,OK,Fully Paid,30281.26,26400,3881.26,0,767,OK,767,24.49,24.49,OK,131600,9 years,9 years,MORTGAGE,HI,Hawaii,OK
LN001827,C,C4,OK,renewable_energy,36,22300,22300,OK,15.83,15.83,OK,782.13,8/24/2023,9/24/2023,OK,Charged Off,5918.43,4142.9,1775.53,18157.1,656,OK,656,25.7,25.7,OK,123400,1 year,1 year,MORTGAGE,NJ,New Jersey,OK
LN000582,B,B1,OK,home_improvement,36,25400,25400,OK,11.1,11.1,OK,832.77,7/21/2023,8/24/2023,OK,Default,3331.08,2331.76,999.32,0,613,OK,613,39.82,39.82,OK,151800,4 years,4 years,MORTGAGE,NM,New Mexico,OK
LN003258,B,B4,OK,wedding,36,7900,7900,OK,10.55,10.55,OK,256.96,2/14/2023,2/13/2023,DATE_SEQUENCE_ERROR,Fully Paid,9067.79,7900,1167.79,0,789,OK,789,9.73,9.73,OK,152500,4 years,4 years,RENT,WV,West Virginia,OK
LN001886,A,A2,OK,medical,36,37400,37400,OK,6.14,6.14,OK,1140.15,5/9/2021,6/12/2021,OK,Charged Off,17819.31,12473.52,5345.79,24926.48,725,OK,725,18.88,18.88,OK,119900,5 years,5 years,RENT,KY,Kentucky,OK
LN001004,A,A1,OK,major_purchase,36,33000,33000,OK,5.44,5.44,OK,995.57,12/6/2023,12/1/2023,DATE_SEQUENCE_ERROR,Charged Off,16751.04,11725.73,5025.31,21274.27,620,OK,620,39.04,39.04,OK,82100,,MISSING,MORTGAGE,VT,Vermont,OK
LN000074,B,B3,OK,wedding,36,33600,33600,OK,11.79,11.79,OK,1112.63,12/11/2021,1/9/2022,OK,Current,36716.79,23865.91,12850.88,0,586,OK,586,29.78,29.78,OK,159300,10+ years,10+ years,RENT,CA,California,OK
LN000049,B,B3,OK,home_improvement,36,37200,37200,OK,10.37,10.37,OK,1206.81,11/27/2022,12/29/2022,OK,Fully Paid,42671.01,37200,5471.01,0,654,OK,654,32.9,32.9,OK,76700,7 years,7 years,MORTGAGE,CT,Connecticut,OK
LN001887,A,A1,OK,renewable_energy,60,39600,39600,OK,5.58,5.58,OK,757.87,9/30/2023,10/28/2023,OK,Current,40167.11,26108.62,14058.49,0,639,OK,639,36.34,36.34,OK,150100,1 year,1 year,MORTGAGE,GA,Georgia,OK
LN001095,E,E4,OK,moving,36,24200,24200,OK,24.07,24.07,OK,950.32,4/16/2021,5/17/2021,OK,Charged Off,10373.02,7261.11,3111.91,16938.89,650,OK,650,38.58,38.58,OK,184900,3 years,3 years,OWN,NH,New Hampshire,OK
LN001502,D,D5,OK,debt_consolidation,60,14200,14200,OK,17.49,17.49,OK,356.66,11/9/2023,12/11/2023,OK,Current,15336.38,9968.65,5367.73,0,699,OK,699,37.86,37.86,OK,159600,10+ years,10+ years,MORTGAGE,SD,South Dakota,OK
LN003208,E,E1,OK,wedding,60,37600,37600,OK,25.28,25.28,OK,1109.79,1/10/2021,2/10/2021,OK,Current,36623.07,23805,12818.07,0,715,OK,715,16.29,16.29,OK,189700,3 years,3 years,RENT,AZ,Arizona,OK
LN003042,F,F4,OK,medical,36,36800,36800,OK,27.51,27.51,OK,1512.45,10/19/2022,11/19/2022,OK,Late (31-120 Days),10587.15,7411,3176.14,0,733,OK,733,13.33,13.33,OK,216500,7 years,7 years,MORTGAGE,UT,Utah,OK
LN000757,E,E5,OK,major_purchase,36,29600,29600,OK,26.34,26.34,OK,1197.97,8/17/2022,9/15/2022,OK,Charged Off,11662.66,8163.86,3498.8,21436.14,803,OK,803,7.83,7.83,OK,57000,1 year,1 year,OWN,CT,Connecticut,OK
LN001075,B,B5,OK,renewable_energy,36,36000,36000,OK,10,10,OK,1161.62,2/7/2023,3/12/2023,OK,Current,38333.46,24916.75,13416.71,0,585,OK,585,8.98,8.98,OK,130700,2 years,2 years,RENT,KY,Kentucky,OK
LN002474,C,C5,OK,credit_card,60,25300,25300,OK,12.73,12.73,OK,572.16,11/24/2022,12/25/2022,OK,Fully Paid,34883.72,25300,9583.72,0,697,OK,697,15.83,15.83,OK,88300,4 years,4 years,RENT,UT,Utah,OK
LN000979,E,E2,OK,major_purchase,36,25200,25200,OK,22.78,22.78,OK,972.6,11/29/2021,1/3/2022,OK,Fully Paid,34658.02,25200,9458.02,0,663,OK,663,32.53,32.53,OK,153000,7 years,7 years,MORTGAGE,NM,New Mexico,OK
LN002450,E,E5,OK,medical,36,16700,16700,OK,25.54,25.54,OK,668.77,4/28/2023,5/31/2023,OK,Current,6687.7,4347.01,2340.69,0,598,OK,598,41.13,41.13,OK,205700,8 years,8 years,MORTGAGE,NV,Nevada,OK
LN002542,B,B3,OK,vacation,36,23400,23400,OK,8.95,8.95,OK,743.57,7/28/2023,8/30/2023,OK,Charged Off,4068.86,2848.2,1220.66,20551.8,662,OK,662,17.4,17.4,OK,68700,3 years,3 years,MORTGAGE,ID,Idaho,OK
LN001456,B,B3,OK,small_business,60,3000,3000,OK,11.73,11.73,OK,66.32,12/19/2023,1/17/2024,OK,Current,862.16,560.4,301.76,0,800,OK,800,39.8,39.8,OK,59800,6 years,6 years,MORTGAGE,MN,Minnesota,OK
LN002762,C,C2,OK,small_business,36,11500,11500,OK,14.95,14.95,OK,398.37,9/18/2021,10/21/2021,OK,Default,4382.07,3067.45,1314.62,0,700,OK,700,38.4,38.4,OK,38400,2 years,2 years,MORTGAGE,FL,Florida,OK
LN001408,B,B2,OK,wedding,36,23200,23200,OK,10.7,10.7,OK,756.25,10/15/2022,11/12/2022,OK,Current,16637.5,10814.38,5823.12,0,806,OK,806,10.46,10.46,OK,34200,5 years,5 years,MORTGAGE,GA,Georgia,OK
LN002355,A,A3,OK,educational,36,30200,30200,OK,5.41,5.41,OK,910.69,4/25/2022,5/27/2022,OK,Fully Paid,33062.65,30200,2862.65,0,590,OK,590,14.49,14.49,OK,161100,< 1 year,< 1 year,MORTGAGE,NE,Nebraska,OK
LN000573,A,A4,OK,moving,36,30800,30800,OK,-5.12,,NEGATIVE_RATE,924.76,3/14/2023,4/16/2023,OK,Charged Off,9460.31,6622.22,2838.09,24177.78,684,OK,684,19.7,19.7,OK,228700,3 years,3 years,RENT,ID,Idaho,OK
LN001964,B,B2,OK,moving,36,20000,20000,OK,9.72,9.72,OK,642.72,11/23/2021,12/21/2021,OK,Current,16068,10444.2,5623.8,0,704,OK,704,34.87,34.87,OK,148400,10+ years,10+ years,RENT,NC,North Carolina,OK
LN001450,F,F3,OK,renewable_energy,36,14800,14800,OK,29.31,29.31,OK,622.7,11/18/2021,12/19/2021,OK,Charged Off,7205.17,5043.62,2161.55,9756.38,817,OK,817,5.86,5.86,OK,193600,6 years,6 years,RENT,NY,New York,OK
LN002866,E,E5,OK,educational,36,15400,15400,OK,23.37,23.37,OK,599.1,5/31/2021,7/1/2021,OK,Fully Paid,21789.63,15400,6389.63,0,752,OK,752,21.82,21.82,OK,197200,3 years,3 years,RENT,CO,Colorado,OK
LN002507,E,E4,OK,vacation,36,2700,2700,OK,24.49,24.49,OK,106.62,5/10/2022,6/13/2022,OK,Charged Off,1227.63,859.34,368.29,1840.66,801,OK,801,42.44,42.44,OK,172400,5 years,5 years,OWN,SC,South Carolina,OK
LN002197,B,B5,OK,major_purchase,36,4100,4100,OK,10.98,10.98,OK,134.19,1/8/2022,2/9/2022,OK,Late (31-120 Days),1073.52,751.46,322.06,0,735,OK,735,41.52,41.52,OK,61200,1 year,1 year,MORTGAGE,KS,Kansas,OK
LN002290,D,D3,OK,debt_consolidation,36,19600,19600,OK,21.11,21.11,OK,739.54,8/25/2022,9/29/2022,OK,Default,2958.16,2070.71,887.45,0,602,OK,602,33.67,33.67,OK,85400,3 years,3 years,RENT,IL,Illinois,OK
LN001205,D,D3,OK,major_purchase,60,4300,4300,OK,21.05,21.05,OK,116.45,3/9/2022,4/6/2022,OK,Current,1863.2,1211.08,652.12,0,,NULL,,31.68,31.68,OK,166400,1 year,1 year,MORTGAGE,NY,New York,OK
LN003116,E,E4,OK,car,36,29400,29400,OK,26.17,26.17,OK,1187.21,6/12/2021,7/16/2021,OK,Fully Paid,43421.62,29400,14021.62,0,722,OK,722,15.46,15.46,OK,169500,< 1 year,< 1 year,MORTGAGE,TN,Tennessee,OK
LN001407,G,G4,OK,moving,36,9700,9700,OK,34.45,34.45,OK,435.78,9/18/2023,10/21/2023,OK,Charged Off,987.56,691.29,296.27,9008.71,662,OK,662,22.93,22.93,OK,151100,6 years,6 years,MORTGAGE,HI,Hawaii,OK
LN002132,F,F2,OK,debt_consolidation,36,6800,6800,OK,29.38,29.38,OK,286.37,4/28/2021,5/27/2021,OK,Fully Paid,10504.94,6800,3704.94,0,647,OK,647,42.48,42.48,OK,172600,6 years,6 years,MORTGAGE,MT,Montana,OK
LN002759,B,B3,OK,major_purchase,36,7000,7000,OK,10.26,10.26,OK,226.73,3/7/2023,4/4/2023,OK,Current,7935.55,5158.11,2777.44,0,631,OK,631,28.06,28.06,OK,152900,10+ years,10+ years,RENT,IA,Iowa,OK
LN002207,D,D1,OK,major_purchase,60,36300,36300,OK,20.78,20.78,OK,977.55,10/27/2023,11/24/2023,OK,Default,9775.5,6842.85,2932.65,0,736,OK,736,20.16,20.16,OK,109200,< 1 year,< 1 year,RENT,NJ,New Jersey,OK
LN001752,D,D3,OK,credit_card,60,18500,18500,OK,18.23,18.23,OK,472.1,12/26/2022,1/29/2023,OK,Current,10858.3,7057.89,3800.4,0,716,OK,716,18.52,18.52,OK,212800,3 years,3 years,MORTGAGE,AK,Alaska,OK
LN003319,A,A1,OK,major_purchase,36,10100,10100,OK,5.16,5.16,OK,303.43,6/20/2022,7/20/2022,OK,Current,9102.9,5916.89,3186.01,0,678,OK,678,8.36,8.36,OK,183600,7 years,7 years,RENT,NH,New Hampshire,OK
LN000260,D,D1,OK,small_business,36,6400,6400,OK,19.49,19.49,OK,236.19,10/18/2023,11/18/2023,OK,Current,3542.85,2302.85,1240,0,671,OK,671,33.14,33.14,OK,145900,,MISSING,OWN,IN,Indiana,OK
LN001601,C,C1,OK,renewable_energy,60,19900,19900,OK,14.11,14.11,OK,464.17,10/28/2023,11/27/2023,OK,Current,3713.36,2413.68,1299.68,0,701,OK,701,31.36,31.36,OK,125700,7 years,7 years,RENT,SC,South Carolina,OK
LN001832,G,G1,OK,major_purchase,36,7700,7700,OK,-34.76,,NEGATIVE_RATE,347.27,6/26/2022,7/24/2022,OK,Fully Paid,12423.46,7700,4723.46,0,748,OK,748,12.4,12.4,OK,63500,3 years,3 years,RENT,CA,California,OK
LN003245,B,B3,OK,educational,36,35200,35200,OK,11.15,11.15,OK,1154.9,9/12/2023,10/14/2023,OK,Fully Paid,41523.21,35200,6323.21,0,663,OK,663,30.09,30.09,OK,89200,7 years,7 years,RENT,RI,Rhode Island,OK
LN000813,A,A4,OK,home_improvement,36,,,FLAGGED,7.98,7.98,OK,137.84,7/26/2021,8/23/2021,OK,Fully Paid,4900.25,4400,500.25,0,757,OK,757,8.75,8.75,OK,212800,3 years,3 years,RENT,NJ,New Jersey,OK
LN002592,C,C4,OK,renewable_energy,36,37500,37500,OK,14.93,14.93,OK,1298.66,11/19/2022,12/21/2022,OK,Current,27271.86,17726.71,9545.15,0,716,OK,716,16.44,16.44,OK,80400,7 years,7 years,RENT,OK,Oklahoma,OK
LN002118,E,E1,OK,major_purchase,60,9500,9500,OK,-23.32,,NEGATIVE_RATE,269.56,11/6/2022,12/7/2022,OK,Fully Paid,16309.02,9500,6809.02,0,732,OK,732,36.07,36.07,OK,49800,< 1 year,< 1 year,OWN,LA,Louisiana,OK
LN001547,B,B5,OK,credit_card,36,38600,38600,OK,11.75,11.75,OK,1277.47,7/21/2023,8/18/2023,OK,Fully Paid,46067.53,38600,7467.53,0,706,OK,706,6.66,6.66,OK,226800,7 years,7 years,MORTGAGE,IL,Illinois,OK
LN001624,B,B4,OK,small_business,60,14100,14100,OK,11.34,11.34,OK,308.96,11/22/2021,12/22/2021,OK,Fully Paid,18378.79,14100,4278.79,0,722,OK,722,43.51,43.51,OK,140300,7 years,7 years,MORTGAGE,IA,Iowa,OK
LN003428,G,G4,OK,major_purchase,36,20200,20200,OK,33.89,33.89,OK,901.12,3/19/2023,4/18/2023,OK,Late (31-120 Days),6307.84,4415.49,1892.35,0,587,OK,587,18.49,18.49,OK,201200,4 years,4 years,RENT,LA,Louisiana,OK
LN001974,A,A1,OK,vacation,60,12600,12600,OK,7.41,7.41,OK,251.94,5/4/2021,6/7/2021,OK,Current,9573.72,6222.92,3350.8,0,788,OK,788,11.13,11.13,OK,35300,5 years,5 years,OTHER,MI,Michigan,OK
LN002802,C,C2,OK,medical,60,30500,30500,OK,16.08,16.08,OK,743,10/17/2021,11/16/2021,OK,Fully Paid,45231.42,30500,14731.42,0,757,OK,757,22.22,22.22,OK,94700,5 years,5 years,MORTGAGE,CA,California,OK
LN003266,A,A5,OK,small_business,60,32800,32800,OK,6.1,6.1,OK,635.64,1/6/2023,2/10/2023,OK,Charged Off,7430.78,5201.55,2229.23,27598.45,724,OK,724,39.84,39.84,OK,63500,7 years,7 years,OWN,CO,Colorado,OK
LN002620,B,B2,OK,major_purchase,36,15500,15500,OK,9.96,9.96,OK,499.85,9/10/2023,10/12/2023,OK,Fully Paid,17947.37,15500,2447.37,0,622,OK,622,5.87,5.87,OK,49300,5 years,5 years,RENT,MT,Montana,OK
LN001379,A,A3,OK,wedding,36,30900,30900,OK,7.35,7.35,OK,959.05,2/15/2022,3/20/2022,OK,Fully Paid,34882.45,30900,3982.45,0,652,OK,652,33.5,33.5,OK,232700,8 years,8 years,RENT,KS,Kansas,OK
LN003453,A,A2,OK,renewable_energy,36,8900,8900,OK,5.58,5.58,OK,269.06,10/29/2023,11/27/2023,OK,Charged Off,872.18,610.53,261.65,8289.47,647,OK,647,43.94,43.94,OK,160000,10+ years,10+ years,MORTGAGE,WY,Wyoming,OK
LN003134,A,A1,OK,moving,36,,,FLAGGED,7.73,7.73,OK,752.21,1/29/2023,2/28/2023,OK,Charged Off,3874.86,2712.4,1162.46,21387.6,770,OK,770,44.83,44.83,OK,150100,3 years,3 years,MORTGAGE,AL,Alabama,OK
LN001238,C,C5,OK,moving,60,28900,28900,OK,14.66,14.66,OK,682.38,4/29/2022,5/27/2022,OK,Current,21836.16,14193.5,7642.66,0,793,OK,793,27.05,27.05,OK,64600,3 years,3 years,OWN,NE,Nebraska,OK
LN003433,B,B5,OK,renewable_energy,60,29100,29100,OK,9.38,9.38,OK,609.45,12/27/2022,1/24/2023,OK,Fully Paid,35996.03,29100,6896.03,0,,NULL,,33.52,33.52,OK,196200,1 year,1 year,MORTGAGE,MS,Mississippi,OK
LN001072,F,F5,OK,wedding,36,17100,17100,OK,30.84,30.84,OK,733.81,5/12/2022,6/12/2022,OK,Charged Off,3679.16,2575.41,1103.75,14524.59,746,OK,746,39.09,39.09,OK,118900,7 years,7 years,MORTGAGE,MT,Montana,OK
LN002847,F,F2,OK,home_improvement,36,9100,9100,OK,29.31,29.31,OK,382.88,7/3/2021,8/3/2021,OK,Fully Paid,13733.74,9100,4633.74,0,694,OK,694,22.89,22.89,OK,200900,4 years,4 years,OWN,SC,South Carolina,OK
LN001746,C,C1,OK,renewable_energy,36,12300,12300,OK,15.8,15.8,OK,431.22,8/13/2023,9/17/2023,OK,Fully Paid,15783.3,12300,3483.3,0,641,OK,641,37.88,37.88,OK,189800,6 years,6 years,RENT,MI,Michigan,OK
LN002141,A,A1,OK,home_improvement,36,22300,22300,OK,5.13,5.13,OK,669.65,3/21/2022,4/18/2022,OK,Late (31-120 Days),2008.95,1406.26,602.68,0,806,OK,806,10.81,10.81,OK,120500,7 years,7 years,OWN,LA,Louisiana,OK
LN003499,F,F1,OK,home_improvement,36,24700,24700,OK,27.72,27.72,OK,1017.95,6/22/2022,7/20/2022,OK,Charged Off,9484.48,6639.14,2845.34,18060.86,,BELOW_MIN,161,42.08,42.08,OK,111600,2 years,2 years,RENT,ID,Idaho,OK
LN001919,A,A2,OK,educational,36,,,FLAGGED,6.44,6.44,OK,820.66,4/10/2021,5/11/2021,OK,Current,6565.28,4267.43,2297.85,0,717,OK,717,41.63,41.63,OK,191400,4 years,4 years,MORTGAGE,NY,New York,OK
LN001862,A,A4,OK,moving,60,11600,11600,OK,7.66,7.66,OK,233.32,7/18/2022,8/21/2022,OK,Fully Paid,13734.45,11600,2134.45,0,644,OK,644,20.53,20.53,OK,179400,5 years,5 years,MORTGAGE,PA,Pennsylvania,OK
LN001726,C,C5,OK,renewable_energy,60,2200,2200,OK,12.69,12.69,OK,49.71,4/30/2023,6/1/2023,OK,Current,646.23,420.05,226.18,0,808,OK,808,41.47,41.47,OK,86600,5 years,5 years,MORTGAGE,NE,Nebraska,OK
LN002958,C,C1,OK,credit_card,60,1200,1200,OK,12.89,12.89,OK,27.24,7/11/2021,8/12/2021,OK,Charged Off,333.06,233.14,99.92,966.86,599,OK,599,38.08,38.08,OK,89700,10+ years,10+ years,RENT,WA,Washington,OK
LN000109,A,A4,OK,wedding,36,33300,33300,OK,6.55,6.55,OK,1021.37,5/12/2022,6/12/2022,OK,Current,21448.77,13941.7,7507.07,0,689,OK,689,5.06,5.06,OK,169500,2 years,2 years,OWN,TX,Texas,OK
LN001085,B,B1,OK,small_business,60,,,FLAGGED,11.61,11.61,OK,379.22,4/1/2022,5/1/2022,OK,Charged Off,6367.88,4457.52,1910.36,12742.48,600,OK,600,14.26,14.26,OK,138200,,MISSING,MORTGAGE,WI,Wisconsin,OK
LN001651,C,C3,OK,car,36,35700,35700,OK,13.8,13.8,OK,1216.68,9/24/2022,10/28/2022,OK,Current,24333.6,15816.84,8516.76,0,725,OK,725,36,36,OK,183400,2 years,2 years,MORTGAGE,KS,Kansas,OK
LN001378,D,D5,OK,home_improvement,60,3500,3500,OK,18.93,18.93,OK,90.66,12/25/2023,1/25/2024,OK,Charged Off,1946.96,1362.87,584.09,2137.13,619,OK,619,36.54,36.54,OK,217100,7 years,7 years,RENT,CA,California,OK
LN000319,C,C2,OK,medical,60,14500,14500,OK,13.33,13.33,OK,332.37,6/19/2021,7/20/2021,OK,Current,18612.72,12098.27,6514.45,0,738,OK,738,19.24,19.24,OK,68600,1 year,1 year,RENT,TX,Texas,OK
LN000817,A,A1,OK,major_purchase,36,3600,3600,OK,5.41,5.41,OK,108.56,4/29/2023,6/3/2023,OK,Charged Off,1113.94,779.76,334.18,2820.24,657,OK,657,25.02,25.02,OK,73000,2 years,2 years,RENT,WY,Wyoming,OK
LN000060,D,D3,OK,moving,36,21800,21800,OK,17.47,17.47,OK,782.34,2/20/2022,3/21/2022,OK,Charged Off,2498.42,1748.89,749.53,20051.11,793,OK,793,11.16,11.16,OK,144500,5 years,5 years,RENT,NM,New Mexico,OK
LN000894,B,B2,OK,moving,60,38900,38900,OK,11.33,11.33,OK,852.2,7/14/2023,8/13/2023,OK,Fully Paid,52001.15,38900,13101.15,0,781,OK,781,11.49,11.49,OK,228700,2 years,2 years,OWN,MS,Mississippi,OK
LN001420,A,A2,OK,credit_card,60,17900,17900,OK,5.71,5.71,OK,343.65,3/16/2021,4/17/2021,OK,Charged Off,1184.44,829.11,355.33,17070.89,707,OK,707,17.29,17.29,OK,184200,3 years,3 years,RENT,MA,Massachusetts,OK
LN001371,F,F1,OK,renewable_energy,60,25900,25900,OK,29.25,29.25,OK,826.06,8/31/2021,10/2/2021,OK,Fully Paid,49094.72,25900,23194.72,0,589,OK,589,17.08,17.08,OK,155400,< 1 year,< 1 year,RENT,MS,Mississippi,OK
LN001296,D,D1,OK,medical,60,4300,4300,OK,17.24,17.24,OK,107.42,10/13/2022,11/16/2022,OK,Fully Paid,6490.97,4300,2190.97,0,635,OK,635,43.79,43.79,OK,29900,2 years,2 years,MORTGAGE,DE,Delaware,OK
LN002551,C,C4,OK,renewable_energy,60,23800,23800,OK,16.04,16.04,OK,579.28,10/18/2023,11/19/2023,OK,Fully Paid,34828.44,23800,11028.44,0,610,OK,610,24.18,24.18,OK,151500,10+ years,10+ years,MORTGAGE,KS,Kansas,OK
LN001967,C,C2,OK,small_business,36,18800,18800,OK,15.35,15.35,OK,654.94,8/5/2022,9/7/2022,OK,Default,5894.46,4126.12,1768.34,0,762,OK,762,13.67,13.67,OK,141000,4 years,4 years,MORTGAGE,AZ,Arizona,OK
LN000766,C,C3,OK,medical,36,16400,16400,OK,16.27,16.27,OK,578.76,10/12/2023,11/13/2023,OK,Current,10417.68,6771.49,3646.19,0,714,OK,714,40.72,40.72,OK,155600,7 years,7 years,OWN,AR,Arkansas,OK
LN002485,A,A1,OK,debt_consolidation,60,14000,14000,OK,5.07,5.07,OK,264.65,11/13/2021,12/13/2021,OK,Current,5028.35,3268.43,1759.92,0,787,OK,787,44.11,44.11,OK,106100,6 years,6 years,RENT,WI,Wisconsin,OK
LN001980,E,E4,OK,moving,36,6100,6100,OK,24.92,24.92,OK,242.28,8/14/2021,9/15/2021,OK,Current,1938.24,1259.86,678.38,0,646,OK,646,20.28,20.28,OK,80100,2 years,2 years,MORTGAGE,KY,Kentucky,OK
LN000913,C,C3,OK,credit_card,60,37200,37200,OK,14.45,14.45,OK,874.28,11/10/2021,12/14/2021,OK,Current,50708.24,32960.36,17747.88,0,816,OK,816,31.7,31.7,OK,42200,6 years,6 years,MORTGAGE,TN,Tennessee,OK
LN001221,A,A4,OK,small_business,60,25800,25800,OK,6.44,6.44,OK,504.08,10/22/2022,11/23/2022,OK,Fully Paid,30645.14,25800,4845.14,0,775,OK,775,17.89,17.89,OK,99900,2 years,2 years,MORTGAGE,NC,North Carolina,OK
LN003090,A,A5,OK,debt_consolidation,60,12900,12900,OK,6.54,6.54,OK,252.65,7/9/2021,8/10/2021,OK,Current,1263.25,821.11,442.14,0,777,OK,777,28.65,28.65,OK,217000,,MISSING,OWN,WY,Wyoming,OK
LN000728,A,A2,OK,car,36,15100,15100,OK,6.59,6.59,OK,463.42,10/22/2021,10/12/2021,DATE_SEQUENCE_ERROR,Charged Off,1661.78,1163.25,498.53,13936.75,592,OK,592,30.85,30.85,OK,70400,2 years,2 years,RENT,AZ,Arizona,OK
LN001642,C,C3,OK,educational,36,26300,26300,OK,13.58,13.58,OK,893.52,9/29/2021,11/2/2021,OK,Charged Off,12288.3,8601.81,3686.49,17698.19,709,OK,709,11.68,11.68,OK,210700,4 years,4 years,RENT,AL,Alabama,OK
LN002554,B,B4,OK,major_purchase,60,29900,29900,OK,9.76,9.76,OK,631.76,10/1/2021,11/4/2021,OK,Fully Paid,37771.93,29900,7871.93,0,590,OK,590,36.43,36.43,OK,118600,,MISSING,OWN,MA,Massachusetts,OK
LN000221,F,F3,OK,debt_consolidation,60,25100,25100,OK,29.62,29.62,OK,806.22,11/26/2023,12/27/2023,OK,Default,1612.44,1128.71,483.73,0,643,OK,643,31.27,31.27,OK,134100,5 years,5 years,MORTGAGE,WV,West Virginia,OK
LN002671,D,D2,OK,major_purchase,60,6300,6300,OK,17.43,17.43,OK,158.03,12/5/2021,1/2/2022,OK,Fully Paid,9426.19,6300,3126.19,0,656,OK,656,39.39,39.39,OK,30800,6 years,6 years,RENT,OR,Oregon,OK
LN000583,A,A5,OK,small_business,36,26700,26700,OK,7.15,7.15,OK,826.25,6/28/2023,8/2/2023,OK,Fully Paid,29158.96,26700,2458.96,0,616,OK,616,22.83,22.83,OK,188500,6 years,6 years,RENT,MI,Michigan,OK
LN001056,B,B5,OK,small_business,36,38000,38000,OK,11.97,11.97,OK,1261.6,3/8/2021,4/5/2021,OK,Default,6308,4415.6,1892.4,0,785,OK,785,39.53,39.53,OK,68600,9 years,9 years,MORTGAGE,IA,Iowa,OK
LN001193,E,E5,OK,medical,36,16700,16700,OK,23.7,23.7,OK,652.56,5/6/2021,6/4/2021,OK,Charged Off,6755.71,4729,2026.71,11971,768,OK,768,34.75,34.75,OK,226900,2 years,2 years,MORTGAGE,ME,Maine,OK
LN000908,B,B2,OK,renewable_energy,36,31200,31200,OK,9.18,9.18,OK,994.77,3/26/2023,4/28/2023,OK,Fully Paid,36475.46,31200,5275.46,0,650,OK,650,10.62,10.62,OK,189400,1 year,1 year,MORTGAGE,UT,Utah,OK
LN000057,C,C4,OK,credit_card,36,21900,21900,OK,13.83,13.83,OK,746.68,7/7/2021,8/5/2021,OK,Current,17920.32,11648.21,6272.11,0,685,OK,685,32.75,32.75,OK,143000,7 years,7 years,OWN,WI,Wisconsin,OK
LN000188,E,E2,OK,small_business,60,2600,2600,OK,24.52,24.52,OK,75.58,9/30/2021,11/2/2021,OK,Current,604.64,393.02,211.62,0,692,OK,692,39.61,39.61,OK,73000,,MISSING,RENT,WV,West Virginia,OK
LN002125,A,A3,OK,medical,36,34300,34300,OK,7.76,7.76,OK,1071.04,10/28/2021,11/28/2021,OK,Late (31-120 Days),9639.36,6747.55,2891.81,0,664,OK,664,43.19,43.19,OK,47100,5 years,5 years,MORTGAGE,OR,Oregon,OK
LN002081,G,G2,OK,small_business,36,7300,7300,OK,35.58,35.58,OK,332.62,9/26/2022,10/31/2022,OK,Late (31-120 Days),2328.34,1629.84,698.5,0,692,OK,692,42.49,42.49,OK,201300,< 1 year,< 1 year,RENT,TN,Tennessee,OK
LN002426,A,A1,OK,vacation,36,4400,4400,OK,6.15,6.15,OK,134.16,1/28/2022,2/25/2022,OK,Late (31-120 Days),804.96,563.47,241.49,0,691,OK,691,15.12,15.12,OK,60100,5 years,5 years,MORTGAGE,MI,Michigan,OK
LN003345,D,D3,OK,major_purchase,36,5400,5400,OK,19.54,19.54,OK,199.42,11/15/2021,12/16/2021,OK,Current,1794.78,1166.61,628.17,0,657,OK,657,31.02,31.02,OK,150900,1 year,1 year,RENT,NJ,New Jersey,OK
LN001806,D,D2,OK,major_purchase,60,34500,34500,OK,21.55,21.55,OK,944.05,4/20/2021,5/24/2021,OK,Charged Off,16195.85,11337.09,4858.76,23162.91,809,OK,809,13.03,13.03,OK,30200,1 year,1 year,RENT,WA,Washington,OK
LN001256,D,D4,OK,home_improvement,36,29400,29400,OK,19.69,19.69,OK,1087.97,5/8/2022,6/7/2022,OK,Current,35903.01,23336.96,12566.05,0,670,OK,670,33.57,33.57,OK,247300,< 1 year,< 1 year,MORTGAGE,RI,Rhode Island,OK
LN000469,B,B1,OK,renewable_energy,36,6300,6300,OK,9.89,9.89,OK,202.96,2/12/2023,3/13/2023,OK,Fully Paid,7275.82,6300,975.82,0,757,OK,757,28.62,28.62,OK,66600,8 years,8 years,MORTGAGE,HI,Hawaii,OK
LN001150,A,A3,OK,credit_card,36,32000,32000,OK,5.22,5.22,OK,962.23,2/27/2021,4/1/2021,OK,Fully Paid,34512.51,32000,2512.51,0,625,OK,625,39.52,39.52,OK,238700,2 years,2 years,MORTGAGE,NH,New Hampshire,OK
LN003309,B,B2,OK,vacation,36,,,FLAGGED,9.05,9.05,OK,1145.63,5/3/2023,6/5/2023,OK,Current,30932.01,20105.81,10826.2,0,609,OK,609,9.19,9.19,OK,162100,1 year,1 year,RENT,VA,Virginia,OK
LN002242,B,B3,OK,major_purchase,36,20000,20000,OK,11.83,11.83,OK,662.66,12/7/2023,1/7/2024,OK,Fully Paid,23962.43,20000,3962.43,0,763,OK,763,35.36,35.36,OK,214000,8 years,8 years,MORTGAGE,WY,Wyoming,OK
LN000227,E,E5,OK,debt_consolidation,36,17200,17200,OK,26.64,26.64,OK,698.88,7/5/2022,8/5/2022,OK,Current,6289.92,4088.45,2201.47,0,819,OK,819,24.85,24.85,OK,160600,8 years,8 years,RENT,MA,Massachusetts,OK
LN000536,D,D4,OK,credit_card,36,30200,30200,OK,18.45,18.45,OK,1098.63,4/19/2023,5/19/2023,OK,Fully Paid,39242.07,30200,9042.07,0,675,OK,675,17.13,17.13,OK,224000,< 1 year,< 1 year,RENT,PA,Pennsylvania,OK
LN000906,C,C5,OK,car,60,15200,15200,OK,12.7,12.7,OK,343.52,9/12/2022,10/16/2022,OK,Fully Paid,20941.77,15200,5741.77,0,687,OK,687,40.75,40.75,OK,216600,,MISSING,MORTGAGE,MD,Maryland,OK
LN000922,G,G2,OK,medical,36,12000,12000,OK,32.58,32.58,OK,526.52,7/7/2023,6/28/2023,DATE_SEQUENCE_ERROR,Fully Paid,18591.38,12000,6591.38,0,736,OK,736,24.33,24.33,OK,204700,4 years,4 years,MORTGAGE,OR,Oregon,OK
LN002601,B,B4,OK,moving,36,17600,17600,OK,11.09,11.09,OK,576.95,2/25/2022,3/26/2022,OK,Fully Paid,20772.84,17600,3172.84,0,615,OK,615,15.04,15.04,OK,147800,10+ years,10+ years,RENT,NM,New Mexico,OK
LN003300,B,B2,OK,educational,36,23000,23000,OK,9.62,9.62,OK,738.05,7/24/2023,8/24/2023,OK,Fully Paid,26472,23000,3472,0,597,OK,597,16.8,16.8,OK,115300,,MISSING,RENT,TX,Texas,OK
LN003408,B,B1,OK,vacation,60,15800,15800,OK,10.66,10.66,OK,340.86,1/5/2023,2/8/2023,OK,Charged Off,6878.04,4814.63,2063.41,10985.37,760,OK,760,21.12,21.12,OK,114100,6 years,6 years,OWN,AZ,Arizona,OK
LN003350,A,A4,OK,renewable_energy,36,26300,26300,OK,6.42,6.42,OK,805.11,12/26/2023,1/23/2024,OK,Current,5635.77,3663.25,1972.52,0,646,OK,646,39.82,39.82,OK,185100,< 1 year,< 1 year,OWN,KY,Kentucky,OK
LN000698,G,G5,OK,debt_consolidation,36,,,FLAGGED,32.06,32.06,OK,854.32,10/19/2023,11/20/2023,OK,Charged Off,10334.43,7234.1,3100.33,12365.9,759,OK,759,24.97,24.97,OK,211700,4 years,4 years,RENT,OH,Ohio,OK
LN002936,F,F5,OK,small_business,36,38500,38500,OK,28.85,28.85,OK,1610.23,4/28/2023,6/2/2023,OK,Fully Paid,58741.45,38500,20241.45,0,772,OK,772,31.92,31.92,OK,111200,2 years,2 years,RENT,LA,Louisiana,OK
LN000211,B,B2,OK,car,36,4000,4000,OK,11.9,11.9,OK,132.67,10/18/2021,11/17/2021,OK,Current,1061.36,689.88,371.48,0,,BELOW_MIN,129,41.85,41.85,OK,237800,4 years,4 years,MORTGAGE,NJ,New Jersey,OK
LN002877,D,D1,OK,medical,36,,,FLAGGED,20.25,20.25,OK,268.5,6/15/2022,7/14/2022,OK,Late (31-120 Days),1879.5,1315.65,563.85,0,806,OK,806,41.25,41.25,OK,214000,< 1 year,< 1 year,RENT,TN,Tennessee,OK
LN000070,B,B3,OK,debt_consolidation,60,34700,34700,OK,9.89,9.89,OK,735.4,10/20/2021,11/17/2021,OK,Charged Off,14823.48,10376.44,4447.04,24323.56,770,OK,770,43.94,43.94,OK,228400,10+ years,10+ years,MORTGAGE,WY,Wyoming,OK
LN000735,B,B1,OK,medical,60,20300,20300,OK,10.74,10.74,OK,438.74,10/3/2022,11/4/2022,OK,Current,20182.04,13118.33,7063.71,0,719,OK,719,40.97,40.97,OK,209000,10+ years,10+ years,MORTGAGE,ID,Idaho,OK
LN001695,E,E1,OK,moving,36,,,FLAGGED,25.88,25.88,OK,1045.89,7/2/2022,8/5/2022,OK,Fully Paid,37753.87,26000,11753.87,0,,BELOW_MIN,255,35.02,35.02,OK,181200,10+ years,10+ years,MORTGAGE,MN,Minnesota,OK
LN001293,G,G1,OK,renewable_energy,36,23400,23400,OK,35.6,35.6,OK,1066.48,11/25/2023,12/28/2023,OK,Current,6398.88,4159.27,2239.61,0,582,OK,582,11.32,11.32,OK,196000,8 years,8 years,MORTGAGE,QQ,,INVALID_STATE
LN003265,F,F4,OK,wedding,60,33700,33700,OK,30.65,30.65,OK,1103.8,9/19/2023,10/22/2023,OK,Fully Paid,65075.07,33700,31375.07,0,687,OK,687,5.79,5.79,OK,155400,7 years,7 years,OWN,AR,Arkansas,OK
LN003148,F,F5,OK,educational,36,15900,15900,OK,28.75,28.75,OK,664.14,4/18/2021,4/8/2021,DATE_SEQUENCE_ERROR,Fully Paid,24023.29,15900,8123.29,0,676,OK,676,6.5,6.5,OK,78400,3 years,3 years,RENT,ID,Idaho,OK
LN000377,D,D3,OK,debt_consolidation,36,26500,26500,OK,-19.72,,NEGATIVE_RATE,981.06,12/28/2022,1/25/2023,OK,Current,33356.04,21681.43,11674.61,0,640,OK,640,13.67,13.67,OK,219800,5 years,5 years,OWN,RI,Rhode Island,OK
LN000437,C,C2,OK,medical,36,30600,30600,OK,13.39,13.39,OK,1036.79,9/30/2021,10/30/2021,OK,Late (31-120 Days),1036.79,725.75,311.04,0,686,OK,686,44.21,44.21,OK,41400,10+ years,10+ years,MORTGAGE,NC,North Carolina,OK
LN002415,B,B1,OK,major_purchase,36,25600,25600,OK,10.92,10.92,OK,837.14,7/23/2021,8/27/2021,OK,Current,6697.12,4353.13,2343.99,0,697,OK,697,17.03,17.03,OK,55300,10+ years,10+ years,MORTGAGE,IN,Indiana,OK
LN001905,C,C2,OK,credit_card,60,16400,16400,OK,13.62,13.62,OK,378.38,5/4/2022,6/6/2022,OK,Charged Off,8813,6169.1,2643.9,10230.9,624,OK,624,32.01,32.01,OK,80600,4 years,4 years,MORTGAGE,NH,New Hampshire,OK
LN003348,E,E2,OK,medical,60,4400,4400,OK,23.71,23.71,OK,125.84,1/5/2022,2/6/2022,OK,Charged Off,424.57,297.2,127.37,4102.8,671,OK,671,35.58,35.58,OK,63100,10+ years,10+ years,MORTGAGE,GA,Georgia,OK
LN000209,E,E3,OK,credit_card,36,1400,1400,OK,24.16,24.16,OK,55.04,2/19/2022,3/23/2022,OK,Charged Off,304.01,212.81,91.2,1187.19,739,OK,739,14.7,14.7,OK,175800,6 years,6 years,OWN,WY,Wyoming,OK
LN001581,B,B2,OK,renewable_energy,36,34000,34000,OK,10.35,10.35,OK,1102.68,4/19/2022,5/17/2022,OK,Fully Paid,39935.44,34000,5935.44,0,644,OK,644,40.3,40.3,OK,83100,10+ years,10+ years,MORTGAGE,CO,Colorado,OK
LN000566,B,B1,OK,major_purchase,36,,,FLAGGED,9,9,OK,216.24,6/19/2023,7/24/2023,OK,Fully Paid,7811.32,6800,1011.32,0,775,OK,775,19.4,19.4,OK,37100,2 years,2 years,RENT,IA,Iowa,OK
LN000314,E,E3,OK,renewable_energy,36,31000,31000,OK,23.4,23.4,OK,1206.47,4/23/2021,5/21/2021,OK,Current,8445.29,5489.44,2955.85,0,815,OK,815,8.61,8.61,OK,141500,8 years,8 years,MORTGAGE,PA,Pennsylvania,OK
LN000602,C,C2,OK,moving,60,14100,14100,OK,14.02,14.02,OK,328.23,2/27/2023,3/31/2023,OK,Charged Off,3614.26,2529.98,1084.28,11570.02,735,OK,735,24.23,24.23,OK,161400,1 year,1 year,OWN,GA,Georgia,OK
LN000234,A,A1,OK,small_business,36,14400,14400,OK,5.68,5.68,OK,435.99,1/9/2023,2/10/2023,OK,Charged Off,1916.95,1341.87,575.09,13058.13,758,OK,758,31.7,31.7,OK,60100,7 years,7 years,MORTGAGE,NE,Nebraska,OK
LN003117,E,E3,OK,medical,60,30300,30300,OK,25.11,25.11,OK,891.3,10/6/2022,11/5/2022,OK,Fully Paid,54296.83,30300,23996.83,0,805,OK,805,28.2,28.2,OK,94800,5 years,5 years,RENT,GA,Georgia,OK
LN003267,B,B4,OK,moving,36,11700,11700,OK,8.88,8.88,OK,371.4,7/10/2022,8/10/2022,OK,Fully Paid,13594.35,11700,1894.35,0,607,OK,607,11.84,11.84,OK,121600,8 years,8 years,OTHER,MA,Massachusetts,OK
LN002911,D,D2,OK,debt_consolidation,36,28500,28500,OK,19.9,19.9,OK,1057.71,2/6/2023,3/6/2023,OK,Late (31-120 Days),5288.55,3701.98,1586.57,0,815,OK,815,19.84,19.84,OK,78000,< 1 year,< 1 year,RENT,CT,Connecticut,OK
LN001115,E,E3,OK,home_improvement,36,8500,8500,OK,25.2,25.2,OK,338.86,4/29/2021,6/3/2021,OK,Fully Paid,12209.8,8500,3709.8,0,776,OK,776,8.06,8.06,OK,96900,9 years,9 years,RENT,SC,South Carolina,OK
LN000013,C,C1,OK,credit_card,60,4000,4000,OK,13.42,13.42,OK,91.87,1/30/2021,2/27/2021,OK,Current,643.09,418.01,225.08,0,711,OK,711,14.52,14.52,OK,223800,2 years,2 years,RENT,OR,Oregon,OK
LN000112,E,E1,OK,educational,60,24400,24400,OK,22.67,22.67,OK,683.23,10/16/2021,11/16/2021,OK,Fully Paid,40501.01,24400,16101.01,0,590,OK,590,17.62,17.62,OK,152000,5 years,5 years,OTHER,OH,Ohio,OK
LN002250,B,G2,GRADE_MISMATCH,credit_card,36,35000,35000,OK,10.94,10.94,OK,1144.86,4/21/2022,5/22/2022,OK,Charged Off,14622.81,10235.97,4386.84,24764.03,691,OK,691,199.05,,DTI_IMPOSSIBLE,157300,2 years,2 years,RENT,NH,New Hampshire,OK
LN001653,A,A3,OK,major_purchase,60,38500,38500,OK,6.35,6.35,OK,750.59,4/15/2023,5/19/2023,OK,Default,4503.54,3152.48,1351.06,0,707,OK,707,31.62,31.62,OK,239100,10+ years,10+ years,RENT,WI,Wisconsin,OK
LN002487,D,D3,OK,medical,36,21100,21100,OK,20.87,20.87,OK,793.54,7/28/2023,8/28/2023,OK,Fully Paid,28063.19,21100,6963.19,0,791,OK,791,14.25,14.25,OK,146700,2 years,2 years,MORTGAGE,NC,North Carolina,OK
LN001994,B,B2,OK,renewable_energy,60,31200,31200,OK,9.62,9.62,OK,657.09,6/12/2023,7/13/2023,OK,Charged Off,11145.84,7802.09,3343.75,23397.91,609,OK,609,35.24,35.24,OK,210700,8 years,8 years,OWN,NJ,New Jersey,OK
LN001660,B,B4,OK,wedding,36,1600,1600,OK,9.55,9.55,OK,51.29,7/7/2022,8/4/2022,OK,Charged Off,391.46,274.02,117.44,1325.98,777,OK,777,20.11,20.11,OK,226500,3 years,3 years,OWN,AL,Alabama,OK
LN001018,G,G2,OK,wedding,36,29600,29600,OK,32.16,32.16,OK,1291.84,9/10/2022,10/11/2022,OK,Fully Paid,45823.93,29600,16223.93,0,,NULL,,20.63,20.63,OK,177300,< 1 year,< 1 year,MORTGAGE,DE,Delaware,OK
LN003027,C,C1,OK,car,36,34700,34700,OK,15.98,15.98,OK,1219.61,7/27/2021,8/24/2021,OK,Fully Paid,44032.95,34700,9332.95,0,723,OK,723,183.77,,DTI_IMPOSSIBLE,96100,6 years,6 years,RENT,OR,Oregon,OK
LN001152,F,F4,OK,car,60,31500,31500,OK,28.05,28.05,OK,981.73,11/7/2022,12/5/2022,OK,Charged Off,3170.1,2219.07,951.03,29280.93,803,OK,803,24.68,24.68,OK,219200,10+ years,10+ years,MORTGAGE,HI,Hawaii,OK
LN002853,E,E5,OK,renewable_energy,60,10900,10900,OK,22.82,22.82,OK,306.15,7/9/2021,8/11/2021,OK,Fully Paid,18652.1,10900,7752.1,0,808,OK,808,14.64,14.64,OK,223200,6 years,6 years,RENT,NY,New York,OK
LN000473,B,B4,OK,vacation,36,28700,28700,OK,9.7,9.7,OK,922.03,3/31/2022,4/28/2022,OK,Default,922.03,645.42,276.61,0,690,OK,690,40.21,40.21,OK,73700,4 years,4 years,RENT,MO,Missouri,OK
LN000491,A,A2,OK,small_business,36,9200,9200,OK,7.75,7.75,OK,287.23,8/30/2021,10/2/2021,OK,Current,8329.67,5414.29,2915.38,0,782,OK,782,6.36,6.36,OK,57800,9 years,9 years,MORTGAGE,NM,New Mexico,OK
LN002663,C,C1,OK,medical,60,12400,12400,OK,13.68,13.68,OK,286.47,2/4/2023,3/8/2023,OK,Charged Off,7350.84,5145.59,2205.25,7254.41,676,OK,676,19.46,19.46,OK,222800,< 1 year,< 1 year,MORTGAGE,PA,Pennsylvania,OK
LN002246,C,C2,OK,home_improvement,36,30600,30600,OK,13.33,13.33,OK,1035.91,6/1/2021,6/29/2021,OK,Fully Paid,36889.14,30600,6289.14,0,700,OK,700,37.98,37.98,OK,46700,< 1 year,< 1 year,MORTGAGE,MD,Maryland,OK
LN000832,C,C2,OK,debt_consolidation,36,32500,32500,OK,14.33,14.33,OK,1115.99,4/27/2022,5/31/2022,OK,Current,36827.67,23937.99,12889.68,0,793,OK,793,14.74,14.74,OK,177800,6 years,6 years,OWN,MT,Montana,OK
LN002806,C,C2,OK,wedding,36,28000,28000,OK,14.61,14.61,OK,965.29,6/24/2023,7/29/2023,OK,Current,33785.15,21960.35,11824.8,0,771,OK,771,28.82,28.82,OK,166800,10+ years,10+ years,MORTGAGE,NH,New Hampshire,OK
LN002534,B,B4,OK,moving,60,6900,6900,OK,10.2,10.2,OK,147.28,6/15/2022,7/20/2022,OK,Fully Paid,8830.22,6900,1930.22,0,766,OK,766,38.54,38.54,OK,44900,1 year,1 year,MORTGAGE,FL,Florida,OK
LN003261,C,C4,OK,educational,36,27600,27600,OK,12.52,12.52,OK,923.58,3/6/2023,4/4/2023,OK,Current,24936.66,16208.83,8727.83,0,693,OK,693,32.89,32.89,OK,213700,3 years,3 years,MORTGAGE,MO,Missouri,OK
LN002469,A,A3,OK,wedding,36,25000,25000,OK,5.25,5.25,OK,752.08,9/17/2021,10/15/2021,OK,Default,6768.72,4738.1,2030.62,0,698,OK,698,23.65,23.65,OK,30600,2 years,2 years,RENT,NJ,New Jersey,OK
LN003312,C,C3,OK,major_purchase,60,39200,39200,OK,13.21,13.21,OK,896.14,7/13/2021,8/10/2021,OK,Charged Off,11380.77,7966.54,3414.23,31233.46,,NULL,,6.38,6.38,OK,200500,7 years,7 years,RENT,WY,Wyoming,OK
LN003362,F,F1,OK,medical,60,37900,37900,OK,29.48,29.48,OK,1214.12,10/8/2022,11/6/2022,OK,Fully Paid,73426.18,37900,35526.18,0,635,OK,635,41.23,41.23,OK,73000,,MISSING,OWN,WY,Wyoming,OK
LN002995,E,E3,OK,debt_consolidation,60,37500,37500,OK,25.47,25.47,OK,1111.03,8/26/2023,9/30/2023,OK,Fully Paid,65343.94,37500,27843.94,0,779,OK,779,17.41,17.41,OK,248700,10+ years,10+ years,MORTGAGE,NV,Nevada,OK
LN002654,B,B3,OK,car,36,29400,29400,OK,8.72,8.72,OK,931.09,7/14/2022,8/12/2022,OK,Fully Paid,33999.4,29400,4599.4,0,681,OK,681,18.19,18.19,OK,141300,10+ years,10+ years,MORTGAGE,OH,Ohio,OK
LN003239,D,D2,OK,educational,60,33100,33100,OK,17.77,17.77,OK,836.39,10/13/2021,11/13/2021,OK,Fully Paid,49321.29,33100,16221.29,0,799,OK,799,26.7,26.7,OK,198700,6 years,6 years,RENT,HI,Hawaii,OK
LN001393,F,F1,OK,wedding,36,17700,17700,OK,28.55,28.55,OK,737.4,3/28/2021,4/25/2021,OK,Fully Paid,27065.46,17700,9365.46,0,772,OK,772,10.34,10.34,OK,25300,< 1 year,< 1 year,RENT,OR,Oregon,OK
LN000656,E,E3,OK,major_purchase,60,19500,19500,OK,25.84,25.84,OK,581.99,3/15/2022,4/17/2022,OK,Fully Paid,34606.45,19500,15106.45,0,,NULL,,20.36,20.36,OK,68500,1 year,1 year,MORTGAGE,DE,Delaware,OK
LN003206,E,E5,OK,educational,36,6300,6300,OK,25.45,25.45,OK,251.99,5/4/2023,6/8/2023,OK,Fully Paid,9015.34,6300,2715.34,0,680,OK,680,15.86,15.86,OK,200500,8 years,8 years,OWN,MS,Mississippi,OK
LN000362,E,E1,OK,small_business,60,34200,34200,OK,24.24,24.24,OK,988.63,12/10/2021,1/13/2022,OK,Charged Off,15059.25,10541.47,4517.77,23658.53,811,OK,811,17.62,17.62,OK,242700,1 year,1 year,RENT,NJ,New Jersey,OK
LN000136,E,E3,OK,wedding,36,13600,13600,OK,23.76,23.76,OK,531.85,6/16/2022,7/18/2022,OK,Fully Paid,19508.79,13600,5908.79,0,656,OK,656,35.85,35.85,OK,109900,7 years,7 years,OWN,NM,New Mexico,OK
LN001780,F,F5,OK,wedding,36,38000,38000,OK,30.46,30.46,OK,1622.75,2/20/2022,3/21/2022,OK,Current,43814.25,28479.26,15334.99,0,582,OK,582,39.07,39.07,OK,128700,6 years,6 years,RENT,NV,Nevada,OK
LN002603,D,D4,OK,wedding,60,13400,13400,OK,20.75,20.75,OK,360.63,12/11/2021,1/12/2022,OK,Current,21277.17,13830.16,7447.01,0,787,OK,787,10.88,10.88,OK,51100,5 years,5 years,OWN,VT,Vermont,OK
LN002011,C,C4,OK,home_improvement,36,6700,6700,OK,14.4,14.4,OK,230.29,6/27/2022,7/31/2022,OK,Fully Paid,8162.72,6700,1462.72,0,582,OK,582,14.38,14.38,OK,99800,6 years,6 years,OWN,NM,New Mexico,OK
LN002710,B,B4,OK,renewable_energy,36,7500,7500,OK,10.57,10.57,OK,244.02,2/23/2022,3/23/2022,OK,Charged Off,3725.07,2607.55,1117.52,4892.45,665,OK,665,43.98,43.98,OK,136500,10+ years,10+ years,OWN,NY,New York,OK
LN000367,A,A3,OK,home_improvement,60,17300,17300,OK,7.64,7.64,OK,347.81,10/6/2021,11/9/2021,OK,Default,1739.05,1217.33,521.71,0,693,OK,693,34.82,34.82,OK,137100,1 year,1 year,RENT,FL,Florida,OK
LN002228,A,A5,OK,small_business,60,18200,18200,OK,6.35,6.35,OK,354.83,5/7/2022,6/5/2022,OK,Current,6386.94,4151.51,2235.43,0,590,OK,590,39.26,39.26,OK,148500,6 years,6 years,RENT,ME,Maine,OK
LN002131,G,G2,OK,small_business,36,4800,4800,OK,33.17,33.17,OK,212.19,9/23/2023,10/26/2023,OK,Late (31-120 Days),2121.9,1485.33,636.57,0,642,OK,642,33.41,33.41,OK,153500,4 years,4 years,MORTGAGE,AZ,Arizona,OK
LN000030,C,C4,OK,major_purchase,36,16100,16100,OK,14.72,14.72,OK,555.91,10/23/2022,11/23/2022,OK,Charged Off,9131.92,6392.34,2739.58,9707.66,753,OK,753,34.93,34.93,OK,96200,6 years,6 years,RENT,OK,Oklahoma,OK
LN002993,A,A1,OK,moving,36,6500,6500,OK,7.75,7.75,OK,202.94,3/13/2023,4/16/2023,OK,Current,1826.46,1187.2,639.26,0,716,OK,716,247.32,,DTI_IMPOSSIBLE,221100,10+ years,10+ years,MORTGAGE,KS,Kansas,OK
LN000023,D,D3,OK,debt_consolidation,36,7600,7600,OK,20.19,20.19,OK,283.18,1/8/2022,2/9/2022,OK,Fully Paid,10170.76,7600,2570.76,0,760,OK,760,22.11,22.11,OK,28900,1 year,1 year,MORTGAGE,VT,Vermont,OK
LN001694,A,A3,OK,debt_consolidation,60,11800,11800,OK,5.74,5.74,OK,226.7,7/11/2022,8/13/2022,OK,Fully Paid,13495.39,11800,1695.39,0,,BELOW_MIN,185,41.32,41.32,OK,202800,10+ years,10+ years,RENT,MO,Missouri,OK
LN001284,B,B2,OK,wedding,36,,,FLAGGED,10.58,10.58,OK,719.14,11/7/2021,12/8/2021,OK,Current,20855.06,13555.79,7299.27,0,668,OK,668,10.26,10.26,OK,130300,3 years,3 years,OWN,DE,Delaware,OK
LN003032,C,C1,OK,home_improvement,36,4700,4700,OK,15.05,15.05,OK,163.04,11/4/2021,12/3/2021,OK,Fully Paid,5824.5,4700,1124.5,0,,ABOVE_MAX,913,8.79,8.79,OK,234200,< 1 year,< 1 year,RENT,WY,Wyoming,OK
LN001289,B,B1,OK,vacation,60,15100,15100,OK,10.97,10.97,OK,328.08,12/31/2021,2/3/2022,OK,Fully Paid,19779.19,15100,4679.19,0,670,OK,670,8.2,8.2,OK,187600,1 year,1 year,MORTGAGE,WA,Washington,OK
LN000696,A,A3,OK,debt_consolidation,36,24400,24400,OK,7.8,7.8,OK,762.36,11/15/2022,12/20/2022,OK,Current,7623.6,4955.34,2668.26,0,782,OK,782,43.8,43.8,OK,191400,3 years,3 years,MORTGAGE,NH,New Hampshire,OK
LN001335,E,E3,OK,home_improvement,60,28400,28400,OK,22.78,22.78,OK,797.02,1/10/2023,2/12/2023,OK,Fully Paid,47857.82,28400,19457.82,0,,NULL,,6.45,6.45,OK,87200,5 years,5 years,MORTGAGE,WA,Washington,OK
LN000701,B,B4,OK,medical,36,24200,24200,OK,10.43,10.43,OK,785.76,12/10/2022,1/8/2023,OK,Fully Paid,28252.93,24200,4052.93,0,611,OK,611,19.02,19.02,OK,215000,4 years,4 years,MORTGAGE,VA,Virginia,OK
LN000421,E,E4,OK,credit_card,36,,,FLAGGED,24,24,OK,757.19,3/30/2022,5/1/2022,OK,Fully Paid,27403.06,19300,8103.06,0,745,OK,745,8.63,8.63,OK,243900,10+ years,10+ years,RENT,NJ,New Jersey,OK
LN000683,A,A1,OK,small_business,36,19200,19200,OK,7.26,7.26,OK,595.13,7/10/2021,8/13/2021,OK,Charged Off,4280.83,2996.58,1284.25,16203.42,680,OK,680,34.03,34.03,OK,78000,8 years,8 years,RENT,NE,Nebraska,OK
LN002790,E,E1,OK,small_business,60,26600,26600,OK,22.99,22.99,OK,749.71,3/23/2021,4/23/2021,OK,Current,19492.46,12670.1,6822.36,0,775,OK,775,39.54,39.54,OK,105000,10+ years,10+ years,MORTGAGE,AB,,INVALID_STATE
LN000461,A,A2,OK,moving,36,10600,10600,OK,7.39,7.39,OK,329.19,3/26/2021,4/24/2021,OK,Fully Paid,12048.05,10600,1448.05,0,609,OK,609,37.75,37.75,OK,32100,5 years,5 years,RENT,MS,Mississippi,OK
LN000044,F,F4,OK,educational,36,10000,10000,OK,30.44,30.44,OK,426.93,11/13/2021,12/15/2021,OK,Current,14088.69,9157.65,4931.04,0,699,OK,699,22.42,22.42,OK,134900,3 years,3 years,RENT,CO,Colorado,OK
LN000088,A,A5,OK,medical,36,24200,24200,OK,6.02,6.02,OK,736.43,7/12/2022,8/14/2022,OK,Fully Paid,26325.25,24200,2125.25,0,725,OK,725,28.85,28.85,OK,46500,1 year,1 year,MORTGAGE,AR,Arkansas,OK
LN001457,C,C2,OK,debt_consolidation,36,15300,15300,OK,12.77,12.77,OK,513.82,8/18/2022,9/15/2022,OK,Current,17469.88,11355.42,6114.46,0,756,OK,756,28.66,28.66,OK,136400,1 year,1 year,RENT,LA,Louisiana,OK
LN003064,E,E5,OK,wedding,36,32900,32900,OK,24.75,24.75,OK,1303.75,4/3/2023,5/7/2023,OK,Default,1303.75,912.62,391.12,0,743,OK,743,21.91,21.91,OK,239000,< 1 year,< 1 year,MORTGAGE,ME,Maine,OK
LN001847,A,A5,OK,moving,36,30000,30000,OK,7.7,7.7,OK,935.94,5/28/2022,6/30/2022,OK,Charged Off,12710.06,8897.04,3813.02,21102.96,691,OK,691,36.12,36.12,OK,71600,9 years,9 years,RENT,OR,Oregon,OK
LN000562,A,A3,OK,wedding,36,34300,34300,OK,7.26,7.26,OK,1063.17,2/10/2022,3/14/2022,OK,Charged Off,11923.68,8346.58,3577.1,25953.42,617,OK,617,10.9,10.9,OK,151400,6 years,6 years,RENT,AL,Alabama,OK
LN000283,A,A3,OK,moving,36,10400,10400,OK,-6.56,,NEGATIVE_RATE,319.03,11/25/2022,12/25/2022,OK,Fully Paid,11502.09,10400,1102.09,0,603,OK,603,18.98,18.98,OK,112300,7 years,7 years,RENT,ME,Maine,OK
LN001079,A,A3,OK,debt_consolidation,36,20900,20900,OK,7.38,7.38,OK,648.97,2/28/2023,4/3/2023,OK,Fully Paid,23374.53,20900,2474.53,0,787,OK,787,21.1,21.1,OK,93600,2 years,2 years,MORTGAGE,WY,Wyoming,OK
LN001422,A,A5,OK,debt_consolidation,36,13700,13700,OK,6.18,6.18,OK,417.9,7/10/2022,8/9/2022,OK,Late (31-120 Days),835.8,585.06,250.74,0,817,OK,817,33.69,33.69,OK,218400,2 years,2 years,MORTGAGE,GA,Georgia,OK
LN003476,B,B4,OK,medical,60,,,FLAGGED,10.62,10.62,OK,88.37,9/23/2022,10/28/2022,OK,Current,3181.32,2067.86,1113.46,0,665,OK,665,18.01,18.01,OK,138300,1 year,1 year,MORTGAGE,VT,Vermont,OK
LN003416,B,B2,OK,vacation,60,11400,11400,OK,9.92,9.92,OK,241.77,4/21/2021,5/25/2021,OK,Default,1208.85,846.19,362.65,0,659,OK,659,26.55,26.55,OK,187700,,MISSING,MORTGAGE,DE,Delaware,OK
LN001399,C,C2,OK,moving,36,5900,5900,OK,12.52,12.52,OK,197.43,5/2/2021,5/30/2021,OK,Fully Paid,7016.35,5900,1116.35,0,642,OK,642,40.45,40.45,OK,121200,6 years,6 years,RENT,MN,Minnesota,OK
LN000466,A,A5,OK,debt_consolidation,60,6000,6000,OK,7.77,7.77,OK,121,6/1/2021,7/6/2021,OK,Fully Paid,7285.96,6000,1285.96,0,692,OK,692,31.94,31.94,OK,68900,2 years,2 years,RENT,MO,Missouri,OK
LN001048,C,C4,OK,educational,36,11400,11400,OK,14.35,14.35,OK,391.57,7/6/2022,8/9/2022,OK,Default,1566.28,1096.4,469.88,0,617,OK,617,40.88,40.88,OK,66400,3 years,3 years,RENT,NJ,New Jersey,OK
LN002541,C,C1,OK,renewable_energy,36,13000,13000,OK,15.21,15.21,OK,451.99,5/16/2021,6/16/2021,OK,Late (31-120 Days),1355.97,949.18,406.79,0,773,OK,773,39.79,39.79,OK,219400,7 years,7 years,RENT,NV,Nevada,OK
LN000860,E,E5,OK,educational,36,25600,25600,OK,26.22,26.22,OK,1034.44,11/25/2022,12/23/2022,OK,Fully Paid,37088.49,25600,11488.49,0,790,OK,790,34.01,34.01,OK,41300,4 years,4 years,MORTGAGE,NC,North Carolina,OK
LN000534,A,A5,OK,car,36,27500,27500,OK,7.34,7.34,OK,853.4,8/27/2021,9/28/2021,OK,Charged Off,11001.47,7701.03,3300.44,19798.97,692,OK,692,32.56,32.56,OK,225500,8 years,8 years,OWN,HI,Hawaii,OK
LN001652,G,G5,OK,vacation,36,21200,21200,OK,35.22,35.22,OK,961.65,12/9/2021,1/6/2022,OK,Current,5769.9,3750.43,2019.46,0,726,OK,726,40.2,40.2,OK,195800,1 year,1 year,OWN,AL,Alabama,OK
LN002934,B,B3,OK,vacation,60,24900,24900,OK,11.81,11.81,OK,551.5,10/4/2022,11/1/2022,OK,Fully Paid,32911.57,24900,8011.57,0,,NULL,,5.73,5.73,OK,60000,,MISSING,MORTGAGE,KY,Kentucky,OK
LN002067,D,D3,OK,small_business,36,26700,26700,OK,18.81,18.81,OK,976.15,7/16/2022,8/13/2022,OK,Charged Off,5371.77,3760.24,1611.53,22939.76,592,OK,592,37.27,37.27,OK,183200,5 years,5 years,RENT,NC,North Carolina,OK
LN003272,D,D4,OK,debt_consolidation,60,17900,17900,OK,17.75,17.75,OK,452.11,4/17/2021,5/20/2021,OK,Current,26674.49,17338.42,9336.07,0,602,OK,602,15.76,15.76,OK,118200,10+ years,10+ years,MORTGAGE,CT,Connecticut,OK
LN002819,C,C1,OK,vacation,36,17100,17100,OK,15.56,15.56,OK,597.48,3/19/2022,4/16/2022,OK,Fully Paid,21717.19,17100,4617.19,0,666,OK,666,29.74,29.74,OK,220400,1 year,1 year,OWN,SC,South Carolina,OK
LN003274,E,E2,OK,major_purchase,36,25000,25000,OK,23.19,23.19,OK,970.22,10/10/2021,11/9/2021,OK,Fully Paid,35475.01,25000,10475.01,0,817,OK,817,33.97,33.97,OK,172500,9 years,9 years,MORTGAGE,AZ,Arizona,OK
LN002628,C,C2,OK,car,36,23100,23100,OK,13.05,13.05,OK,778.89,12/16/2023,1/19/2024,OK,Fully Paid,27972.76,23100,4872.76,0,763,OK,763,9.24,9.24,OK,75500,8 years,8 years,RENT,NC,North Carolina,OK
LN002539,F,F1,OK,home_improvement,60,28000,28000,OK,28.69,28.69,OK,883.5,5/8/2023,6/10/2023,OK,Fully Paid,52543.55,28000,24543.55,0,583,OK,583,35.4,35.4,OK,111900,8 years,8 years,RENT,ID,Idaho,OK
LN001197,B,B5,OK,vacation,60,36100,36100,OK,11.6,11.6,OK,795.75,11/8/2022,12/13/2022,OK,Fully Paid,47192.28,36100,11092.28,0,769,OK,769,33.88,33.88,OK,177400,7 years,7 years,RENT,KS,Kansas,OK
LN002093,E,E3,OK,small_business,60,15200,15200,OK,25.92,25.92,OK,454.38,12/4/2022,1/4/2023,OK,Current,22719,14767.35,7951.65,0,741,OK,741,22.17,22.17,OK,247000,4 years,4 years,RENT,DE,Delaware,OK
LN003013,D,D5,OK,moving,36,8900,8900,OK,18.79,18.79,OK,325.29,3/12/2023,4/13/2023,OK,Charged Off,2897.36,2028.15,869.21,6871.85,687,OK,687,12.47,12.47,OK,193800,10+ years,10+ years,OTHER,AR,Arkansas,OK
LN001345,B,B1,OK,car,36,33500,33500,OK,11.27,11.27,OK,1101.04,7/3/2023,8/7/2023,OK,Current,19818.72,12882.17,6936.55,0,597,OK,597,39.2,39.2,OK,71900,,MISSING,RENT,UT,Utah,OK
LN000904,G,G5,OK,home_improvement,36,27100,27100,OK,32.78,32.78,OK,1192.09,12/22/2022,1/22/2023,OK,Current,17881.35,11622.88,6258.47,0,767,OK,767,34.78,34.78,OK,240200,6 years,6 years,RENT,ND,North Dakota,OK
LN000638,B,B1,OK,credit_card,36,38200,38200,OK,11.56,11.56,OK,1260.77,1/16/2021,2/20/2021,OK,Fully Paid,45113.4,38200,6913.4,0,726,OK,726,39.62,39.62,OK,136000,6 years,6 years,MORTGAGE,HI,Hawaii,OK
LN003131,B,B2,OK,vacation,60,1900,1900,OK,8.55,8.55,OK,39.03,10/29/2021,11/30/2021,OK,Fully Paid,2313.17,1900,413.17,0,611,OK,611,16.93,16.93,OK,174800,5 years,5 years,MORTGAGE,CT,Connecticut,OK
LN003078,D,D4,OK,vacation,36,,,FLAGGED,17.32,17.32,OK,71.62,8/23/2023,9/25/2023,OK,Fully Paid,2540.75,2000,540.75,0,820,OK,820,22.97,22.97,OK,35000,10+ years,10+ years,RENT,MD,Maryland,OK
LN003401,F,F3,OK,educational,36,30300,30300,OK,29.54,29.54,OK,1278.66,11/20/2021,12/19/2021,OK,Fully Paid,45730.07,30300,15430.07,0,721,OK,721,17.48,17.48,OK,171300,8 years,8 years,MORTGAGE,HI,Hawaii,OK
LN003170,F,F1,OK,medical,36,27700,27700,OK,31.3,31.3,OK,1195.72,8/20/2023,9/18/2023,OK,Current,4782.88,3108.87,1674.01,0,723,OK,723,31.09,31.09,OK,177400,5 years,5 years,OWN,AL,Alabama,OK
LN000943,B,B2,OK,vacation,36,1500,1500,OK,10.69,10.69,OK,48.89,6/2/2023,7/6/2023,OK,Fully Paid,1778.85,1500,278.85,0,612,OK,612,198.73,,DTI_IMPOSSIBLE,116300,< 1 year,< 1 year,RENT,HI,Hawaii,OK
LN003459,C,C3,OK,moving,36,29600,29600,OK,13.81,13.81,OK,1008.93,7/18/2021,8/18/2021,OK,Fully Paid,36283.64,29600,6683.64,0,586,OK,586,16.94,16.94,OK,109800,8 years,8 years,RENT,IN,Indiana,OK
LN001135,C,C2,OK,major_purchase,36,32100,32100,OK,12.85,12.85,OK,1079.26,8/10/2023,9/7/2023,OK,Fully Paid,39140.73,32100,7040.73,0,598,OK,598,190.28,,DTI_IMPOSSIBLE,112100,1 year,1 year,RENT,IN,Indiana,OK
LN001949,C,C2,OK,debt_consolidation,60,21200,21200,OK,15.64,15.64,OK,511.5,8/10/2023,9/7/2023,OK,Fully Paid,30980.21,21200,9780.21,0,727,OK,727,24.02,24.02,OK,88500,2 years,2 years,RENT,FL,Florida,OK
LN002901,E,E1,OK,moving,36,13700,13700,OK,24.86,24.86,OK,543.7,5/23/2023,6/25/2023,OK,Late (31-120 Days),4349.6,3044.72,1304.88,0,595,OK,595,42.65,42.65,OK,149600,2 years,2 years,MORTGAGE,CT,Connecticut,OK
LN000888,F,F2,OK,renewable_energy,36,16500,16500,OK,28.15,28.15,OK,683.84,4/29/2022,5/31/2022,OK,Fully Paid,25031.71,16500,8531.71,0,777,OK,777,19.21,19.21,OK,81200,10+ years,10+ years,MORTGAGE,DE,Delaware,OK
LN003414,C,C3,OK,educational,36,30700,30700,OK,15.9,15.9,OK,1077.81,7/14/2022,8/18/2022,OK,Fully Paid,38461.5,30700,7761.5,0,745,OK,745,27.06,27.06,OK,166800,10+ years,10+ years,OWN,AK,Alaska,OK
LN000686,B,B3,OK,wedding,60,23000,23000,OK,-8.64,,NEGATIVE_RATE,473.43,5/8/2022,6/11/2022,OK,Fully Paid,28970.52,23000,5970.52,0,735,OK,735,8,8,OK,87400,6 years,6 years,OTHER,CT,Connecticut,OK
LN002014,B,B4,OK,major_purchase,60,1900,1900,OK,11.23,11.23,OK,41.53,1/5/2023,2/7/2023,OK,Fully Paid,2509.84,1900,609.84,0,726,OK,726,22.89,22.89,OK,137900,2 years,2 years,RENT,WA,Washington,OK
LN000790,A,A5,OK,moving,60,2400,2400,OK,6.8,6.8,OK,47.3,2/24/2022,3/24/2022,OK,Default,425.7,297.99,127.71,0,717,OK,717,36.96,36.96,OK,27700,5 years,5 years,MORTGAGE,MS,Mississippi,OK
LN001898,B,B4,OK,car,60,30500,30500,OK,11.27,11.27,OK,667.26,8/12/2022,9/12/2022,OK,Charged Off,6739.79,4717.85,2021.94,25782.15,614,OK,614,37.99,37.99,OK,133200,10+ years,10+ years,MORTGAGE,NV,Nevada,OK
LN001165,D,D5,OK,car,60,31600,31600,OK,20.58,20.58,OK,847.44,12/31/2022,2/1/2023,OK,Charged Off,6652.66,4656.86,1995.8,26943.14,613,OK,613,16.93,16.93,OK,163300,10+ years,10+ years,MORTGAGE,OK,Oklahoma,OK
LN001201,B,B2,OK,educational,36,11600,11600,OK,9.05,9.05,OK,369.15,7/13/2023,8/17/2023,OK,Fully Paid,13423.71,11600,1823.71,0,615,OK,615,7.14,7.14,OK,61500,1 year,1 year,RENT,CT,Connecticut,OK
LN002772,B,E3,GRADE_MISMATCH,home_improvement,60,17200,17200,OK,9.59,9.59,OK,361.99,2/12/2022,3/13/2022,OK,Current,17375.52,11294.09,6081.43,0,750,OK,750,33.16,33.16,OK,219200,6 years,6 years,RENT,WV,West Virginia,OK
LN003463,A,A5,OK,small_business,36,7000,7000,OK,7.02,7.02,OK,216.2,1/19/2023,2/22/2023,OK,Charged Off,2993.76,2095.63,898.13,4904.37,605,OK,605,35.26,35.26,OK,235600,10+ years,10+ years,OWN,ID,Idaho,OK
LN001819,A,A1,OK,small_business,36,3000,3000,OK,5.17,5.17,OK,90.14,9/21/2023,10/24/2023,OK,Current,270.42,175.77,94.65,0,763,OK,763,29.14,29.14,OK,132200,3 years,3 years,MORTGAGE,ID,Idaho,OK
LN000273,D,D1,OK,car,36,33400,33400,OK,21.19,21.19,OK,1261.61,12/27/2022,1/25/2023,OK,Current,39109.91,25421.44,13688.47,0,697,OK,697,31.34,31.34,OK,231500,1 year,1 year,OWN,ND,North Dakota,OK
LN001468,A,A2,OK,vacation,36,34300,34300,OK,6.4,6.4,OK,1049.7,3/25/2023,4/26/2023,OK,Current,4198.8,2729.22,1469.58,0,753,OK,753,10.36,10.36,OK,166200,9 years,9 years,RENT,OH,Ohio,OK
LN000522,F,F3,OK,renewable_energy,36,26700,26700,OK,27.63,27.63,OK,1099.08,1/18/2022,2/16/2022,OK,Fully Paid,38955.92,26700,12255.92,0,638,OK,638,9.83,9.83,OK,116700,5 years,5 years,OTHER,MN,Minnesota,OK
LN000523,E,E5,OK,small_business,60,36300,36300,OK,26.43,26.43,OK,1096.1,12/13/2022,1/11/2023,OK,Current,33979.1,22086.42,11892.68,0,784,OK,784,23.29,23.29,OK,70400,10+ years,10+ years,MORTGAGE,SC,South Carolina,OK
LN001845,D,D2,OK,renewable_energy,60,25700,25700,OK,19.42,19.42,OK,672.63,10/24/2023,11/22/2023,OK,Fully Paid,40209.28,25700,14509.28,0,754,OK,754,28.38,28.38,OK,216500,6 years,6 years,RENT,MI,Michigan,OK
LN000351,B,B4,OK,vacation,60,1000,1000,OK,11.04,11.04,OK,21.76,12/10/2023,1/11/2024,OK,Charged Off,334.69,234.28,100.41,765.72,807,OK,807,17.07,17.07,OK,148000,10+ years,10+ years,RENT,MA,Massachusetts,OK
LN001323,G,G5,OK,credit_card,60,21800,21800,OK,32.59,32.59,OK,740.37,2/11/2021,3/14/2021,OK,Current,40720.35,26468.23,14252.12,0,,ABOVE_MAX,975,8.39,8.39,OK,180700,3 years,3 years,RENT,MI,Michigan,OK
LN003391,A,A1,OK,educational,36,6100,6100,OK,5.73,5.73,OK,184.83,2/26/2023,4/1/2023,OK,Fully Paid,6754.66,6100,654.66,0,580,OK,580,6.49,6.49,OK,138100,5 years,5 years,RENT,WA,Washington,OK
LN002808,B,B3,OK,vacation,36,25400,25400,OK,10.19,10.19,OK,821.85,2/14/2021,3/17/2021,OK,Charged Off,3474.62,2432.23,1042.39,22967.77,616,OK,616,13.89,13.89,OK,137200,5 years,5 years,OWN,MO,Missouri,OK
LN001262,A,A4,OK,renewable_energy,36,20200,20200,OK,5.7,5.7,OK,611.78,3/9/2021,4/7/2021,OK,Current,16518.06,10736.74,5781.32,0,761,OK,761,15.11,15.11,OK,134600,1 year,1 year,RENT,OK,Oklahoma,OK
LN000652,B,B4,OK,medical,36,6200,6200,OK,10.95,10.95,OK,202.83,2/26/2021,3/28/2021,OK,Fully Paid,7405.53,6200,1205.53,0,741,OK,741,249.8,,DTI_IMPOSSIBLE,118900,1 year,1 year,OWN,LA,Louisiana,OK
LN002214,C,C3,OK,moving,36,25500,25500,OK,16.27,16.27,OK,899.91,2/20/2023,3/24/2023,OK,Fully Paid,32048.03,25500,6548.03,0,776,OK,776,8.53,8.53,OK,40800,4 years,4 years,RENT,MI,Michigan,OK
LN003102,A,A4,OK,vacation,36,5700,5700,OK,7.14,7.14,OK,176.36,9/24/2023,10/28/2023,OK,Charged Off,2317.69,1622.38,695.31,4077.62,648,OK,648,20.65,20.65,OK,27200,10+ years,10+ years,MORTGAGE,IA,Iowa,OK
LN003334,E,D2,GRADE_MISMATCH,renewable_energy,36,22100,22100,OK,24.1,24.1,OK,868.21,1/11/2023,2/13/2023,OK,Charged Off,12078.99,8455.29,3623.7,13644.71,761,OK,761,168.95,,DTI_IMPOSSIBLE,154800,4 years,4 years,OWN,MT,Montana,OK
LN001877,E,E5,OK,car,36,38700,38700,OK,24.02,24.02,OK,1518.72,1/28/2023,2/25/2023,OK,Current,45561.6,29615.04,15946.56,0,,BELOW_MIN,169,31.46,31.46,OK,173400,10+ years,10+ years,MORTGAGE,NJ,New Jersey,OK
LN001603,B,B2,OK,major_purchase,36,4700,4700,OK,10.8,10.8,OK,153.43,12/22/2022,1/26/2023,OK,Current,3528.89,2293.78,1235.11,0,797,OK,797,21.19,21.19,OK,30200,< 1 year,< 1 year,OWN,IL,Illinois,OK
LN002044,E,E1,OK,credit_card,36,15500,15500,OK,25.94,25.94,OK,624.01,4/14/2023,5/18/2023,OK,Current,3744.06,2433.64,1310.42,0,767,OK,767,13.66,13.66,OK,85900,5 years,5 years,OWN,NC,North Carolina,OK
LN001585,C,C5,OK,renewable_energy,36,31700,31700,OK,16.04,16.04,OK,1115.1,6/17/2021,7/21/2021,OK,Current,14496.3,9422.59,5073.7,0,784,OK,784,23.89,23.89,OK,185500,1 year,1 year,MORTGAGE,ND,North Dakota,OK
LN000169,B,B5,OK,small_business,60,37500,37500,OK,8.76,8.76,OK,774.08,8/23/2021,9/24/2021,OK,Fully Paid,46838.05,37500,9338.05,0,742,OK,742,11.17,11.17,OK,184500,3 years,3 years,RENT,AL,Alabama,OK
LN003339,B,B2,OK,credit_card,60,22800,22800,OK,10.22,10.22,OK,486.9,5/22/2021,6/19/2021,OK,Current,19962.9,12975.89,6987.02,0,684,OK,684,233.99,,DTI_IMPOSSIBLE,33000,4 years,4 years,MORTGAGE,MA,Massachusetts,OK
LN000963,A,A3,OK,moving,60,2200,2200,OK,-6.47,,NEGATIVE_RATE,43.01,6/19/2023,7/19/2023,OK,Fully Paid,2553.64,2200,353.64,0,658,OK,658,15.52,15.52,OK,202300,3 years,3 years,RENT,WI,Wisconsin,OK
LN000946,A,A1,OK,medical,36,19900,19900,OK,6.31,6.31,OK,608.2,5/6/2021,6/5/2021,OK,Charged Off,9413.09,6589.16,2823.93,13310.84,749,OK,749,42.34,42.34,OK,102400,8 years,8 years,MORTGAGE,AZ,Arizona,OK
LN000463,A,A1,OK,car,60,6700,6700,OK,5.23,5.23,OK,127.14,10/25/2021,11/29/2021,OK,Current,635.7,413.21,222.5,0,630,OK,630,9.31,9.31,OK,235300,6 years,6 years,OWN,KY,Kentucky,OK
LN003444,D,D1,OK,small_business,36,1200,1200,OK,20.09,20.09,OK,44.65,10/25/2021,11/22/2021,OK,Fully Paid,1589.53,1200,389.53,0,785,OK,785,8.48,8.48,OK,83100,7 years,7 years,RENT,NM,New Mexico,OK
LN000329,E,E2,OK,educational,36,13800,13800,OK,26.73,26.73,OK,561.39,5/28/2023,6/26/2023,OK,Fully Paid,20126.81,13800,6326.81,0,604,OK,604,7.55,7.55,OK,218800,6 years,6 years,RENT,ZZ,,INVALID_STATE
LN001508,B,B4,OK,small_business,36,25100,25100,OK,8.57,8.57,OK,793.16,5/2/2023,6/6/2023,OK,Current,19829,12888.85,6940.15,0,596,OK,596,22.48,22.48,OK,73400,2 years,2 years,MORTGAGE,MS,Mississippi,OK
LN002025,D,D2,OK,small_business,36,22400,22400,OK,21.81,21.81,OK,853.27,6/1/2023,6/29/2023,OK,Current,17918.67,11647.14,6271.53,0,582,OK,582,29.06,29.06,OK,196600,7 years,7 years,OWN,NM,New Mexico,OK
LN000368,A,A5,OK,wedding,36,30000,30000,OK,6.84,6.84,OK,924.12,2/15/2023,3/18/2023,OK,Fully Paid,32637.67,30000,2637.67,0,600,OK,600,32.53,32.53,OK,220200,1 year,1 year,MORTGAGE,NM,New Mexico,OK
LN003110,C,C3,OK,home_improvement,60,36200,36200,OK,-13.06,,NEGATIVE_RATE,824.77,8/14/2023,9/15/2023,OK,Fully Paid,49741.92,36200,13541.92,0,589,OK,589,43.16,43.16,OK,35100,6 years,6 years,MORTGAGE,0,,INVALID_STATE
LN003407,C,C5,OK,renewable_energy,36,30800,30800,OK,15.44,15.44,OK,1074.34,1/3/2021,2/7/2021,OK,Current,26858.5,17458.03,9400.47,0,683,OK,683,31.87,31.87,OK,203600,7 years,7 years,RENT,CA,California,OK
LN002985,A,A3,OK,debt_consolidation,36,27100,27100,OK,-5.49,,NEGATIVE_RATE,818.19,5/4/2022,6/6/2022,OK,Current,25363.89,16486.53,8877.36,0,621,OK,621,18.78,18.78,OK,116600,2 years,2 years,RENT,FL,Florida,OK
LN001426,F,F3,OK,credit_card,60,24600,24600,OK,27.98,27.98,OK,765.64,5/30/2022,7/1/2022,OK,Current,29859.96,19408.97,10450.99,0,697,OK,697,12.98,12.98,OK,143500,10+ years,10+ years,MORTGAGE,AZ,Arizona,OK
LN000773,D,D5,OK,debt_consolidation,36,,,FLAGGED,20.3,20.3,OK,1123.23,6/23/2021,7/25/2021,OK,Current,34820.13,22633.08,12187.05,0,698,OK,698,5.69,5.69,OK,28600,5 years,5 years,MORTGAGE,NM,New Mexico,OK
LN002293,D,D5,OK,medical,36,8600,8600,OK,18.21,18.21,OK,311.82,2/14/2023,3/16/2023,OK,Current,3118.2,2026.83,1091.37,0,581,OK,581,29.18,29.18,OK,85100,10+ years,10+ years,MORTGAGE,KY,Kentucky,OK
LN003222,A,A1,OK,renewable_energy,36,14400,14400,OK,7.79,7.79,OK,449.85,5/26/2022,6/27/2022,OK,Current,7197.6,4678.44,2519.16,0,684,OK,684,14.99,14.99,OK,203200,5 years,5 years,MORTGAGE,ND,North Dakota,OK
LN002836,C,C4,OK,wedding,36,,,FLAGGED,14.7,14.7,OK,352.09,6/9/2023,7/12/2023,OK,Fully Paid,12614.92,10200,2414.92,0,663,OK,663,15.44,15.44,OK,192400,4 years,4 years,RENT,NH,New Hampshire,OK
LN000499,C,C1,OK,credit_card,36,3600,3600,OK,13.83,13.83,OK,122.74,5/27/2022,6/27/2022,OK,Charged Off,881.52,617.06,264.46,2982.94,735,OK,735,115.45,,DTI_IMPOSSIBLE,43600,< 1 year,< 1 year,OWN,ZZ,,INVALID_STATE
LN001235,D,D2,OK,medical,60,6500,6500,OK,18.16,18.16,OK,165.62,11/18/2022,12/23/2022,OK,Current,496.86,322.96,173.9,0,667,OK,667,12.46,12.46,OK,126800,< 1 year,< 1 year,RENT,OK,Oklahoma,OK
LN000436,D,D5,OK,home_improvement,36,29300,29300,OK,21.28,21.28,OK,1108.1,2/24/2021,3/25/2021,OK,Fully Paid,39926.34,29300,10626.34,0,800,OK,800,44.83,44.83,OK,218900,10+ years,10+ years,RENT,WA,Washington,OK
LN000366,C,C2,OK,home_improvement,36,,,FLAGGED,16.09,16.09,OK,1305.97,9/23/2022,10/23/2022,OK,Charged Off,20403.19,14282.23,6120.96,22817.77,777,OK,777,10.81,10.81,OK,89700,3 years,3 years,MORTGAGE,WA,Washington,OK
LN003412,C,C1,OK,vacation,36,31900,31900,OK,16.48,16.48,OK,1129.08,6/13/2021,7/16/2021,OK,Late (31-120 Days),2258.16,1580.71,677.45,0,610,OK,610,19.8,19.8,OK,248200,10+ years,10+ years,RENT,PA,Pennsylvania,OK
LN000277,C,C3,OK,educational,36,19000,19000,OK,14.75,14.75,OK,656.32,4/28/2021,6/1/2021,OK,Current,13782.72,8958.77,4823.95,0,804,OK,804,38.89,38.89,OK,30200,5 years,5 years,RENT,GA,Georgia,OK
LN003050,C,C4,OK,renewable_energy,60,21200,21200,OK,13.95,13.95,OK,492.74,3/11/2022,4/15/2022,OK,Late (31-120 Days),5912.88,4139.02,1773.86,0,615,OK,615,28.52,28.52,OK,220200,5 years,5 years,RENT,WI,Wisconsin,OK
LN001992,B,B5,OK,educational,36,30600,30600,OK,8.54,8.54,OK,966.53,7/6/2022,8/6/2022,OK,Fully Paid,35154.68,30600,4554.68,0,734,OK,734,23.15,23.15,OK,226800,,MISSING,RENT,NY,New York,OK
LN003419,E,E1,OK,medical,60,15100,15100,OK,25.33,25.33,OK,446.13,12/18/2023,1/20/2024,OK,Fully Paid,26701.61,15100,11601.61,0,696,OK,696,30.47,30.47,OK,37200,8 years,8 years,MORTGAGE,WA,Washington,OK
LN001538,D,D1,OK,medical,60,30700,30700,OK,19.52,19.52,OK,805.18,5/2/2022,6/3/2022,OK,Current,12882.88,8373.87,4509.01,0,739,OK,739,12.75,12.75,OK,125500,2 years,2 years,RENT,KS,Kansas,OK
LN001092,B,B1,OK,wedding,36,,,FLAGGED,11.01,11.01,OK,383.1,3/15/2021,4/12/2021,OK,Fully Paid,13704.08,11700,2004.08,0,694,OK,694,10.78,10.78,OK,75400,10+ years,10+ years,RENT,NE,Nebraska,OK
LN000845,B,B5,OK,wedding,36,4900,4900,OK,9.64,9.64,OK,157.28,7/22/2023,8/19/2023,OK,Fully Paid,5770.08,4900,870.08,0,743,OK,743,37.5,37.5,OK,66400,4 years,4 years,OTHER,CO,Colorado,OK
LN001566,D,D3,OK,medical,36,27700,27700,OK,18.31,18.31,OK,1005.73,2/26/2023,3/29/2023,OK,Charged Off,7420.79,5194.55,2226.24,22505.45,,NULL,,8.29,8.29,OK,209800,10+ years,10+ years,MORTGAGE,MN,Minnesota,OK
LN002597,C,C3,OK,wedding,36,30000,30000,OK,13.83,13.83,OK,1022.85,4/5/2021,5/7/2021,OK,Fully Paid,37283.55,30000,7283.55,0,741,OK,741,27.17,27.17,OK,147500,,MISSING,MORTGAGE,MD,Maryland,OK
LN001757,E,E2,OK,credit_card,60,31000,31000,OK,23.21,23.21,OK,877.65,1/10/2022,2/7/2022,OK,Fully Paid,53249.28,31000,22249.28,0,790,OK,790,19.33,19.33,OK,100700,1 year,1 year,OWN,TX,Texas,OK
LN001259,B,B2,OK,small_business,36,35300,35300,OK,11.84,11.84,OK,1169.77,12/18/2021,1/19/2022,OK,Fully Paid,41359.58,35300,6059.58,0,716,OK,716,13.41,13.41,OK,244100,10+ years,10+ years,MORTGAGE,NM,New Mexico,OK
LN001675,B,B5,OK,debt_consolidation,60,3400,3400,OK,10.09,10.09,OK,72.39,2/5/2022,3/7/2022,OK,Fully Paid,4391.93,3400,991.93,0,730,OK,730,27.19,27.19,OK,183700,6 years,6 years,MORTGAGE,IA,Iowa,OK
LN001424,A,A3,OK,home_improvement,60,17000,17000,OK,5.3,5.3,OK,323.15,8/30/2022,9/28/2022,OK,Default,1938.9,1357.23,581.67,0,705,OK,705,19.73,19.73,OK,59400,5 years,5 years,RENT,AR,Arkansas,OK
LN001340,C,C1,OK,moving,36,2700,2700,OK,14.38,14.38,OK,92.78,5/7/2022,6/5/2022,OK,Late (31-120 Days),835.02,584.51,250.51,0,697,OK,697,6.82,6.82,OK,101700,4 years,4 years,OWN,DE,Delaware,OK
LN002020,F,F3,OK,credit_card,36,11800,11800,OK,30.71,30.71,OK,505.53,4/6/2023,5/11/2023,OK,Fully Paid,18273,11800,6473,0,584,OK,584,41.16,41.16,OK,216100,3 years,3 years,MORTGAGE,MD,Maryland,OK
LN002733,A,A1,OK,vacation,36,12400,12400,OK,7.1,7.1,OK,383.44,7/14/2023,8/15/2023,OK,Fully Paid,14038.35,12400,1638.35,0,669,OK,669,20.08,20.08,OK,49100,< 1 year,< 1 year,RENT,CT,Connecticut,OK
LN001963,B,B2,OK,major_purchase,36,38400,38400,OK,10.72,10.72,OK,1252.08,1/25/2021,2/26/2021,OK,Fully Paid,45136.12,38400,6736.12,0,804,OK,804,30.95,30.95,OK,216500,2 years,2 years,MORTGAGE,GA,Georgia,OK
LN000945,B,B1,OK,car,60,11300,11300,OK,11.83,11.83,OK,250.39,1/6/2022,2/10/2022,OK,Fully Paid,15034.35,11300,3734.35,0,589,OK,589,23.76,23.76,OK,69700,1 year,1 year,RENT,MO,Missouri,OK
LN000200,D,E3,GRADE_MISMATCH,renewable_energy,36,13200,13200,OK,-19.47,,NEGATIVE_RATE,487,7/4/2023,8/2/2023,OK,Fully Paid,17628.83,13200,4428.83,0,598,OK,598,26.13,26.13,OK,29900,10+ years,10+ years,MORTGAGE,FL,Florida,OK
LN003388,A,A2,OK,wedding,36,31200,31200,OK,5.04,5.04,OK,935.65,5/31/2021,6/30/2021,OK,Fully Paid,34238.02,31200,3038.02,0,718,OK,718,38.14,38.14,OK,157800,5 years,5 years,MORTGAGE,RI,Rhode Island,OK
LN001321,A,A5,OK,car,36,,,FLAGGED,5.39,5.39,OK,322.57,7/3/2023,8/2/2023,OK,Fully Paid,11581.79,10700,881.79,0,793,OK,793,9.7,9.7,OK,146000,10+ years,10+ years,RENT,NE,Nebraska,OK
LN000802,B,B5,OK,educational,36,1600,1600,OK,8.63,8.63,OK,50.6,11/23/2021,12/21/2021,OK,Current,455.4,296.01,159.39,0,708,OK,708,20.92,20.92,OK,223600,< 1 year,< 1 year,RENT,AK,Alaska,OK
LN002169,A,A4,OK,major_purchase,60,4200,4200,OK,7.96,7.96,OK,85.08,3/23/2021,4/23/2021,OK,Fully Paid,5185.62,4200,985.62,0,712,OK,712,29.11,29.11,OK,70400,1 year,1 year,RENT,ND,North Dakota,OK
LN003036,C,C3,OK,home_improvement,60,34300,34300,OK,13.26,13.26,OK,785,7/8/2023,8/11/2023,OK,Current,11775,7653.75,4121.25,0,679,OK,679,27.63,27.63,OK,69500,9 years,9 years,RENT,LA,Louisiana,OK
LN002917,A,A2,OK,debt_consolidation,36,21100,21100,OK,6.94,6.94,OK,650.93,8/23/2023,9/25/2023,OK,Current,11716.74,7615.88,4100.86,0,589,OK,589,41.99,41.99,OK,34800,< 1 year,< 1 year,MORTGAGE,SD,South Dakota,OK
LN000232,A,A4,OK,wedding,36,26100,26100,OK,5.46,5.46,OK,787.64,7/23/2021,7/21/2021,DATE_SEQUENCE_ERROR,Fully Paid,27887.33,26100,1787.33,0,790,OK,790,31.48,31.48,OK,221700,2 years,2 years,RENT,HI,Hawaii,OK
LN001553,A,A5,OK,wedding,36,1500,1500,OK,7.36,7.36,OK,46.56,5/13/2021,6/16/2021,OK,Fully Paid,1698.38,1500,198.38,0,693,OK,693,6.59,6.59,OK,192800,4 years,4 years,RENT,MI,Michigan,OK
LN003161,A,A2,OK,small_business,60,37500,37500,OK,5.97,5.97,OK,724.46,4/11/2023,5/16/2023,OK,Current,29702.86,19306.86,10396,0,587,OK,587,41.79,41.79,OK,219700,2 years,2 years,OWN,WI,Wisconsin,OK
LN001968,A,A1,OK,medical,60,20800,20800,OK,5.3,5.3,OK,395.39,6/20/2023,7/19/2023,OK,Charged Off,8084.46,5659.12,2425.34,15140.88,587,OK,587,31.36,31.36,OK,41100,8 years,8 years,OWN,AZ,Arizona,OK
LN002006,A,A3,OK,credit_card,36,,,FLAGGED,5.73,5.73,OK,560.55,11/4/2023,12/2/2023,OK,Fully Paid,20084.99,18500,1584.99,0,820,OK,820,15.6,15.6,OK,242500,10+ years,10+ years,MORTGAGE,ME,Maine,OK
LN001564,B,B1,OK,debt_consolidation,36,12600,12600,OK,10.25,10.25,OK,408.05,12/5/2021,1/7/2022,OK,Current,9385.15,6100.35,3284.8,0,703,OK,703,123.59,,DTI_IMPOSSIBLE,134700,2 years,2 years,RENT,LA,Louisiana,OK
LN001331,C,C2,OK,renewable_energy,60,12500,12500,OK,12.92,12.92,OK,283.9,6/5/2023,7/3/2023,OK,Fully Paid,17133.22,12500,4633.22,0,767,OK,767,9.88,9.88,OK,242400,9 years,9 years,MORTGAGE,GA,Georgia,OK
LN003435,E,E3,OK,vacation,60,4700,4700,OK,22.73,22.73,OK,131.77,1/27/2022,3/2/2022,OK,Current,5797.88,3768.62,2029.26,0,746,OK,746,44.51,44.51,OK,132900,3 years,3 years,MORTGAGE,AZ,Arizona,OK
LN002026,B,B3,OK,home_improvement,36,36500,36500,OK,11.23,11.23,OK,1198.94,9/28/2023,10/28/2023,OK,Fully Paid,42750.42,36500,6250.42,0,619,OK,619,41.91,41.91,OK,115400,4 years,4 years,MORTGAGE,AR,Arkansas,OK
LN001993,D,D2,OK,debt_consolidation,36,,,FLAGGED,19.26,19.26,OK,978.55,11/13/2021,12/11/2021,OK,Late (31-120 Days),4892.75,3424.92,1467.83,0,598,OK,598,10.18,10.18,OK,181400,< 1 year,< 1 year,RENT,MT,Montana,OK
LN000105,A,A3,OK,debt_consolidation,60,20000,20000,OK,6.66,6.66,OK,392.82,10/19/2021,11/17/2021,OK,Current,14141.52,9191.99,4949.53,0,797,OK,797,9.99,9.99,OK,59300,8 years,8 years,RENT,NC,North Carolina,OK
LN002674,E,E3,OK,debt_consolidation,60,29800,29800,OK,25.25,25.25,OK,879.04,5/11/2021,6/15/2021,OK,Charged Off,10238.21,7166.75,3071.46,22633.25,653,OK,653,16.61,16.61,OK,104600,< 1 year,< 1 year,RENT,IL,Illinois,OK
LN001950,C,C5,OK,educational,36,34900,34900,OK,14.9,14.9,OK,1208.11,9/20/2023,10/25/2023,OK,Fully Paid,43584.68,34900,8684.68,0,725,OK,725,30.14,30.14,OK,129000,4 years,4 years,MORTGAGE,CO,Colorado,OK
LN001179,B,B5,OK,credit_card,60,27800,27800,OK,10.16,10.16,OK,592.86,2/9/2023,3/9/2023,OK,Current,33200.16,21580.1,11620.06,0,613,OK,613,35.31,35.31,OK,27700,,MISSING,RENT,NC,North Carolina,OK
LN001458,B,B2,OK,moving,60,4000,4000,OK,10.67,10.67,OK,86.31,10/5/2021,11/6/2021,OK,Fully Paid,5206.42,4000,1206.42,0,616,OK,616,10.77,10.77,OK,138400,6 years,6 years,OWN,PA,Pennsylvania,OK
LN001781,F,F5,OK,home_improvement,36,19900,19900,OK,31.17,31.17,OK,857.59,12/9/2023,1/10/2024,OK,Charged Off,10122.51,7085.76,3036.75,12814.24,609,OK,609,39.68,39.68,OK,84600,3 years,3 years,RENT,CO,Colorado,OK
LN002660,C,C2,OK,home_improvement,60,29800,29800,OK,15.29,15.29,OK,713.48,7/2/2023,8/4/2023,OK,Default,7134.8,4994.36,2140.44,0,773,OK,773,12.53,12.53,OK,31200,10+ years,10+ years,MORTGAGE,ME,Maine,OK
LN001243,B,B1,OK,car,36,3500,3500,OK,8.59,8.59,OK,110.63,12/6/2021,1/7/2022,OK,Current,2433.86,1582.01,851.85,0,715,OK,715,43.85,43.85,OK,127400,2 years,2 years,RENT,MO,Missouri,OK
LN002753,A,A4,OK,wedding,36,2100,2100,OK,7.67,7.67,OK,65.49,7/8/2023,8/6/2023,OK,Fully Paid,2400.64,2100,300.64,0,654,OK,654,41.23,41.23,OK,208500,9 years,9 years,MORTGAGE,GA,Georgia,OK
LN002171,A,A2,OK,debt_consolidation,60,24800,24800,OK,5.08,5.08,OK,468.92,9/11/2023,10/15/2023,OK,Fully Paid,27856.46,24800,3056.46,0,,BELOW_MIN,210,39.66,39.66,OK,120000,1 year,1 year,RENT,VA,Virginia,OK
LN002675,B,B2,OK,educational,60,35000,35000,OK,9.22,9.22,OK,730.29,2/14/2023,3/21/2023,OK,Current,10224.06,6645.64,3578.42,0,678,OK,678,35.08,35.08,OK,124200,5 years,5 years,MORTGAGE,NM,New Mexico,OK
LN001515,C,C1,OK,major_purchase,36,,,FLAGGED,14.01,14.01,OK,304.22,2/11/2022,3/11/2022,OK,Current,9735.04,6327.78,3407.26,0,,NULL,,14.08,14.08,OK,182000,< 1 year,< 1 year,RENT,ME,Maine,OK
LN002182,C,C2,OK,home_improvement,36,,,FLAGGED,16.19,16.19,OK,842.5,6/27/2021,7/25/2021,OK,Fully Paid,29921.41,23900,6021.41,0,,BELOW_MIN,126,6.67,6.67,OK,87400,3 years,3 years,RENT,NE,Nebraska,OK
LN003421,A,A2,OK,major_purchase,36,6500,6500,OK,6.91,6.91,OK,200.43,5/23/2022,6/25/2022,OK,Fully Paid,7270.51,6500,770.51,0,646,OK,646,7.09,7.09,OK,174900,3 years,3 years,MORTGAGE,SD,South Dakota,OK
LN000654,C,C1,OK,small_business,36,19600,19600,OK,13.62,13.62,OK,666.27,6/7/2022,7/10/2022,OK,Current,11992.86,7795.36,4197.5,0,661,OK,661,40.8,40.8,OK,99400,< 1 year,< 1 year,RENT,WV,West Virginia,OK
LN002479,A,A3,OK,major_purchase,36,23400,23400,OK,7.29,7.29,OK,725.63,3/6/2021,4/8/2021,OK,Charged Off,3154.86,2208.4,946.46,21191.6,715,OK,715,10.09,10.09,OK,176000,< 1 year,< 1 year,RENT,SC,South Carolina,OK
LN001346,E,E3,OK,credit_card,60,1300,1300,OK,24.69,24.69,OK,37.92,2/7/2022,3/12/2022,OK,Fully Paid,2280.56,1300,980.56,0,658,OK,658,35.89,35.89,OK,157600,1 year,1 year,MORTGAGE,CA,California,OK
LN003028,B,B4,OK,renewable_energy,36,7200,7200,OK,8.95,8.95,OK,228.79,2/2/2023,2/1/2023,DATE_SEQUENCE_ERROR,Charged Off,2363.45,1654.41,709.03,5545.59,734,OK,734,23.79,23.79,OK,45600,10+ years,10+ years,MORTGAGE,ID,Idaho,OK
LN000995,B,B1,OK,small_business,36,10200,10200,OK,11.51,11.51,OK,336.4,11/7/2023,12/8/2023,OK,Charged Off,4548.88,3184.22,1364.66,7015.78,764,OK,764,18.09,18.09,OK,185000,6 years,6 years,RENT,NY,New York,OK
LN000465,F,F3,OK,major_purchase,36,26600,26600,OK,30.62,30.62,OK,1138.26,8/14/2022,9/14/2022,OK,Charged Off,2329.77,1630.84,698.93,24969.16,789,OK,789,28.13,28.13,OK,30700,5 years,5 years,MORTGAGE,ME,Maine,OK
LN002829,B,B3,OK,debt_consolidation,60,23500,23500,OK,10.82,10.82,OK,508.84,5/24/2021,6/26/2021,OK,Fully Paid,29970.39,23500,6470.39,0,792,OK,792,17.48,17.48,OK,148200,< 1 year,< 1 year,MORTGAGE,PA,Pennsylvania,OK
LN002408,B,B5,OK,car,60,10600,10600,OK,9.77,9.77,OK,224.02,12/1/2021,12/30/2021,OK,Charged Off,4790.7,3353.49,1437.21,7246.51,705,OK,705,214.62,,DTI_IMPOSSIBLE,132300,5 years,5 years,MORTGAGE,ME,Maine,OK
LN002896,A,A3,OK,home_improvement,36,31400,31400,OK,5.72,5.72,OK,951.27,10/1/2023,11/5/2023,OK,Fully Paid,34067.12,31400,2667.12,0,710,OK,710,23.21,23.21,OK,142700,1 year,1 year,RENT,TX,Texas,OK
LN001850,C,C4,OK,car,36,34200,34200,OK,15.62,15.62,OK,1195.96,6/27/2021,7/29/2021,OK,Fully Paid,43538.27,34200,9338.27,0,781,OK,781,13.23,13.23,OK,192100,7 years,7 years,OWN,MN,Minnesota,OK
LN002289,B,B1,OK,medical,36,27700,27700,OK,8.95,8.95,OK,880.21,1/16/2023,2/19/2023,OK,Current,25526.09,16591.96,8934.13,0,703,OK,703,31.02,31.02,OK,76100,4 years,4 years,RENT,NY,New York,OK
LN002689,F,F5,OK,home_improvement,36,30200,30200,OK,31.31,31.31,OK,1303.8,6/2/2023,7/1/2023,OK,Current,18253.2,11864.58,6388.62,0,818,OK,818,43.5,43.5,OK,116300,1 year,1 year,MORTGAGE,AL,Alabama,OK
LN000213,F,F4,OK,educational,60,17700,17700,OK,28.77,28.77,OK,559.36,5/13/2022,6/14/2022,OK,Fully Paid,34157.06,17700,16457.06,0,614,OK,614,36.2,36.2,OK,69600,1 year,1 year,RENT,NJ,New Jersey,OK
LN001037,B,B4,OK,small_business,36,15800,15800,OK,11.64,11.64,OK,522.07,9/18/2021,10/22/2021,OK,Current,17228.31,11198.4,6029.91,0,586,OK,586,32.46,32.46,OK,124900,7 years,7 years,RENT,VA,Virginia,OK
LN003483,B,B3,OK,major_purchase,36,25600,25600,OK,10.26,10.26,OK,829.17,4/15/2021,5/13/2021,OK,Fully Paid,30399.57,25600,4799.57,0,706,OK,706,18.8,18.8,OK,144900,3 years,3 years,MORTGAGE,ME,Maine,OK
LN000901,E,E2,OK,renewable_energy,60,30500,30500,OK,24.33,24.33,OK,883.27,12/23/2023,1/23/2024,OK,Charged Off,5933.55,4153.48,1780.07,26346.52,692,OK,692,9.71,9.71,OK,139400,7 years,7 years,OWN,MI,Michigan,OK
LN001362,C,C3,OK,car,36,27900,27900,OK,15.54,15.54,OK,974.56,7/15/2023,8/14/2023,OK,Fully Paid,34449.48,27900,6549.48,0,664,OK,664,25.02,25.02,OK,77500,6 years,6 years,OWN,IN,Indiana,OK
LN001507,E,E2,OK,home_improvement,36,21200,21200,OK,26.84,26.84,OK,863.68,3/15/2021,4/14/2021,OK,Default,1727.36,1209.15,518.21,0,680,OK,680,28.4,28.4,OK,182400,6 years,6 years,MORTGAGE,OK,Oklahoma,OK
LN000742,B,B3,OK,vacation,36,24800,24800,OK,9.97,9.97,OK,799.88,7/28/2023,8/31/2023,OK,Charged Off,13687.3,9581.11,4106.19,15218.89,586,OK,586,43.3,43.3,OK,197400,1 year,1 year,RENT,MD,Maryland,OK
LN003164,B,B1,OK,wedding,36,17000,17000,OK,9.65,9.65,OK,545.75,7/18/2022,8/22/2022,OK,Charged Off,1955.82,1369.07,586.75,15630.93,613,OK,613,6.2,6.2,OK,150200,3 years,3 years,MORTGAGE,HI,Hawaii,OK
LN002793,B,B5,OK,home_improvement,60,25400,25400,OK,8.53,8.53,OK,521.49,10/2/2022,11/1/2022,OK,Charged Off,4299.97,3009.98,1289.99,22390.02,758,OK,758,38.01,38.01,OK,111800,10+ years,10+ years,RENT,OR,Oregon,OK
LN001861,B,B2,OK,debt_consolidation,36,35800,35800,OK,8.89,8.89,OK,1136.6,6/24/2023,7/29/2023,OK,Fully Paid,40257.62,35800,4457.62,0,656,OK,656,11.96,11.96,OK,66800,4 years,4 years,RENT,IA,Iowa,OK
LN000510,B,C2,GRADE_MISMATCH,renewable_energy,36,,,FLAGGED,11,11,OK,1181.87,2/19/2022,3/26/2022,OK,Charged Off,14655.66,10258.96,4396.7,25841.04,601,OK,601,16.63,16.63,OK,204100,< 1 year,< 1 year,MORTGAGE,MD,Maryland,OK
LN000598,B,B5,OK,debt_consolidation,60,,,FLAGGED,11.96,11.96,OK,777.85,10/30/2021,11/30/2021,OK,Current,21001.95,13651.27,7350.68,0,,ABOVE_MAX,894,17.87,17.87,OK,206100,7 years,7 years,RENT,NY,New York,OK
LN003213,A,A3,OK,educational,60,4000,4000,OK,6.19,6.19,OK,77.69,10/4/2021,11/6/2021,OK,Current,4039.88,2625.92,1413.96,0,698,OK,698,41.9,41.9,OK,76900,1 year,1 year,RENT,CT,Connecticut,OK
LN000982,E,E3,OK,educational,36,4000,4000,OK,24.63,24.63,OK,158.26,8/29/2023,9/29/2023,OK,Current,3639.98,2365.99,1273.99,0,671,OK,671,37.99,37.99,OK,222600,6 years,6 years,MORTGAGE,MA,Massachusetts,OK
LN002409,C,C5,OK,medical,36,32400,32400,OK,16.21,16.21,OK,1142.45,7/20/2021,8/22/2021,OK,Current,25133.9,16337.04,8796.86,0,635,OK,635,26.48,26.48,OK,177700,4 years,4 years,MORTGAGE,NM,New Mexico,OK
LN003168,A,A1,OK,vacation,36,16300,16300,OK,5.82,5.82,OK,494.55,5/29/2021,6/28/2021,OK,Charged Off,4508.26,3155.78,1352.48,13144.22,595,OK,595,29.06,29.06,OK,128400,5 years,5 years,MORTGAGE,OK,Oklahoma,OK
LN000519,B,B4,OK,credit_card,36,34000,34000,OK,9.71,9.71,OK,1092.46,1/22/2021,2/25/2021,OK,Fully Paid,38995.07,34000,4995.07,0,629,OK,629,23.77,23.77,OK,204400,2 years,2 years,RENT,UT,Utah,OK
LN002650,F,F1,OK,credit_card,60,9300,9300,OK,29.51,29.51,OK,298.09,8/11/2022,9/9/2022,OK,Charged Off,4532.29,3172.6,1359.69,6127.4,587,OK,587,37.38,37.38,OK,110600,7 years,7 years,OWN,MT,Montana,OK
LN000768,A,A2,OK,educational,36,24200,24200,OK,7.86,7.86,OK,756.78,2/3/2023,3/3/2023,OK,Charged Off,1659.29,1161.5,497.79,23038.5,651,OK,651,154.1,,DTI_IMPOSSIBLE,148000,9 years,9 years,RENT,LA,Louisiana,OK
LN002916,B,B2,OK,debt_consolidation,60,14300,14300,OK,8.69,8.69,OK,294.7,12/17/2023,12/9/2023,DATE_SEQUENCE_ERROR,Late (31-120 Days),1768.2,1237.74,530.46,0,816,OK,816,32.62,32.62,OK,158400,4 years,4 years,MORTGAGE,LA,Louisiana,OK
LN000422,E,E3,OK,renewable_energy,36,29300,29300,OK,22.68,22.68,OK,1129.31,11/20/2022,12/24/2022,OK,Current,24844.82,16149.13,8695.69,0,758,OK,758,20.6,20.6,OK,68700,7 years,7 years,RENT,CO,Colorado,OK
LN000124,A,A5,OK,small_business,36,16500,16500,OK,6.84,6.84,OK,508.27,8/4/2022,9/2/2022,OK,Charged Off,2355.37,1648.76,706.61,14851.24,728,OK,728,11.17,11.17,OK,163200,10+ years,10+ years,MORTGAGE,AK,Alaska,OK
LN002259,F,F4,OK,small_business,36,31600,31600,OK,31.42,31.42,OK,1366.16,4/28/2021,6/1/2021,OK,Current,4098.48,2664.01,1434.47,0,784,OK,784,8.84,8.84,OK,75700,< 1 year,< 1 year,RENT,OK,Oklahoma,OK
LN002579,E,E2,OK,home_improvement,36,30300,30300,OK,23.84,23.84,OK,1186.21,12/9/2021,1/13/2022,OK,Current,28469.04,18504.88,9964.16,0,633,OK,633,30.63,30.63,OK,34400,3 years,3 years,MORTGAGE,MS,Mississippi,OK
LN000820,F,F2,OK,car,36,39200,39200,OK,31.48,31.48,OK,1696.04,2/11/2023,3/14/2023,OK,Charged Off,13300.62,9310.43,3990.19,29889.57,581,OK,581,28.45,28.45,OK,159500,1 year,1 year,RENT,KY,Kentucky,OK
LN000101,G,G5,OK,credit_card,60,22600,22600,OK,34.03,34.03,OK,788.1,1/13/2021,2/10/2021,OK,Fully Paid,46681.24,22600,24081.24,0,634,OK,634,249.91,,DTI_IMPOSSIBLE,224100,2 years,2 years,OTHER,GA,Georgia,OK
LN003165,C,C5,OK,educational,36,16200,16200,OK,13.31,13.31,OK,548.26,6/23/2021,7/23/2021,OK,Fully Paid,19806.84,16200,3606.84,0,683,OK,683,27.86,27.86,OK,74500,2 years,2 years,RENT,NY,New York,OK
LN003325,B,B1,OK,car,36,1600,1600,OK,10.95,10.95,OK,52.34,11/23/2023,12/21/2023,OK,Charged Off,161.15,112.8,48.34,1487.2,610,OK,610,35.49,35.49,OK,231700,1 year,1 year,MORTGAGE,MD,Maryland,OK
LN002747,D,D4,OK,car,60,6700,6700,OK,17.99,17.99,OK,170.1,4/12/2023,5/14/2023,OK,Fully Paid,10038.29,6700,3338.29,0,650,OK,650,32.33,32.33,OK,56500,3 years,3 years,MORTGAGE,NV,Nevada,OK
LN003145,D,D1,OK,educational,36,29500,29500,OK,19.85,19.85,OK,1094.07,11/3/2021,12/1/2021,OK,Charged Off,14010.51,9807.36,4203.15,19692.64,654,OK,654,7.98,7.98,OK,194100,6 years,6 years,RENT,IA,Iowa,OK
LN001104,C,C5,OK,small_business,36,36600,36600,OK,13.9,13.9,OK,1249.12,12/29/2022,1/31/2023,OK,Current,16238.56,10555.06,5683.5,0,586,OK,586,34.56,34.56,OK,33700,7 years,7 years,RENT,HI,Hawaii,OK
LN001352,C,C4,OK,medical,36,31800,31800,OK,16.44,16.44,OK,1124.91,8/1/2022,8/31/2022,OK,Fully Paid,40743.04,31800,8943.04,0,752,OK,752,35.59,35.59,OK,213500,10+ years,10+ years,MORTGAGE,ND,North Dakota,OK
LN002659,C,C4,OK,major_purchase,60,1800,1800,OK,15.61,15.61,OK,43.4,11/25/2022,12/23/2022,OK,Current,1736,1128.4,607.6,0,797,OK,797,8.62,8.62,OK,175500,6 years,6 years,MORTGAGE,WV,West Virginia,OK
LN002881,E,E3,OK,vacation,36,,,FLAGGED,25.46,25.46,OK,636.06,7/16/2021,8/19/2021,OK,Fully Paid,23273.3,15900,7373.3,0,715,OK,715,10.83,10.83,OK,118700,10+ years,10+ years,RENT,NV,Nevada,OK
LN001279,B,B3,OK,car,36,3700,3700,OK,10.11,10.11,OK,119.58,5/14/2023,6/14/2023,OK,Current,2391.6,1554.54,837.06,0,796,OK,796,39.58,39.58,OK,97700,5 years,5 years,MORTGAGE,SC,South Carolina,OK
LN001962,E,E5,OK,small_business,36,4600,4600,OK,26.18,26.18,OK,185.78,1/4/2021,2/5/2021,OK,Current,6130.74,3984.98,2145.76,0,614,OK,614,11.92,11.92,OK,174600,5 years,5 years,OWN,MT,Montana,OK
LN002953,B,B3,OK,credit_card,60,25800,25800,OK,9.27,9.27,OK,538.95,1/29/2023,2/26/2023,OK,Fully Paid,32059.76,25800,6259.76,0,647,OK,647,8.1,8.1,OK,28200,5 years,5 years,RENT,CA,California,OK
LN000983,C,C3,OK,wedding,60,11200,11200,OK,15.8,15.8,OK,271.17,5/29/2021,6/29/2021,OK,Default,2711.7,1898.19,813.51,0,734,OK,734,9.81,9.81,OK,49800,8 years,8 years,RENT,NC,North Carolina,OK
LN000457,B,B4,OK,educational,60,2400,2400,OK,8.92,8.92,OK,49.73,4/18/2023,5/20/2023,OK,Charged Off,1401.23,980.86,420.37,1419.14,733,OK,733,34.82,34.82,OK,221800,,MISSING,MORTGAGE,SD,South Dakota,OK
LN002703,E,E5,OK,moving,36,9600,9600,OK,23.6,23.6,OK,374.62,3/2/2023,3/30/2023,OK,Default,4120.82,2884.57,1236.25,0,818,OK,818,34.96,34.96,OK,199300,4 years,4 years,RENT,OH,Ohio,OK
LN000382,C,C5,OK,major_purchase,60,32400,32400,OK,14.75,14.75,OK,766.55,11/25/2021,12/30/2021,OK,Charged Off,4825.95,3378.16,1447.78,29021.84,736,OK,736,14.31,14.31,OK,143900,10+ years,10+ years,RENT,AK,Alaska,OK
LN003355,G,G5,OK,medical,60,19400,19400,OK,34.48,34.48,OK,682.07,11/4/2023,12/7/2023,OK,Fully Paid,41180.72,19400,21780.72,0,740,OK,740,42.56,42.56,OK,99200,7 years,7 years,MORTGAGE,KY,Kentucky,OK
LN002928,E,E5,OK,small_business,60,13000,13000,OK,26.47,26.47,OK,392.85,5/23/2021,6/22/2021,OK,Current,8249.85,5362.4,2887.45,0,723,OK,723,34.66,34.66,OK,231000,5 years,5 years,RENT,NM,New Mexico,OK
LN003153,A,A4,OK,major_purchase,36,19600,19600,OK,5.96,5.96,OK,595.91,6/23/2023,7/25/2023,OK,Charged Off,3267.39,2287.17,980.22,17312.83,618,OK,618,27.21,27.21,OK,29400,7 years,7 years,MORTGAGE,TX,Texas,OK
LN001011,F,F4,OK,debt_consolidation,36,25900,25900,OK,30.54,30.54,OK,1107.17,12/27/2022,1/25/2023,OK,Charged Off,9040.5,6328.35,2712.15,19571.65,601,OK,601,14.82,14.82,OK,63500,5 years,5 years,MORTGAGE,KS,Kansas,OK
LN003067,B,B4,OK,home_improvement,36,1300,1300,OK,8.62,8.62,OK,41.11,1/12/2022,2/9/2022,OK,Fully Paid,1472,1300,172,0,771,OK,771,36.46,36.46,OK,194400,1 year,1 year,RENT,OK,Oklahoma,OK
LN002015,B,B4,OK,moving,60,18400,18400,OK,9.52,9.52,OK,386.61,5/10/2023,6/10/2023,OK,Fully Paid,23264.21,18400,4864.21,0,675,OK,675,25.31,25.31,OK,227100,1 year,1 year,RENT,OK,Oklahoma,OK
LN000663,G,G1,OK,major_purchase,36,,,FLAGGED,32.71,32.71,OK,672.43,12/24/2023,1/21/2024,OK,Charged Off,9001.29,6300.9,2700.39,8999.1,,ABOVE_MAX,949,42.56,42.56,OK,68500,8 years,8 years,MORTGAGE,TN,Tennessee,OK
LN002346,F,F4,OK,debt_consolidation,60,18500,18500,OK,28.12,28.12,OK,577.35,11/19/2023,11/9/2023,DATE_SEQUENCE_ERROR,Fully Paid,34449.23,18500,15949.23,0,632,OK,632,38.34,38.34,OK,40400,10+ years,10+ years,MORTGAGE,RI,Rhode Island,OK
LN001851,B,B1,OK,moving,60,8400,8400,OK,9.34,9.34,OK,175.76,5/18/2022,6/21/2022,OK,Charged Off,864.71,605.3,259.41,7794.7,599,OK,599,40.55,40.55,OK,250000,7 years,7 years,OWN,CA,California,OK
LN003260,D,D3,OK,major_purchase,36,9300,9300,OK,17.89,17.89,OK,335.7,7/27/2021,8/25/2021,OK,Current,6042.6,3927.69,2114.91,0,806,OK,806,42.24,42.24,OK,87100,3 years,3 years,MORTGAGE,SC,South Carolina,OK
LN002754,C,C2,OK,educational,60,38200,38200,OK,13.89,13.89,OK,886.67,8/18/2023,9/18/2023,OK,Fully Paid,52473.9,38200,14273.9,0,697,OK,697,37.73,37.73,OK,134500,7 years,7 years,MORTGAGE,KY,Kentucky,OK
LN002047,C,C2,OK,car,36,27800,27800,OK,12.64,12.64,OK,931.88,6/9/2022,7/14/2022,OK,Late (31-120 Days),11182.56,7827.79,3354.77,0,704,OK,704,11.26,11.26,OK,25700,,MISSING,OTHER,DE,Delaware,OK
LN002821,B,B5,OK,medical,36,2400,2400,OK,11.4,11.4,OK,79.03,3/30/2023,4/29/2023,OK,Charged Off,1366.53,956.57,409.96,1443.43,819,OK,819,110.08,,DTI_IMPOSSIBLE,209200,6 years,6 years,MORTGAGE,QQ,,INVALID_STATE
LN002742,E,E4,OK,moving,60,34400,34400,OK,25.02,25.02,OK,1010.09,10/10/2022,11/11/2022,OK,Fully Paid,61410.62,34400,27010.62,0,614,OK,614,21.35,21.35,OK,154100,1 year,1 year,OWN,WV,West Virginia,OK
LN001928,C,C3,OK,major_purchase,60,16500,16500,OK,12.98,12.98,OK,375.26,3/3/2023,4/2/2023,OK,Charged Off,1716.9,1201.83,515.07,15298.17,684,OK,684,42.55,42.55,OK,134300,3 years,3 years,RENT,MD,Maryland,OK
LN000846,B,B3,OK,car,36,10400,10400,OK,11.83,11.83,OK,344.58,7/30/2023,8/31/2023,OK,Current,2756.64,1791.82,964.82,0,794,OK,794,41.49,41.49,OK,72600,9 years,9 years,MORTGAGE,MD,Maryland,OK
LN000543,A,A1,OK,small_business,36,,,FLAGGED,5.43,5.43,OK,521.84,4/29/2021,6/1/2021,OK,Fully Paid,19118.06,17300,1818.06,0,810,OK,810,9.84,9.84,OK,107900,2 years,2 years,MORTGAGE,KS,Kansas,OK
LN001823,A,A2,OK,small_business,60,,,FLAGGED,6.95,6.95,OK,409.4,3/3/2023,4/6/2023,OK,Fully Paid,24762.23,20700,4062.23,0,726,OK,726,23.05,23.05,OK,122900,5 years,5 years,MORTGAGE,SD,South Dakota,OK
LN003186,D,D3,OK,debt_consolidation,36,14900,14900,OK,20.09,20.09,OK,554.42,10/12/2022,11/14/2022,OK,Fully Paid,20117.84,14900,5217.84,0,,ABOVE_MAX,874,40.39,40.39,OK,81700,7 years,7 years,RENT,MN,Minnesota,OK
LN002577,B,B3,OK,home_improvement,36,39100,39100,OK,9.25,9.25,OK,1247.92,3/11/2023,4/14/2023,OK,Charged Off,2526.44,1768.51,757.93,37331.49,771,OK,771,35.3,35.3,OK,189200,5 years,5 years,RENT,NV,Nevada,OK
LN001103,A,A3,OK,moving,36,39700,39700,OK,7.09,7.09,OK,1227.46,1/22/2022,2/19/2022,OK,Late (31-120 Days),9819.68,6873.78,2945.9,0,,BELOW_MIN,298,44.69,44.69,OK,193600,10+ years,10+ years,RENT,NC,North Carolina,OK
LN002420,E,E1,OK,moving,36,33700,33700,OK,25.27,25.27,OK,1344.72,8/31/2022,9/29/2022,OK,Fully Paid,47743.07,33700,14043.07,0,796,OK,796,115.59,,DTI_IMPOSSIBLE,125500,4 years,4 years,OTHER,MA,Massachusetts,OK
LN003370,B,B5,OK,credit_card,36,31100,31100,OK,10.84,10.84,OK,1015.82,2/23/2021,3/28/2021,OK,Current,31490.42,20468.77,11021.65,0,700,OK,700,6.69,6.69,OK,64000,8 years,8 years,OWN,MS,Mississippi,OK
LN001801,B,B4,OK,major_purchase,36,29400,29400,OK,11.71,11.71,OK,972.43,8/4/2022,9/4/2022,OK,Fully Paid,34712.05,29400,5312.05,0,708,OK,708,33.55,33.55,OK,171700,5 years,5 years,RENT,ID,Idaho,OK
LN001499,D,D5,OK,car,36,13200,13200,OK,19.48,19.48,OK,487.07,2/2/2022,3/3/2022,OK,Current,17047.45,11080.84,5966.61,0,678,OK,678,7.11,7.11,OK,48900,2 years,2 years,RENT,VT,Vermont,OK
LN002243,E,E4,OK,medical,36,,,FLAGGED,24.82,24.82,OK,916.25,9/18/2022,10/18/2022,OK,Current,18325,11911.25,6413.75,0,699,OK,699,20.99,20.99,OK,221000,4 years,4 years,RENT,VA,Virginia,OK
LN001453,D,D4,OK,moving,60,7100,7100,OK,20.94,20.94,OK,191.84,2/15/2021,3/21/2021,OK,Current,10551.2,6858.28,3692.92,0,649,OK,649,36.03,36.03,OK,39300,2 years,2 years,MORTGAGE,PA,Pennsylvania,OK
LN001049,F,F4,OK,credit_card,36,19100,19100,OK,30.78,30.78,OK,819.01,11/1/2023,12/6/2023,OK,Fully Paid,30052.06,19100,10952.06,0,796,OK,796,24.18,24.18,OK,169300,3 years,3 years,RENT,NC,North Carolina,OK
LN003146,G,G4,OK,car,60,13400,13400,OK,34.7,34.7,OK,473,6/22/2022,7/27/2022,OK,Current,26488,17217.2,9270.8,0,675,OK,675,21.66,21.66,OK,60000,10+ years,10+ years,OWN,MN,Minnesota,OK
LN002179,E,E2,OK,vacation,36,24600,24600,OK,25.82,25.82,OK,988.79,2/19/2023,3/19/2023,OK,Current,11865.48,7712.56,4152.92,0,581,OK,581,25.23,25.23,OK,222800,5 years,5 years,RENT,LA,Louisiana,OK
LN001881,B,B1,OK,car,60,13500,13500,OK,9.15,9.15,OK,281.22,3/20/2022,4/20/2022,OK,Charged Off,2965.92,2076.14,889.78,11423.86,583,OK,583,8.77,8.77,OK,247900,1 year,1 year,MORTGAGE,ME,Maine,OK
LN002516,D,D1,OK,car,36,26500,26500,OK,18.36,18.36,OK,962.83,12/25/2021,1/28/2022,OK,Fully Paid,34354.08,26500,7854.08,0,641,OK,641,14.9,14.9,OK,207300,< 1 year,< 1 year,RENT,LA,Louisiana,OK
LN000238,C,C1,OK,educational,60,27700,27700,OK,15.63,15.63,OK,668.18,9/27/2021,10/26/2021,OK,Fully Paid,39526.64,27700,11826.64,0,730,OK,730,28.31,28.31,OK,66000,10+ years,10+ years,MORTGAGE,CT,Connecticut,OK
LN002098,E,E3,OK,major_purchase,36,33900,33900,OK,26.17,26.17,OK,1368.92,2/28/2023,4/1/2023,OK,Current,27378.4,17795.96,9582.44,0,754,OK,754,8.41,8.41,OK,51300,5 years,5 years,RENT,MT,Montana,OK
LN002464,D,D1,OK,major_purchase,36,29600,29600,OK,20.28,20.28,OK,1104.27,1/17/2022,2/16/2022,OK,Fully Paid,40382.35,29600,10782.35,0,671,OK,671,222.87,,DTI_IMPOSSIBLE,167600,8 years,8 years,MORTGAGE,UT,Utah,OK
LN001134,B,B4,OK,car,36,39000,39000,OK,8.66,8.66,OK,1234.03,1/7/2021,2/5/2021,OK,Fully Paid,43765.43,39000,4765.43,0,779,OK,779,38.86,38.86,OK,42200,10+ years,10+ years,MORTGAGE,AR,Arkansas,OK
LN002351,B,B5,OK,major_purchase,36,25800,25800,OK,10.6,10.6,OK,839.78,5/14/2022,6/14/2022,OK,Charged Off,8745.93,6122.15,2623.78,19677.85,771,OK,771,11.01,11.01,OK,159900,7 years,7 years,RENT,ND,North Dakota,OK
LN002465,B,B3,OK,debt_consolidation,36,27400,27400,OK,10.98,10.98,OK,896.78,6/13/2023,7/17/2023,OK,Charged Off,11897.05,8327.93,3569.11,19072.07,708,OK,708,39.98,39.98,OK,245300,10+ years,10+ years,MORTGAGE,HI,Hawaii,OK
LN000164,A,A4,OK,vacation,36,36600,36600,OK,5.68,5.68,OK,1108.14,9/18/2023,10/17/2023,OK,Current,5540.7,3601.45,1939.24,0,603,OK,603,21.21,21.21,OK,179400,6 years,6 years,RENT,AL,Alabama,OK
LN001514,B,B3,OK,major_purchase,60,6600,6600,OK,8.98,8.98,OK,136.94,11/5/2023,12/4/2023,OK,Late (31-120 Days),1095.52,766.86,328.66,0,664,OK,664,37.29,37.29,OK,79800,2 years,2 years,RENT,OR,Oregon,OK
LN000253,F,F4,OK,home_improvement,36,,,FLAGGED,28.22,28.22,OK,1559.74,3/21/2021,4/19/2021,OK,Charged Off,14929.76,10450.83,4478.93,27149.17,625,OK,625,17.54,17.54,OK,48700,< 1 year,< 1 year,RENT,WI,Wisconsin,OK
LN002175,D,D5,OK,renewable_energy,36,,,FLAGGED,17.7,17.7,OK,658.84,12/11/2021,1/10/2022,OK,Late (31-120 Days),5929.56,4150.69,1778.87,0,760,OK,760,26.61,26.61,OK,202200,6 years,6 years,MORTGAGE,MA,Massachusetts,OK
LN002500,A,A1,OK,vacation,36,2400,2400,OK,6.68,6.68,OK,73.75,6/26/2023,7/31/2023,OK,Fully Paid,2618.53,2400,218.53,0,772,OK,772,9.85,9.85,OK,139300,3 years,3 years,RENT,TN,Tennessee,OK
LN001594,F,F5,OK,wedding,36,10600,10600,OK,31.07,31.07,OK,456.22,11/26/2022,12/30/2022,OK,Current,5474.64,3558.52,1916.12,0,730,OK,730,41.59,41.59,OK,249500,2 years,2 years,RENT,OK,Oklahoma,OK
LN000931,B,B3,OK,renewable_energy,60,18300,18300,OK,10.08,10.08,OK,389.54,11/19/2021,12/18/2021,OK,Charged Off,1120.33,784.23,336.1,17515.77,735,OK,735,7.44,7.44,OK,49200,7 years,7 years,RENT,AL,Alabama,OK
LN001658,E,E3,OK,educational,36,32300,32300,OK,25.81,25.81,OK,1298.12,1/26/2021,2/26/2021,OK,Fully Paid,46935.54,32300,14635.54,0,803,OK,803,16.12,16.12,OK,53300,2 years,2 years,MORTGAGE,AL,Alabama,OK
LN001784,F,F3,OK,credit_card,60,17900,17900,OK,28.26,28.26,OK,560.14,5/31/2023,6/29/2023,OK,Fully Paid,33804.31,17900,15904.31,0,702,OK,702,17.41,17.41,OK,155900,4 years,4 years,RENT,AZ,Arizona,OK
LN003092,F,F1,OK,credit_card,36,20700,20700,OK,28.93,28.93,OK,866.66,11/30/2023,1/4/2024,OK,Fully Paid,30584.96,20700,9884.96,0,594,OK,594,239.4,,DTI_IMPOSSIBLE,112000,1 year,1 year,RENT,ND,North Dakota,OK
LN001451,B,B5,OK,renewable_energy,60,1100,1100,OK,10.49,10.49,OK,23.64,2/17/2021,3/19/2021,OK,Charged Off,516.94,361.86,155.08,738.14,651,OK,651,42.54,42.54,OK,233500,5 years,5 years,RENT,MA,Massachusetts,OK
LN002991,B,B2,OK,wedding,60,32500,32500,OK,8.8,8.8,OK,671.5,1/2/2021,2/4/2021,OK,Charged Off,16177.06,11323.94,4853.12,21176.06,725,OK,725,13.87,13.87,OK,201200,4 years,4 years,RENT,IL,Illinois,OK
LN001972,E,E5,OK,debt_consolidation,36,,,FLAGGED,22.71,22.71,OK,412.58,10/23/2023,11/27/2023,OK,Late (31-120 Days),2062.9,1444.03,618.87,0,622,OK,622,24.7,24.7,OK,151800,10+ years,10+ years,RENT,MT,Montana,OK
LN003443,A,A1,OK,vacation,36,22300,22300,OK,6.01,6.01,OK,678.51,11/19/2023,12/17/2023,OK,Fully Paid,24119.97,22300,1819.97,0,616,OK,616,24.38,24.38,OK,174300,< 1 year,< 1 year,RENT,NE,Nebraska,OK
LN001091,D,D2,OK,wedding,36,33800,33800,OK,19.9,19.9,OK,1254.41,10/7/2023,11/7/2023,OK,Fully Paid,44328.21,33800,10528.21,0,643,OK,643,34.8,34.8,OK,54500,7 years,7 years,RENT,IN,Indiana,OK
LN002873,B,B1,OK,major_purchase,36,26500,26500,OK,9.68,9.68,OK,851.1,12/19/2023,1/18/2024,OK,Fully Paid,30634.69,26500,4134.69,0,754,OK,754,29.96,29.96,OK,227000,7 years,7 years,MORTGAGE,MN,Minnesota,OK
LN001588,B,B3,OK,medical,36,1900,1900,OK,10.55,10.55,OK,61.8,2/16/2023,3/18/2023,OK,Default,494.4,346.08,148.32,0,673,OK,673,14.95,14.95,OK,99800,6 years,6 years,RENT,NH,New Hampshire,OK
LN001182,E,E3,OK,educational,60,15700,15700,OK,23.3,23.3,OK,445.3,6/1/2023,7/1/2023,OK,Fully Paid,26840.24,15700,11140.24,0,610,OK,610,43.71,43.71,OK,200300,10+ years,10+ years,RENT,AL,Alabama,OK
LN000594,G,G1,OK,educational,36,30100,30100,OK,32.69,32.69,OK,1322.54,5/23/2023,6/21/2023,OK,Charged Off,17752.34,12426.64,5325.7,17673.36,758,OK,758,20.54,20.54,OK,79400,3 years,3 years,MORTGAGE,VT,Vermont,OK
LN000678,C,C4,OK,home_improvement,60,25000,25000,OK,15.47,15.47,OK,600.93,11/3/2023,12/5/2023,OK,Charged Off,11185.16,7829.61,3355.55,17170.39,693,OK,693,36.26,36.26,OK,30400,3 years,3 years,RENT,TN,Tennessee,OK
LN000042,A,A1,OK,small_business,36,20200,20200,OK,6.19,6.19,OK,616.26,2/20/2021,3/23/2021,OK,Fully Paid,22354.51,20200,2154.51,0,740,OK,740,14.71,14.71,OK,148500,10+ years,10+ years,MORTGAGE,DE,Delaware,OK
LN002284,C,C3,OK,debt_consolidation,60,1500,1500,OK,14.86,14.86,OK,35.57,3/6/2022,4/8/2022,OK,Current,1244.95,809.22,435.73,0,588,OK,588,21.56,21.56,OK,78900,7 years,7 years,OWN,MI,Michigan,OK
LN003380,C,C1,OK,wedding,36,32800,32800,OK,15.7,15.7,OK,1148.3,6/17/2021,7/15/2021,OK,Current,8038.1,5224.77,2813.34,0,640,OK,640,20.17,20.17,OK,51900,5 years,5 years,OWN,VT,Vermont,OK
LN002467,C,C1,OK,credit_card,60,16100,16100,OK,14.11,14.11,OK,375.54,12/24/2023,1/28/2024,OK,Fully Paid,22524.99,16100,6424.99,0,757,OK,757,5.62,5.62,OK,139400,1 year,1 year,MORTGAGE,VT,Vermont,OK
LN000244,A,G3,GRADE_MISMATCH,vacation,36,10000,10000,OK,7.88,7.88,OK,312.81,10/20/2023,11/24/2023,OK,Charged Off,2423.68,1696.58,727.1,8303.42,621,OK,621,38.51,38.51,OK,130900,8 years,8 years,MORTGAGE,ME,Maine,OK
LN001125,B,B2,OK,vacation,60,36600,36600,OK,8.72,8.72,OK,754.79,12/5/2022,1/7/2023,OK,Fully Paid,45625.84,36600,9025.84,0,594,OK,594,218.05,,DTI_IMPOSSIBLE,144300,2 years,2 years,MORTGAGE,IN,Indiana,OK
LN001314,B,B2,OK,medical,60,7600,7600,OK,11.01,11.01,OK,165.28,6/16/2022,7/21/2022,OK,Fully Paid,10087.51,7600,2487.51,0,,ABOVE_MAX,997,40.03,40.03,OK,124800,4 years,4 years,RENT,WY,Wyoming,OK
LN001500,B,B5,OK,vacation,36,31300,31300,OK,10.68,10.68,OK,1019.99,5/27/2023,6/24/2023,OK,Fully Paid,37171.42,31300,5871.42,0,588,OK,588,42.53,42.53,OK,110900,3 years,3 years,MORTGAGE,DE,Delaware,OK
LN002672,B,B2,OK,major_purchase,36,32800,32800,OK,10.69,10.69,OK,1069.02,3/23/2023,4/20/2023,OK,Current,18173.34,11812.67,6360.67,0,774,OK,774,35.86,35.86,OK,126100,6 years,6 years,MORTGAGE,UT,Utah,OK
LN000262,D,D4,OK,small_business,36,3500,3500,OK,17.5,17.5,OK,125.66,8/20/2023,9/19/2023,OK,Current,2638.86,1715.26,923.6,0,672,OK,672,37.06,37.06,OK,153000,4 years,4 years,RENT,WI,Wisconsin,OK
LN002609,D,D2,OK,vacation,60,32100,32100,OK,19.52,19.52,OK,841.9,10/27/2022,11/27/2022,OK,Fully Paid,50138.97,32100,18038.97,0,702,OK,702,27.99,27.99,OK,243900,10+ years,10+ years,RENT,NH,New Hampshire,OK
LN002000,B,B3,OK,small_business,60,35800,35800,OK,8.59,8.59,OK,736.05,11/27/2021,12/28/2021,OK,Charged Off,13778.36,9644.85,4133.51,26155.15,646,OK,646,108.35,,DTI_IMPOSSIBLE,180700,5 years,5 years,RENT,NE,Nebraska,OK
LN002404,A,A2,OK,home_improvement,36,21700,21700,OK,7,7,OK,670.03,11/4/2022,12/2/2022,OK,Fully Paid,24452.99,21700,2752.99,0,751,OK,751,31.68,31.68,OK,239500,5 years,5 years,MORTGAGE,NY,New York,OK
LN000835,B,B1,OK,home_improvement,36,11400,11400,OK,10.03,10.03,OK,368.01,3/2/2023,4/2/2023,OK,Fully Paid,13277.69,11400,1877.69,0,778,OK,778,19.97,19.97,OK,220500,1 year,1 year,RENT,OK,Oklahoma,OK
LN003448,A,A5,OK,moving,60,14400,14400,OK,5.06,5.06,OK,272.14,12/11/2022,1/11/2023,OK,Fully Paid,16474.16,14400,2074.16,0,692,OK,692,10.86,10.86,OK,135000,9 years,9 years,RENT,FL,Florida,OK
LN001361,E,E3,OK,wedding,36,30100,30100,OK,26.68,26.68,OK,1223.68,4/23/2021,5/24/2021,OK,Current,22026.24,14317.06,7709.18,0,793,OK,793,33.23,33.23,OK,130800,3 years,3 years,OWN,IA,Iowa,OK
LN002717,B,B5,OK,credit_card,36,8600,8600,OK,9.42,9.42,OK,275.16,4/4/2022,5/3/2022,OK,Fully Paid,9804.37,8600,1204.37,0,678,OK,678,40.46,40.46,OK,89100,6 years,6 years,MORTGAGE,NC,North Carolina,OK
LN001310,B,B2,OK,vacation,36,36800,36800,OK,10.61,10.61,OK,1198,2/1/2022,3/4/2022,OK,Fully Paid,43954.49,36800,7154.49,0,735,OK,735,42.7,42.7,OK,233200,10+ years,10+ years,OWN,ID,Idaho,OK
LN000341,C,C4,OK,educational,36,20000,20000,OK,15.58,15.58,OK,699,5/21/2023,6/21/2023,OK,Fully Paid,24752.72,20000,4752.72,0,738,OK,738,18.54,18.54,OK,49500,< 1 year,< 1 year,MORTGAGE,VT,Vermont,OK
LN001534,C,C3,OK,wedding,60,31000,31000,OK,13.99,13.99,OK,721.16,5/15/2021,6/19/2021,OK,Current,25240.6,16406.39,8834.21,0,799,OK,799,26.85,26.85,OK,148400,9 years,9 years,OWN,NY,New York,OK
LN000749,C,C4,OK,home_improvement,36,24400,24400,OK,12.98,12.98,OK,821.9,5/13/2022,5/9/2022,DATE_SEQUENCE_ERROR,Fully Paid,29354.96,24400,4954.96,0,745,OK,745,31.02,31.02,OK,207000,< 1 year,< 1 year,MORTGAGE,FL,Florida,OK
LN003087,D,D1,OK,renewable_energy,60,29000,29000,OK,21.45,21.45,OK,791.91,11/10/2022,12/14/2022,OK,Current,28508.76,18530.69,9978.07,0,597,OK,597,8.67,8.67,OK,26400,5 years,5 years,RENT,WV,West Virginia,OK
LN000481,B,B1,OK,renewable_energy,60,26800,26800,OK,11.31,11.31,OK,586.85,2/21/2022,3/27/2022,OK,Current,13497.55,8773.41,4724.14,0,631,OK,631,21.57,21.57,OK,127900,7 years,7 years,OWN,WI,Wisconsin,OK
LN001698,A,A5,OK,medical,36,16300,16300,OK,6.41,6.41,OK,498.91,12/31/2021,1/31/2022,OK,Default,997.82,698.47,299.35,0,644,OK,644,220.21,,DTI_IMPOSSIBLE,138000,,MISSING,MORTGAGE,CO,Colorado,OK
LN001955,D,D2,OK,moving,36,2000,2000,OK,20.37,20.37,OK,74.7,12/16/2022,1/20/2023,OK,Fully Paid,2669.84,2000,669.84,0,615,OK,615,8.57,8.57,OK,90000,4 years,4 years,OWN,IN,Indiana,OK
LN001663,C,C3,OK,home_improvement,36,5900,5900,OK,14.75,14.75,OK,203.8,1/22/2022,2/26/2022,OK,Current,6725.4,4371.51,2353.89,0,653,OK,653,26.3,26.3,OK,213500,4 years,4 years,RENT,DE,Delaware,OK
LN000784,D,D2,OK,debt_consolidation,60,2200,2200,OK,20.45,20.45,OK,58.84,7/11/2022,8/9/2022,OK,Fully Paid,3582.21,2200,1382.21,0,815,OK,815,20.52,20.52,OK,197900,4 years,4 years,OWN,OK,Oklahoma,OK
LN003084,A,A4,OK,renewable_energy,60,11200,11200,OK,6.56,6.56,OK,219.46,9/13/2023,10/13/2023,OK,Current,1536.22,998.54,537.68,0,677,OK,677,10.83,10.83,OK,236400,10+ years,10+ years,RENT,MD,Maryland,OK
LN002360,B,B5,OK,medical,36,,,FLAGGED,11.76,11.76,OK,82.75,5/6/2021,6/10/2021,OK,Charged Off,487.32,341.12,146.2,2158.88,767,OK,767,36.65,36.65,OK,178800,3 years,3 years,MORTGAGE,WY,Wyoming,OK
LN001429,E,E4,OK,home_improvement,36,4200,4200,OK,23.91,23.91,OK,164.58,10/5/2021,11/3/2021,OK,Charged Off,916.24,641.37,274.87,3558.63,663,OK,663,38.27,38.27,OK,112100,10+ years,10+ years,MORTGAGE,NM,New Mexico,OK
LN002382,E,E5,OK,moving,60,25300,25300,OK,26.55,26.55,OK,765.75,8/14/2021,9/17/2021,OK,Current,12252,7963.8,4288.2,0,627,OK,627,39.17,39.17,OK,44500,9 years,9 years,RENT,IN,Indiana,OK
LN002251,A,A5,OK,car,36,19500,19500,OK,6.85,6.85,OK,600.77,4/6/2022,5/8/2022,OK,Current,6608.47,4295.51,2312.96,0,714,OK,714,44.68,44.68,OK,112400,,MISSING,MORTGAGE,IA,Iowa,OK
LN001412,A,A5,OK,car,60,17700,17700,OK,7.89,7.89,OK,357.96,6/7/2021,7/6/2021,OK,Current,1789.8,1163.37,626.43,0,621,OK,621,20.94,20.94,OK,212800,< 1 year,< 1 year,OWN,OK,Oklahoma,OK
LN001676,B,B5,OK,renewable_energy,60,23300,23300,OK,10.81,10.81,OK,504.39,3/15/2022,4/19/2022,OK,Late (31-120 Days),2017.56,1412.29,605.27,0,762,OK,762,17.65,17.65,OK,197300,5 years,5 years,OWN,SC,South Carolina,OK
LN002373,D,D3,OK,medical,36,17700,17700,OK,18.65,18.65,OK,645.68,7/21/2021,8/24/2021,OK,Fully Paid,23387.29,17700,5687.29,0,630,OK,630,29.6,29.6,OK,29100,10+ years,10+ years,MORTGAGE,PA,Pennsylvania,OK
LN002549,A,A4,OK,car,60,13200,13200,OK,5.96,5.96,OK,254.95,12/13/2022,1/17/2023,OK,Charged Off,6810.52,4767.36,2043.16,8432.64,709,OK,709,41.1,41.1,OK,207600,10+ years,10+ years,RENT,NM,New Mexico,OK
LN001462,A,A5,OK,major_purchase,36,28800,28800,OK,6.75,6.75,OK,885.97,5/5/2023,6/2/2023,OK,Fully Paid,31864.04,28800,3064.04,0,660,OK,660,6.2,6.2,OK,64200,5 years,5 years,RENT,OR,Oregon,OK
LN001272,C,C5,OK,car,36,,,FLAGGED,16.09,16.09,OK,971.56,7/26/2022,8/24/2022,OK,Charged Off,16484.2,11538.94,4945.26,16061.06,749,OK,749,30.63,30.63,OK,54700,4 years,4 years,RENT,PA,Pennsylvania,OK
LN002234,C,C1,OK,debt_consolidation,36,29600,29600,OK,16.05,16.05,OK,1041.38,10/17/2022,11/16/2022,OK,Fully Paid,36998.69,29600,7398.69,0,818,OK,818,8.79,8.79,OK,60400,8 years,8 years,MORTGAGE,OK,Oklahoma,OK
LN001128,F,F1,OK,educational,36,5200,5200,OK,31.17,31.17,OK,224.09,6/27/2023,8/1/2023,OK,Current,5154.07,3350.15,1803.92,0,679,OK,679,8.81,8.81,OK,230000,10+ years,10+ years,MORTGAGE,WA,Washington,OK
LN000627,D,D2,OK,car,60,22800,22800,OK,20.4,20.4,OK,609.15,7/22/2021,8/21/2021,OK,Late (31-120 Days),1218.3,852.81,365.49,0,671,OK,671,43.97,43.97,OK,98500,10+ years,10+ years,RENT,NC,North Carolina,OK
LN000348,A,A2,OK,moving,36,38100,38100,OK,5.69,5.69,OK,1153.73,11/2/2021,12/6/2021,OK,Fully Paid,41577.79,38100,3477.79,0,643,OK,643,27.8,27.8,OK,98200,6 years,6 years,MORTGAGE,WV,West Virginia,OK
LN002298,B,B3,OK,moving,36,28200,28200,OK,9,9,OK,896.75,5/21/2023,6/25/2023,OK,Current,10761,6994.65,3766.35,0,660,OK,660,17.43,17.43,OK,101000,1 year,1 year,RENT,MA,Massachusetts,OK
LN001767,A,A2,OK,educational,60,,,FLAGGED,5.43,5.43,OK,221.2,9/4/2021,10/8/2021,OK,Fully Paid,13356.25,11600,1756.25,0,708,OK,708,39.06,39.06,OK,180600,6 years,6 years,RENT,NM,New Mexico,OK
LN000980,E,E5,OK,major_purchase,36,17900,17900,OK,25.64,25.64,OK,717.77,6/23/2022,7/23/2022,OK,Default,7895.47,5526.83,2368.64,0,726,OK,726,43.85,43.85,OK,118700,8 years,8 years,MORTGAGE,KS,Kansas,OK
LN003097,B,B4,OK,debt_consolidation,60,,,FLAGGED,9,9,OK,545.94,4/22/2022,5/27/2022,OK,Fully Paid,32930.36,26300,6630.36,0,652,OK,652,19.58,19.58,OK,27900,4 years,4 years,MORTGAGE,IN,Indiana,OK
LN001593,F,F2,OK,educational,36,14100,14100,OK,28.24,28.24,OK,585.06,10/2/2021,11/5/2021,OK,Fully Paid,21450.75,14100,7350.75,0,724,OK,724,29.8,29.8,OK,29500,4 years,4 years,RENT,NJ,New Jersey,OK
LN000912,B,B3,OK,small_business,60,17800,17800,OK,9.97,9.97,OK,377.93,9/17/2023,10/19/2023,OK,Default,755.86,529.1,226.76,0,583,OK,583,9.05,9.05,OK,223800,2 years,2 years,OWN,PA,Pennsylvania,OK
LN002253,E,E4,OK,major_purchase,60,5100,5100,OK,25.56,25.56,OK,151.37,3/26/2021,4/23/2021,OK,Fully Paid,8904.8,5100,3804.8,0,691,OK,691,22.38,22.38,OK,239600,4 years,4 years,MORTGAGE,AZ,Arizona,OK
LN000633,A,A1,OK,medical,36,27500,27500,OK,7.71,7.71,OK,858.08,11/6/2021,12/8/2021,OK,Current,26600.48,17290.31,9310.17,0,615,OK,615,28.08,28.08,OK,153100,5 years,5 years,OTHER,MN,Minnesota,OK
LN001432,B,B3,OK,debt_consolidation,60,30400,30400,OK,10.55,10.55,OK,654.17,1/13/2022,2/10/2022,OK,Current,6541.7,4252.11,2289.59,0,592,OK,592,26.29,26.29,OK,164300,5 years,5 years,MORTGAGE,OH,Ohio,OK
LN000446,A,A2,OK,credit_card,36,12800,12800,OK,7.5,7.5,OK,398.16,11/2/2022,12/5/2022,OK,Fully Paid,14243.63,12800,1443.63,0,745,OK,745,36.47,36.47,OK,224100,6 years,6 years,MORTGAGE,OK,Oklahoma,OK
LN000618,F,F3,OK,car,60,12200,12200,OK,30.38,30.38,OK,397.56,12/28/2021,2/1/2022,OK,Default,4373.16,3061.21,1311.95,0,611,OK,611,31.62,31.62,OK,243900,7 years,7 years,OWN,VT,Vermont,OK
LN003058,F,F5,OK,educational,36,17600,17600,OK,28.53,28.53,OK,733.05,5/3/2022,6/5/2022,OK,Charged Off,4315.75,3021.02,1294.72,14578.98,609,OK,609,203.67,,DTI_IMPOSSIBLE,104600,10+ years,10+ years,MORTGAGE,IN,Indiana,OK
LN001554,E,E1,OK,wedding,36,10900,10900,OK,23.33,23.33,OK,423.81,8/8/2021,9/12/2021,OK,Current,2119.05,1377.38,741.67,0,584,OK,584,33.69,33.69,OK,55600,< 1 year,< 1 year,MORTGAGE,OR,Oregon,OK
LN001868,G,G3,OK,moving,60,29300,29300,OK,34.48,34.48,OK,1030.13,9/29/2021,10/28/2021,OK,Default,1030.13,721.09,309.04,0,690,OK,690,8.08,8.08,OK,111500,7 years,7 years,MORTGAGE,VA,Virginia,OK
LN001643,E,E4,OK,home_improvement,36,3000,3000,OK,23.6,23.6,OK,117.07,4/16/2021,5/20/2021,OK,Fully Paid,4215.93,3000,1215.93,0,671,OK,671,30.37,30.37,OK,190200,10+ years,10+ years,MORTGAGE,NE,Nebraska,OK
LN003056,E,E2,OK,home_improvement,60,27100,27100,OK,23.49,23.49,OK,771.61,8/27/2023,10/1/2023,OK,Charged Off,5990.01,4193.01,1797,22906.99,,ABOVE_MAX,984,136.04,,DTI_IMPOSSIBLE,245800,5 years,5 years,OWN,KY,Kentucky,OK
LN001367,E,E1,OK,moving,60,5000,5000,OK,26.65,26.65,OK,151.63,9/18/2023,10/19/2023,OK,Late (31-120 Days),758.15,530.7,227.44,0,760,OK,760,215.02,,DTI_IMPOSSIBLE,147200,,MISSING,MORTGAGE,MT,Montana,OK
LN001785,D,D1,OK,credit_card,60,27400,27400,OK,21.66,21.66,OK,751.47,11/14/2021,12/18/2021,OK,Fully Paid,44384.81,27400,16984.81,0,795,OK,795,37.63,37.63,OK,249800,3 years,3 years,RENT,RI,Rhode Island,OK
LN001812,D,D2,OK,renewable_energy,36,12900,12900,OK,19.37,19.37,OK,475.28,10/20/2023,11/23/2023,OK,Current,11882,7723.3,4158.7,0,745,OK,745,6.15,6.15,OK,67500,,MISSING,OWN,NM,New Mexico,OK
LN000354,E,E4,OK,credit_card,60,18100,18100,OK,24.07,24.07,OK,521.44,5/7/2021,6/10/2021,OK,Fully Paid,31746.72,18100,13646.72,0,802,OK,802,35.82,35.82,OK,29600,7 years,7 years,MORTGAGE,AR,Arkansas,OK
LN001233,G,G2,OK,small_business,36,28200,28200,OK,34.79,34.79,OK,1272.31,11/15/2022,12/16/2022,OK,Current,38169.3,24810.05,13359.26,0,615,OK,615,44.4,44.4,OK,186800,5 years,5 years,OTHER,WI,Wisconsin,OK
LN000614,A,A1,OK,moving,36,36800,36800,OK,7.25,7.25,OK,1140.49,6/2/2022,7/3/2022,OK,Fully Paid,41252.01,36800,4452.01,0,748,OK,748,39.79,39.79,OK,235900,4 years,4 years,RENT,SD,South Dakota,OK
LN002728,B,B1,OK,small_business,60,1100,1100,OK,8.52,8.52,OK,22.58,12/10/2023,1/11/2024,OK,Fully Paid,1351.8,1100,251.8,0,685,OK,685,6.81,6.81,OK,122600,9 years,9 years,OTHER,AR,Arkansas,OK
LN002319,E,E1,OK,major_purchase,60,2600,2600,OK,22.92,22.92,OK,73.18,4/3/2021,5/2/2021,OK,Fully Paid,4321.65,2600,1721.65,0,658,OK,658,26.03,26.03,OK,25000,3 years,3 years,RENT,IL,Illinois,OK
LN002113,C,C4,OK,home_improvement,36,37000,37000,OK,14.67,14.67,OK,1276.65,1/11/2021,2/10/2021,OK,Fully Paid,45446.58,37000,8446.58,0,693,OK,693,16.05,16.05,OK,32600,10+ years,10+ years,RENT,MN,Minnesota,OK
LN001941,A,A3,OK,medical,36,,,FLAGGED,6.68,6.68,OK,230.48,3/24/2022,4/26/2022,OK,Late (31-120 Days),2765.76,1936.03,829.73,0,684,OK,684,23.97,23.97,OK,48000,9 years,9 years,RENT,IA,Iowa,OK
LN002280,C,C5,OK,vacation,36,7900,7900,OK,12.74,12.74,OK,265.19,9/23/2022,10/23/2022,OK,Fully Paid,9657.86,7900,1757.86,0,788,OK,788,31.51,31.51,OK,201300,6 years,6 years,MORTGAGE,XX,,INVALID_STATE
LN003382,E,E1,OK,credit_card,60,18400,18400,OK,26.52,26.52,OK,556.58,11/21/2022,12/22/2022,OK,Default,3896.06,2727.24,1168.82,0,584,OK,584,29.96,29.96,OK,144500,2 years,2 years,RENT,SD,South Dakota,OK
LN000058,C,C4,OK,credit_card,36,17500,17500,OK,12.96,12.96,OK,589.31,3/9/2023,4/12/2023,OK,Current,1767.93,1149.15,618.78,0,748,OK,748,39.77,39.77,OK,214200,4 years,4 years,RENT,MS,Mississippi,OK
LN003392,D,D2,OK,renewable_energy,36,13800,13800,OK,19.53,19.53,OK,509.56,5/9/2021,6/7/2021,OK,Fully Paid,18509.36,13800,4709.36,0,652,OK,652,32.14,32.14,OK,92700,3 years,3 years,MORTGAGE,VT,Vermont,OK
LN003178,A,A3,OK,debt_consolidation,60,,,FLAGGED,7.78,7.78,OK,145.23,2/10/2023,3/17/2023,OK,Fully Paid,8779.85,7200,1579.85,0,757,OK,757,37.06,37.06,OK,214300,4 years,4 years,OWN,CO,Colorado,OK
LN002635,D,D2,OK,car,36,39800,39800,OK,20.21,20.21,OK,1483.37,4/15/2023,5/18/2023,OK,Late (31-120 Days),17800.44,12460.31,5340.13,0,612,OK,612,41.3,41.3,OK,36400,< 1 year,< 1 year,MORTGAGE,TX,Texas,OK
LN001254,B,B3,OK,small_business,60,,,FLAGGED,11.09,11.09,OK,398.71,5/17/2023,6/17/2023,OK,Current,2790.97,1814.13,976.84,0,608,OK,608,10.6,10.6,OK,104200,1 year,1 year,MORTGAGE,NH,New Hampshire,OK
LN003002,A,A5,OK,debt_consolidation,36,14500,14500,OK,6.68,6.68,OK,445.6,12/14/2022,1/11/2023,OK,Current,11140,7241,3899,0,806,OK,806,34.02,34.02,OK,130400,10+ years,10+ years,OTHER,OK,Oklahoma,OK
LN002261,C,C5,OK,renewable_energy,60,35000,35000,OK,14.38,14.38,OK,821.3,11/5/2023,12/8/2023,OK,Current,35315.9,22955.34,12360.57,0,820,OK,820,16.18,16.18,OK,223300,10+ years,10+ years,MORTGAGE,SC,South Carolina,OK
LN002104,D,D3,OK,major_purchase,36,37300,37300,OK,17.1,17.1,OK,1331.7,2/7/2021,3/12/2021,OK,Late (31-120 Days),1331.7,932.19,399.51,0,711,OK,711,9.59,9.59,OK,149300,7 years,7 years,MORTGAGE,VA,Virginia,OK
LN001923,B,B3,OK,wedding,36,28500,28500,OK,9.22,9.22,OK,909.21,7/16/2022,8/14/2022,OK,Charged Off,6300.69,4410.48,1890.21,24089.52,775,OK,775,43.18,43.18,OK,62500,6 years,6 years,MORTGAGE,AZ,Arizona,OK
LN001559,D,D4,OK,major_purchase,36,15700,15700,OK,17.58,17.58,OK,564.29,2/8/2022,3/11/2022,OK,Charged Off,4790.97,3353.68,1437.29,12346.32,748,OK,748,40.79,40.79,OK,239300,4 years,4 years,MORTGAGE,WI,Wisconsin,OK
LN002321,E,E5,OK,debt_consolidation,36,33100,33100,OK,26.91,26.91,OK,1349.72,12/21/2022,1/19/2023,OK,Fully Paid,49378.51,33100,16278.51,0,637,OK,637,26.21,26.21,OK,35900,4 years,4 years,MORTGAGE,OR,Oregon,OK
LN001498,G,G2,OK,credit_card,36,19900,19900,OK,33.24,33.24,OK,880.49,11/29/2022,12/31/2022,OK,Fully Paid,31984.45,19900,12084.45,0,643,OK,643,39.53,39.53,OK,73500,8 years,8 years,RENT,SC,South Carolina,OK
LN000561,A,A1,OK,wedding,60,,,FLAGGED,7.71,7.71,OK,219.5,4/14/2022,5/14/2022,OK,Current,4170.5,2710.83,1459.67,0,670,OK,670,21.84,21.84,OK,207100,2 years,2 years,RENT,AZ,Arizona,OK
LN000708,C,C3,OK,medical,36,,,FLAGGED,15.68,15.68,OK,913.48,9/15/2022,10/19/2022,OK,Fully Paid,33489.34,26100,7389.34,0,599,OK,599,13.41,13.41,OK,196900,4 years,4 years,RENT,NH,New Hampshire,OK
LN002973,D,D5,OK,vacation,36,11000,11000,OK,19.11,19.11,OK,403.83,9/11/2022,10/16/2022,OK,Late (31-120 Days),2019.15,1413.4,605.75,0,780,OK,780,32.52,32.52,OK,239500,7 years,7 years,RENT,UT,Utah,OK
LN000425,A,A5,OK,medical,60,2800,2800,OK,7.21,7.21,OK,55.72,6/25/2022,7/30/2022,OK,Current,1838.76,1195.19,643.57,0,812,OK,812,41.72,41.72,OK,43700,2 years,2 years,MORTGAGE,AL,Alabama,OK
LN001094,A,A1,OK,car,36,4100,4100,OK,7.34,7.34,OK,127.23,4/12/2021,5/10/2021,OK,Current,2671.83,1736.69,935.14,0,632,OK,632,21.54,21.54,OK,142600,1 year,1 year,RENT,NV,Nevada,OK
LN000648,B,B2,OK,moving,60,6500,6500,OK,11.96,11.96,OK,144.46,9/21/2022,10/26/2022,OK,Fully Paid,8616.89,6500,2116.89,0,691,OK,691,5.23,5.23,OK,106200,1 year,1 year,RENT,FL,Florida,OK
LN000073,E,E4,OK,credit_card,36,12500,12500,OK,26.37,26.37,OK,506.1,8/17/2023,9/20/2023,OK,Default,4554.9,3188.43,1366.47,0,673,OK,673,179.89,,DTI_IMPOSSIBLE,186600,< 1 year,< 1 year,OWN,NJ,New Jersey,OK
LN003301,F,F2,OK,vacation,36,8600,8600,OK,31.06,31.06,OK,370.09,5/31/2021,7/2/2021,OK,Fully Paid,13120.6,8600,4520.6,0,,NULL,,7.6,7.6,OK,193400,5 years,5 years,MORTGAGE,AK,Alaska,OK
LN001546,C,C2,OK,small_business,36,7400,7400,OK,14,14,OK,252.91,9/3/2023,10/5/2023,OK,Current,3034.92,1972.7,1062.22,0,603,OK,603,25.07,25.07,OK,121700,8 years,8 years,RENT,UT,Utah,OK
LN001413,D,D1,OK,debt_consolidation,60,10100,10100,OK,18.35,18.35,OK,258.4,4/15/2022,5/17/2022,OK,Fully Paid,15258.65,10100,5158.65,0,636,OK,636,189.8,,DTI_IMPOSSIBLE,246000,6 years,6 years,RENT,TX,Texas,OK
LN001006,C,C3,OK,educational,60,20100,20100,OK,14.69,14.69,OK,474.91,3/12/2022,4/15/2022,OK,Charged Off,10063.03,7044.12,3018.91,13055.88,636,OK,636,28.08,28.08,OK,192100,7 years,7 years,OTHER,IA,Iowa,OK
LN000621,E,C3,GRADE_MISMATCH,major_purchase,60,35700,35700,OK,26.7,26.7,OK,1083.72,10/3/2021,11/2/2021,OK,Charged Off,13597.76,9518.43,4079.33,26181.57,636,OK,636,9.26,9.26,OK,28700,5 years,5 years,OWN,GA,Georgia,OK
LN001988,A,A2,OK,renewable_energy,60,38300,38300,OK,5.42,5.42,OK,730.16,9/14/2021,10/17/2021,OK,Default,5111.12,3577.78,1533.34,0,783,OK,783,5.14,5.14,OK,96300,1 year,1 year,MORTGAGE,WI,Wisconsin,OK
LN002038,A,A3,OK,major_purchase,36,4600,4600,OK,5.24,5.24,OK,138.36,7/28/2021,8/27/2021,OK,Fully Paid,4955.51,4600,355.51,0,602,OK,602,10.26,10.26,OK,120200,5 years,5 years,MORTGAGE,NY,New York,OK
LN000554,A,A1,OK,educational,60,32400,32400,OK,5.76,5.76,OK,622.77,4/26/2023,5/31/2023,OK,Fully Paid,37257.26,32400,4857.26,0,752,OK,752,42.72,42.72,OK,46200,10+ years,10+ years,RENT,NE,Nebraska,OK
LN001518,E,E4,OK,small_business,60,16400,16400,OK,24.76,24.76,OK,479.06,8/3/2022,9/5/2022,OK,Current,21557.7,14012.51,7545.19,0,626,OK,626,20.33,20.33,OK,91300,6 years,6 years,RENT,WY,Wyoming,OK
LN001552,B,B3,OK,vacation,36,22000,22000,OK,9.16,9.16,OK,701.23,7/11/2022,8/12/2022,OK,Late (31-120 Days),7713.53,5399.47,2314.06,0,583,OK,583,8.63,8.63,OK,94400,,MISSING,RENT,LA,Louisiana,OK
LN003194,B,B2,OK,educational,60,27000,27000,OK,9.35,9.35,OK,565.07,1/24/2023,2/28/2023,OK,Charged Off,1529.94,1070.96,458.98,25929.04,798,OK,798,7.85,7.85,OK,202000,9 years,9 years,MORTGAGE,PA,Pennsylvania,OK
LN002589,F,F4,OK,debt_consolidation,36,8800,8800,OK,30.16,30.16,OK,374.35,12/13/2022,1/10/2023,OK,Fully Paid,13738.14,8800,4938.14,0,638,OK,638,17.21,17.21,OK,231700,10+ years,10+ years,OWN,TX,Texas,OK
LN002304,E,E4,OK,credit_card,60,,,FLAGGED,26.33,26.33,OK,1081.89,2/22/2023,3/25/2023,OK,Fully Paid,64246.19,35900,28346.19,0,650,OK,650,36.42,36.42,OK,209600,2 years,2 years,OWN,SC,South Carolina,OK
LN000999,B,B5,OK,educational,36,,,FLAGGED,8.58,8.58,OK,467.75,11/6/2023,12/11/2023,OK,Fully Paid,16968.19,14800,2168.19,0,635,OK,635,7.61,7.61,OK,179500,< 1 year,< 1 year,OWN,NJ,New Jersey,OK
LN001776,A,A2,OK,renewable_energy,60,7800,7800,OK,5.28,5.28,OK,148.2,5/21/2023,6/25/2023,OK,Charged Off,3997.36,2798.15,1199.21,5001.85,616,OK,616,35.97,35.97,OK,104000,5 years,5 years,MORTGAGE,GA,Georgia,OK
LN001884,D,B1,GRADE_MISMATCH,educational,36,10800,10800,OK,19.34,19.34,OK,397.74,2/9/2023,3/14/2023,OK,Fully Paid,14396.7,10800,3596.7,0,656,OK,656,38.55,38.55,OK,63200,7 years,7 years,MORTGAGE,NC,North Carolina,OK
LN002029,G,G3,OK,vacation,60,9300,9300,OK,32.63,32.63,OK,316.08,9/2/2022,10/3/2022,OK,Current,16120.08,10478.05,5642.03,0,745,OK,745,35.48,35.48,OK,195900,7 years,7 years,MORTGAGE,NM,New Mexico,OK
LN003292,C,C2,OK,educational,60,2700,2700,OK,13.62,13.62,OK,62.29,10/31/2023,11/30/2023,OK,Current,2616.18,1700.52,915.66,0,757,OK,757,12.57,12.57,OK,213000,3 years,3 years,RENT,IL,Illinois,OK
LN001381,B,B5,OK,car,60,39000,39000,OK,10.65,10.65,OK,841.16,10/16/2023,11/14/2023,OK,Charged Off,3011.43,2108,903.43,36892,791,OK,791,24.39,24.39,OK,39700,9 years,9 years,MORTGAGE,RI,Rhode Island,OK
LN002092,E,E1,OK,home_improvement,36,31800,31800,OK,23.58,23.58,OK,1240.6,11/24/2023,12/26/2023,OK,Current,28533.8,18546.97,9986.83,0,796,OK,796,39.4,39.4,OK,101300,3 years,3 years,MORTGAGE,NE,Nebraska,OK
LN002481,F,F3,OK,renewable_energy,36,27500,27500,OK,27.62,27.62,OK,1131.86,11/4/2021,12/2/2021,OK,Late (31-120 Days),9054.88,6338.42,2716.46,0,660,OK,660,6.82,6.82,OK,228600,8 years,8 years,OWN,PA,Pennsylvania,OK
LN000441,A,A3,OK,educational,60,27300,27300,OK,7.84,7.84,OK,551.46,1/1/2023,2/3/2023,OK,Late (31-120 Days),1102.92,772.04,330.88,0,678,OK,678,19.62,19.62,OK,41700,4 years,4 years,RENT,OK,Oklahoma,OK
LN000509,C,C4,OK,vacation,60,,,FLAGGED,13.57,13.57,OK,583.06,2/25/2021,3/31/2021,OK,Fully Paid,34875.2,25300,9575.2,0,674,OK,674,29.55,29.55,OK,202800,7 years,7 years,RENT,NC,North Carolina,OK
LN001101,B,B1,OK,credit_card,60,29000,29000,OK,10.04,10.04,OK,616.74,12/27/2021,1/26/2022,OK,Fully Paid,36581.86,29000,7581.86,0,674,OK,674,8.87,8.87,OK,130000,< 1 year,< 1 year,MORTGAGE,DE,Delaware,OK
LN000590,A,A5,OK,medical,36,3400,3400,OK,7.51,7.51,OK,105.78,2/1/2021,3/2/2021,OK,Fully Paid,3778.88,3400,378.88,0,593,OK,593,28.93,28.93,OK,44900,9 years,9 years,MORTGAGE,KS,Kansas,OK
LN001610,A,A3,OK,debt_consolidation,36,1600,1600,OK,7.15,7.15,OK,49.51,2/19/2021,3/24/2021,OK,Late (31-120 Days),99.02,69.31,29.71,0,718,OK,718,16.05,16.05,OK,32500,10+ years,10+ years,RENT,VA,Virginia,OK
LN000650,C,C4,OK,home_improvement,36,6500,6500,OK,15.67,15.67,OK,227.46,4/27/2022,5/27/2022,OK,Fully Paid,8188.56,6500,1688.56,0,776,OK,776,32.38,32.38,OK,46300,7 years,7 years,RENT,RI,Rhode Island,OK
LN003279,A,A4,OK,major_purchase,36,22100,22100,OK,7.04,7.04,OK,682.79,1/3/2022,2/6/2022,OK,Fully Paid,24406.65,22100,2306.65,0,732,OK,732,35.61,35.61,OK,40900,7 years,7 years,RENT,MT,Montana,OK
LN002094,A,A2,OK,medical,36,14100,14100,OK,5.07,5.07,OK,423.03,6/21/2022,7/19/2022,OK,Fully Paid,15228.89,14100,1128.89,0,601,OK,601,38.64,38.64,OK,154900,8 years,8 years,MORTGAGE,TX,Texas,OK
LN003470,A,A2,OK,moving,60,14900,14900,OK,5.15,5.15,OK,282.21,2/20/2021,3/27/2021,OK,Fully Paid,16850.4,14900,1950.4,0,666,OK,666,16.25,16.25,OK,205200,4 years,4 years,MORTGAGE,AR,Arkansas,OK
LN003277,E,E5,OK,small_business,60,32300,32300,OK,25.04,25.04,OK,948.81,7/20/2021,8/24/2021,OK,Fully Paid,57589.44,32300,25289.44,0,728,OK,728,27.42,27.42,OK,42900,10+ years,10+ years,MORTGAGE,NY,New York,OK
LN001738,F,F1,OK,medical,36,20300,20300,OK,29.54,29.54,OK,856.66,5/1/2021,6/4/2021,OK,Current,16276.54,10579.75,5696.79,0,590,OK,590,36.5,36.5,OK,234600,5 years,5 years,MORTGAGE,AL,Alabama,OK
LN000661,B,B2,OK,small_business,60,29200,29200,OK,8.92,8.92,OK,605.01,9/8/2022,10/9/2022,OK,Fully Paid,35920.48,29200,6720.48,0,590,OK,590,30.58,30.58,OK,138700,10+ years,10+ years,RENT,AR,Arkansas,OK
LN000631,B,B5,OK,moving,36,27500,27500,OK,11.43,11.43,OK,905.92,12/5/2023,1/3/2024,OK,Current,14494.72,9421.57,5073.15,0,748,OK,748,40.9,40.9,OK,99000,10+ years,10+ years,MORTGAGE,AL,Alabama,OK
LN001821,D,D2,OK,major_purchase,60,4200,4200,OK,-20.22,,NEGATIVE_RATE,111.79,9/21/2022,10/25/2022,OK,Current,558.95,363.32,195.63,0,706,OK,706,16.01,16.01,OK,34400,4 years,4 years,MORTGAGE,MN,Minnesota,OK
LN001250,A,A5,OK,moving,60,,,FLAGGED,7.13,7.13,OK,508.48,11/4/2022,12/4/2022,OK,Fully Paid,29995.19,25600,4395.19,0,727,OK,727,28.82,28.82,OK,171700,5 years,5 years,MORTGAGE,AL,Alabama,OK
LN001423,D,D4,OK,vacation,36,14800,14800,OK,19.68,19.68,OK,547.61,12/18/2023,1/18/2024,OK,Current,12595.03,8186.77,4408.26,0,762,OK,762,32,32,OK,158000,2 years,2 years,MORTGAGE,MD,Maryland,OK
LN000483,E,E4,OK,wedding,60,4000,4000,OK,24.85,24.85,OK,117.05,1/20/2022,2/22/2022,OK,Charged Off,728.82,510.17,218.65,3489.83,771,OK,771,32.41,32.41,OK,147900,10+ years,10+ years,OWN,CA,California,OK
LN001622,C,C5,OK,credit_card,60,4000,4000,OK,15.72,15.72,OK,96.68,5/31/2023,7/1/2023,OK,Current,1160.16,754.1,406.06,0,673,OK,673,10.41,10.41,OK,132400,3 years,3 years,MORTGAGE,WY,Wyoming,OK
LN003070,E,E1,OK,moving,36,16600,16600,OK,26.33,26.33,OK,671.75,10/8/2022,11/7/2022,OK,Charged Off,2403.13,1682.19,720.94,14917.81,737,OK,737,31.35,31.35,OK,172600,8 years,8 years,RENT,VT,Vermont,OK
LN001589,B,B1,OK,medical,60,34200,34200,OK,11.16,11.16,OK,746.32,1/14/2022,2/11/2022,OK,Fully Paid,45234.54,34200,11034.54,0,642,OK,642,20.02,20.02,OK,79400,10+ years,10+ years,MORTGAGE,MD,Maryland,OK
LN002506,D,D3,OK,car,36,25900,25900,OK,21.38,21.38,OK,980.84,3/30/2022,5/1/2022,OK,Current,20597.64,13388.47,7209.17,0,734,OK,734,39.79,39.79,OK,142300,1 year,1 year,MORTGAGE,VA,Virginia,OK
LN002975,A,A2,OK,major_purchase,60,7600,7600,OK,5.18,5.18,OK,144.05,6/3/2021,7/4/2021,OK,Fully Paid,8727.01,7600,1127.01,0,800,OK,800,27.37,27.37,OK,40600,1 year,1 year,OWN,TX,Texas,OK
LN002343,B,B2,OK,car,60,17800,17800,OK,10.81,10.81,OK,385.33,1/27/2021,2/24/2021,OK,Current,22734.47,14777.41,7957.06,0,647,OK,647,29.81,29.81,OK,221200,2 years,2 years,RENT,AL,Alabama,OK
LN000857,F,F4,OK,moving,36,10800,10800,OK,30.9,30.9,OK,463.82,3/28/2023,4/27/2023,OK,Charged Off,4834.98,3384.49,1450.49,7415.51,641,OK,641,12.01,12.01,OK,106800,3 years,3 years,RENT,AK,Alaska,OK
LN001226,C,C2,OK,wedding,60,26900,26900,OK,14,14,OK,625.92,6/25/2022,7/23/2022,OK,Charged Off,2258.07,1580.65,677.42,25319.35,586,OK,586,15.38,15.38,OK,44100,4 years,4 years,RENT,TX,Texas,OK
LN001191,A,A2,OK,wedding,60,10500,10500,OK,7.87,7.87,OK,212.25,2/16/2023,3/16/2023,OK,Fully Paid,12568.19,10500,2068.19,0,727,OK,727,43.21,43.21,OK,112600,8 years,8 years,MORTGAGE,CT,Connecticut,OK
LN001755,D,D1,OK,vacation,36,25800,25800,OK,18.48,18.48,OK,938.96,7/9/2021,8/8/2021,OK,Current,10328.56,6713.56,3615,0,586,OK,586,17.08,17.08,OK,191800,5 years,5 years,MORTGAGE,ID,Idaho,OK
LN000531,A,A5,OK,wedding,36,16500,16500,OK,7.18,7.18,OK,510.83,5/19/2021,6/17/2021,OK,Current,13281.58,8633.03,4648.55,0,646,OK,646,30.08,30.08,OK,170100,1 year,1 year,MORTGAGE,DE,Delaware,OK
LN002407,A,A1,OK,medical,36,13200,13200,OK,7.57,7.57,OK,411.03,5/9/2021,6/13/2021,OK,Current,5754.42,3740.37,2014.05,0,670,OK,670,6.8,6.8,OK,228100,4 years,4 years,OWN,WV,West Virginia,OK
LN000050,F,F5,OK,small_business,36,23500,23500,OK,28.86,28.86,OK,983,2/4/2022,3/4/2022,OK,Fully Paid,35900.03,23500,12400.03,0,609,OK,609,37.88,37.88,OK,189100,5 years,5 years,MORTGAGE,UT,Utah,OK
LN003071,B,B5,OK,home_improvement,36,27700,27700,OK,10.72,10.72,OK,903.19,8/29/2022,9/27/2022,OK,Fully Paid,32707.27,27700,5007.27,0,666,OK,666,24.09,24.09,OK,138200,9 years,9 years,MORTGAGE,BC,,INVALID_STATE
LN000859,C,C1,OK,debt_consolidation,60,35900,35900,OK,15.21,15.21,OK,858.02,4/18/2021,5/23/2021,OK,Current,6006.14,3903.99,2102.15,0,780,OK,780,21.68,21.68,OK,131500,,MISSING,OWN,VA,Virginia,OK
LN001476,A,A5,OK,wedding,60,30000,30000,OK,8,8,OK,608.29,5/27/2023,6/25/2023,OK,Fully Paid,36360.45,30000,6360.45,0,580,OK,580,5.93,5.93,OK,62800,4 years,4 years,MORTGAGE,SD,South Dakota,OK
LN001073,B,B5,OK,medical,36,24000,24000,OK,9.34,9.34,OK,767,10/25/2022,11/22/2022,OK,Charged Off,13854.01,9697.81,4156.2,14302.19,785,OK,785,37.13,37.13,OK,244200,9 years,9 years,OWN,NE,Nebraska,OK
LN000720,A,A1,OK,home_improvement,36,17500,17500,OK,7.58,7.58,OK,545,10/1/2021,11/4/2021,OK,Fully Paid,19296.68,17500,1796.68,0,765,OK,765,41.09,41.09,OK,176000,9 years,9 years,OWN,AL,Alabama,OK
LN001804,F,F4,OK,renewable_energy,36,,,FLAGGED,27.66,27.66,OK,45.3,3/29/2022,4/26/2022,OK,Current,543.6,353.34,190.26,0,585,OK,585,26.84,26.84,OK,45300,1 year,1 year,MORTGAGE,MO,Missouri,OK
LN002349,D,D2,OK,credit_card,36,17700,17700,OK,17.02,17.02,OK,631.23,6/4/2021,7/6/2021,OK,Fully Paid,22341.05,17700,4641.05,0,716,OK,716,10.6,10.6,OK,40900,8 years,8 years,MORTGAGE,MO,Missouri,OK
LN002699,C,C1,OK,car,60,22200,22200,OK,15.49,15.49,OK,533.86,2/7/2022,3/7/2022,OK,Fully Paid,31889.98,22200,9689.98,0,581,OK,581,16.85,16.85,OK,32200,7 years,7 years,OWN,SC,South Carolina,OK
LN002898,D,D4,OK,small_business,60,10300,10300,OK,19.44,19.44,OK,269.69,12/27/2023,1/31/2024,OK,Charged Off,3085.96,2160.17,925.79,8139.83,636,OK,636,25.82,25.82,OK,65700,4 years,4 years,MORTGAGE,CA,California,OK
LN002039,E,E1,OK,wedding,36,13700,13700,OK,26.2,26.2,OK,553.44,10/21/2021,11/23/2021,OK,Late (31-120 Days),3320.64,2324.45,996.19,0,,ABOVE_MAX,864,34.72,34.72,OK,152000,6 years,6 years,RENT,WI,Wisconsin,OK
LN001217,D,D4,OK,debt_consolidation,36,14600,14600,OK,19.01,19.01,OK,535.25,6/11/2023,7/15/2023,OK,Fully Paid,19627.47,14600,5027.47,0,740,OK,740,28.57,28.57,OK,52700,9 years,9 years,RENT,PA,Pennsylvania,OK
LN001870,B,B4,OK,wedding,36,22000,22000,OK,9.26,9.26,OK,702.26,9/15/2021,10/14/2021,OK,Fully Paid,25624.36,22000,3624.36,0,634,OK,634,26.02,26.02,OK,46900,4 years,4 years,OTHER,HI,Hawaii,OK
LN002677,B,B4,OK,vacation,36,7900,7900,OK,11.96,11.96,OK,262.24,6/29/2021,7/29/2021,OK,Current,4458.08,2897.75,1560.33,0,595,OK,595,41.87,41.87,OK,242300,10+ years,10+ years,OTHER,MA,Massachusetts,OK
LN001533,C,C4,OK,debt_consolidation,36,23000,23000,OK,15.37,15.37,OK,801.48,6/22/2022,7/27/2022,OK,Fully Paid,28658.38,23000,5658.38,0,623,OK,623,23.14,23.14,OK,93000,6 years,6 years,RENT,IN,Indiana,OK
LN001865,A,A3,OK,debt_consolidation,36,36100,36100,OK,5.44,5.44,OK,1089.1,7/22/2021,8/20/2021,OK,Fully Paid,39131.79,36100,3031.79,0,612,OK,612,25.54,25.54,OK,140000,5 years,5 years,OWN,AK,Alaska,OK
LN003241,C,C2,OK,vacation,60,32700,32700,OK,15.15,15.15,OK,780.51,9/4/2023,10/6/2023,OK,Current,9366.12,6087.98,3278.14,0,749,OK,749,27.34,27.34,OK,113700,3 years,3 years,MORTGAGE,KS,Kansas,OK
LN002475,C,C1,OK,educational,36,20400,20400,OK,13.05,13.05,OK,687.85,7/1/2021,7/30/2021,OK,Current,8254.2,5365.23,2888.97,0,632,OK,632,9.94,9.94,OK,162800,3 years,3 years,MORTGAGE,DE,Delaware,OK
LN001445,B,B4,OK,credit_card,36,15900,15900,OK,10.08,10.08,OK,513.65,11/23/2022,12/24/2022,OK,Fully Paid,18368.85,15900,2468.85,0,678,OK,678,37.82,37.82,OK,123000,6 years,6 years,MORTGAGE,MN,Minnesota,OK
LN002045,C,C5,OK,wedding,36,15300,15300,OK,15.7,15.7,OK,535.64,3/4/2023,4/7/2023,OK,Current,14462.28,9400.48,5061.8,0,820,OK,820,14.72,14.72,OK,239200,1 year,1 year,MORTGAGE,NM,New Mexico,OK
LN002571,D,D5,OK,debt_consolidation,60,13500,13500,OK,17.49,17.49,OK,339.08,6/13/2023,7/18/2023,OK,Charged Off,3052.49,2136.74,915.75,11363.26,811,OK,811,28.01,28.01,OK,30600,< 1 year,< 1 year,RENT,CT,Connecticut,OK
LN001386,D,D1,OK,wedding,60,17000,17000,OK,17.95,17.95,OK,431.23,11/10/2021,12/15/2021,OK,Charged Off,6683.6,4678.52,2005.08,12321.48,811,OK,811,12.27,12.27,OK,199900,7 years,7 years,RENT,RI,Rhode Island,OK
LN001400,C,C2,OK,car,60,32500,32500,OK,13.18,13.18,OK,742.47,11/12/2021,12/10/2021,OK,Fully Paid,44366.64,32500,11866.64,0,758,OK,758,22.29,22.29,OK,212300,8 years,8 years,MORTGAGE,IA,Iowa,OK
LN001196,B,B2,OK,debt_consolidation,60,39500,39500,OK,11.9,11.9,OK,876.66,5/27/2023,6/26/2023,OK,Current,24546.48,15955.21,8591.27,0,766,OK,766,36.62,36.62,OK,47200,6 years,6 years,RENT,AZ,Arizona,OK
LN003389,D,D5,OK,debt_consolidation,36,2200,2200,OK,18.07,18.07,OK,79.61,6/28/2023,8/2/2023,OK,Fully Paid,2818.1,2200,618.1,0,593,OK,593,19.73,19.73,OK,192700,6 years,6 years,MORTGAGE,ND,North Dakota,OK
LN002477,G,G3,OK,small_business,36,22700,22700,OK,35.14,35.14,OK,1028.66,8/15/2021,9/19/2021,OK,Current,18515.88,12035.32,6480.56,0,771,OK,771,35.16,35.16,OK,106900,6 years,6 years,MORTGAGE,MA,Massachusetts,OK
LN003150,A,A1,OK,medical,36,22000,22000,OK,5.62,5.62,OK,665.5,5/28/2021,6/27/2021,OK,Charged Off,1130.9,791.63,339.27,21208.37,793,OK,793,36.69,36.69,OK,37600,3 years,3 years,OWN,CO,Colorado,OK
LN002468,G,G5,OK,car,36,5100,5100,OK,34.09,34.09,OK,228.08,4/29/2023,5/31/2023,OK,Default,684.24,478.97,205.27,0,690,OK,690,10.04,10.04,OK,144700,,MISSING,MORTGAGE,NY,New York,OK
LN000298,A,A4,OK,medical,36,19900,19900,OK,5.7,5.7,OK,602.7,1/11/2021,2/11/2021,OK,Charged Off,9657.53,6760.27,2897.26,13139.73,679,OK,679,23.79,23.79,OK,211200,10+ years,10+ years,RENT,TN,Tennessee,OK
LN001728,B,B3,OK,small_business,36,8900,8900,OK,11.99,11.99,OK,295.56,3/1/2023,4/1/2023,OK,Fully Paid,10459.14,8900,1559.14,0,595,OK,595,32.81,32.81,OK,64300,5 years,5 years,MORTGAGE,PA,Pennsylvania,OK
LN001265,A,A2,OK,debt_consolidation,36,36400,36400,OK,6.57,6.57,OK,1116.78,1/11/2022,2/15/2022,OK,Charged Off,4114.58,2880.21,1234.37,33519.79,812,OK,812,6.19,6.19,OK,221900,8 years,8 years,RENT,OK,Oklahoma,OK
LN003308,B,B1,OK,car,36,19300,19300,OK,-10.77,,NEGATIVE_RATE,629.76,2/22/2023,3/26/2023,OK,Fully Paid,22691.66,19300,3391.66,0,668,OK,668,42.49,42.49,OK,161000,4 years,4 years,MORTGAGE,DE,Delaware,OK
LN000959,B,B5,OK,home_improvement,60,8700,8700,OK,9.07,9.07,OK,180.89,5/13/2022,6/11/2022,OK,Charged Off,3393.51,2375.46,1018.05,6324.54,620,OK,620,27.47,27.47,OK,217300,7 years,7 years,RENT,KS,Kansas,OK
LN001721,C,C5,OK,wedding,60,16300,16300,OK,12.55,12.55,OK,367.13,1/23/2023,2/26/2023,OK,Current,6975.47,4534.06,2441.41,0,709,OK,709,38.86,38.86,OK,57700,10+ years,10+ years,RENT,TN,Tennessee,OK
LN001879,B,B5,OK,credit_card,36,11500,11500,OK,9.26,9.26,OK,367.09,5/10/2021,6/14/2021,OK,Fully Paid,13177.6,11500,1677.6,0,587,OK,587,24.13,24.13,OK,80700,1 year,1 year,MORTGAGE,VA,Virginia,OK
LN002721,C,C4,OK,medical,60,5800,5800,OK,15.62,15.62,OK,139.88,10/24/2021,11/21/2021,OK,Current,7273.76,4727.94,2545.82,0,755,OK,755,15.03,15.03,OK,165500,5 years,5 years,MORTGAGE,MT,Montana,OK
LN001375,A,A3,OK,renewable_energy,36,,,FLAGGED,5.23,5.23,OK,114.28,2/28/2021,3/30/2021,OK,Late (31-120 Days),1371.36,959.95,411.41,0,728,OK,728,27.25,27.25,OK,130800,9 years,9 years,RENT,AK,Alaska,OK
LN001287,B,B2,OK,car,36,21700,21700,OK,11.52,11.52,OK,715.79,9/19/2023,10/23/2023,OK,Fully Paid,25695.53,21700,3995.53,0,629,OK,629,28.53,28.53,OK,114700,10+ years,10+ years,OTHER,MD,Maryland,OK
LN000350,F,F5,OK,major_purchase,60,22100,22100,OK,30.56,30.56,OK,722.63,3/14/2022,4/17/2022,OK,Current,16620.49,10803.32,5817.17,0,735,OK,735,14.63,14.63,OK,248400,2 years,2 years,MORTGAGE,WV,West Virginia,OK
LN001369,A,A2,OK,medical,36,,,FLAGGED,5.55,5.55,OK,480.47,4/24/2022,5/28/2022,OK,Fully Paid,17025.55,15900,1125.55,0,657,OK,657,14.28,14.28,OK,209600,8 years,8 years,OWN,WV,West Virginia,OK
LN002168,F,F3,OK,credit_card,36,1200,1200,OK,27.96,27.96,OK,49.61,2/20/2021,3/22/2021,OK,Current,793.76,515.94,277.82,0,686,OK,686,44.79,44.79,OK,26300,7 years,7 years,MORTGAGE,NV,Nevada,OK
LN000644,G,G5,OK,medical,36,19700,19700,OK,35.36,35.36,OK,895.17,5/19/2021,6/21/2021,OK,Default,6266.19,4386.33,1879.86,0,706,OK,706,20.16,20.16,OK,177800,10+ years,10+ years,RENT,UT,Utah,OK
LN003029,B,B5,OK,credit_card,36,33900,33900,OK,9.77,9.77,OK,1090.2,3/1/2023,3/30/2023,OK,Fully Paid,39794.49,33900,5894.49,0,715,OK,715,34.74,34.74,OK,118600,3 years,3 years,OTHER,MO,Missouri,OK
LN001672,A,A5,OK,small_business,36,32100,32100,OK,7.29,7.29,OK,995.42,8/24/2023,9/27/2023,OK,Fully Paid,36303.52,32100,4203.52,0,633,OK,633,25.22,25.22,OK,234600,5 years,5 years,RENT,AK,Alaska,OK
LN000670,F,F4,OK,renewable_energy,60,6700,6700,OK,29.47,29.47,OK,214.59,5/8/2022,6/6/2022,OK,Fully Paid,13110.49,6700,6410.49,0,652,OK,652,19.29,19.29,OK,161600,1 year,1 year,MORTGAGE,ON,,INVALID_STATE
LN002216,A,A1,OK,educational,36,11900,11900,OK,7.11,7.11,OK,368.04,6/18/2021,7/17/2021,OK,Fully Paid,13270.12,11900,1370.12,0,610,OK,610,9.08,9.08,OK,183300,10+ years,10+ years,MORTGAGE,MO,Missouri,OK
LN003284,A,A2,OK,vacation,36,31900,31900,OK,5.51,5.51,OK,963.39,5/13/2023,6/12/2023,OK,Fully Paid,34315.51,31900,2415.51,0,595,OK,595,30.63,30.63,OK,225000,6 years,6 years,MORTGAGE,IA,Iowa,OK
LN003478,A,A2,OK,moving,60,19400,19400,OK,6.48,6.48,OK,379.4,12/6/2023,1/3/2024,OK,Fully Paid,23172.37,19400,3772.37,0,674,OK,674,11.36,11.36,OK,223600,7 years,7 years,OWN,AK,Alaska,OK
LN001180,C,C3,OK,car,36,8000,8000,OK,16.24,16.24,OK,282.21,7/2/2022,8/5/2022,OK,Fully Paid,10344.69,8000,2344.69,0,801,OK,801,35.92,35.92,OK,232400,4 years,4 years,MORTGAGE,OH,Ohio,OK
LN002247,A,A2,OK,small_business,60,2700,2700,OK,5.61,5.61,OK,51.71,11/26/2021,12/31/2021,OK,Fully Paid,3065.06,2700,365.06,0,639,OK,639,40.48,40.48,OK,105500,7 years,7 years,MORTGAGE,OH,Ohio,OK
LN002994,G,G1,OK,home_improvement,36,15300,15300,OK,32.62,32.62,OK,671.66,11/27/2023,12/28/2023,OK,Fully Paid,23910.9,15300,8610.9,0,712,OK,712,26.01,26.01,OK,123000,,MISSING,MORTGAGE,AL,Alabama,OK
LN002922,D,D3,OK,debt_consolidation,36,7000,7000,OK,18.84,18.84,OK,256.03,9/12/2021,10/15/2021,OK,Current,5632.66,3661.23,1971.43,0,641,OK,641,9.35,9.35,OK,33800,4 years,4 years,MORTGAGE,CA,California,OK
LN002017,B,B5,OK,major_purchase,36,6100,6100,OK,10.67,10.67,OK,198.75,4/1/2022,5/6/2022,OK,Fully Paid,7116.36,6100,1016.36,0,764,OK,764,9.27,9.27,OK,202000,5 years,5 years,OTHER,NM,New Mexico,OK
LN002517,D,D1,OK,educational,60,25900,25900,OK,21.96,21.96,OK,714.74,1/3/2021,2/4/2021,OK,Fully Paid,42987.01,25900,17087.01,0,601,OK,601,141.98,,DTI_IMPOSSIBLE,181200,2 years,2 years,MORTGAGE,NJ,New Jersey,OK
LN001358,C,C1,OK,renewable_energy,36,19300,19300,OK,13.05,13.05,OK,650.76,12/3/2022,1/6/2023,OK,Fully Paid,23151.75,19300,3851.75,0,757,OK,757,19.84,19.84,OK,215800,8 years,8 years,RENT,MN,Minnesota,OK
LN000787,C,C4,OK,car,36,10000,10000,OK,14.53,14.53,OK,344.36,12/9/2023,1/10/2024,OK,Late (31-120 Days),688.72,482.1,206.62,0,639,OK,639,16.89,16.89,OK,164700,< 1 year,< 1 year,OWN,ON,,INVALID_STATE
LN003228,E,E1,OK,car,36,4400,4400,OK,24.64,24.64,OK,174.11,12/26/2022,1/24/2023,OK,Charged Off,819.04,573.33,245.71,3826.67,756,OK,756,31.28,31.28,OK,146600,3 years,3 years,MORTGAGE,AK,Alaska,OK
LN000141,E,E2,OK,educational,60,15800,15800,OK,26.45,26.45,OK,477.28,6/4/2022,7/2/2022,OK,Fully Paid,28754.54,15800,12954.54,0,817,OK,817,44.32,44.32,OK,141500,5 years,5 years,MORTGAGE,ND,North Dakota,OK
LN000789,B,B3,OK,small_business,36,15700,15700,OK,9.46,9.46,OK,502.62,8/27/2022,10/1/2022,OK,Fully Paid,17854.98,15700,2154.98,0,820,OK,820,41.71,41.71,OK,68400,10+ years,10+ years,MORTGAGE,GA,Georgia,OK
LN000324,D,D2,OK,moving,36,20500,20500,OK,17.98,17.98,OK,740.92,8/23/2023,9/22/2023,OK,Charged Off,1134.84,794.39,340.45,19705.61,,ABOVE_MAX,992,24.98,24.98,OK,236700,5 years,5 years,RENT,NY,New York,OK
LN002438,C,C3,OK,home_improvement,60,36200,36200,OK,12.71,12.71,OK,818.3,2/3/2021,3/6/2021,OK,Current,38460.1,24999.06,13461.03,0,589,OK,589,40.3,40.3,OK,176700,10+ years,10+ years,RENT,UT,Utah,OK
LN000715,A,A1,OK,educational,36,24800,24800,OK,6.7,6.7,OK,762.35,6/25/2022,7/28/2022,OK,Late (31-120 Days),6861.15,4802.8,2058.34,0,596,OK,596,20.42,20.42,OK,111900,5 years,5 years,RENT,LA,Louisiana,OK
LN002536,A,A2,OK,credit_card,60,19700,19700,OK,6.91,6.91,OK,389.25,1/17/2023,2/14/2023,OK,Current,9731.25,6325.31,3405.94,0,767,OK,767,36.86,36.86,OK,95200,9 years,9 years,MORTGAGE,WA,Washington,OK
LN003482,A,A2,OK,wedding,60,3200,3200,OK,-5.19,,NEGATIVE_RATE,60.67,2/6/2023,3/7/2023,OK,Fully Paid,3604.78,3200,404.78,0,752,OK,752,38.16,38.16,OK,207500,2 years,2 years,MORTGAGE,VA,Virginia,OK
LN003323,B,B5,OK,renewable_energy,36,2800,2800,OK,9.69,9.69,OK,89.94,11/25/2022,12/23/2022,OK,Current,539.64,350.77,188.87,0,720,OK,720,13.72,13.72,OK,195400,7 years,7 years,RENT,AR,Arkansas,OK
LN001703,C,C1,OK,car,60,34300,34300,OK,15.85,15.85,OK,831.38,12/25/2021,1/24/2022,OK,Current,45725.9,29721.84,16004.06,0,728,OK,728,31.26,31.26,OK,125100,10+ years,10+ years,MORTGAGE,MS,Mississippi,OK
LN003031,B,B2,OK,wedding,36,34200,34200,OK,9.52,9.52,OK,1095.85,10/18/2021,11/20/2021,OK,Late (31-120 Days),9862.65,6903.85,2958.79,0,771,OK,771,36.34,36.34,OK,135300,10+ years,10+ years,MORTGAGE,WV,West Virginia,OK
LN002357,A,A4,OK,major_purchase,36,24100,24100,OK,6.88,6.88,OK,742.82,12/15/2021,1/19/2022,OK,Fully Paid,26821.13,24100,2721.13,0,626,OK,626,19.8,19.8,OK,73100,1 year,1 year,OWN,GA,Georgia,OK
LN000619,B,B2,OK,wedding,60,31700,31700,OK,8.73,8.73,OK,653.89,2/8/2023,3/13/2023,OK,Fully Paid,39574.64,31700,7874.64,0,768,OK,768,34,34,OK,203900,9 years,9 years,RENT,DE,Delaware,OK
LN000407,A,A5,OK,wedding,36,3700,3700,OK,7.71,7.71,OK,115.45,4/3/2021,5/1/2021,OK,Charged Off,1228.27,859.79,368.48,2840.21,700,OK,700,27.96,27.96,OK,160700,4 years,4 years,MORTGAGE,ME,Maine,OK
LN001685,B,B3,OK,educational,60,33800,33800,OK,9.07,9.07,OK,702.78,1/15/2023,2/15/2023,OK,Fully Paid,41829.61,33800,8029.61,0,676,OK,676,39.18,39.18,OK,177700,< 1 year,< 1 year,RENT,WV,West Virginia,OK
LN001668,B,B5,OK,moving,36,2100,2100,OK,11.77,11.77,OK,69.52,5/30/2022,6/29/2022,OK,Fully Paid,2498.73,2100,398.73,0,616,OK,616,138.45,,DTI_IMPOSSIBLE,219000,1 year,1 year,MORTGAGE,PA,Pennsylvania,OK
LN002969,B,B3,OK,wedding,36,35300,35300,OK,11.76,11.76,OK,1168.42,10/22/2022,11/26/2022,OK,Fully Paid,42462.21,35300,7162.21,0,754,OK,754,6.89,6.89,OK,128000,1 year,1 year,OWN,CO,Colorado,OK
LN001745,B,B2,OK,moving,36,5300,5300,OK,10.75,10.75,OK,172.89,10/5/2023,11/5/2023,OK,Fully Paid,6154.83,5300,854.83,0,668,OK,668,24.91,24.91,OK,35200,7 years,7 years,RENT,OK,Oklahoma,OK
LN003450,B,B3,OK,debt_consolidation,60,21000,21000,OK,10.66,10.66,OK,453.04,5/4/2021,6/4/2021,OK,Current,6342.56,4122.66,2219.9,0,725,OK,725,42.29,42.29,OK,206200,3 years,3 years,RENT,VA,Virginia,OK
LN000498,D,D2,OK,major_purchase,36,,,FLAGGED,19.29,19.29,OK,1254.98,6/30/2021,7/28/2021,OK,Charged Off,18048.92,12634.24,5414.68,21465.76,757,OK,757,20.9,20.9,OK,111900,8 years,8 years,MORTGAGE,WV,West Virginia,OK
LN002016,B,B5,OK,educational,60,22800,22800,OK,8.67,8.67,OK,469.65,12/15/2021,1/13/2022,OK,Current,11271.6,7326.54,3945.06,0,694,OK,694,44.11,44.11,OK,87800,2 years,2 years,OWN,CA,California,OK
LN000343,C,C4,OK,moving,36,,,FLAGGED,14.46,14.46,OK,1259.09,1/26/2021,2/25/2021,OK,Charged Off,8345.7,5841.99,2503.71,30758.01,699,OK,699,16.01,16.01,OK,90600,< 1 year,< 1 year,RENT,ME,Maine,OK
LN002334,C,C4,OK,small_business,60,21100,21100,OK,15.96,15.96,OK,512.66,7/22/2022,8/19/2022,OK,Fully Paid,31191.18,21100,10091.18,0,614,OK,614,41.14,41.14,OK,105500,9 years,9 years,MORTGAGE,NM,New Mexico,OK
LN003249,F,F3,OK,medical,60,34600,34600,OK,30.16,30.16,OK,1122.83,12/24/2022,1/26/2023,OK,Charged Off,14777.21,10344.05,4433.16,24255.95,748,OK,748,41.31,41.31,OK,77700,3 years,3 years,OTHER,VT,Vermont,OK
LN000783,B,B1,OK,car,36,8500,8500,OK,10.52,10.52,OK,276.35,2/23/2023,3/26/2023,OK,Late (31-120 Days),2210.8,1547.56,663.24,0,583,OK,583,11.67,11.67,OK,196400,3 years,3 years,MORTGAGE,NM,New Mexico,OK
LN001324,E,E2,OK,educational,60,15400,15400,OK,-26.76,,NEGATIVE_RATE,468.04,1/4/2022,2/3/2022,OK,Late (31-120 Days),5148.44,3603.91,1544.53,0,594,OK,594,19.59,19.59,OK,121600,2 years,2 years,RENT,IL,Illinois,OK
LN002285,B,B5,OK,moving,36,32600,32600,OK,10.73,10.73,OK,1063.12,5/5/2021,6/7/2021,OK,Charged Off,2358.35,1650.84,707.5,30949.16,646,OK,646,10.67,10.67,OK,137300,< 1 year,< 1 year,RENT,SC,South Carolina,OK
LN002471,D,D3,OK,wedding,60,35700,35700,OK,17.3,17.3,OK,893.01,10/6/2022,11/6/2022,OK,Current,5358.06,3482.74,1875.32,0,646,OK,646,36.92,36.92,OK,118200,5 years,5 years,RENT,NJ,New Jersey,OK
LN000304,D,D3,OK,vacation,36,4500,4500,OK,18.15,18.15,OK,163.02,9/30/2022,11/3/2022,OK,Fully Paid,5755.23,4500,1255.23,0,713,OK,713,39.38,39.38,OK,231500,7 years,7 years,MORTGAGE,RI,Rhode Island,OK
LN002937,G,G1,OK,educational,60,18000,18000,OK,32.11,32.11,OK,605.9,7/16/2023,8/18/2023,OK,Default,605.9,424.13,181.77,0,755,OK,755,22.97,22.97,OK,217600,10+ years,10+ years,OWN,ND,North Dakota,OK
LN002553,B,B4,OK,educational,36,7100,7100,OK,10.13,10.13,OK,229.53,12/18/2022,1/22/2023,OK,Fully Paid,8419.37,7100,1319.37,0,773,OK,773,7.72,7.72,OK,235800,4 years,4 years,MORTGAGE,NY,New York,OK
LN000665,B,B4,OK,credit_card,36,,,FLAGGED,9.15,9.15,OK,780.8,4/17/2023,5/17/2023,OK,Fully Paid,28098.14,24500,3598.14,0,766,OK,766,12.22,12.22,OK,140500,< 1 year,< 1 year,RENT,ID,Idaho,OK
LN001178,E,E1,OK,debt_consolidation,60,14600,14600,OK,26.79,26.79,OK,443.99,2/20/2022,3/22/2022,OK,Current,19535.56,12698.11,6837.45,0,785,OK,785,9.36,9.36,OK,60600,< 1 year,< 1 year,RENT,NJ,New Jersey,OK
LN001245,C,C3,OK,vacation,60,18400,18400,OK,14.65,14.65,OK,434.36,3/4/2021,4/1/2021,OK,Charged Off,8839.07,6187.35,2651.72,12212.65,658,OK,658,35.72,35.72,OK,115400,2 years,2 years,OWN,RI,Rhode Island,OK
LN003130,E,E3,OK,major_purchase,60,22300,22300,OK,26.42,26.42,OK,673.23,2/10/2021,3/17/2021,OK,Late (31-120 Days),2692.92,1885.04,807.88,0,596,OK,596,191.02,,DTI_IMPOSSIBLE,187300,5 years,5 years,RENT,ID,Idaho,OK
LN002647,A,A3,OK,debt_consolidation,60,37300,37300,OK,5.11,5.11,OK,705.78,3/31/2022,4/30/2022,OK,Charged Off,2243.83,1570.68,673.15,35729.32,772,OK,772,10.1,10.1,OK,239500,2 years,2 years,OWN,VT,Vermont,OK
LN002723,A,A2,OK,credit_card,60,26700,26700,OK,6.98,6.98,OK,528.44,2/12/2022,3/19/2022,OK,Current,28535.76,18548.24,9987.52,0,597,OK,597,32.1,32.1,OK,198800,10+ years,10+ years,MORTGAGE,CT,Connecticut,OK
LN003210,B,B4,OK,major_purchase,36,23800,23800,OK,9.72,9.72,OK,764.83,12/10/2022,1/13/2023,OK,Current,6118.64,3977.12,2141.52,0,688,OK,688,13.43,13.43,OK,82100,3 years,3 years,RENT,GA,Georgia,OK
LN002345,D,D5,OK,small_business,60,14600,14600,OK,21.44,21.44,OK,398.6,4/1/2022,5/4/2022,OK,Default,3986,2790.2,1195.8,0,635,OK,635,5.96,5.96,OK,101200,10+ years,10+ years,RENT,SD,South Dakota,OK
LN000085,C,C1,OK,car,36,35000,35000,OK,16.26,16.26,OK,1234.99,3/13/2022,4/16/2022,OK,Current,7409.94,4816.46,2593.48,0,653,OK,653,29.02,29.02,OK,169000,1 year,1 year,OWN,GA,Georgia,OK
LN002657,D,D4,OK,credit_card,60,,,FLAGGED,18.64,18.64,OK,888.13,8/10/2022,9/11/2022,OK,Current,34637.07,22514.1,12122.97,0,750,OK,750,37.58,37.58,OK,78600,6 years,6 years,MORTGAGE,KY,Kentucky,OK
LN000942,D,D3,OK,car,60,37300,37300,OK,21.32,21.32,OK,1015.82,6/12/2022,7/14/2022,OK,Fully Paid,61872.41,37300,24572.41,0,768,OK,768,41.55,41.55,OK,192600,7 years,7 years,OWN,NE,Nebraska,OK
LN000962,G,G2,OK,renewable_energy,36,37400,37400,OK,35.17,35.17,OK,1695.43,10/2/2022,10/31/2022,OK,Fully Paid,62216.08,37400,24816.08,0,706,OK,706,5.64,5.64,OK,196100,10+ years,10+ years,RENT,KY,Kentucky,OK
LN000842,B,F2,GRADE_MISMATCH,small_business,36,32400,32400,OK,11.05,11.05,OK,1061.5,1/28/2023,3/4/2023,OK,Charged Off,9902.08,6931.46,2970.62,25468.54,590,OK,590,9.86,9.86,OK,225500,5 years,5 years,RENT,RI,Rhode Island,OK
LN001939,E,E5,OK,car,36,15300,15300,OK,24.67,24.67,OK,605.66,10/19/2023,11/20/2023,OK,Current,18775.46,12204.05,6571.41,0,811,OK,811,114.05,,DTI_IMPOSSIBLE,31300,2 years,2 years,RENT,MI,Michigan,OK
LN002846,D,D5,OK,home_improvement,60,23400,23400,OK,17.78,17.78,OK,591.41,5/20/2022,6/18/2022,OK,Fully Paid,35041.96,23400,11641.96,0,658,OK,658,6.3,6.3,OK,100500,7 years,7 years,RENT,ND,North Dakota,OK
LN001922,A,A5,OK,moving,36,35600,35600,OK,7.38,7.38,OK,1105.42,5/12/2022,6/10/2022,OK,Late (31-120 Days),9948.78,6964.15,2984.63,0,676,OK,676,18.21,18.21,OK,237500,10+ years,10+ years,OTHER,DE,Delaware,OK
LN002097,B,B5,OK,debt_consolidation,36,17300,17300,OK,9.71,9.71,OK,555.87,7/5/2021,8/9/2021,OK,Charged Off,3028.51,2119.96,908.55,15180.04,696,OK,696,43.81,43.81,OK,105100,6 years,6 years,RENT,NY,New York,OK
LN001840,C,C1,OK,car,60,4000,4000,OK,13.74,13.74,OK,92.53,12/12/2023,1/9/2024,OK,Current,4533.97,2947.08,1586.89,0,737,OK,737,37.86,37.86,OK,246100,1 year,1 year,MORTGAGE,UT,Utah,OK
LN000291,B,B4,OK,renewable_energy,60,,,FLAGGED,9.06,9.06,OK,170.46,1/4/2021,2/4/2021,OK,Current,3238.74,2105.18,1133.56,0,629,OK,629,9.58,9.58,OK,47200,10+ years,10+ years,MORTGAGE,OK,Oklahoma,OK
LN002300,G,G2,OK,debt_consolidation,60,23500,23500,OK,33.59,33.59,OK,812.93,7/1/2022,8/4/2022,OK,Fully Paid,48539.46,23500,25039.46,0,591,OK,591,26.29,26.29,OK,246300,6 years,6 years,OWN,MA,Massachusetts,OK
LN001619,G,G2,OK,car,36,17700,17700,OK,34.81,34.81,OK,798.78,11/13/2021,12/17/2021,OK,Late (31-120 Days),4792.68,3354.88,1437.8,0,639,OK,639,44.05,44.05,OK,81400,8 years,8 years,RENT,OH,Ohio,OK
LN003015,B,B4,OK,debt_consolidation,36,,,FLAGGED,9.02,9.02,OK,155.86,9/10/2023,10/14/2023,OK,Fully Paid,5562.79,4900,662.79,0,679,OK,679,30.47,30.47,OK,39800,6 years,6 years,OWN,ME,Maine,OK
LN000605,D,D4,OK,educational,36,25400,25400,OK,-17.17,,NEGATIVE_RATE,907.73,1/26/2023,2/28/2023,OK,Current,3630.92,2360.1,1270.82,0,758,OK,758,31.63,31.63,OK,85500,3 years,3 years,OWN,UT,Utah,OK
LN002947,G,G5,OK,car,60,35800,35800,OK,33.73,33.73,OK,1241.59,11/4/2023,12/6/2023,OK,Fully Paid,74715.78,35800,38915.78,0,817,OK,817,16.6,16.6,OK,102300,6 years,6 years,RENT,NM,New Mexico,OK
LN000917,E,E5,OK,renewable_energy,36,21500,21500,OK,25.89,25.89,OK,864.99,11/28/2022,12/28/2022,OK,Current,6919.92,4497.95,2421.97,0,665,OK,665,19.07,19.07,OK,245400,8 years,8 years,MORTGAGE,IA,Iowa,OK
LN001802,A,A5,OK,car,36,5600,5600,OK,7.45,7.45,OK,174.07,11/29/2022,1/2/2023,OK,Fully Paid,6365.84,5600,765.84,0,709,OK,709,41.97,41.97,OK,183600,10+ years,10+ years,MORTGAGE,KS,Kansas,OK
LN002414,E,E2,OK,wedding,36,23500,23500,OK,25.4,25.4,OK,939.33,2/24/2022,3/30/2022,OK,Fully Paid,34401.17,23500,10901.17,0,783,OK,783,14.77,14.77,OK,138400,,MISSING,MORTGAGE,NH,New Hampshire,OK
LN001100,E,E5,OK,major_purchase,36,23000,23000,OK,26.81,26.81,OK,936.64,9/7/2022,10/5/2022,OK,Current,8429.76,5479.34,2950.42,0,724,OK,724,40.84,40.84,OK,119700,4 years,4 years,RENT,NJ,New Jersey,OK
LN001089,C,C4,OK,debt_consolidation,60,14900,14900,OK,14.81,14.81,OK,352.99,2/14/2022,3/17/2022,OK,Charged Off,2694.69,1886.28,808.41,13013.72,690,OK,690,13.44,13.44,OK,184100,2 years,2 years,OWN,MN,Minnesota,OK
LN002890,A,A3,OK,vacation,60,,,FLAGGED,6.51,6.51,OK,172.22,12/30/2023,1/31/2024,OK,Charged Off,1182.06,827.44,354.62,7972.56,681,OK,681,25.21,25.21,OK,187400,10+ years,10+ years,MORTGAGE,RI,Rhode Island,OK
LN001874,E,E2,OK,wedding,60,8400,8400,OK,26.6,26.6,OK,254.49,3/2/2023,4/4/2023,OK,Fully Paid,15457.96,8400,7057.96,0,597,OK,597,38.35,38.35,OK,100400,3 years,3 years,MORTGAGE,CA,California,OK
LN000822,F,F5,OK,renewable_energy,36,9800,9800,OK,29.39,29.39,OK,412.76,2/27/2022,3/28/2022,OK,Fully Paid,14579.31,9800,4779.31,0,808,OK,808,33.53,33.53,OK,97400,10+ years,10+ years,RENT,NE,Nebraska,OK
LN001860,A,A2,OK,medical,60,37700,37700,OK,7.28,7.28,OK,751.5,9/9/2023,10/11/2023,OK,Current,5260.5,3419.33,1841.17,0,657,OK,657,16.88,16.88,OK,185100,10+ years,10+ years,RENT,NV,Nevada,OK
LN003397,B,B3,OK,renewable_energy,60,34300,34300,OK,10.13,10.13,OK,730.97,10/15/2021,11/15/2021,OK,Fully Paid,43943.03,34300,9643.03,0,745,OK,745,36.95,36.95,OK,103700,,MISSING,RENT,ME,Maine,OK
LN002914,F,F1,OK,wedding,36,29000,29000,OK,30.75,30.75,OK,1243.04,9/9/2022,10/7/2022,OK,Current,28589.92,18583.45,10006.47,0,758,OK,758,44.01,44.01,OK,156400,< 1 year,< 1 year,OTHER,CT,Connecticut,OK
LN002952,C,C3,OK,vacation,60,20600,20600,OK,16.18,16.18,OK,502.92,11/26/2023,12/25/2023,OK,Fully Paid,29593.44,20600,8993.44,0,677,OK,677,33.2,33.2,OK,92700,6 years,6 years,MORTGAGE,MO,Missouri,OK
LN001303,E,E1,OK,debt_consolidation,60,2600,2600,OK,25.07,25.07,OK,76.42,6/26/2023,7/30/2023,OK,Current,382.1,248.37,133.74,0,671,OK,671,14.77,14.77,OK,246500,6 years,6 years,OWN,KY,Kentucky,OK
LN001001,B,B4,OK,debt_consolidation,60,3200,3200,OK,11.56,11.56,OK,70.47,4/19/2021,5/23/2021,OK,Charged Off,1397.19,978.03,419.16,2221.97,782,OK,782,14.26,14.26,OK,44300,3 years,3 years,RENT,MS,Mississippi,OK
LN001283,E,E5,OK,major_purchase,60,1200,1200,OK,26.81,26.81,OK,36.51,1/13/2023,2/14/2023,OK,Late (31-120 Days),401.61,281.13,120.48,0,602,OK,602,40.09,40.09,OK,152900,6 years,6 years,RENT,XX,,INVALID_STATE
LN001957,D,D1,OK,wedding,36,24300,24300,OK,19.42,19.42,OK,895.91,7/15/2021,8/17/2021,OK,Fully Paid,32346.4,24300,8046.4,0,756,OK,756,16.09,16.09,OK,64300,9 years,9 years,MORTGAGE,HI,Hawaii,OK
LN001478,G,G1,OK,moving,36,,,FLAGGED,33.55,33.55,OK,630.75,3/28/2021,4/25/2021,OK,Fully Paid,23089.71,14200,8889.71,0,788,OK,788,38.65,38.65,OK,235900,3 years,3 years,RENT,NV,Nevada,OK
LN000019,C,C5,OK,credit_card,36,30800,30800,OK,14.76,14.76,OK,1064.08,6/5/2023,7/8/2023,OK,Late (31-120 Days),4256.32,2979.42,1276.9,0,751,OK,751,33.65,33.65,OK,122700,3 years,3 years,RENT,TN,Tennessee,OK
LN000494,E,E2,OK,wedding,60,17300,17300,OK,24.53,24.53,OK,503.02,2/1/2021,3/3/2021,OK,Fully Paid,30407.52,17300,13107.52,0,791,OK,791,18.1,18.1,OK,140400,2 years,2 years,OWN,ID,Idaho,OK
LN001126,G,G3,OK,medical,60,14100,14100,OK,34.35,34.35,OK,494.56,1/29/2021,2/27/2021,OK,Fully Paid,29343.49,14100,15243.49,0,616,OK,616,37.24,37.24,OK,61800,,MISSING,MORTGAGE,ND,North Dakota,OK
LN001405,E,E2,OK,debt_consolidation,60,28500,28500,OK,24.85,24.85,OK,834.01,5/16/2022,6/17/2022,OK,Fully Paid,49190.03,28500,20690.03,0,612,OK,612,23.68,23.68,OK,207100,10+ years,10+ years,RENT,NC,North Carolina,OK
LN003195,E,E5,OK,small_business,36,33500,33500,OK,25.61,25.61,OK,1342.79,11/8/2021,12/6/2021,OK,Current,28198.59,18329.08,9869.51,0,667,OK,667,39.76,39.76,OK,89400,7 years,7 years,MORTGAGE,MO,Missouri,OK
LN001761,D,D4,OK,vacation,60,,,FLAGGED,20.84,20.84,OK,763.07,12/5/2022,1/6/2023,OK,Fully Paid,45398.93,28300,17098.93,0,767,OK,767,16.52,16.52,OK,125300,5 years,5 years,MORTGAGE,DE,Delaware,OK
LN002209,C,C3,OK,moving,60,2300,2300,OK,14.82,14.82,OK,54.5,1/14/2023,2/12/2023,OK,Fully Paid,3210.95,2300,910.95,0,687,OK,687,12.92,12.92,OK,99700,2 years,2 years,RENT,AK,Alaska,OK
LN002186,C,C4,OK,debt_consolidation,36,22600,22600,OK,16.06,16.06,OK,795.22,9/8/2023,10/9/2023,OK,Current,15109.18,9820.97,5288.21,0,820,OK,820,17.51,17.51,OK,139200,10+ years,10+ years,OWN,AZ,Arizona,OK
LN002868,C,C1,OK,car,60,7600,7600,OK,15.54,15.54,OK,182.96,8/26/2023,9/29/2023,OK,Current,3110.32,2021.71,1088.61,0,639,OK,639,9.68,9.68,OK,63700,3 years,3 years,MORTGAGE,GA,Georgia,OK
LN000585,B,B2,OK,wedding,60,24400,24400,OK,9.85,9.85,OK,516.63,8/23/2023,9/22/2023,OK,Current,4649.67,3022.29,1627.38,0,680,OK,680,32.95,32.95,OK,42800,2 years,2 years,MORTGAGE,LA,Louisiana,OK
LN002103,C,C3,OK,renewable_energy,36,35900,35900,OK,15.37,15.37,OK,1251,3/6/2021,4/10/2021,OK,Current,37530,24394.5,13135.5,0,775,OK,775,40.52,40.52,OK,187000,3 years,3 years,RENT,WA,Washington,OK
LN000688,E,E3,OK,vacation,60,40000,40000,OK,26.44,26.44,OK,1208.06,11/15/2021,12/15/2021,OK,Late (31-120 Days),12080.6,8456.42,3624.18,0,704,OK,704,6.58,6.58,OK,142400,4 years,4 years,MORTGAGE,UT,Utah,OK
LN002211,C,C2,OK,moving,60,17600,17600,OK,16.15,16.15,OK,429.4,4/4/2021,5/4/2021,OK,Current,16317.2,10606.18,5711.02,0,666,OK,666,34.71,34.71,OK,170800,3 years,3 years,MORTGAGE,IN,Indiana,OK
LN002108,B,B2,OK,medical,60,,,FLAGGED,9.81,9.81,OK,296.15,4/17/2023,5/19/2023,OK,Fully Paid,17427.02,14000,3427.02,0,605,OK,605,22.44,22.44,OK,133000,6 years,6 years,RENT,ON,,INVALID_STATE
LN002422,F,F4,OK,small_business,60,36100,36100,OK,28.15,28.15,OK,1127.27,6/3/2021,7/3/2021,OK,Fully Paid,68828.78,36100,32728.78,0,812,OK,812,17.93,17.93,OK,195400,10+ years,10+ years,RENT,ID,Idaho,OK
LN001979,B,B2,OK,car,60,10600,10600,OK,10.29,10.29,OK,226.73,1/18/2021,2/15/2021,OK,Current,2720.76,1768.49,952.27,0,594,OK,594,13.24,13.24,OK,246100,1 year,1 year,MORTGAGE,NH,New Hampshire,OK
LN001010,C,C1,OK,vacation,36,2500,2500,OK,13.52,13.52,OK,84.86,5/13/2022,6/17/2022,OK,Current,2291.22,1489.29,801.93,0,772,OK,772,26.56,26.56,OK,65100,4 years,4 years,MORTGAGE,MN,Minnesota,OK
LN002893,F,F3,OK,wedding,36,29300,29300,OK,28.09,28.09,OK,1213.38,12/20/2022,1/19/2023,OK,Fully Paid,44477.68,29300,15177.68,0,627,OK,627,18.17,18.17,OK,224000,5 years,5 years,RENT,VT,Vermont,OK
LN000361,C,C5,OK,debt_consolidation,36,4000,4000,OK,13.64,13.64,OK,136.01,3/9/2023,4/10/2023,OK,Fully Paid,4926.67,4000,926.67,0,582,OK,582,7.66,7.66,OK,136100,7 years,7 years,MORTGAGE,MS,Mississippi,OK
LN003404,D,D4,OK,moving,60,13500,13500,OK,-17.53,,NEGATIVE_RATE,339.37,8/16/2021,9/18/2021,OK,Default,2375.59,1662.91,712.68,0,615,OK,615,33.87,33.87,OK,118000,< 1 year,< 1 year,RENT,FL,Florida,OK
LN003283,D,D3,OK,small_business,36,14300,14300,OK,20.69,20.69,OK,536.48,12/2/2021,1/1/2022,OK,Fully Paid,19112.31,14300,4812.31,0,618,OK,618,14.26,14.26,OK,78800,9 years,9 years,RENT,AK,Alaska,OK
LN002308,B,B5,OK,major_purchase,36,3000,3000,OK,11.75,11.75,OK,99.29,6/9/2022,7/14/2022,OK,Fully Paid,3567.36,3000,567.36,0,755,OK,755,9.71,9.71,OK,152800,8 years,8 years,MORTGAGE,ND,North Dakota,OK
LN001311,E,E3,OK,major_purchase,60,16900,16900,OK,26.4,26.4,OK,510,7/17/2021,8/15/2021,OK,Default,1530,1071,459,0,623,OK,623,33.9,33.9,OK,220200,2 years,2 years,RENT,OK,Oklahoma,OK
LN001750,B,B1,OK,moving,36,25500,25500,OK,11.03,11.03,OK,835.2,8/15/2021,9/14/2021,OK,Current,23385.6,15200.64,8184.96,0,655,OK,655,15.77,15.77,OK,213300,9 years,9 years,OWN,ID,Idaho,OK
LN002931,C,C4,OK,debt_consolidation,60,5100,5100,OK,14.85,14.85,OK,120.93,7/13/2023,8/13/2023,OK,Late (31-120 Days),362.79,253.95,108.84,0,677,OK,677,38.54,38.54,OK,76600,3 years,3 years,MORTGAGE,SC,South Carolina,OK
LN001815,C,C2,OK,vacation,60,5300,5300,OK,16.3,16.3,OK,129.73,8/7/2021,8/1/2021,DATE_SEQUENCE_ERROR,Fully Paid,7799.46,5300,2499.46,0,744,OK,744,29.09,29.09,OK,245200,10+ years,10+ years,RENT,ME,Maine,OK
LN002164,D,D2,OK,debt_consolidation,36,17900,17900,OK,18.48,18.48,OK,651.45,8/20/2021,9/19/2021,OK,Current,21497.85,13973.6,7524.25,0,815,OK,815,36.67,36.67,OK,66700,,MISSING,RENT,CA,California,OK
LN000345,E,E2,OK,moving,60,29200,29200,OK,23.19,23.19,OK,826.35,12/26/2021,1/27/2022,OK,Fully Paid,49860.45,29200,20660.45,0,608,OK,608,8.85,8.85,OK,52300,< 1 year,< 1 year,MORTGAGE,ID,Idaho,OK
LN000987,D,D1,OK,renewable_energy,36,29900,29900,OK,20.78,20.78,OK,1123.11,11/1/2023,11/29/2023,OK,Late (31-120 Days),1123.11,786.18,336.93,0,765,OK,765,33.69,33.69,OK,79000,5 years,5 years,MORTGAGE,FL,Florida,OK
LN001831,B,B4,OK,home_improvement,60,31200,31200,OK,9.6,9.6,OK,656.78,3/11/2022,4/13/2022,OK,Current,30211.88,19637.72,10574.16,0,581,OK,581,14.67,14.67,OK,36700,< 1 year,< 1 year,RENT,OK,Oklahoma,OK
LN000744,C,C1,OK,credit_card,36,34200,34200,OK,12.93,12.93,OK,1151.18,1/29/2023,2/27/2023,OK,Current,37988.94,24692.81,13296.13,0,756,OK,756,18.25,18.25,OK,49900,1 year,1 year,MORTGAGE,NC,North Carolina,OK
LN001926,B,B2,OK,medical,36,33800,33800,OK,9.75,9.75,OK,1086.67,5/21/2022,6/21/2022,OK,Current,7606.69,4944.35,2662.34,0,662,OK,662,13.94,13.94,OK,102700,< 1 year,< 1 year,RENT,AL,Alabama,OK
LN001656,D,D3,OK,debt_consolidation,36,11300,11300,OK,18.01,18.01,OK,408.58,6/30/2022,8/3/2022,OK,Late (31-120 Days),2860.06,2002.04,858.02,0,584,OK,584,25.5,25.5,OK,120500,,MISSING,MORTGAGE,AZ,Arizona,OK
LN000114,F,F4,OK,major_purchase,60,,,FLAGGED,30.27,30.27,OK,858.51,7/15/2021,8/17/2021,OK,Late (31-120 Days),7726.59,5408.61,2317.98,0,648,OK,648,37.05,37.05,OK,198800,< 1 year,< 1 year,MORTGAGE,ID,Idaho,OK
LN001438,B,B4,OK,moving,36,5100,5100,OK,10.52,10.52,OK,165.81,2/18/2021,3/25/2021,OK,Current,1326.48,862.21,464.27,0,650,OK,650,42.81,42.81,OK,162800,6 years,6 years,MORTGAGE,AK,Alaska,OK
LN001578,B,B3,OK,small_business,60,33700,33700,OK,10.61,10.61,OK,726.18,12/1/2022,12/29/2022,OK,Fully Paid,43324.7,33700,9624.7,0,724,OK,724,29.42,29.42,OK,196400,5 years,5 years,OTHER,RI,Rhode Island,OK
LN001242,A,A1,OK,car,60,4100,4100,OK,5.68,5.68,OK,78.66,7/10/2022,8/13/2022,OK,Fully Paid,4684.56,4100,584.56,0,685,OK,685,44.03,44.03,OK,76500,,MISSING,MORTGAGE,MA,Massachusetts,OK
LN001143,B,B5,OK,debt_consolidation,36,,,FLAGGED,8.58,8.58,OK,1163.05,4/5/2022,5/10/2022,OK,Fully Paid,42104.67,36800,5304.67,0,697,OK,697,206.91,,DTI_IMPOSSIBLE,37500,7 years,7 years,RENT,IN,Indiana,OK
LN002173,B,B1,OK,credit_card,36,4900,4900,OK,9.23,9.23,OK,156.34,2/5/2021,3/5/2021,OK,Charged Off,2528.84,1770.19,758.65,3129.81,722,OK,722,41.16,41.16,OK,246000,8 years,8 years,RENT,MT,Montana,OK
LN001199,B,B4,OK,credit_card,36,,,FLAGGED,11.84,11.84,OK,308.18,10/4/2023,11/2/2023,OK,Fully Paid,10938.81,9300,1638.81,0,727,OK,727,11.7,11.7,OK,167600,7 years,7 years,RENT,IL,Illinois,OK
LN000086,D,D2,OK,credit_card,36,29400,29400,OK,18.84,18.84,OK,1075.31,8/28/2021,9/29/2021,OK,Charged Off,14522.77,10165.94,4356.83,19234.06,796,OK,796,27.44,27.44,OK,35700,6 years,6 years,MORTGAGE,VT,Vermont,OK
LN001848,C,C4,OK,vacation,36,33900,33900,OK,13.67,13.67,OK,1153.2,7/30/2021,8/28/2021,OK,Fully Paid,41011.2,33900,7111.2,0,645,OK,645,15.97,15.97,OK,45900,< 1 year,< 1 year,OTHER,AL,Alabama,OK
LN002478,E,E1,OK,credit_card,60,6500,6500,OK,26.83,26.83,OK,197.82,8/15/2021,9/17/2021,OK,Current,8308.44,5400.49,2907.95,0,726,OK,726,33.62,33.62,OK,152400,3 years,3 years,RENT,VT,Vermont,OK
LN001382,A,A1,OK,wedding,60,32600,32600,OK,5.76,5.76,OK,626.62,7/8/2023,8/10/2023,OK,Fully Paid,37324,32600,4724,0,806,OK,806,40.9,40.9,OK,69800,5 years,5 years,RENT,GA,Georgia,OK
LN001736,C,C3,OK,car,36,34900,34900,OK,16.17,16.17,OK,1229.91,2/4/2021,3/7/2021,OK,Fully Paid,44769.64,34900,9869.64,0,655,OK,655,40.46,40.46,OK,100400,5 years,5 years,MORTGAGE,NJ,New Jersey,OK
LN000669,C,F1,GRADE_MISMATCH,debt_consolidation,36,16100,16100,OK,12.91,12.91,OK,541.77,7/26/2022,8/29/2022,OK,Fully Paid,19825.27,16100,3725.27,0,586,OK,586,14.07,14.07,OK,182800,,MISSING,MORTGAGE,IA,Iowa,OK
LN001015,B,B5,OK,vacation,36,23700,23700,OK,11.33,11.33,OK,779.62,5/11/2023,6/9/2023,OK,Fully Paid,27661.27,23700,3961.27,0,769,OK,769,44.15,44.15,OK,34600,4 years,4 years,RENT,VT,Vermont,OK
LN000129,C,C1,OK,debt_consolidation,36,31500,31500,OK,16.03,16.03,OK,1107.91,8/20/2023,9/24/2023,OK,Fully Paid,39100.11,31500,7600.11,0,607,OK,607,22.24,22.24,OK,133300,8 years,8 years,MORTGAGE,MS,Mississippi,OK
LN001365,A,D3,GRADE_MISMATCH,small_business,36,16500,16500,OK,6.14,6.14,OK,503.01,4/15/2023,5/14/2023,OK,Fully Paid,18188.72,16500,1688.72,0,725,OK,725,7.18,7.18,OK,36200,1 year,1 year,MORTGAGE,MN,Minnesota,OK
LN002842,D,D5,OK,medical,36,,,FLAGGED,18.96,18.96,OK,1150.36,9/18/2023,10/21/2023,OK,Current,25307.92,16450.15,8857.77,0,810,OK,810,11.94,11.94,OK,219600,7 years,7 years,RENT,NY,New York,OK
LN001671,B,B2,OK,wedding,36,28800,28800,OK,10.39,10.39,OK,934.58,4/17/2022,5/15/2022,OK,Current,14953.28,9719.63,5233.65,0,698,OK,698,25.57,25.57,OK,169400,6 years,6 years,RENT,RI,Rhode Island,OK
LN000892,C,C3,OK,medical,60,5300,5300,OK,15.1,15.1,OK,126.37,4/10/2022,5/14/2022,OK,Current,505.48,328.56,176.92,0,650,OK,650,34.19,34.19,OK,157400,< 1 year,< 1 year,MORTGAGE,ID,Idaho,OK
LN002320,B,B3,OK,vacation,60,39800,39800,OK,8.76,8.76,OK,821.55,4/22/2023,5/20/2023,OK,Fully Paid,50010.72,39800,10210.72,0,714,OK,714,43.03,43.03,OK,64800,9 years,9 years,RENT,KY,Kentucky,OK
LN001360,E,E5,OK,car,36,15400,15400,OK,24.36,24.36,OK,607.1,8/30/2022,10/3/2022,OK,Fully Paid,22268.56,15400,6868.56,0,772,OK,772,15.47,15.47,OK,144600,8 years,8 years,RENT,KY,Kentucky,OK
LN000308,D,D1,OK,wedding,36,27600,27600,OK,17.04,17.04,OK,984.56,9/11/2023,10/12/2023,OK,Current,22644.88,14719.17,7925.71,0,684,OK,684,19.49,19.49,OK,88300,4 years,4 years,MORTGAGE,KY,Kentucky,OK
LN000384,E,E3,OK,small_business,36,17500,17500,OK,-25.95,,NEGATIVE_RATE,704.62,3/23/2022,4/21/2022,OK,Current,16910.88,10992.07,5918.81,0,681,OK,681,33.98,33.98,OK,36900,10+ years,10+ years,RENT,MI,Michigan,OK
LN000151,E,E1,OK,small_business,36,37800,37800,OK,24.95,24.95,OK,1501.92,12/25/2023,1/28/2024,OK,Current,27034.56,17572.46,9462.1,0,697,OK,697,18.85,18.85,OK,137900,2 years,2 years,MORTGAGE,WI,Wisconsin,OK
LN001452,E,E3,OK,credit_card,60,13100,13100,OK,26.24,26.24,OK,394.08,8/7/2021,9/9/2021,OK,Charged Off,7087.31,4961.12,2126.19,8138.88,614,OK,614,38.83,38.83,OK,75400,5 years,5 years,MORTGAGE,AK,Alaska,OK
LN001645,B,B5,OK,credit_card,36,37100,37100,OK,10.27,10.27,OK,1201.82,2/25/2022,3/25/2022,OK,Charged Off,14510.61,10157.43,4353.18,26942.57,660,OK,660,37.55,37.55,OK,30800,10+ years,10+ years,MORTGAGE,TX,Texas,OK
LN002352,E,E3,OK,credit_card,36,25800,25800,OK,23.15,23.15,OK,1000.73,8/15/2021,9/15/2021,OK,Current,11008.03,7155.22,3852.81,0,691,OK,691,42.27,42.27,OK,78800,6 years,6 years,MORTGAGE,CT,Connecticut,OK
LN000427,A,A2,OK,car,36,38700,38700,OK,7.04,7.04,OK,1195.65,12/19/2022,1/21/2023,OK,Fully Paid,43360.35,38700,4660.35,0,719,OK,719,10.49,10.49,OK,112300,8 years,8 years,MORTGAGE,MI,Michigan,OK
LN000495,B,B4,OK,wedding,36,2100,2100,OK,11.73,11.73,OK,69.48,1/3/2022,2/3/2022,OK,Late (31-120 Days),555.84,389.09,166.75,0,630,OK,630,15.47,15.47,OK,94100,< 1 year,< 1 year,MORTGAGE,RI,Rhode Island,OK
LN001208,A,A5,OK,wedding,36,37800,37800,OK,7.16,7.16,OK,1169.92,12/31/2021,1/29/2022,OK,Charged Off,19810.24,13867.17,5943.07,23932.83,585,OK,585,21.49,21.49,OK,78200,,MISSING,RENT,TN,Tennessee,OK
LN002024,E,E3,OK,medical,60,35600,35600,OK,25.41,25.41,OK,1053.48,2/14/2023,3/16/2023,OK,Current,41085.72,26705.72,14380,0,592,OK,592,35.52,35.52,OK,117700,3 years,3 years,OWN,AK,Alaska,OK
LN002231,C,E4,GRADE_MISMATCH,moving,60,24900,24900,OK,16.34,16.34,OK,610.03,1/29/2021,3/2/2021,OK,Fully Paid,36926.14,24900,12026.14,0,580,OK,580,24.51,24.51,OK,74400,1 year,1 year,OWN,CA,California,OK
LN001209,F,F1,OK,major_purchase,36,9100,9100,OK,30.81,30.81,OK,390.36,7/3/2021,7/31/2021,OK,Fully Paid,14171.19,9100,5071.19,0,653,OK,653,6.3,6.3,OK,49000,1 year,1 year,MORTGAGE,MT,Montana,OK
LN002837,B,B2,OK,major_purchase,36,6500,6500,OK,8.95,8.95,OK,206.55,1/24/2021,2/27/2021,OK,Charged Off,1942.43,1359.7,582.73,5140.3,624,OK,624,35.81,35.81,OK,91200,9 years,9 years,MORTGAGE,PA,Pennsylvania,OK
LN002908,A,A3,OK,car,60,6100,6100,OK,5.96,5.96,OK,117.82,2/3/2023,3/6/2023,OK,Fully Paid,6937.24,6100,837.24,0,777,OK,777,5.65,5.65,OK,193300,4 years,4 years,MORTGAGE,AR,Arkansas,OK
LN002640,F,F2,OK,car,36,33700,33700,OK,27.56,27.56,OK,1385.95,10/14/2021,11/16/2021,OK,Fully Paid,50284.58,33700,16584.58,0,609,OK,609,39.54,39.54,OK,54300,2 years,2 years,MORTGAGE,NE,Nebraska,OK
LN001613,D,D5,OK,medical,60,37900,37900,OK,18.18,18.18,OK,966.13,12/14/2022,1/17/2023,OK,Fully Paid,56937.12,37900,19037.12,0,628,OK,628,29.2,29.2,OK,216800,3 years,3 years,MORTGAGE,NC,North Carolina,OK
LN001240,G,G4,OK,educational,60,23500,23500,OK,33.25,33.25,OK,807.88,10/28/2021,12/1/2021,OK,Charged Off,10076.31,7053.42,3022.89,16446.58,801,OK,801,8.61,8.61,OK,164300,,MISSING,OTHER,TX,Texas,OK
LN002767,E,E2,OK,car,36,5300,5300,OK,25.39,25.39,OK,211.82,4/12/2021,5/17/2021,OK,Charged Off,1651.6,1156.12,495.48,4143.88,738,OK,738,35.12,35.12,OK,115800,2 years,2 years,MORTGAGE,ME,Maine,OK
LN003254,D,D4,OK,medical,36,24500,24500,OK,18.54,18.54,OK,892.38,10/11/2021,11/9/2021,OK,Charged Off,12274.12,8591.88,3682.24,15908.12,807,OK,807,36,36,OK,43600,7 years,7 years,RENT,AL,Alabama,OK
LN000276,C,C5,OK,major_purchase,60,29300,29300,OK,15.03,15.03,OK,697.51,5/7/2021,6/7/2021,OK,Fully Paid,42209.48,29300,12909.48,0,755,OK,755,18.81,18.81,OK,79300,10+ years,10+ years,MORTGAGE,ID,Idaho,OK
LN000490,B,B4,OK,small_business,60,36800,36800,OK,-9.77,,NEGATIVE_RATE,777.73,10/22/2022,11/20/2022,OK,Charged Off,6624.37,4637.06,1987.31,32162.94,693,OK,693,20.54,20.54,OK,185900,10+ years,10+ years,MORTGAGE,MD,Maryland,OK
LN002310,B,B1,OK,renewable_energy,60,20300,20300,OK,11.87,11.87,OK,450.23,7/9/2022,8/8/2022,OK,Fully Paid,27545.94,20300,7245.94,0,798,OK,798,11.19,11.19,OK,99100,9 years,9 years,MORTGAGE,FL,Florida,OK
LN001230,C,C2,OK,major_purchase,60,19100,19100,OK,12.93,12.93,OK,433.9,10/9/2023,11/13/2023,OK,Charged Off,9978.72,6985.1,2993.62,12114.9,748,OK,748,31.8,31.8,OK,188000,2 years,2 years,MORTGAGE,RI,Rhode Island,OK
LN000691,D,D4,OK,credit_card,36,38400,38400,OK,17.54,17.54,OK,1379.41,2/9/2023,3/15/2023,OK,Current,20691.15,13449.25,7241.9,0,682,OK,682,18.15,18.15,OK,154900,3 years,3 years,MORTGAGE,IN,Indiana,OK
LN001910,E,E3,OK,car,36,,,FLAGGED,23.18,23.18,OK,1043.82,8/23/2022,9/24/2022,OK,Current,25051.68,16283.59,8768.09,0,642,OK,642,26.01,26.01,OK,161600,7 years,7 years,OWN,KS,Kansas,OK
LN002401,C,C4,OK,car,60,,,FLAGGED,14.81,14.81,OK,30.8,6/10/2023,7/14/2023,OK,Fully Paid,1811.95,1300,511.95,0,717,OK,717,40.23,40.23,OK,156200,4 years,4 years,MORTGAGE,WA,Washington,OK
LN002581,B,B4,OK,vacation,36,26400,26400,OK,10.26,10.26,OK,855.08,5/31/2021,7/4/2021,OK,Charged Off,8465.84,5926.09,2539.75,20473.91,767,OK,767,5.28,5.28,OK,118000,10+ years,10+ years,MORTGAGE,MT,Montana,OK
LN001733,B,B2,OK,credit_card,36,3400,3400,OK,8.77,8.77,OK,107.76,7/10/2023,8/10/2023,OK,Fully Paid,3853.84,3400,453.84,0,664,OK,664,7.06,7.06,OK,202400,10+ years,10+ years,RENT,CA,California,OK
LN002648,G,G2,OK,educational,60,7500,7500,OK,34.73,34.73,OK,264.88,2/7/2023,3/10/2023,OK,Current,14833.28,9641.63,5191.65,0,685,OK,685,8.23,8.23,OK,235800,7 years,7 years,RENT,KS,Kansas,OK
LN003439,C,C1,OK,home_improvement,36,37400,37400,OK,13.19,13.19,OK,1263.58,4/12/2021,5/17/2021,OK,Fully Paid,46339.59,37400,8939.59,0,599,OK,599,21.22,21.22,OK,144200,10+ years,10+ years,MORTGAGE,FL,Florida,OK
LN001059,F,F4,OK,wedding,36,23000,23000,OK,30.9,30.9,OK,987.76,1/21/2023,2/22/2023,OK,Fully Paid,35992.51,23000,12992.51,0,666,OK,666,11.37,11.37,OK,158900,6 years,6 years,MORTGAGE,CT,Connecticut,OK
LN000119,B,B5,OK,small_business,60,26100,26100,OK,9.2,9.2,OK,544.33,10/29/2022,11/28/2022,OK,Current,16874.23,10968.25,5905.98,0,624,OK,624,40.95,40.95,OK,207300,10+ years,10+ years,MORTGAGE,MA,Massachusetts,OK
LN001025,G,G5,OK,moving,60,4200,4200,OK,33.01,33.01,OK,143.75,6/11/2021,7/13/2021,OK,Late (31-120 Days),718.75,503.12,215.62,0,732,OK,732,25.54,25.54,OK,153200,10+ years,10+ years,RENT,KS,Kansas,OK
LN001946,D,D3,OK,wedding,60,26700,26700,OK,20.5,20.5,OK,714.84,4/5/2022,5/10/2022,OK,Fully Paid,43248.17,26700,16548.17,0,650,OK,650,8.48,8.48,OK,51300,8 years,8 years,RENT,ND,North Dakota,OK
LN000282,E,E1,OK,major_purchase,36,8900,8900,OK,22.68,22.68,OK,343.03,8/11/2021,9/13/2021,OK,Charged Off,4232.07,2962.45,1269.62,5937.55,740,OK,740,29.62,29.62,OK,148300,5 years,5 years,MORTGAGE,MN,Minnesota,OK
LN002111,B,B2,OK,educational,36,9300,9300,OK,8.97,8.97,OK,295.61,9/11/2021,10/9/2021,OK,Fully Paid,10785.61,9300,1485.61,0,629,OK,629,44.36,44.36,OK,207200,7 years,7 years,RENT,LA,Louisiana,OK
LN001317,G,G1,OK,vacation,36,32100,32100,OK,32.16,32.16,OK,1400.95,3/26/2021,4/25/2021,OK,Charged Off,18479.41,12935.59,5543.82,19164.41,635,OK,635,9.77,9.77,OK,36900,3 years,3 years,MORTGAGE,WV,West Virginia,OK
LN002795,D,D1,OK,educational,36,22100,22100,OK,20.76,20.76,OK,829.9,6/29/2021,8/3/2021,OK,Charged Off,13110.47,9177.33,3933.14,12922.67,673,OK,673,18.44,18.44,OK,89100,1 year,1 year,MORTGAGE,MS,Mississippi,OK
LN000969,B,B5,OK,medical,36,11100,11100,OK,10.98,10.98,OK,363.29,9/7/2022,10/12/2022,OK,Current,5086.06,3305.94,1780.12,0,700,OK,700,16.52,16.52,OK,50000,5 years,5 years,OWN,CO,Colorado,OK
LN001673,E,E1,OK,renewable_energy,36,5000,5000,OK,23.18,23.18,OK,194.02,3/7/2023,4/10/2023,OK,Current,2716.28,1765.58,950.7,0,609,OK,609,42.43,42.43,OK,36400,7 years,7 years,RENT,CO,Colorado,OK
LN003458,E,E4,OK,medical,60,5700,5700,OK,25.51,25.51,OK,169.01,1/13/2023,2/10/2023,OK,Late (31-120 Days),845.05,591.53,253.51,0,693,OK,693,13.16,13.16,OK,210800,3 years,3 years,RENT,ID,Idaho,OK
LN002546,A,A4,OK,major_purchase,36,30000,30000,OK,7.09,7.09,OK,927.55,8/10/2021,9/12/2021,OK,Fully Paid,33616.14,30000,3616.14,0,602,OK,602,42.96,42.96,OK,99000,1 year,1 year,MORTGAGE,NE,Nebraska,OK
LN000620,B,B1,OK,credit_card,36,31300,31300,OK,11.78,11.78,OK,1036.32,10/24/2021,11/22/2021,OK,Charged Off,3758.49,2630.94,1127.55,28669.06,660,OK,660,118.9,,DTI_IMPOSSIBLE,25600,3 years,3 years,MORTGAGE,IL,Illinois,OK
LN003151,D,D4,OK,wedding,60,29100,29100,OK,21.69,21.69,OK,798.59,12/2/2023,1/5/2024,OK,Fully Paid,48602.67,29100,19502.67,0,583,OK,583,25.96,25.96,OK,66600,6 years,6 years,MORTGAGE,AL,Alabama,OK
LN000156,C,C2,OK,car,36,11400,11400,OK,13.82,13.82,OK,388.63,9/3/2021,10/2/2021,OK,Late (31-120 Days),2331.78,1632.25,699.53,0,603,OK,603,26.43,26.43,OK,103000,< 1 year,< 1 year,RENT,RI,Rhode Island,OK
LN002698,B,B3,OK,debt_consolidation,36,17900,17900,OK,10.09,10.09,OK,578.34,9/13/2022,10/17/2022,OK,Fully Paid,21149.25,17900,3249.25,0,670,OK,670,8.04,8.04,OK,67600,7 years,7 years,OWN,ND,North Dakota,OK
LN000305,A,A4,OK,wedding,36,28200,28200,OK,6.51,6.51,OK,864.43,6/12/2021,7/11/2021,OK,Fully Paid,31317.89,28200,3117.89,0,810,OK,810,29.14,29.14,OK,25400,10+ years,10+ years,MORTGAGE,TN,Tennessee,OK
LN002338,A,A3,OK,renewable_energy,60,33800,33800,OK,7.06,7.06,OK,670.24,3/4/2022,4/7/2022,OK,Fully Paid,40633.48,33800,6833.48,0,587,OK,587,34.05,34.05,OK,241200,5 years,5 years,OWN,NM,New Mexico,OK
LN003055,E,E4,OK,vacation,60,35500,35500,OK,23.41,23.41,OK,1009.14,7/22/2021,8/23/2021,OK,Fully Paid,59415.61,35500,23915.61,0,818,OK,818,29.88,29.88,OK,44900,6 years,6 years,RENT,NE,Nebraska,OK
LN001978,B,B3,OK,educational,36,20100,20100,OK,10.9,10.9,OK,657.1,8/25/2023,9/27/2023,OK,Fully Paid,24057.3,20100,3957.3,0,608,OK,608,25.83,25.83,OK,243000,,MISSING,MORTGAGE,VT,Vermont,OK
LN002685,G,G3,OK,home_improvement,36,17400,17400,OK,33.81,33.81,OK,775.43,10/22/2021,11/24/2021,OK,Fully Paid,28321.46,17400,10921.46,0,803,OK,803,18.49,18.49,OK,217700,10+ years,10+ years,MORTGAGE,SD,South Dakota,OK
LN001308,E,E5,OK,wedding,60,38000,38000,OK,22.52,22.52,OK,1060.78,4/9/2022,5/12/2022,OK,Charged Off,10965.06,7675.54,3289.52,30324.46,777,OK,777,9.48,9.48,OK,203800,2 years,2 years,RENT,OK,Oklahoma,OK
LN003427,E,E2,OK,debt_consolidation,36,20200,20200,OK,24.71,24.71,OK,800.05,12/9/2021,1/6/2022,OK,Fully Paid,29317.52,20200,9117.52,0,685,OK,685,10.75,10.75,OK,101300,1 year,1 year,RENT,VT,Vermont,OK
LN000576,B,B3,OK,car,60,30600,30600,OK,11.15,11.15,OK,667.61,6/4/2023,7/2/2023,OK,Charged Off,10157.85,7110.49,3047.36,23489.51,774,OK,774,43.06,43.06,OK,187800,2 years,2 years,MORTGAGE,IN,Indiana,OK
LN002453,G,G1,OK,renewable_energy,36,,,FLAGGED,32.52,32.52,OK,140.3,6/19/2023,7/19/2023,OK,Fully Paid,5092.5,3200,1892.5,0,586,OK,586,26.76,26.76,OK,208300,< 1 year,< 1 year,OWN,NV,Nevada,OK
LN003080,G,G3,OK,medical,36,28600,28600,OK,35.74,35.74,OK,1305.76,3/28/2021,4/26/2021,OK,Current,15669.12,10184.93,5484.19,0,747,OK,747,36.31,36.31,OK,116300,10+ years,10+ years,MORTGAGE,MO,Missouri,OK
LN003143,B,B1,OK,home_improvement,36,29700,29700,OK,9.21,9.21,OK,947.36,6/14/2023,7/18/2023,OK,Fully Paid,34171.12,29700,4471.12,0,658,OK,658,25.15,25.15,OK,189900,2 years,2 years,MORTGAGE,OH,Ohio,OK
LN001300,C,C1,OK,educational,60,25500,25500,OK,14.5,14.5,OK,599.97,5/17/2023,6/16/2023,OK,Current,9599.52,6239.69,3359.83,0,749,OK,749,12.75,12.75,OK,143300,3 years,3 years,MORTGAGE,MS,Mississippi,OK
LN000133,D,D4,OK,wedding,36,38100,38100,OK,21.36,21.36,OK,1442.47,8/19/2023,9/16/2023,OK,Charged Off,7469.19,5228.43,2240.76,32871.57,747,OK,747,36.32,36.32,OK,118200,,MISSING,MORTGAGE,HI,Hawaii,OK
LN002611,C,C2,OK,major_purchase,60,23200,23200,OK,15.47,15.47,OK,557.67,1/26/2023,2/25/2023,OK,Charged Off,10953.28,7667.3,3285.98,15532.7,741,OK,741,21.39,21.39,OK,181900,4 years,4 years,RENT,SC,South Carolina,OK
LN002886,B,B4,OK,debt_consolidation,36,27900,27900,OK,9.3,9.3,OK,891.11,3/6/2021,4/3/2021,OK,Fully Paid,32330.82,27900,4430.82,0,662,OK,662,30.36,30.36,OK,138900,7 years,7 years,OWN,NY,New York,OK
LN001722,B,B4,OK,educational,36,24500,24500,OK,8.81,8.81,OK,776.93,1/30/2021,3/5/2021,OK,Charged Off,10283.37,7198.36,3085.01,17301.64,685,OK,685,32.28,32.28,OK,116800,2 years,2 years,RENT,DE,Delaware,OK
LN000844,A,A1,OK,moving,60,13700,13700,OK,5.53,5.53,OK,261.88,7/21/2023,8/19/2023,OK,Fully Paid,15489.45,13700,1789.45,0,706,OK,706,22.24,22.24,OK,137500,3 years,3 years,OWN,SC,South Carolina,OK
LN003174,B,B5,OK,moving,36,2300,2300,OK,10.64,10.64,OK,74.91,7/5/2023,8/8/2023,OK,Fully Paid,2730.11,2300,430.11,0,650,OK,650,27.68,27.68,OK,210300,< 1 year,< 1 year,RENT,MT,Montana,OK
LN001826,G,G4,OK,major_purchase,60,27300,27300,OK,32.79,32.79,OK,930.6,7/11/2021,8/12/2021,OK,Charged Off,13175.03,9222.52,3952.51,18077.48,723,OK,723,34.66,34.66,OK,118600,,MISSING,MORTGAGE,TN,Tennessee,OK
LN000270,B,B5,OK,moving,36,35300,35300,OK,10.1,10.1,OK,1140.69,1/9/2021,2/11/2021,OK,Fully Paid,40332.7,35300,5032.7,0,637,OK,637,38.77,38.77,OK,160900,6 years,6 years,MORTGAGE,NM,New Mexico,OK
LN000630,C,C1,OK,wedding,36,25700,25700,OK,16.5,16.5,OK,909.89,3/4/2023,4/7/2023,OK,Fully Paid,32265.01,25700,6565.01,0,663,OK,663,7.54,7.54,OK,245100,2 years,2 years,MORTGAGE,AK,Alaska,OK
LN001034,F,F2,OK,small_business,36,13200,13200,OK,30.18,30.18,OK,561.66,1/29/2021,3/4/2021,OK,Charged Off,5013.94,3509.76,1504.18,9690.24,678,OK,678,22.85,22.85,OK,120100,1 year,1 year,RENT,VA,Virginia,OK
LN002085,A,A1,OK,wedding,60,20900,20900,OK,7.95,7.95,OK,423.28,2/20/2022,3/20/2022,OK,Fully Paid,24970.34,20900,4070.34,0,783,OK,783,37.76,37.76,OK,47600,1 year,1 year,RENT,CA,California,OK
LN000287,E,E1,OK,educational,60,2200,2200,OK,24.57,24.57,OK,64.02,7/15/2023,8/17/2023,OK,Fully Paid,3775.63,2200,1575.63,0,625,OK,625,36.77,36.77,OK,53800,6 years,6 years,RENT,KY,Kentucky,OK
LN001327,C,C5,OK,vacation,60,14800,14800,OK,14.07,14.07,OK,344.91,2/17/2022,3/23/2022,OK,Default,689.82,482.87,206.95,0,690,OK,690,13.34,13.34,OK,139800,1 year,1 year,RENT,ME,Maine,OK
LN002655,D,D5,OK,major_purchase,36,38000,38000,OK,20,20,OK,1412.22,8/11/2021,9/11/2021,OK,Charged Off,20698.73,14489.11,6209.62,23510.89,812,OK,812,5.16,5.16,OK,55200,3 years,3 years,RENT,NJ,New Jersey,OK
LN000301,A,A5,OK,educational,60,34800,34800,OK,5.69,5.69,OK,667.78,9/16/2023,10/19/2023,OK,Current,22036.74,14323.88,7712.86,0,752,OK,752,24.15,24.15,OK,111300,6 years,6 years,MORTGAGE,NE,Nebraska,OK
LN003167,G,G3,OK,credit_card,36,,,FLAGGED,33.29,33.29,OK,584.41,7/9/2022,8/6/2022,OK,Current,12272.61,7977.2,4295.41,0,736,OK,736,7.12,7.12,OK,140200,9 years,9 years,RENT,LA,Louisiana,OK
LN001448,A,A1,OK,wedding,60,24600,24600,OK,7.88,7.88,OK,497.39,4/30/2023,6/2/2023,OK,Current,7958.24,5172.86,2785.38,0,665,OK,665,26.42,26.42,OK,147700,4 years,4 years,RENT,MS,Mississippi,OK
LN001473,A,A2,OK,major_purchase,60,15200,15200,OK,6.62,6.62,OK,298.26,6/29/2022,8/2/2022,OK,Fully Paid,18213.82,15200,3013.82,0,590,OK,590,25.17,25.17,OK,73000,2 years,2 years,MORTGAGE,NE,Nebraska,OK
LN002556,B,B5,OK,renewable_energy,36,37800,37800,OK,9.19,9.19,OK,1205.38,9/16/2023,10/16/2023,OK,Fully Paid,43214.03,37800,5414.03,0,591,OK,591,15.92,15.92,OK,141600,1 year,1 year,OWN,IN,Indiana,OK
LN002229,A,A2,OK,major_purchase,60,8600,8600,OK,7.36,7.36,OK,171.75,8/30/2022,9/30/2022,OK,Current,5667.75,3684.04,1983.71,0,623,OK,623,31.98,31.98,OK,218200,8 years,8 years,MORTGAGE,TX,Texas,OK
LN002116,B,B3,OK,vacation,36,32000,32000,OK,11.94,11.94,OK,1061.94,11/7/2022,12/6/2022,OK,Fully Paid,37753.29,32000,5753.29,0,694,OK,694,44.58,44.58,OK,249500,2 years,2 years,MORTGAGE,WI,Wisconsin,OK
LN000066,F,F4,OK,moving,36,4500,4500,OK,28.44,28.44,OK,187.21,4/29/2023,5/31/2023,OK,Default,2246.52,1572.56,673.96,0,603,OK,603,22.36,22.36,OK,65300,8 years,8 years,MORTGAGE,CT,Connecticut,OK
LN002664,D,D1,OK,major_purchase,36,17600,17600,OK,19.45,19.45,OK,649.16,3/10/2023,4/11/2023,OK,Current,9737.4,6329.31,3408.09,0,730,OK,730,21.32,21.32,OK,220900,< 1 year,< 1 year,RENT,NH,New Hampshire,OK
LN000891,E,E3,OK,vacation,36,6700,6700,OK,26.75,26.75,OK,272.63,11/30/2022,12/28/2022,OK,Fully Paid,9933.8,6700,3233.8,0,682,OK,682,43.46,43.46,OK,65900,4 years,4 years,MORTGAGE,CA,California,OK
LN002782,A,A5,OK,vacation,36,14100,14100,OK,5,5,OK,422.59,9/17/2021,10/22/2021,OK,Fully Paid,15453.88,14100,1353.88,0,740,OK,740,12.29,12.29,OK,233800,< 1 year,< 1 year,MORTGAGE,CO,Colorado,OK
LN003124,C,C2,OK,educational,36,9400,9400,OK,15.36,15.36,OK,327.51,8/9/2022,9/9/2022,OK,Fully Paid,11679.28,9400,2279.28,0,638,OK,638,24.56,24.56,OK,42500,2 years,2 years,MORTGAGE,SC,South Carolina,OK
LN003354,F,F4,OK,vacation,36,10100,10100,OK,29.32,29.32,OK,425.01,7/26/2021,8/27/2021,OK,Fully Paid,15499.23,10100,5399.23,0,583,OK,583,14.37,14.37,OK,149900,6 years,6 years,MORTGAGE,WI,Wisconsin,OK
LN003001,B,B1,OK,car,36,4800,4800,OK,10.87,10.87,OK,156.85,8/4/2023,9/3/2023,OK,Fully Paid,5598.15,4800,798.15,0,750,OK,750,29.45,29.45,OK,211900,10+ years,10+ years,OWN,IN,Indiana,OK
LN000231,D,D4,OK,renewable_energy,36,23200,23200,OK,17.79,17.79,OK,836.29,3/29/2021,4/27/2021,OK,Fully Paid,30677.74,23200,7477.74,0,684,OK,684,32.89,32.89,OK,246200,3 years,3 years,RENT,KS,Kansas,OK
LN000504,A,A1,OK,medical,60,10200,10200,OK,7.5,7.5,OK,204.39,9/10/2022,10/12/2022,OK,Charged Off,4230.2,2961.14,1269.06,7238.86,634,OK,634,28.34,28.34,OK,26600,5 years,5 years,MORTGAGE,NE,Nebraska,OK
LN002622,D,D5,OK,debt_consolidation,36,37400,37400,OK,21.77,21.77,OK,1423.88,6/26/2022,7/25/2022,OK,Charged Off,18417.5,12892.25,5525.25,24507.75,786,OK,786,20.38,20.38,OK,125400,2 years,2 years,MORTGAGE,UT,Utah,OK
LN002903,A,A4,OK,renewable_energy,36,1300,1300,OK,6.85,6.85,OK,40.05,7/8/2023,8/8/2023,OK,Charged Off,331.25,231.87,99.38,1068.13,739,OK,739,14.28,14.28,OK,208900,10+ years,10+ years,RENT,VA,Virginia,OK
LN002499,B,B2,OK,renewable_energy,60,35200,35200,OK,11.69,11.69,OK,777.5,2/18/2023,3/23/2023,OK,Current,43540,28301,15239,0,809,OK,809,32.87,32.87,OK,240200,1 year,1 year,OWN,AK,Alaska,OK
LN001526,E,E4,OK,car,60,26100,26100,OK,22.98,22.98,OK,735.47,9/7/2022,10/7/2022,OK,Fully Paid,43765.52,26100,17665.52,0,737,OK,737,40.32,40.32,OK,177300,1 year,1 year,RENT,OK,Oklahoma,OK
LN002068,C,C2,OK,credit_card,36,6300,6300,OK,13.55,13.55,OK,213.94,6/29/2022,8/1/2022,OK,Current,5776.38,3754.65,2021.73,0,649,OK,649,17.59,17.59,OK,76200,10+ years,10+ years,RENT,MA,Massachusetts,OK
LN003291,B,B2,OK,small_business,36,9200,9200,OK,9.15,9.15,OK,293.2,10/1/2022,10/31/2022,OK,Fully Paid,10500.18,9200,1300.18,0,693,OK,693,32.01,32.01,OK,238900,7 years,7 years,MORTGAGE,IA,Iowa,OK
LN001005,B,B4,OK,credit_card,60,,,FLAGGED,8.65,8.65,OK,592.96,1/28/2022,2/26/2022,OK,Charged Off,5474.72,3832.3,1642.42,24967.7,720,OK,720,31.59,31.59,OK,92400,8 years,8 years,MORTGAGE,MI,Michigan,OK
LN000837,F,F5,OK,car,36,,,FLAGGED,29.45,29.45,OK,788.22,12/18/2022,1/15/2023,OK,Fully Paid,28499.1,18700,9799.1,0,776,OK,776,14.41,14.41,OK,173300,,MISSING,MORTGAGE,SC,South Carolina,OK
LN003059,B,B2,OK,educational,60,4300,4300,OK,11.42,11.42,OK,94.4,10/16/2021,11/19/2021,OK,Charged Off,1945.88,1362.12,583.76,2937.88,596,OK,596,16.08,16.08,OK,244400,1 year,1 year,OWN,ME,Maine,OK
LN000375,B,B5,OK,educational,36,27100,27100,OK,10.64,10.64,OK,882.61,2/3/2022,3/5/2022,OK,Fully Paid,31622.22,27100,4522.22,0,776,OK,776,11.84,11.84,OK,162200,6 years,6 years,MORTGAGE,GA,Georgia,OK
LN003179,D,D2,OK,vacation,36,38200,38200,OK,21.77,21.77,OK,1454.33,10/27/2021,11/27/2021,OK,Current,24723.61,16070.35,8653.26,0,641,OK,641,38.16,38.16,OK,203500,10+ years,10+ years,MORTGAGE,GA,Georgia,OK
LN002537,B,B2,OK,home_improvement,36,21000,21000,OK,9.68,9.68,OK,674.46,2/22/2021,3/28/2021,OK,Fully Paid,24564.15,21000,3564.15,0,734,OK,734,13.49,13.49,OK,169500,< 1 year,< 1 year,RENT,IL,Illinois,OK
LN003456,D,D3,OK,renewable_energy,36,15800,15800,OK,18.17,18.17,OK,572.56,10/9/2022,11/6/2022,OK,Current,8588.4,5582.46,3005.94,0,807,OK,807,32.19,32.19,OK,88500,3 years,3 years,RENT,NE,Nebraska,OK
LN000940,F,F1,OK,vacation,60,12300,12300,OK,30.35,30.35,OK,400.6,10/9/2021,11/7/2021,OK,Current,13620.4,8853.26,4767.14,0,632,OK,632,27.85,27.85,OK,31300,< 1 year,< 1 year,RENT,VT,Vermont,OK
LN001322,D,D3,OK,renewable_energy,36,17400,17400,OK,18.33,18.33,OK,631.94,8/25/2023,9/24/2023,OK,Fully Paid,22763.21,17400,5363.21,0,711,OK,711,30.45,30.45,OK,41000,5 years,5 years,OWN,RI,Rhode Island,OK
LN002695,B,B2,OK,credit_card,36,,,FLAGGED,8.56,8.56,OK,423.38,5/13/2022,6/14/2022,OK,Fully Paid,14999.72,13400,1599.72,0,620,OK,620,34.77,34.77,OK,87300,5 years,5 years,RENT,IN,Indiana,OK
LN002489,D,D3,OK,small_business,60,39300,39300,OK,21.48,21.48,OK,1073.84,1/14/2023,2/16/2023,OK,Current,52618.16,34201.8,18416.36,0,709,OK,709,40.03,40.03,OK,95900,5 years,5 years,RENT,CT,Connecticut,OK
LN000752,A,A5,OK,renewable_energy,36,7600,7600,OK,7.09,7.09,OK,234.98,11/28/2023,12/31/2023,OK,Charged Off,3848.92,2694.24,1154.68,4905.76,597,OK,597,6.8,6.8,OK,90100,2 years,2 years,MORTGAGE,NY,New York,OK
LN000100,F,F3,OK,renewable_energy,60,21000,21000,OK,28.02,28.02,OK,654.11,7/31/2023,8/29/2023,OK,Fully Paid,39053,21000,18053,0,782,OK,782,18.14,18.14,OK,77300,7 years,7 years,MORTGAGE,WV,West Virginia,OK
LN001544,C,C2,OK,renewable_energy,60,28200,28200,OK,16.11,16.11,OK,687.42,3/13/2021,4/15/2021,OK,Current,13748.4,8936.46,4811.94,0,595,OK,595,12.64,12.64,OK,68300,< 1 year,< 1 year,MORTGAGE,MI,Michigan,OK
LN002380,A,A5,OK,car,36,24300,24300,OK,7.15,7.15,OK,751.98,3/2/2022,4/4/2022,OK,Fully Paid,26800.09,24300,2500.09,0,601,OK,601,30.26,30.26,OK,62900,6 years,6 years,OWN,TX,Texas,OK
LN000867,C,C1,OK,educational,60,27800,27800,OK,16.09,16.09,OK,677.37,11/17/2021,12/18/2021,OK,Fully Paid,39882.74,27800,12082.74,0,740,OK,740,8.95,8.95,OK,159900,5 years,5 years,RENT,OH,Ohio,OK
LN000911,A,A4,OK,small_business,36,6200,6200,OK,5.27,5.27,OK,186.57,6/28/2022,7/31/2022,OK,Fully Paid,6810.54,6200,610.54,0,706,OK,706,38.47,38.47,OK,202100,4 years,4 years,MORTGAGE,WY,Wyoming,OK
LN001927,C,C5,OK,credit_card,60,6100,6100,OK,16.07,16.07,OK,148.57,6/2/2023,7/6/2023,OK,Fully Paid,8931.68,6100,2831.68,0,749,OK,749,35.72,35.72,OK,155900,5 years,5 years,MORTGAGE,VA,Virginia,OK
LN001576,E,E2,OK,vacation,36,8800,8800,OK,24.38,24.38,OK,347.01,8/19/2023,9/21/2023,OK,Default,1388.04,971.63,416.41,0,777,OK,777,37.17,37.17,OK,214900,1 year,1 year,MORTGAGE,AL,Alabama,OK
LN000530,B,B2,OK,small_business,36,28500,28500,OK,9.67,9.67,OK,915.21,6/16/2021,7/16/2021,OK,Charged Off,9901.89,6931.32,2970.57,21568.68,634,OK,634,8.71,8.71,OK,152800,5 years,5 years,MORTGAGE,HI,Hawaii,OK
LN001261,D,D5,OK,wedding,36,31000,31000,OK,19.64,19.64,OK,1146.39,6/15/2021,7/15/2021,OK,Late (31-120 Days),13756.68,9629.68,4127,0,733,OK,733,199.94,,DTI_IMPOSSIBLE,153800,,MISSING,MORTGAGE,NM,New Mexico,OK
LN001732,A,A1,OK,medical,36,5000,5000,OK,5.11,5.11,OK,150.1,11/9/2022,12/14/2022,OK,Fully Paid,5505.32,5000,505.32,0,748,OK,748,44.43,44.43,OK,75000,9 years,9 years,OTHER,HI,Hawaii,OK
LN002356,C,C3,OK,major_purchase,60,31700,31700,OK,15.29,15.29,OK,758.97,2/2/2023,3/5/2023,OK,Fully Paid,45233.35,31700,13533.35,0,710,OK,710,8.11,8.11,OK,50300,5 years,5 years,MORTGAGE,TX,Texas,OK
LN000637,A,A1,OK,renewable_energy,36,4300,4300,OK,5.99,5.99,OK,130.79,7/16/2021,8/14/2021,OK,Fully Paid,4677.09,4300,377.09,0,649,OK,649,10.85,10.85,OK,117400,3 years,3 years,RENT,IA,Iowa,OK
LN001270,D,D2,OK,small_business,36,23800,23800,OK,19.71,19.71,OK,880.98,4/24/2022,5/23/2022,OK,Fully Paid,32118.63,23800,8318.63,0,814,OK,814,28.66,28.66,OK,217200,< 1 year,< 1 year,MORTGAGE,MS,Mississippi,OK
LN000186,E,E4,OK,home_improvement,36,2500,2500,OK,26.08,26.08,OK,100.83,1/7/2022,2/7/2022,OK,Fully Paid,3597.19,2500,1097.19,0,717,OK,717,16.55,16.55,OK,212300,6 years,6 years,MORTGAGE,NY,New York,OK
LN002511,E,E3,OK,car,60,10100,10100,OK,26.94,26.94,OK,308.04,7/19/2022,8/18/2022,OK,Current,17250.24,11212.66,6037.58,0,778,OK,778,36.1,36.1,OK,115300,7 years,7 years,MORTGAGE,HI,Hawaii,OK
LN001730,C,C3,OK,debt_consolidation,60,16500,16500,OK,16.12,16.12,OK,402.3,7/6/2021,8/3/2021,OK,Fully Paid,24555.93,16500,8055.93,0,722,OK,722,37.12,37.12,OK,61100,,MISSING,RENT,OH,Ohio,OK
LN002145,B,B2,OK,vacation,36,36500,36500,OK,9.38,9.38,OK,1167.16,1/19/2023,2/23/2023,OK,Charged Off,12592.08,8814.46,3777.62,27685.54,583,OK,583,22.66,22.66,OK,136600,4 years,4 years,OWN,NJ,New Jersey,OK
LN000932,G,G5,OK,debt_consolidation,36,20600,20600,OK,33.23,33.23,OK,911.34,3/29/2023,5/1/2023,OK,Current,12758.76,8293.19,4465.57,0,628,OK,628,30.46,30.46,OK,229000,2 years,2 years,RENT,MN,Minnesota,OK
LN001442,B,B3,OK,major_purchase,36,38000,38000,OK,9.99,9.99,OK,1225.97,5/3/2023,5/31/2023,OK,Current,28197.31,18328.25,9869.06,0,791,OK,791,26.4,26.4,OK,66300,10+ years,10+ years,MORTGAGE,AZ,Arizona,OK
LN002005,E,E1,OK,car,36,14200,14200,OK,25.68,25.68,OK,569.71,3/8/2021,4/5/2021,OK,Fully Paid,20381.41,14200,6181.41,0,613,OK,613,12.63,12.63,OK,204200,5 years,5 years,RENT,WY,Wyoming,OK
LN002751,B,B5,OK,debt_consolidation,36,14700,14700,OK,8.56,8.56,OK,464.45,9/12/2021,10/13/2021,OK,Fully Paid,16947.16,14700,2247.16,0,667,OK,667,44.76,44.76,OK,71000,7 years,7 years,MORTGAGE,MI,Michigan,OK
LN001536,E,E3,OK,medical,60,15300,15300,OK,23.67,23.67,OK,437.22,5/10/2022,6/7/2022,OK,Charged Off,2223.76,1556.63,667.13,13743.37,620,OK,620,18.94,18.94,OK,103800,2 years,2 years,RENT,HI,Hawaii,OK
LN002023,F,F3,OK,small_business,36,16600,16600,OK,28.29,28.29,OK,689.24,11/26/2021,12/29/2021,OK,Current,22055.68,14336.19,7719.49,0,,ABOVE_MAX,890,24.82,24.82,OK,179100,4 years,4 years,RENT,MT,Montana,OK
LN002874,A,A1,OK,major_purchase,36,27700,27700,OK,6.87,6.87,OK,853.65,5/6/2023,6/4/2023,OK,Fully Paid,31012.53,27700,3312.53,0,800,OK,800,14.97,14.97,OK,220500,10+ years,10+ years,RENT,DE,Delaware,OK
LN001274,G,G4,OK,renewable_energy,36,29600,29600,OK,-35.32,,NEGATIVE_RATE,1344.35,2/12/2022,3/14/2022,OK,Fully Paid,48014.7,29600,18414.7,0,600,OK,600,27.13,27.13,OK,27300,8 years,8 years,OTHER,OR,Oregon,OK
LN003221,E,E1,OK,car,36,38600,38600,OK,25.94,25.94,OK,1553.98,10/3/2021,11/1/2021,OK,Fully Paid,56380.96,38600,17780.96,0,,NULL,,20.9,20.9,OK,104000,,MISSING,MORTGAGE,OH,Ohio,OK
LN002096,D,D3,OK,car,60,24900,24900,OK,17.84,17.84,OK,630.13,5/20/2023,6/23/2023,OK,Fully Paid,38147.28,24900,13247.28,0,681,OK,681,20.81,20.81,OK,34200,2 years,2 years,RENT,NC,North Carolina,OK
LN000608,E,E1,OK,renewable_energy,36,18600,18600,OK,26.16,26.16,OK,750.99,5/18/2023,6/19/2023,OK,Current,21027.72,13668.02,7359.7,0,758,OK,758,17.32,17.32,OK,93900,9 years,9 years,RENT,CA,California,OK
LN001961,B,B1,OK,major_purchase,36,31300,31300,OK,10.12,10.12,OK,1011.73,9/1/2021,9/30/2021,OK,Default,11129.03,7790.32,3338.71,0,592,OK,592,9.39,9.39,OK,161400,7 years,7 years,OWN,IA,Iowa,OK
LN002065,G,G5,OK,home_improvement,60,38100,38100,OK,33.94,33.94,OK,1326.43,1/29/2022,3/1/2022,OK,Fully Paid,81078.26,38100,42978.26,0,636,OK,636,15.47,15.47,OK,140000,1 year,1 year,MORTGAGE,ND,North Dakota,OK
LN000152,A,A4,OK,wedding,60,1800,1800,OK,5.72,5.72,OK,34.57,12/12/2022,1/10/2023,OK,Fully Paid,2035.5,1800,235.5,0,733,OK,733,31.88,31.88,OK,44900,2 years,2 years,RENT,NH,New Hampshire,OK
LN001867,F,F5,OK,wedding,36,,,FLAGGED,27.73,27.73,OK,1306.61,12/21/2021,1/20/2022,OK,Late (31-120 Days),3919.83,2743.88,1175.95,0,607,OK,607,24.61,24.61,OK,70200,3 years,3 years,MORTGAGE,MI,Michigan,OK
LN002574,A,A4,OK,home_improvement,36,10500,10500,OK,7.72,7.72,OK,327.68,5/25/2021,6/26/2021,OK,Fully Paid,11854.63,10500,1354.63,0,748,OK,748,44.65,44.65,OK,237800,< 1 year,< 1 year,MORTGAGE,WA,Washington,OK
LN003023,D,D5,OK,vacation,60,29800,29800,OK,21.66,21.66,OK,817.29,9/1/2023,10/1/2023,OK,Fully Paid,49476.06,29800,19676.06,0,752,OK,752,18.77,18.77,OK,157300,2 years,2 years,MORTGAGE,ND,North Dakota,OK
LN002305,C,C1,OK,debt_consolidation,60,39200,39200,OK,13.32,13.32,OK,898.36,5/14/2023,6/15/2023,OK,Fully Paid,53473.68,39200,14273.68,0,733,OK,733,24.85,24.85,OK,247300,8 years,8 years,MORTGAGE,VA,Virginia,OK
LN000732,A,A2,OK,vacation,36,1800,1800,OK,6.7,6.7,OK,55.33,12/14/2022,1/15/2023,OK,Current,1936.55,1258.76,677.79,0,622,OK,622,35.2,35.2,OK,63400,1 year,1 year,MORTGAGE,MI,Michigan,OK
LN001953,E,E4,OK,renewable_energy,60,26300,26300,OK,23.11,23.11,OK,743.07,12/26/2022,1/28/2023,OK,Current,20805.96,13523.87,7282.09,0,816,OK,816,32.87,32.87,OK,147400,7 years,7 years,RENT,RI,Rhode Island,OK
LN002291,B,B3,OK,educational,36,2700,2700,OK,8.5,8.5,OK,85.23,11/9/2023,12/12/2023,OK,Current,1875.06,1218.79,656.27,0,733,OK,733,20.62,20.62,OK,50600,5 years,5 years,RENT,AR,Arkansas,OK
LN003271,B,B2,OK,renewable_energy,60,39200,39200,OK,9.81,9.81,OK,829.22,7/18/2021,8/18/2021,OK,Fully Paid,49487.8,39200,10287.8,0,651,OK,651,7.95,7.95,OK,190200,7 years,7 years,MORTGAGE,OK,Oklahoma,OK
LN000024,F,F5,OK,debt_consolidation,60,30800,30800,OK,29.71,29.71,OK,991.01,6/20/2021,7/24/2021,OK,Fully Paid,59004.56,30800,28204.56,0,810,OK,810,42.32,42.32,OK,41300,10+ years,10+ years,RENT,KS,Kansas,OK
LN003019,B,B4,OK,wedding,60,3300,3300,OK,11.12,11.12,OK,71.95,6/13/2022,7/11/2022,OK,Current,3309.7,2151.3,1158.39,0,750,OK,750,21.16,21.16,OK,51900,10+ years,10+ years,MORTGAGE,CO,Colorado,OK
LN000159,C,C4,OK,major_purchase,60,19900,19900,OK,13.75,13.75,OK,460.46,9/9/2021,10/7/2021,OK,Charged Off,3416.85,2391.79,1025.05,17508.21,617,OK,617,5.65,5.65,OK,196000,3 years,3 years,RENT,IA,Iowa,OK
LN000862,F,F4,OK,medical,36,17800,17800,OK,30.07,30.07,OK,756.32,5/1/2022,5/30/2022,OK,Charged Off,7831.92,5482.34,2349.58,12317.66,772,OK,772,14.79,14.79,OK,131400,3 years,3 years,MORTGAGE,MI,Michigan,OK
LN002091,A,A5,OK,renewable_energy,36,30200,30200,OK,7.2,7.2,OK,935.25,6/18/2023,7/18/2023,OK,Default,2805.75,1964.02,841.73,0,781,OK,781,245.43,,DTI_IMPOSSIBLE,86100,10+ years,10+ years,MORTGAGE,MT,Montana,OK
LN000903,G,G2,OK,credit_card,36,24400,24400,OK,35.32,35.32,OK,1108.18,12/6/2023,1/4/2024,OK,Charged Off,5188.47,3631.93,1556.54,20768.07,803,OK,803,18.9,18.9,OK,210300,4 years,4 years,OTHER,CO,Colorado,OK
LN000353,E,E1,OK,wedding,36,12100,12100,OK,25.8,25.8,OK,486.23,10/25/2023,11/27/2023,OK,Current,6807.22,4424.69,2382.53,0,704,OK,704,38.03,38.03,OK,64000,6 years,6 years,RENT,WA,Washington,OK
LN001231,F,F3,OK,wedding,36,28900,28900,OK,28.49,28.49,OK,1203.07,9/10/2022,10/12/2022,OK,Late (31-120 Days),8421.49,5895.04,2526.45,0,586,OK,586,15.63,15.63,OK,234500,3 years,3 years,RENT,AL,Alabama,OK
LN002707,G,G2,OK,small_business,60,31700,31700,OK,32.25,32.25,OK,1069.84,8/3/2023,9/4/2023,OK,Fully Paid,63540.96,31700,31840.96,0,756,OK,756,35.02,35.02,OK,174600,< 1 year,< 1 year,MORTGAGE,NY,New York,OK
LN000445,A,A1,OK,educational,36,8700,8700,OK,7.62,7.62,OK,271.1,9/3/2023,10/1/2023,OK,Fully Paid,9942.91,8700,1242.91,0,718,OK,718,42.27,42.27,OK,219100,3 years,3 years,OWN,TN,Tennessee,OK
LN000755,A,A3,OK,vacation,36,15600,15600,OK,5.68,5.68,OK,472.32,12/18/2023,1/17/2024,OK,Charged Off,5314.78,3720.35,1594.43,11879.65,782,OK,782,12.69,12.69,OK,34900,7 years,7 years,MORTGAGE,IN,Indiana,OK
LN000924,B,B3,OK,credit_card,60,7800,7800,OK,9.63,9.63,OK,164.31,9/16/2023,10/17/2023,OK,Current,6572.4,4272.06,2300.34,0,612,OK,612,8.86,8.86,OK,232800,8 years,8 years,OWN,CT,Connecticut,OK
LN001667,D,D1,OK,major_purchase,36,28100,28100,OK,21.62,21.62,OK,1067.64,12/17/2022,1/15/2023,OK,Charged Off,9142.59,6399.81,2742.78,21700.19,655,OK,655,36.16,36.16,OK,181200,9 years,9 years,MORTGAGE,OR,Oregon,OK
LN002962,E,E3,OK,vacation,60,32000,32000,OK,24.47,24.47,OK,929.33,3/9/2023,4/6/2023,OK,Current,17657.27,11477.23,6180.04,0,813,OK,813,25.1,25.1,OK,161100,4 years,4 years,RENT,MN,Minnesota,OK
LN002529,A,A3,OK,small_business,36,,,FLAGGED,-6.03,,NEGATIVE_RATE,532.62,10/21/2021,11/25/2021,OK,Fully Paid,18893.17,17500,1393.17,0,654,OK,654,19.22,19.22,OK,185800,1 year,1 year,RENT,IL,Illinois,OK
LN000312,A,A1,OK,educational,36,21500,21500,OK,6.84,6.84,OK,662.29,8/18/2021,9/19/2021,OK,Current,3973.74,2582.93,1390.81,0,778,OK,778,37.81,37.81,OK,227400,4 years,4 years,RENT,TX,Texas,OK
LN001376,B,B2,OK,debt_consolidation,36,,,FLAGGED,10.1,10.1,OK,520.26,7/4/2022,8/1/2022,OK,Fully Paid,18892.45,16100,2792.45,0,621,OK,621,31.48,31.48,OK,79200,3 years,3 years,MORTGAGE,AR,Arkansas,OK
LN000549,C,C2,OK,renewable_energy,60,18400,18400,OK,13.34,13.34,OK,421.87,2/22/2023,3/27/2023,OK,Fully Paid,25506.44,18400,7106.44,0,745,OK,745,41.89,41.89,OK,220100,< 1 year,< 1 year,RENT,ID,Idaho,OK
LN002882,F,F3,OK,home_improvement,60,5000,5000,OK,29.19,29.19,OK,159.29,12/15/2021,1/16/2022,OK,Fully Paid,9452.01,5000,4452.01,0,786,OK,786,42.97,42.97,OK,167400,1 year,1 year,MORTGAGE,SC,South Carolina,OK
LN002421,B,B3,OK,moving,60,4900,4900,OK,8.85,8.85,OK,101.36,6/20/2022,7/23/2022,OK,Current,506.8,329.42,177.38,0,798,OK,798,12.55,12.55,OK,212600,4 years,4 years,RENT,CO,Colorado,OK
LN002820,F,F1,OK,vacation,60,2200,2200,OK,-28.9,,NEGATIVE_RATE,69.7,5/10/2022,6/10/2022,OK,Current,2021.3,1313.85,707.45,0,735,OK,735,21.62,21.62,OK,99400,< 1 year,< 1 year,RENT,CT,Connecticut,OK
LN000307,E,E5,OK,credit_card,36,14000,14000,OK,24.65,24.65,OK,554.05,12/4/2021,1/4/2022,OK,Late (31-120 Days),1108.1,775.67,332.43,0,652,OK,652,28.93,28.93,OK,247700,4 years,4 years,RENT,VA,Virginia,OK
LN000288,B,B4,OK,renewable_energy,36,17100,17100,OK,8.56,8.56,OK,540.28,4/11/2021,5/10/2021,OK,Charged Off,6887.58,4821.31,2066.27,12278.69,738,OK,738,7.53,7.53,OK,43600,8 years,8 years,RENT,NC,North Carolina,OK
LN000695,C,C5,OK,educational,60,36600,36600,OK,14.25,14.25,OK,856.37,5/12/2023,6/15/2023,OK,Current,32542.06,21152.34,11389.72,0,780,OK,780,40.75,40.75,OK,106300,< 1 year,< 1 year,MORTGAGE,SC,South Carolina,OK
LN000309,E,D1,GRADE_MISMATCH,wedding,36,15100,15100,OK,26.96,26.96,OK,616.14,5/21/2023,6/24/2023,OK,Current,17868.06,11614.24,6253.82,0,721,OK,721,36.35,36.35,OK,222600,2 years,2 years,MORTGAGE,NM,New Mexico,OK
LN002649,E,E5,OK,debt_consolidation,60,22900,22900,OK,26.36,26.36,OK,690.53,4/1/2021,5/4/2021,OK,Charged Off,13550.67,9485.47,4065.2,13414.53,615,OK,615,31.45,31.45,OK,162100,2 years,2 years,MORTGAGE,TX,Texas,OK
LN002777,B,B5,OK,car,60,31500,31500,OK,8.7,8.7,OK,649.31,6/17/2023,7/17/2023,OK,Fully Paid,38680.92,31500,7180.92,0,662,OK,662,28.45,28.45,OK,69100,3 years,3 years,MORTGAGE,WI,Wisconsin,OK
LN002683,D,D5,OK,debt_consolidation,60,28800,28800,OK,18.01,18.01,OK,731.49,5/19/2021,6/19/2021,OK,Default,7314.9,5120.43,2194.47,0,637,OK,637,15.37,15.37,OK,157500,8 years,8 years,RENT,NY,New York,OK
LN000750,C,C4,OK,small_business,36,9100,9100,OK,13.93,13.93,OK,310.71,12/11/2021,1/11/2022,OK,Fully Paid,11277.83,9100,2177.83,0,679,OK,679,25.52,25.52,OK,96400,7 years,7 years,RENT,WA,Washington,OK
LN001591,E,E3,OK,moving,36,7000,7000,OK,24.09,24.09,OK,274.96,9/7/2023,10/12/2023,OK,Default,1099.84,769.89,329.95,0,712,OK,712,19.78,19.78,OK,188800,4 years,4 years,OTHER,FL,Florida,OK
LN001171,B,B5,OK,car,36,19000,19000,OK,11.39,11.39,OK,625.55,8/20/2021,9/21/2021,OK,Fully Paid,22291.56,19000,3291.56,0,614,OK,614,32.34,32.34,OK,135200,9 years,9 years,MORTGAGE,AB,,INVALID_STATE
LN002803,B,B2,OK,medical,36,11500,11500,OK,10.42,10.42,OK,373.34,5/12/2021,6/16/2021,OK,Fully Paid,13702.03,11500,2202.03,0,592,OK,592,17.93,17.93,OK,92400,,MISSING,RENT,MA,Massachusetts,OK
LN001267,E,E4,OK,small_business,36,39400,39400,OK,25.95,25.95,OK,1586.4,7/6/2022,8/5/2022,OK,Fully Paid,56674.83,39400,17274.83,0,801,OK,801,44.3,44.3,OK,154500,10+ years,10+ years,MORTGAGE,AZ,Arizona,OK
LN001843,E,E2,OK,credit_card,36,7700,7700,OK,24.62,24.62,OK,304.61,8/18/2022,9/20/2022,OK,Charged Off,2360.87,1652.61,708.26,6047.39,735,OK,735,29.39,29.39,OK,70100,8 years,8 years,RENT,AK,Alaska,OK
LN003224,C,C3,OK,medical,36,21800,21800,OK,13.64,13.64,OK,741.27,6/21/2023,7/23/2023,OK,Fully Paid,26835.46,21800,5035.46,0,615,OK,615,20.63,20.63,OK,121700,8 years,8 years,OWN,AK,Alaska,OK
LN000909,A,A4,OK,home_improvement,60,39900,39900,OK,5.98,5.98,OK,771.01,2/23/2021,3/24/2021,OK,Charged Off,13499.47,9449.63,4049.84,30450.37,777,OK,777,30.14,30.14,OK,217900,2 years,2 years,OWN,DE,Delaware,OK
LN002651,B,B5,OK,small_business,36,26900,26900,OK,8.76,8.76,OK,852.41,11/5/2022,12/6/2022,OK,Fully Paid,31241.16,26900,4341.16,0,663,OK,663,28.26,28.26,OK,139600,3 years,3 years,RENT,UT,Utah,OK
LN000087,B,B2,OK,small_business,60,16800,16800,OK,11.73,11.73,OK,371.42,12/28/2023,1/30/2024,OK,Fully Paid,22614.9,16800,5814.9,0,724,OK,724,31.29,31.29,OK,53500,1 year,1 year,MORTGAGE,AK,Alaska,OK
LN003040,D,D4,OK,educational,36,24700,24700,OK,18.9,18.9,OK,904.16,11/19/2021,12/17/2021,OK,Fully Paid,32943.78,24700,8243.78,0,785,OK,785,5.82,5.82,OK,42700,2 years,2 years,OWN,MD,Maryland,OK
LN002443,D,D5,OK,wedding,36,5100,5100,OK,20.25,20.25,OK,190.18,7/4/2021,8/6/2021,OK,Fully Paid,6903.2,5100,1803.2,0,764,OK,764,7.28,7.28,OK,27800,9 years,9 years,OTHER,TN,Tennessee,OK
LN002982,E,E2,OK,vacation,36,1200,1200,OK,23.78,23.78,OK,46.94,2/15/2023,3/22/2023,OK,Late (31-120 Days),46.94,32.86,14.08,0,742,OK,742,38.21,38.21,OK,153900,8 years,8 years,MORTGAGE,AR,Arkansas,OK
LN000971,D,D5,OK,small_business,60,26900,26900,OK,20.2,20.2,OK,715.68,8/31/2021,10/1/2021,OK,Charged Off,13543.01,9480.11,4062.9,17419.89,768,OK,768,14.63,14.63,OK,27800,7 years,7 years,MORTGAGE,KY,Kentucky,OK
LN000014,C,C2,OK,vacation,60,10700,10700,OK,12.88,12.88,OK,242.8,8/6/2021,9/9/2021,OK,Fully Paid,14516.2,10700,3816.2,0,801,OK,801,34.16,34.16,OK,65300,< 1 year,< 1 year,MORTGAGE,CT,Connecticut,OK
LN000874,A,A4,OK,major_purchase,60,28500,28500,OK,7.47,7.47,OK,570.68,3/28/2021,4/28/2021,OK,Current,29104.68,18918.04,10186.64,0,639,OK,639,13.53,13.53,OK,230500,3 years,3 years,MORTGAGE,NM,New Mexico,OK
LN001724,B,B3,OK,medical,36,35000,35000,OK,9.97,9.97,OK,1128.86,11/24/2023,12/29/2023,OK,Current,18061.76,11740.14,6321.62,0,755,OK,755,15.95,15.95,OK,66100,3 years,3 years,MORTGAGE,OH,Ohio,OK
LN000809,E,E4,OK,moving,36,34300,34300,OK,23.56,23.56,OK,1337.78,8/27/2022,10/1/2022,OK,Current,46822.3,30434.5,16387.81,0,722,OK,722,39.35,39.35,OK,58300,10+ years,10+ years,OWN,CA,California,OK
LN003086,G,G4,OK,home_improvement,36,2700,2700,OK,34.75,34.75,OK,121.76,1/12/2023,2/15/2023,OK,Current,852.32,554.01,298.31,0,615,OK,615,13.57,13.57,OK,93800,6 years,6 years,OWN,PA,Pennsylvania,OK
LN000515,B,B4,OK,small_business,36,7900,7900,OK,8.55,8.55,OK,249.57,4/3/2023,5/2/2023,OK,Current,3743.55,2433.31,1310.24,0,799,OK,799,6.07,6.07,OK,222000,7 years,7 years,MORTGAGE,NV,Nevada,OK
LN002887,B,B3,OK,educational,36,34500,34500,OK,11.4,11.4,OK,1136.03,12/21/2023,1/25/2024,OK,Fully Paid,41320.87,34500,6820.87,0,702,OK,702,6.38,6.38,OK,199700,5 years,5 years,RENT,MS,Mississippi,OK
LN000410,C,C2,OK,small_business,60,13000,13000,OK,14.44,14.44,OK,305.46,1/2/2022,1/30/2022,OK,Fully Paid,18022.92,13000,5022.92,0,617,OK,617,28.82,28.82,OK,88100,10+ years,10+ years,MORTGAGE,NE,Nebraska,OK
LN002760,B,B3,OK,home_improvement,60,25200,25200,OK,10.3,10.3,OK,539.15,4/24/2021,5/27/2021,OK,Charged Off,14120.36,9884.25,4236.11,15315.75,611,OK,611,28.58,28.58,OK,31200,4 years,4 years,RENT,MO,Missouri,OK
LN001338,D,D5,OK,educational,60,25800,25800,OK,20.92,20.92,OK,696.82,11/8/2021,12/11/2021,OK,Fully Paid,41597.69,25800,15797.69,0,737,OK,737,19.09,19.09,OK,112300,10+ years,10+ years,RENT,GA,Georgia,OK
LN001414,E,E3,OK,vacation,36,28600,28600,OK,24.98,24.98,OK,1136.83,11/4/2022,12/9/2022,OK,Fully Paid,41506.39,28600,12906.39,0,607,OK,607,27.13,27.13,OK,195300,10+ years,10+ years,RENT,GA,Georgia,OK
LN002713,C,F4,GRADE_MISMATCH,educational,36,28100,28100,OK,14.08,14.08,OK,961.48,7/28/2023,9/1/2023,OK,Current,31728.84,20623.75,11105.09,0,655,OK,655,36.23,36.23,OK,179900,4 years,4 years,MORTGAGE,NH,New Hampshire,OK
LN001903,F,F4,OK,major_purchase,36,3600,3600,OK,31.28,31.28,OK,155.36,8/14/2023,9/17/2023,OK,Fully Paid,5549.12,3600,1949.12,0,652,OK,652,13.45,13.45,OK,130700,4 years,4 years,MORTGAGE,MO,Missouri,OK
LN002296,D,D5,OK,renewable_energy,60,,,FLAGGED,17.4,17.4,OK,686.87,1/28/2023,2/26/2023,OK,Current,3434.35,2232.33,1202.02,0,785,OK,785,32.24,32.24,OK,181800,1 year,1 year,RENT,NE,Nebraska,OK
LN003304,A,A5,OK,credit_card,60,38400,38400,OK,5.21,5.21,OK,728.36,9/15/2022,10/13/2022,OK,Fully Paid,43342.07,38400,4942.07,0,794,OK,794,43.8,43.8,OK,239500,9 years,9 years,RENT,RI,Rhode Island,OK
LN000007,C,C3,OK,home_improvement,36,29700,29700,OK,14.66,14.66,OK,1024.62,9/4/2023,10/8/2023,OK,Late (31-120 Days),7172.34,5020.64,2151.7,0,672,OK,672,13.77,13.77,OK,81600,5 years,5 years,RENT,AR,Arkansas,OK
LN000383,C,C1,OK,educational,60,32500,32500,OK,16.5,16.5,OK,799,12/5/2021,1/8/2022,OK,Fully Paid,47651.69,32500,15151.69,0,786,OK,786,30.5,30.5,OK,29600,7 years,7 years,MORTGAGE,KY,Kentucky,OK
LN001691,D,D2,OK,credit_card,36,10600,10600,OK,19.08,19.08,OK,388.98,10/25/2023,11/29/2023,OK,Charged Off,4026.74,2818.72,1208.02,7781.28,676,OK,676,44.6,44.6,OK,194500,4 years,4 years,RENT,FL,Florida,OK
LN002629,C,C2,OK,credit_card,60,22500,22500,OK,16.34,16.34,OK,551.23,10/19/2023,11/19/2023,OK,Current,10473.37,6807.69,3665.68,0,749,OK,749,10.43,10.43,OK,210700,2 years,2 years,RENT,ME,Maine,OK
LN003329,C,C3,OK,car,36,19800,19800,OK,15.91,15.91,OK,695.23,2/13/2022,3/18/2022,OK,Late (31-120 Days),4171.38,2919.97,1251.41,0,643,OK,643,15.35,15.35,OK,227200,3 years,3 years,MORTGAGE,FL,Florida,OK
LN001938,C,C5,OK,wedding,60,4700,4700,OK,-13.32,,NEGATIVE_RATE,107.71,3/17/2021,4/14/2021,OK,Fully Paid,6366.43,4700,1666.43,0,817,OK,817,10.52,10.52,OK,34400,10+ years,10+ years,OTHER,WA,Washington,OK
LN002219,D,D3,OK,small_business,60,30000,30000,OK,18.77,18.77,OK,774.42,3/21/2023,4/24/2023,OK,Current,3097.68,2013.49,1084.19,0,582,OK,582,14.23,14.23,OK,27800,10+ years,10+ years,RENT,NE,Nebraska,OK
LN001714,D,D4,OK,home_improvement,60,30500,30500,OK,19.76,19.76,OK,804,6/12/2023,7/15/2023,OK,Current,9648,6271.2,3376.8,0,654,OK,654,13.1,13.1,OK,184000,5 years,5 years,MORTGAGE,MD,Maryland,OK
LN002515,E,E4,OK,major_purchase,60,7400,7400,OK,25.15,25.15,OK,217.85,11/6/2023,12/9/2023,OK,Charged Off,4180.38,2926.27,1254.11,4473.73,648,OK,648,29.66,29.66,OK,206700,10+ years,10+ years,MORTGAGE,AK,Alaska,OK
LN002621,E,E2,OK,small_business,60,4900,4900,OK,22.81,22.81,OK,137.6,11/11/2023,12/16/2023,OK,Charged Off,753.97,527.78,226.19,4372.22,616,OK,616,25.85,25.85,OK,181600,10+ years,10+ years,OTHER,IL,Illinois,OK
LN001394,F,F4,OK,vacation,60,25500,25500,OK,28.48,28.48,OK,801.36,10/7/2021,11/9/2021,OK,Charged Off,12157.54,8510.28,3647.26,16989.72,679,OK,679,30.51,30.51,OK,140400,10+ years,10+ years,RENT,MD,Maryland,OK
LN000553,E,A3,GRADE_MISMATCH,moving,36,29200,29200,OK,23.37,23.37,OK,1135.96,4/22/2021,5/22/2021,OK,Fully Paid,40286.45,29200,11086.45,0,596,OK,596,10.1,10.1,OK,118300,10+ years,10+ years,MORTGAGE,LA,Louisiana,OK
LN003341,D,D1,OK,renewable_energy,60,37900,37900,OK,18.47,18.47,OK,972.13,10/7/2022,11/9/2022,OK,Fully Paid,57703.84,37900,19803.84,0,727,OK,727,27.02,27.02,OK,104300,5 years,5 years,MORTGAGE,WV,West Virginia,OK
LN000223,B,B5,OK,wedding,36,10600,10600,OK,11.43,11.43,OK,349.19,8/17/2022,9/21/2022,OK,Charged Off,1553.5,1087.45,466.05,9512.55,589,OK,589,8.61,8.61,OK,120200,6 years,6 years,RENT,NM,New Mexico,OK
LN001383,F,F4,OK,educational,36,12200,12200,OK,29.73,29.73,OK,516.11,12/13/2022,1/12/2023,OK,Fully Paid,18476.44,12200,6276.44,0,654,OK,654,10.99,10.99,OK,71200,4 years,4 years,RENT,MA,Massachusetts,OK
LN001097,D,D1,OK,credit_card,36,6400,6400,OK,18.21,18.21,OK,232.05,6/8/2023,7/10/2023,OK,Fully Paid,8268.36,6400,1868.36,0,751,OK,751,42.25,42.25,OK,242000,10+ years,10+ years,MORTGAGE,ND,North Dakota,OK
LN003112,A,A2,OK,major_purchase,36,17500,17500,OK,7.72,7.72,OK,546.13,11/13/2022,12/14/2022,OK,Current,4369.04,2839.88,1529.16,0,628,OK,628,15.18,15.18,OK,63200,5 years,5 years,RENT,ID,Idaho,OK
LN000009,E,E3,OK,credit_card,36,9000,9000,OK,24.54,24.54,OK,355.65,4/7/2022,5/9/2022,OK,Default,1066.95,746.87,320.08,0,709,OK,709,41.51,41.51,OK,147200,10+ years,10+ years,OWN,IL,Illinois,OK
LN000635,B,B5,OK,car,36,14000,14000,OK,9.41,9.41,OK,447.87,8/1/2021,8/31/2021,OK,Fully Paid,15854.55,14000,1854.55,0,645,OK,645,32.06,32.06,OK,83600,5 years,5 years,RENT,WA,Washington,OK
LN000317,F,F1,OK,vacation,36,4400,4400,OK,29.03,29.03,OK,184.46,3/21/2022,4/21/2022,OK,Current,3135.82,2038.28,1097.54,0,784,OK,784,17.63,17.63,OK,169600,5 years,5 years,RENT,KY,Kentucky,OK
LN001329,B,B3,OK,vacation,36,13200,13200,OK,8.55,8.55,OK,417,6/29/2023,7/31/2023,OK,Fully Paid,14932.7,13200,1732.7,0,763,OK,763,28.54,28.54,OK,73600,3 years,3 years,RENT,ME,Maine,OK
LN000428,A,A3,OK,home_improvement,60,9600,9600,OK,7.09,7.09,OK,190.5,1/7/2021,2/6/2021,OK,Charged Off,5367.57,3757.3,1610.27,5842.7,590,OK,590,10.33,10.33,OK,179000,9 years,9 years,RENT,NY,New York,OK
LN002831,B,B5,OK,debt_consolidation,60,12500,12500,OK,11.26,11.26,OK,273.4,2/12/2022,3/18/2022,OK,Fully Paid,16218.66,12500,3718.66,0,654,OK,654,227.92,,DTI_IMPOSSIBLE,92400,3 years,3 years,RENT,NC,North Carolina,OK
LN000106,A,A4,OK,credit_card,60,12300,12300,OK,7.45,7.45,OK,246.17,12/3/2022,1/5/2023,OK,Late (31-120 Days),1723.19,1206.23,516.96,0,593,OK,593,20.86,20.86,OK,178100,2 years,2 years,OTHER,MS,Mississippi,OK
LN002009,C,C2,OK,home_improvement,36,4800,4800,OK,16.17,16.17,OK,169.16,11/16/2022,12/14/2022,OK,Late (31-120 Days),338.32,236.82,101.5,0,739,OK,739,43.75,43.75,OK,158500,6 years,6 years,MORTGAGE,IN,Indiana,OK
LN000143,D,D2,OK,home_improvement,60,33700,33700,OK,21.49,21.49,OK,921.01,10/17/2021,11/20/2021,OK,Charged Off,3292.68,2304.88,987.8,31395.12,751,OK,751,8.82,8.82,OK,82500,5 years,5 years,MORTGAGE,AL,Alabama,OK
LN000122,A,A3,OK,renewable_energy,36,24800,24800,OK,7.04,7.04,OK,766.21,8/14/2022,9/16/2022,OK,Fully Paid,27946.62,24800,3146.62,0,721,OK,721,30.59,30.59,OK,99500,8 years,8 years,RENT,NC,North Carolina,OK
LN002561,B,B1,OK,renewable_energy,60,33400,33400,OK,9.58,9.58,OK,702.77,9/14/2021,10/18/2021,OK,Charged Off,17813.49,12469.44,5344.05,20930.56,770,OK,770,19.24,19.24,OK,31700,5 years,5 years,RENT,ID,Idaho,OK
LN003069,G,G1,OK,wedding,36,5200,5200,OK,32.04,32.04,OK,226.6,11/28/2023,1/1/2024,OK,Fully Paid,8080.06,5200,2880.06,0,739,OK,739,38.4,38.4,OK,84300,5 years,5 years,MORTGAGE,VT,Vermont,OK
LN003437,B,B4,OK,home_improvement,60,15000,15000,OK,9.89,9.89,OK,317.89,11/12/2022,12/14/2022,OK,Current,17166.06,11157.94,6008.12,0,681,OK,681,5.38,5.38,OK,245000,8 years,8 years,MORTGAGE,CO,Colorado,OK
LN001190,D,D4,OK,renewable_energy,36,38300,38300,OK,17.51,17.51,OK,1375.24,9/20/2022,10/18/2022,OK,Charged Off,5741.51,4019.06,1722.45,34280.94,692,OK,692,43.41,43.41,OK,217000,2 years,2 years,OWN,IN,Indiana,OK
LN003147,B,B4,OK,vacation,36,26300,26300,OK,11.61,11.61,OK,868.65,2/1/2023,3/6/2023,OK,Charged Off,11266.81,7886.77,3380.04,18413.23,650,OK,650,43.58,43.58,OK,231800,2 years,2 years,RENT,UT,Utah,OK
LN003114,B,B2,OK,moving,36,10600,10600,OK,10.65,10.65,OK,345.28,4/5/2022,5/6/2022,OK,Current,9667.84,6284.1,3383.74,0,738,OK,738,30.22,30.22,OK,67300,< 1 year,< 1 year,MORTGAGE,WI,Wisconsin,OK
LN003128,B,B1,OK,moving,60,10800,10800,OK,9.51,9.51,OK,226.87,6/16/2022,7/17/2022,OK,Fully Paid,13706.92,10800,2906.92,0,763,OK,763,9.77,9.77,OK,204100,8 years,8 years,RENT,DE,Delaware,OK
LN001690,C,C3,OK,renewable_energy,60,13300,13300,OK,16.38,16.38,OK,326.12,1/6/2022,2/3/2022,OK,Current,9783.6,6359.34,3424.26,0,798,OK,798,30.38,30.38,OK,37100,6 years,6 years,MORTGAGE,MO,Missouri,OK
LN000116,D,D4,OK,small_business,60,3900,3900,OK,17.38,17.38,OK,97.72,8/11/2023,9/14/2023,OK,Fully Paid,5933.82,3900,2033.82,0,,NULL,,11.4,11.4,OK,37700,1 year,1 year,MORTGAGE,NH,New Hampshire,OK
LN002827,D,D1,OK,moving,36,15700,15700,OK,21.71,21.71,OK,597.24,6/28/2023,7/26/2023,OK,Current,4777.92,3105.65,1672.27,0,674,OK,674,7.37,7.37,OK,216200,,MISSING,MORTGAGE,MD,Maryland,OK
LN003198,C,C4,OK,medical,60,,,FLAGGED,13.1,13.1,OK,70.69,9/19/2022,10/21/2022,OK,Current,3675.88,2389.32,1286.56,0,648,OK,648,5.52,5.52,OK,220600,2 years,2 years,RENT,NM,New Mexico,OK
LN001841,D,D4,OK,vacation,36,,,FLAGGED,21.74,21.74,OK,232.14,11/8/2021,12/9/2021,OK,Fully Paid,8266.5,6100,2166.5,0,778,OK,778,26.24,26.24,OK,242300,10+ years,10+ years,RENT,MN,Minnesota,OK
LN002575,B,B5,OK,renewable_energy,36,11400,11400,OK,9.09,9.09,OK,362.99,3/19/2021,4/22/2021,OK,Current,1088.97,707.83,381.14,0,586,OK,586,19.99,19.99,OK,112900,2 years,2 years,MORTGAGE,OH,Ohio,OK
LN003356,C,C3,OK,small_business,60,26300,26300,OK,15.96,15.96,OK,639.01,10/2/2023,11/4/2023,OK,Charged Off,11566.4,8096.48,3469.92,18203.52,631,OK,631,29.41,29.41,OK,29500,< 1 year,< 1 year,MORTGAGE,TN,Tennessee,OK
LN003094,B,B3,OK,credit_card,36,7600,7600,OK,11.53,11.53,OK,250.73,5/19/2021,6/18/2021,OK,Current,2005.84,1303.8,702.04,0,721,OK,721,40.53,40.53,OK,67100,< 1 year,< 1 year,RENT,CT,Connecticut,OK
LN002429,A,A1,OK,wedding,60,33900,33900,OK,7.06,7.06,OK,672.22,6/11/2023,7/13/2023,OK,Fully Paid,40466.94,33900,6566.94,0,735,OK,735,15.81,15.81,OK,71200,3 years,3 years,RENT,WI,Wisconsin,OK
LN002646,A,A4,OK,medical,36,25000,25000,OK,5.62,5.62,OK,756.25,7/3/2022,8/5/2022,OK,Charged Off,6388.56,4471.99,1916.57,20528.01,738,OK,738,34.26,34.26,OK,93000,8 years,8 years,OWN,CA,California,OK
LN000673,E,E1,OK,wedding,36,38200,38200,OK,23.75,23.75,OK,1493.69,12/20/2023,1/18/2024,OK,Fully Paid,52971.7,38200,14771.7,0,776,OK,776,20.4,20.4,OK,155700,5 years,5 years,OWN,NE,Nebraska,OK
LN002460,C,C3,OK,major_purchase,60,21900,21900,OK,16.22,16.22,OK,535.13,4/2/2023,4/1/2023,DATE_SEQUENCE_ERROR,Current,28361.89,18435.23,9926.66,0,696,OK,696,38.13,38.13,OK,116400,3 years,3 years,OWN,UT,Utah,OK
LN000092,C,C4,OK,educational,60,15800,15800,OK,12.96,12.96,OK,359.18,11/18/2022,12/16/2022,OK,Default,1077.54,754.28,323.26,0,785,OK,785,42.9,42.9,OK,213400,10+ years,10+ years,MORTGAGE,CO,Colorado,OK
LN001110,C,C1,OK,moving,36,34200,34200,OK,14.82,14.82,OK,1182.54,1/20/2022,2/19/2022,OK,Fully Paid,42026.17,34200,7826.17,0,804,OK,804,14.27,14.27,OK,76700,2 years,2 years,RENT,RI,Rhode Island,OK
LN002122,E,E3,OK,medical,60,24900,24900,OK,24.28,24.28,OK,720.37,8/27/2022,9/27/2022,OK,Fully Paid,43929.95,24900,19029.95,0,725,OK,725,5.34,5.34,OK,26600,5 years,5 years,OWN,ME,Maine,OK
LN000592,D,D1,OK,car,36,17700,17700,OK,18.61,18.61,OK,645.33,7/18/2021,8/18/2021,OK,Current,18069.24,11745.01,6324.23,0,820,OK,820,22.12,22.12,OK,120100,2 years,2 years,RENT,ID,Idaho,OK
LN002088,C,C4,OK,renewable_energy,36,22100,22100,OK,15.92,15.92,OK,776.1,12/18/2022,1/20/2023,OK,Default,9313.2,6519.24,2793.96,0,687,OK,687,7.81,7.81,OK,81700,1 year,1 year,RENT,ND,North Dakota,OK
LN002364,B,A2,GRADE_MISMATCH,small_business,60,39000,39000,OK,10.53,10.53,OK,838.84,6/29/2021,7/27/2021,OK,Charged Off,18233.39,12763.37,5470.02,26236.63,593,OK,593,16.75,16.75,OK,57500,5 years,5 years,RENT,MI,Michigan,OK
LN002030,E,E1,OK,major_purchase,36,31400,31400,OK,22.59,22.59,OK,1208.79,5/27/2021,6/26/2021,OK,Fully Paid,43984.93,31400,12584.93,0,621,OK,621,34.67,34.67,OK,215400,8 years,8 years,RENT,MA,Massachusetts,OK
LN000889,E,E4,OK,debt_consolidation,36,39000,39000,OK,26.34,26.34,OK,1578.41,1/14/2022,2/14/2022,OK,Fully Paid,56701.87,39000,17701.87,0,682,OK,682,12.95,12.95,OK,180800,6 years,6 years,RENT,ID,Idaho,OK
LN002282,A,A1,OK,medical,60,1300,1300,OK,6.56,6.56,OK,25.47,2/16/2022,3/22/2022,OK,Current,1324.44,860.89,463.55,0,606,OK,606,42.66,42.66,OK,30400,3 years,3 years,MORTGAGE,NE,Nebraska,OK
LN001989,A,A5,OK,vacation,36,15100,15100,OK,6.54,6.54,OK,463.07,8/26/2021,9/25/2021,OK,Current,7872.19,5116.92,2755.27,0,630,OK,630,35.91,35.91,OK,175700,6 years,6 years,MORTGAGE,MD,Maryland,OK
LN001577,C,C3,OK,wedding,36,21700,21700,OK,14.85,14.85,OK,750.64,5/4/2023,6/3/2023,OK,Fully Paid,27258.64,21700,5558.64,0,731,OK,731,26.42,26.42,OK,121000,,MISSING,RENT,WY,Wyoming,OK
LN002342,E,E3,OK,debt_consolidation,36,,,FLAGGED,24.87,24.87,OK,960.52,1/13/2022,2/14/2022,OK,Charged Off,10936.3,7655.41,3280.89,16544.59,711,OK,711,43.76,43.76,OK,29300,2 years,2 years,OWN,WY,Wyoming,OK
LN001715,A,A4,OK,credit_card,36,24400,24400,OK,7.59,7.59,OK,760,2/7/2022,3/13/2022,OK,Default,9120,6384,2736,0,740,OK,740,135.98,,DTI_IMPOSSIBLE,116900,3 years,3 years,RENT,TX,Texas,OK
LN000214,B,B1,OK,moving,36,11600,11600,OK,10.08,10.08,OK,374.74,4/8/2022,5/13/2022,OK,Fully Paid,13285.54,11600,1685.54,0,620,OK,620,37.3,37.3,OK,149600,9 years,9 years,MORTGAGE,AZ,Arizona,OK
LN000779,B,B5,OK,debt_consolidation,60,8600,8600,OK,9.83,9.83,OK,182.01,5/20/2022,6/18/2022,OK,Default,728.04,509.63,218.41,0,724,OK,724,25.14,25.14,OK,249500,8 years,8 years,OWN,BC,,INVALID_STATE
LN002584,B,B4,OK,medical,60,28300,28300,OK,8.61,8.61,OK,582.12,5/26/2021,6/23/2021,OK,Fully Paid,34478.41,28300,6178.41,0,590,OK,590,21.05,21.05,OK,51300,< 1 year,< 1 year,OWN,VA,Virginia,OK
LN001449,G,G1,OK,medical,60,28900,28900,OK,32,32,OK,970.82,5/16/2022,6/20/2022,OK,Default,970.82,679.57,291.25,0,647,OK,647,10.71,10.71,OK,196900,2 years,2 years,RENT,ZZ,,INVALID_STATE
LN002400,D,D3,OK,educational,36,20700,20700,OK,18.75,18.75,OK,756.17,11/7/2022,12/9/2022,OK,Late (31-120 Days),4537.02,3175.91,1361.11,0,791,OK,791,10.97,10.97,OK,161800,6 years,6 years,MORTGAGE,MS,Mississippi,OK
LN000801,A,A1,OK,moving,36,28400,28400,OK,5.6,5.6,OK,858.85,11/6/2021,12/6/2021,OK,Current,24047.8,15631.07,8416.73,0,800,OK,800,33.71,33.71,OK,143800,9 years,9 years,MORTGAGE,MI,Michigan,OK
LN002966,B,B3,OK,credit_card,60,15200,15200,OK,11.11,11.11,OK,331.32,12/24/2023,1/25/2024,OK,Current,16566,10767.9,5798.1,0,683,OK,683,24.75,24.75,OK,32600,5 years,5 years,RENT,MN,Minnesota,OK
LN001710,C,C4,OK,car,36,9900,9900,OK,15.48,15.48,OK,345.52,6/26/2023,7/29/2023,OK,Fully Paid,12563.28,9900,2663.28,0,742,OK,742,31.8,31.8,OK,124300,3 years,3 years,MORTGAGE,SD,South Dakota,OK
LN002128,D,D2,OK,major_purchase,60,33800,33800,OK,20.13,20.13,OK,897.94,6/9/2023,7/14/2023,OK,Charged Off,5740.98,4018.69,1722.29,29781.31,729,OK,729,11.27,11.27,OK,103100,2 years,2 years,MORTGAGE,MA,Massachusetts,OK
LN001568,A,A3,OK,moving,60,30200,30200,OK,5.1,5.1,OK,571.3,4/22/2023,5/20/2023,OK,Fully Paid,34244.24,30200,4044.24,0,758,OK,758,11.68,11.68,OK,70000,< 1 year,< 1 year,OWN,MI,Michigan,OK
LN003022,G,G1,OK,home_improvement,36,36800,36800,OK,34.29,34.29,OK,1649.93,6/30/2021,8/2/2021,OK,Fully Paid,60201.69,36800,23401.69,0,811,OK,811,43.16,43.16,OK,245100,8 years,8 years,RENT,RI,Rhode Island,OK
LN003268,C,C2,OK,medical,36,19900,19900,OK,15.27,15.27,OK,692.47,7/14/2023,8/11/2023,OK,Default,2077.41,1454.19,623.22,0,653,OK,653,18.9,18.9,OK,229700,< 1 year,< 1 year,RENT,MO,Missouri,OK
LN001519,E,E5,OK,car,60,24000,24000,OK,23.34,23.34,OK,681.27,3/12/2022,4/13/2022,OK,Default,5450.16,3815.11,1635.05,0,686,OK,686,22.14,22.14,OK,80700,< 1 year,< 1 year,MORTGAGE,MO,Missouri,OK
LN002120,E,E5,OK,renewable_energy,36,31400,31400,OK,23.07,23.07,OK,1216.63,6/18/2022,7/17/2022,OK,Current,29199.12,18979.43,10219.69,0,758,OK,758,20.76,20.76,OK,44900,10+ years,10+ years,MORTGAGE,IA,Iowa,OK
LN003250,E,E4,OK,moving,36,36200,36200,OK,24.96,24.96,OK,1438.54,1/15/2023,2/18/2023,OK,Current,4315.62,2805.15,1510.47,0,580,OK,580,9.16,9.16,OK,70500,1 year,1 year,RENT,GA,Georgia,OK
LN001344,B,B5,OK,home_improvement,60,35000,35000,OK,11.97,11.97,OK,778.03,5/29/2022,6/28/2022,OK,Fully Paid,47537.67,35000,12537.67,0,683,OK,683,7.29,7.29,OK,99900,9 years,9 years,MORTGAGE,MI,Michigan,OK
LN000274,D,D5,OK,car,60,25700,25700,OK,21.62,21.62,OK,704.26,10/25/2023,11/24/2023,OK,Current,9859.64,6408.77,3450.87,0,767,OK,767,37.61,37.61,OK,67400,4 years,4 years,MORTGAGE,MA,Massachusetts,OK
LN001813,D,D1,OK,moving,36,,,FLAGGED,21.35,21.35,OK,806.31,8/19/2023,9/18/2023,OK,Current,12900.96,8385.62,4515.34,0,684,OK,684,42.07,42.07,OK,202100,6 years,6 years,MORTGAGE,TX,Texas,OK
LN000072,F,F3,OK,educational,36,11200,11200,OK,28.03,28.03,OK,463.45,10/29/2023,12/1/2023,OK,Charged Off,6187.08,4330.96,1856.12,6869.04,792,OK,792,11.58,11.58,OK,222300,,MISSING,RENT,MI,Michigan,OK
LN000721,F,F1,OK,small_business,60,3200,3200,OK,27.94,27.94,OK,99.52,4/10/2021,5/12/2021,OK,Fully Paid,5930.44,3200,2730.44,0,736,OK,736,36.67,36.67,OK,180400,3 years,3 years,RENT,FL,Florida,OK
LN001741,G,G5,OK,wedding,36,1000,1000,OK,33.09,33.09,OK,44.16,6/15/2021,7/13/2021,OK,Current,883.2,574.08,309.12,0,695,OK,695,29.21,29.21,OK,72400,2 years,2 years,MORTGAGE,CT,Connecticut,OK
LN001088,F,F2,OK,credit_card,36,10400,10400,OK,30.09,30.09,OK,442.01,12/29/2022,1/27/2023,OK,Current,1768.04,1149.23,618.81,0,700,OK,700,13.74,13.74,OK,76800,2 years,2 years,MORTGAGE,UT,Utah,OK
LN000395,C,C2,OK,medical,36,32500,32500,OK,13.53,13.53,OK,1103.37,1/1/2021,2/3/2021,OK,Fully Paid,40038.48,32500,7538.48,0,750,OK,750,18.21,18.21,OK,158000,5 years,5 years,RENT,NM,New Mexico,OK
LN000584,F,F4,OK,vacation,36,3000,3000,OK,30.45,30.45,OK,128.1,4/5/2021,3/31/2021,DATE_SEQUENCE_ERROR,Current,4099.2,2664.48,1434.72,0,668,OK,668,33.01,33.01,OK,146800,,MISSING,MORTGAGE,ID,Idaho,OK
LN003481,D,D3,OK,credit_card,60,4200,4200,OK,19.5,19.5,OK,110.11,7/27/2022,8/26/2022,OK,Charged Off,531.46,372.02,159.44,3827.98,730,OK,730,10.74,10.74,OK,155100,1 year,1 year,MORTGAGE,SC,South Carolina,OK
LN002417,D,D5,OK,debt_consolidation,60,10600,10600,OK,18.9,18.9,OK,274.39,1/29/2023,3/3/2023,OK,Charged Off,2584.13,1808.89,775.24,8791.11,686,OK,686,12.46,12.46,OK,130000,2 years,2 years,MORTGAGE,NE,Nebraska,OK
LN002424,B,B4,OK,car,60,32900,32900,OK,11.74,11.74,OK,727.53,5/9/2022,6/10/2022,OK,Charged Off,2542.28,1779.6,762.68,31120.4,749,OK,749,7.03,7.03,OK,45700,9 years,9 years,RENT,OR,Oregon,OK
LN000501,C,C3,OK,credit_card,36,7500,7500,OK,14.5,14.5,OK,258.16,11/12/2022,12/14/2022,OK,Current,7744.8,5034.12,2710.68,0,652,OK,652,41.11,41.11,OK,132800,6 years,6 years,MORTGAGE,KY,Kentucky,OK
LN002496,A,A3,OK,medical,60,33000,33000,OK,5.75,5.75,OK,634.15,5/19/2021,6/22/2021,OK,Default,6341.5,4439.05,1902.45,0,750,OK,750,36.49,36.49,OK,165600,2 years,2 years,OWN,MS,Mississippi,OK
LN002667,E,E4,OK,home_improvement,36,26300,26300,OK,26,26,OK,1059.64,4/5/2021,5/3/2021,OK,Current,24371.72,15841.62,8530.1,0,712,OK,712,7.07,7.07,OK,30700,10+ years,10+ years,MORTGAGE,MO,Missouri,OK
LN002348,A,A5,OK,renewable_energy,36,19000,19000,OK,5.83,5.83,OK,576.55,10/27/2023,11/24/2023,OK,Current,18449.6,11992.24,6457.36,0,633,OK,633,41.98,41.98,OK,35500,1 year,1 year,MORTGAGE,SD,South Dakota,OK
LN001901,E,E1,OK,renewable_energy,36,17500,17500,OK,24.8,24.8,OK,693.95,9/28/2021,10/29/2021,OK,Fully Paid,25321.86,17500,7821.86,0,585,OK,585,35.79,35.79,OK,82800,4 years,4 years,MORTGAGE,RI,Rhode Island,OK
LN003287,A,A2,OK,medical,36,7500,7500,OK,6.46,6.46,OK,229.73,11/18/2021,12/19/2021,OK,Late (31-120 Days),2756.76,1929.73,827.03,0,665,OK,665,21.92,21.92,OK,92100,4 years,4 years,OWN,WY,Wyoming,OK
LN002365,D,D5,OK,major_purchase,60,5700,5700,OK,20.13,20.13,OK,151.43,12/13/2023,1/17/2024,OK,Charged Off,984.32,689.02,295.3,5010.98,722,OK,722,20.35,20.35,OK,43900,,MISSING,MORTGAGE,KS,Kansas,OK
LN003464,B,B3,OK,wedding,60,6400,6400,OK,11.72,11.72,OK,141.46,7/7/2023,8/9/2023,OK,Fully Paid,8459.84,6400,2059.84,0,605,OK,605,13.01,13.01,OK,236800,10+ years,10+ years,RENT,IA,Iowa,OK
LN001764,A,A2,OK,medical,36,6800,6800,OK,6.17,6.17,OK,207.39,7/30/2021,9/3/2021,OK,Fully Paid,7504.62,6800,704.62,0,702,OK,702,30.3,30.3,OK,108700,3 years,3 years,RENT,IL,Illinois,OK
LN001260,D,D2,OK,vacation,60,29200,29200,OK,17.54,17.54,OK,734.2,6/5/2022,7/8/2022,OK,Fully Paid,44220.73,29200,15020.73,0,617,OK,617,26.47,26.47,OK,230700,5 years,5 years,RENT,OH,Ohio,OK
LN002187,C,C1,OK,renewable_energy,36,17500,17500,OK,13.33,13.33,OK,592.43,12/29/2021,1/27/2022,OK,Fully Paid,21513.81,17500,4013.81,0,637,OK,637,39.38,39.38,OK,125300,6 years,6 years,RENT,DE,Delaware,OK
LN002272,B,B4,OK,medical,60,,,FLAGGED,8.87,8.87,OK,31.04,11/3/2023,12/1/2023,OK,Fully Paid,1888.89,1500,388.89,0,787,OK,787,19.15,19.15,OK,215700,1 year,1 year,OWN,MS,Mississippi,OK
LN000206,D,D4,OK,vacation,36,3800,3800,OK,19.5,19.5,OK,140.26,8/22/2021,9/21/2021,OK,Fully Paid,4999.9,3800,1199.9,0,606,OK,606,40.77,40.77,OK,72200,2 years,2 years,OWN,AZ,Arizona,OK
LN000734,C,C3,OK,renewable_energy,36,,,FLAGGED,12.58,12.58,OK,1128.68,7/18/2021,8/21/2021,OK,Current,13544.16,8803.7,4740.46,0,671,OK,671,24.91,24.91,OK,125000,6 years,6 years,MORTGAGE,NV,Nevada,OK
LN001177,B,B1,OK,major_purchase,60,11300,11300,OK,8.88,8.88,OK,233.91,7/12/2021,8/11/2021,OK,Fully Paid,14251.35,11300,2951.35,0,789,OK,789,21.78,21.78,OK,239800,1 year,1 year,MORTGAGE,NH,New Hampshire,OK
LN000527,E,E3,OK,debt_consolidation,36,1500,1500,OK,25.73,25.73,OK,60.22,11/5/2023,12/4/2023,OK,Fully Paid,2151.86,1500,651.86,0,777,OK,777,11.57,11.57,OK,50100,4 years,4 years,RENT,TN,Tennessee,OK
LN002822,A,A3,OK,educational,36,16800,16800,OK,5.25,5.25,OK,505.4,10/1/2021,11/5/2021,OK,Fully Paid,18006.15,16800,1206.15,0,802,OK,802,40.45,40.45,OK,103700,6 years,6 years,MORTGAGE,ND,North Dakota,OK
LN002139,D,D2,OK,debt_consolidation,36,30900,30900,OK,21.24,21.24,OK,1167.97,3/11/2022,4/12/2022,OK,Fully Paid,41261.76,30900,10361.76,0,691,OK,691,28.97,28.97,OK,92000,,MISSING,RENT,WA,Washington,OK
LN000899,D,D3,OK,educational,60,35200,35200,OK,19.95,19.95,OK,931.61,9/18/2022,10/20/2022,OK,Current,10247.71,6661.01,3586.7,0,663,OK,663,21.88,21.88,OK,84400,6 years,6 years,MORTGAGE,AZ,Arizona,OK
LN000378,D,D2,OK,moving,36,33100,33100,OK,19.79,19.79,OK,1226.58,12/28/2021,1/28/2022,OK,Fully Paid,43535.6,33100,10435.6,0,747,OK,747,18.96,18.96,OK,84500,10+ years,10+ years,MORTGAGE,RI,Rhode Island,OK
LN002526,A,A1,OK,car,36,36800,36800,OK,6.66,6.66,OK,1130.57,8/27/2021,8/17/2021,DATE_SEQUENCE_ERROR,Fully Paid,40875.25,36800,4075.25,0,732,OK,732,38.07,38.07,OK,216400,9 years,9 years,RENT,ND,North Dakota,OK
LN001560,A,A2,OK,small_business,60,10200,10200,OK,6.87,6.87,OK,201.35,5/30/2023,6/27/2023,OK,Current,11879.65,7721.77,4157.88,0,689,OK,689,37.35,37.35,OK,218800,,MISSING,RENT,NC,North Carolina,OK
LN002974,E,E3,OK,wedding,36,14700,14700,OK,26.14,26.14,OK,593.37,10/22/2023,11/26/2023,OK,Current,16614.36,10799.33,5815.03,0,731,OK,731,34.38,34.38,OK,243400,10+ years,10+ years,OWN,CO,Colorado,OK
LN003214,D,D5,OK,credit_card,36,28100,28100,OK,21.5,21.5,OK,1065.9,5/31/2023,7/5/2023,OK,Default,7461.3,5222.91,2238.39,0,639,OK,639,41.51,41.51,OK,77700,1 year,1 year,RENT,NE,Nebraska,OK
LN000349,A,A5,OK,major_purchase,60,36900,36900,OK,7,7,OK,730.66,12/3/2022,1/1/2023,OK,Fully Paid,43279.15,36900,6379.15,0,682,OK,682,25.19,25.19,OK,89700,5 years,5 years,MORTGAGE,MN,Minnesota,OK
LN000387,B,B4,OK,renewable_energy,36,9400,9400,OK,10.5,10.5,OK,305.52,5/20/2021,6/23/2021,OK,Fully Paid,10830.15,9400,1430.15,0,780,OK,780,35.06,35.06,OK,153800,8 years,8 years,RENT,CO,Colorado,OK
LN000199,B,B1,OK,medical,36,31700,31700,OK,11.02,11.02,OK,1038.12,12/30/2023,1/31/2024,OK,Current,4152.48,2699.11,1453.37,0,797,OK,797,38.88,38.88,OK,148500,2 years,2 years,MORTGAGE,IL,Illinois,OK
LN002451,B,B4,OK,medical,36,16600,16600,OK,10.62,10.62,OK,540.48,6/20/2023,7/21/2023,OK,Fully Paid,19837.11,16600,3237.11,0,809,OK,809,5.65,5.65,OK,244100,5 years,5 years,RENT,KS,Kansas,OK
LN001051,D,D3,OK,major_purchase,36,27400,27400,OK,19.93,19.93,OK,1017.31,5/7/2023,6/11/2023,OK,Current,30519.3,19837.55,10681.75,0,775,OK,775,25.56,25.56,OK,249400,8 years,8 years,MORTGAGE,CA,California,OK
LN000591,B,B2,OK,medical,36,22500,22500,OK,8.6,8.6,OK,711.31,7/20/2023,8/17/2023,OK,Fully Paid,25291.84,22500,2791.84,0,751,OK,751,7.53,7.53,OK,64500,,MISSING,MORTGAGE,HI,Hawaii,OK
LN000520,B,B5,OK,educational,60,7700,7700,OK,11.59,11.59,OK,169.69,8/14/2022,9/17/2022,OK,Default,1866.59,1306.61,559.98,0,747,OK,747,34.38,34.38,OK,218400,9 years,9 years,MORTGAGE,SC,South Carolina,OK
LN002427,B,B2,OK,medical,60,23200,23200,OK,9.87,9.87,OK,491.45,1/11/2021,2/8/2021,OK,Fully Paid,29298.92,23200,6098.92,0,820,OK,820,28.89,28.89,OK,52500,3 years,3 years,OWN,WI,Wisconsin,OK
LN001629,A,A5,OK,vacation,36,20100,20100,OK,5.39,5.39,OK,605.94,8/12/2021,9/13/2021,OK,Fully Paid,21560.09,20100,1460.09,0,731,OK,731,18.06,18.06,OK,206100,6 years,6 years,RENT,MO,Missouri,OK
LN002910,B,B2,OK,educational,36,,,FLAGGED,9.39,9.39,OK,342.2,1/31/2021,2/28/2021,OK,Fully Paid,12315.7,10700,1615.7,0,599,OK,599,43.9,43.9,OK,28400,9 years,9 years,RENT,OR,Oregon,OK
LN002448,D,G5,GRADE_MISMATCH,educational,36,4300,4300,OK,19.46,19.46,OK,158.62,5/4/2021,6/8/2021,OK,Late (31-120 Days),475.86,333.1,142.76,0,616,OK,616,14.49,14.49,OK,80000,4 years,4 years,MORTGAGE,NC,North Carolina,OK
LN000430,C,C2,OK,home_improvement,60,2900,2900,OK,14.89,14.89,OK,68.82,4/23/2023,5/28/2023,OK,Current,550.56,357.86,192.7,0,740,OK,740,38.06,38.06,OK,148300,3 years,3 years,RENT,KS,Kansas,OK
LN001084,G,G3,OK,credit_card,36,38800,38800,OK,33.2,33.2,OK,1715.86,5/12/2022,6/9/2022,OK,Fully Paid,61240.11,38800,22440.11,0,627,OK,627,33.47,33.47,OK,81200,10+ years,10+ years,MORTGAGE,CT,Connecticut,OK
LN002418,C,C4,OK,debt_consolidation,60,,,FLAGGED,13.76,13.76,OK,657.29,12/7/2022,1/4/2023,OK,Fully Paid,39846,28400,11446,0,638,OK,638,35.96,35.96,OK,136600,3 years,3 years,RENT,VA,Virginia,OK
LN003021,B,B4,OK,major_purchase,36,23000,23000,OK,10.86,10.86,OK,751.47,10/29/2023,12/1/2023,OK,Fully Paid,26858.01,23000,3858.01,0,629,OK,629,16.38,16.38,OK,225800,7 years,7 years,RENT,CO,Colorado,OK
LN000208,B,B1,OK,wedding,36,26700,26700,OK,10.86,10.86,OK,872.35,3/6/2021,4/3/2021,OK,Fully Paid,31786.9,26700,5086.9,0,591,OK,591,43.16,43.16,OK,53200,10+ years,10+ years,MORTGAGE,WY,Wyoming,OK
LN000492,D,D3,OK,educational,36,,,FLAGGED,21.12,21.12,OK,230.19,8/29/2021,9/30/2021,OK,Charged Off,1485.48,1039.84,445.64,5060.16,734,OK,734,34.17,34.17,OK,249300,8 years,8 years,OWN,AK,Alaska,OK
LN001948,A,A3,OK,renewable_energy,36,6700,6700,OK,6.83,6.83,OK,206.36,2/23/2022,3/30/2022,OK,Charged Off,1907.64,1335.35,572.29,5364.65,819,OK,819,33.91,33.91,OK,45400,6 years,6 years,RENT,WV,West Virginia,OK
LN001810,C,C4,OK,educational,60,,,FLAGGED,15.89,15.89,OK,591.94,10/14/2023,11/16/2023,OK,Late (31-120 Days),2367.76,1657.43,710.33,0,,NULL,,44.74,44.74,OK,61100,,MISSING,RENT,OK,Oklahoma,OK
LN003492,A,A3,OK,wedding,36,17400,17400,OK,5.03,5.03,OK,521.73,3/1/2021,3/29/2021,OK,Current,2086.92,1356.5,730.42,0,747,OK,747,12.65,12.65,OK,174500,8 years,8 years,RENT,MO,Missouri,OK
LN000793,D,D1,OK,educational,60,,,FLAGGED,19.17,19.17,OK,75.5,8/20/2023,9/22/2023,OK,Fully Paid,4540.54,2900,1640.54,0,794,OK,794,40.1,40.1,OK,39500,10+ years,10+ years,MORTGAGE,KS,Kansas,OK
LN002981,B,B1,OK,debt_consolidation,36,4100,4100,OK,9.29,9.29,OK,130.93,4/8/2021,5/11/2021,OK,Current,3796.97,2468.03,1328.94,0,580,OK,580,143.91,,DTI_IMPOSSIBLE,228300,10+ years,10+ years,RENT,OR,Oregon,OK
LN002531,D,D3,OK,major_purchase,60,22700,22700,OK,21.57,21.57,OK,621.41,1/5/2022,2/8/2022,OK,Default,2485.64,1739.95,745.69,0,748,OK,748,44.48,44.48,OK,247200,8 years,8 years,MORTGAGE,VA,Virginia,OK
LN001187,A,A5,OK,home_improvement,60,34000,34000,OK,5.02,5.02,OK,641.93,10/5/2023,11/6/2023,OK,Current,3851.58,2503.53,1348.05,0,676,OK,676,34.53,34.53,OK,61800,5 years,5 years,OWN,NY,New York,OK
LN001186,A,A5,OK,educational,60,19800,19800,OK,5.86,5.86,OK,381.5,1/21/2021,2/19/2021,OK,Charged Off,9760.64,6832.45,2928.19,12967.55,624,OK,624,33.3,33.3,OK,68300,8 years,8 years,RENT,CA,California,OK
LN001551,D,D1,OK,wedding,36,29400,29400,OK,17.8,17.8,OK,1059.93,5/19/2023,6/18/2023,OK,Current,3179.79,2066.86,1112.93,0,773,OK,773,9.25,9.25,OK,100100,4 years,4 years,MORTGAGE,SD,South Dakota,OK
LN003118,C,C3,OK,credit_card,36,28000,28000,OK,15.2,15.2,OK,973.37,4/10/2023,5/10/2023,OK,Fully Paid,34808.03,28000,6808.03,0,582,OK,582,14.84,14.84,OK,246800,8 years,8 years,RENT,OR,Oregon,OK
LN001916,D,D2,OK,educational,36,38300,38300,OK,17.9,17.9,OK,1382.72,5/8/2021,6/7/2021,OK,Charged Off,21047.67,14733.37,6314.3,23566.63,798,OK,798,5.69,5.69,OK,138900,10+ years,10+ years,MORTGAGE,SC,South Carolina,OK
LN002885,D,D2,OK,renewable_energy,36,36000,36000,OK,17.06,17.06,OK,1284.57,5/2/2023,6/6/2023,OK,Charged Off,18587.03,13010.92,5576.11,22989.08,591,OK,591,30.56,30.56,OK,244300,4 years,4 years,MORTGAGE,WV,West Virginia,OK
LN003385,C,C3,OK,car,36,36800,36800,OK,13.82,13.82,OK,1254.52,12/26/2022,1/28/2023,OK,Default,2509.04,1756.33,752.71,0,754,OK,754,21.18,21.18,OK,111100,2 years,2 years,RENT,MI,Michigan,OK
LN001531,A,A2,OK,wedding,36,21300,21300,OK,7.27,7.27,OK,660.31,11/9/2021,12/12/2021,OK,Fully Paid,23444.33,21300,2144.33,0,669,OK,669,29.63,29.63,OK,158100,1 year,1 year,MORTGAGE,WV,West Virginia,OK
LN001411,C,C3,OK,medical,36,30700,30700,OK,14.65,14.65,OK,1058.97,9/22/2021,10/21/2021,OK,Default,5294.85,3706.39,1588.46,0,778,OK,778,28.37,28.37,OK,36400,3 years,3 years,RENT,RI,Rhode Island,OK
LN001477,A,A2,OK,home_improvement,60,11300,11300,OK,7.8,7.8,OK,228.04,3/7/2023,4/11/2023,OK,Current,9577.68,6225.49,3352.19,0,591,OK,591,20.53,20.53,OK,246900,9 years,9 years,RENT,OH,Ohio,OK
LN002859,C,C2,OK,debt_consolidation,36,24200,24200,OK,12.83,12.83,OK,813.41,11/9/2022,12/11/2022,OK,Current,3253.64,2114.87,1138.77,0,629,OK,629,29.76,29.76,OK,88500,< 1 year,< 1 year,RENT,WV,West Virginia,OK
LN001798,F,F4,OK,renewable_energy,60,11000,11000,OK,-30.62,,NEGATIVE_RATE,360.09,10/4/2022,11/4/2022,OK,Default,1080.27,756.19,324.08,0,612,OK,612,38.51,38.51,OK,56100,8 years,8 years,RENT,SC,South Carolina,OK
LN000084,B,B2,OK,renewable_energy,60,4400,4400,OK,8.82,8.82,OK,90.95,9/10/2023,10/9/2023,OK,Fully Paid,5368.94,4400,968.94,0,769,OK,769,19.91,19.91,OK,78200,6 years,6 years,MORTGAGE,OK,Oklahoma,OK
LN002834,C,C5,OK,educational,36,33300,33300,OK,13.16,13.16,OK,1124.58,9/30/2022,11/2/2022,OK,Fully Paid,39691.77,33300,6391.77,0,727,OK,727,20.06,20.06,OK,204200,< 1 year,< 1 year,MORTGAGE,NH,New Hampshire,OK
LN002670,A,A5,OK,major_purchase,60,20300,20300,OK,6.49,6.49,OK,397.1,10/29/2022,11/29/2022,OK,Fully Paid,23541.16,20300,3241.16,0,583,OK,583,19.01,19.01,OK,76500,10+ years,10+ years,OWN,KY,Kentucky,OK
LN000021,B,B4,OK,moving,60,32300,32300,OK,11.94,11.94,OK,717.52,6/1/2023,6/29/2023,OK,Current,27265.76,17722.74,9543.02,0,656,OK,656,42.27,42.27,OK,67400,10+ years,10+ years,RENT,DE,Delaware,OK
LN002376,D,D3,OK,debt_consolidation,60,35500,35500,OK,20.56,20.56,OK,951.63,2/1/2021,3/4/2021,OK,Charged Off,11380.12,7966.08,3414.04,27533.92,657,OK,657,33.27,33.27,OK,238300,,MISSING,OWN,KS,Kansas,OK
LN001628,B,B3,OK,debt_consolidation,36,11100,11100,OK,10.88,10.88,OK,362.77,6/14/2022,7/13/2022,OK,Charged Off,4702.68,3291.88,1410.8,7808.12,742,OK,742,43.05,43.05,OK,198300,5 years,5 years,RENT,NV,Nevada,OK
LN002130,F,F4,OK,major_purchase,36,24400,24400,OK,28.45,28.45,OK,1015.21,6/1/2023,7/4/2023,OK,Current,21319.41,13857.62,7461.79,0,739,OK,739,23.02,23.02,OK,132500,6 years,6 years,RENT,FL,Florida,OK
LN002633,B,B5,OK,debt_consolidation,36,,,FLAGGED,11.89,11.89,OK,155.86,2/4/2022,3/6/2022,OK,Fully Paid,5533.8,4700,833.8,0,804,OK,804,40.15,40.15,OK,240500,4 years,4 years,OWN,MI,Michigan,OK
LN001406,D,D3,OK,wedding,36,28300,28300,OK,20.22,20.22,OK,1054.9,5/2/2021,6/3/2021,OK,Fully Paid,37972.57,28300,9672.57,0,768,OK,768,32.02,32.02,OK,86700,8 years,8 years,RENT,VT,Vermont,OK
LN001148,E,E3,OK,renewable_energy,60,2500,2500,OK,26.25,26.25,OK,75.22,9/13/2022,10/13/2022,OK,Charged Off,432.64,302.85,129.79,2197.15,581,OK,581,31.71,31.71,OK,235400,4 years,4 years,RENT,MO,Missouri,OK
LN001731,C,C3,OK,major_purchase,36,25800,25800,OK,16.24,16.24,OK,910.11,11/20/2022,12/19/2022,OK,Current,14561.76,9465.14,5096.62,0,691,OK,691,24.06,24.06,OK,233900,4 years,4 years,RENT,NV,Nevada,OK
LN001563,A,A3,OK,moving,36,12500,12500,OK,6.14,6.14,OK,381.07,4/5/2021,5/5/2021,OK,Fully Paid,13755.74,12500,1255.74,0,651,OK,651,32.53,32.53,OK,95800,2 years,2 years,OWN,VA,Virginia,OK
LN002525,B,B3,OK,home_improvement,36,19600,19600,OK,8.72,8.72,OK,620.72,8/8/2022,9/12/2022,OK,Charged Off,7375.61,5162.93,2212.68,14437.07,708,OK,708,24.51,24.51,OK,83800,5 years,5 years,RENT,LA,Louisiana,OK
LN003227,A,A1,OK,wedding,36,39000,39000,OK,5.76,5.76,OK,1182.22,7/14/2022,8/18/2022,OK,Charged Off,17287.32,12101.12,5186.2,26898.88,797,OK,797,35.77,35.77,OK,149200,4 years,4 years,MORTGAGE,ND,North Dakota,OK
LN002391,E,E2,OK,wedding,60,39900,39900,OK,25.63,25.63,OK,1185.9,10/15/2021,11/15/2021,OK,Fully Paid,72192.96,39900,32292.96,0,649,OK,649,26.19,26.19,OK,155900,10+ years,10+ years,MORTGAGE,NE,Nebraska,OK
LN000974,B,B2,OK,medical,36,3100,3100,OK,10.92,10.92,OK,101.37,9/22/2023,10/26/2023,OK,Charged Off,942.1,659.47,282.63,2440.53,,NULL,,36.85,36.85,OK,190100,5 years,5 years,MORTGAGE,NH,New Hampshire,OK
LN001711,D,D2,OK,wedding,36,,,FLAGGED,18.78,18.78,OK,467.77,8/6/2022,9/4/2022,OK,Fully Paid,16622.53,12800,3822.53,0,,NULL,,44.27,44.27,OK,190500,4 years,4 years,RENT,CA,California,OK
LN003347,E,E3,OK,debt_consolidation,36,17400,17400,OK,23.36,23.36,OK,676.82,10/15/2022,11/17/2022,OK,Charged Off,9557.6,6690.32,2867.28,10709.68,743,OK,743,30.29,30.29,OK,182100,8 years,8 years,MORTGAGE,MT,Montana,OK
LN003127,A,A1,OK,home_improvement,60,10500,10500,OK,7.6,7.6,OK,210.9,2/24/2022,3/30/2022,OK,Current,6537.9,4249.64,2288.26,0,644,OK,644,34.16,34.16,OK,113000,5 years,5 years,OWN,CA,California,OK
LN000884,B,B1,OK,educational,36,5700,5700,OK,11.91,11.91,OK,189.08,5/31/2023,6/29/2023,OK,Charged Off,2788.58,1952.01,836.57,3747.99,796,OK,796,39.06,39.06,OK,216800,6 years,6 years,OTHER,WI,Wisconsin,OK
LN001099,A,A4,OK,renewable_energy,60,31800,31800,OK,6.7,6.7,OK,625.19,10/4/2022,11/6/2022,OK,Fully Paid,37469.17,31800,5669.17,0,630,OK,630,40.61,40.61,OK,158000,< 1 year,< 1 year,RENT,NM,New Mexico,OK
LN000157,D,D1,OK,medical,60,31000,31000,OK,20.62,20.62,OK,832.04,1/5/2022,2/5/2022,OK,Charged Off,16374.53,11462.17,4912.36,19537.83,665,OK,665,17.13,17.13,OK,31200,2 years,2 years,RENT,WV,West Virginia,OK
LN002731,D,D3,OK,small_business,36,19700,19700,OK,19.54,19.54,OK,727.51,5/24/2022,6/28/2022,OK,Current,13095.18,8511.87,4583.31,0,750,OK,750,24.37,24.37,OK,52400,10+ years,10+ years,MORTGAGE,MA,Massachusetts,OK
LN000887,F,F5,OK,home_improvement,36,8500,8500,OK,28.32,28.32,OK,353.06,6/22/2021,7/22/2021,OK,Fully Paid,12727.15,8500,4227.15,0,796,OK,796,6.58,6.58,OK,77100,6 years,6 years,MORTGAGE,MA,Massachusetts,OK
LN002180,C,C1,OK,educational,36,10300,10300,OK,15.16,15.16,OK,357.86,3/12/2022,4/12/2022,OK,Current,7157.2,4652.18,2505.02,0,,ABOVE_MAX,945,30.33,30.33,OK,175800,,MISSING,RENT,NV,Nevada,OK
LN001513,A,A1,OK,credit_card,60,15100,15100,OK,7.74,7.74,OK,304.3,1/13/2023,2/16/2023,OK,Fully Paid,18618.5,15100,3518.5,0,705,OK,705,25.22,25.22,OK,198800,10+ years,10+ years,RENT,NM,New Mexico,OK
LN002964,E,E3,OK,small_business,60,38800,38800,OK,24.83,24.83,OK,1134.97,11/4/2023,12/9/2023,OK,Current,10214.73,6639.57,3575.16,0,783,OK,783,9.63,9.63,OK,64700,,MISSING,RENT,OK,Oklahoma,OK
LN003232,E,E3,OK,car,36,14400,14400,OK,22.94,22.94,OK,556.97,10/29/2022,11/27/2022,OK,Fully Paid,19729.96,14400,5329.96,0,752,OK,752,36.04,36.04,OK,116000,6 years,6 years,MORTGAGE,CO,Colorado,OK
LN003033,C,C5,OK,moving,36,24700,24700,OK,-15.04,,NEGATIVE_RATE,856.72,9/17/2021,10/22/2021,OK,Fully Paid,30296.93,24700,5596.93,0,799,OK,799,6.13,6.13,OK,35200,7 years,7 years,MORTGAGE,WA,Washington,OK
LN002615,F,C1,GRADE_MISMATCH,major_purchase,36,12400,12400,OK,29.44,29.44,OK,522.6,7/21/2022,8/22/2022,OK,Charged Off,5731.48,4012.04,1719.44,8387.96,766,OK,766,19.1,19.1,OK,88300,3 years,3 years,RENT,MI,Michigan,OK
LN000738,A,A1,OK,medical,36,31300,31300,OK,5.37,5.37,OK,943.3,4/10/2021,5/15/2021,OK,Fully Paid,33864.15,31300,2564.15,0,749,OK,749,38.36,38.36,OK,45400,3 years,3 years,RENT,ME,Maine,OK
LN001454,C,C5,OK,credit_card,36,11500,11500,OK,14.69,14.69,OK,396.91,10/19/2023,11/23/2023,OK,Current,9922.75,6449.79,3472.96,0,711,OK,711,13.9,13.9,OK,120800,2 years,2 years,RENT,NM,New Mexico,OK
LN001506,F,F1,OK,home_improvement,60,29000,29000,OK,27.56,27.56,OK,895.26,2/8/2021,3/13/2021,OK,Current,28648.32,18621.41,10026.91,0,801,OK,801,43.81,43.81,OK,37800,< 1 year,< 1 year,MORTGAGE,TX,Texas,OK
LN003026,A,A4,OK,vacation,36,33500,33500,OK,6.91,6.91,OK,1033,8/13/2021,9/16/2021,OK,Current,34089,22157.85,11931.15,0,618,OK,618,36.48,36.48,OK,233800,2 years,2 years,MORTGAGE,CT,Connecticut,OK
LN003176,A,A5,OK,wedding,36,14000,14000,OK,7.75,7.75,OK,437.1,5/15/2022,6/14/2022,OK,Charged Off,7761.85,5433.3,2328.55,8566.7,782,OK,782,31.96,31.96,OK,91700,9 years,9 years,RENT,MO,Missouri,OK
LN000459,B,B3,OK,debt_consolidation,36,28100,28100,OK,10.74,10.74,OK,916.5,11/17/2022,12/16/2022,OK,Charged Off,13250.37,9275.26,3975.11,18824.74,626,OK,626,35.59,35.59,OK,93400,6 years,6 years,MORTGAGE,UT,Utah,OK
LN001952,B,B4,OK,credit_card,60,17700,17700,OK,9.41,9.41,OK,370.95,1/17/2023,2/20/2023,OK,Late (31-120 Days),2225.7,1557.99,667.71,0,642,OK,642,28.43,28.43,OK,185900,< 1 year,< 1 year,MORTGAGE,NY,New York,OK
LN000079,A,A2,OK,home_improvement,36,9900,9900,OK,5.33,5.33,OK,298.18,10/17/2021,11/14/2021,OK,Fully Paid,10673.61,9900,773.61,0,781,OK,781,14.52,14.52,OK,157600,< 1 year,< 1 year,RENT,FL,Florida,OK
LN003494,G,G3,OK,medical,60,16100,16100,OK,34.16,34.16,OK,562.76,6/21/2021,7/19/2021,OK,Current,26449.72,17192.32,9257.4,0,656,OK,656,28.06,28.06,OK,185200,5 years,5 years,MORTGAGE,HI,Hawaii,OK
LN002497,F,F4,OK,medical,36,2300,2300,OK,28.92,28.92,OK,96.28,8/6/2023,9/3/2023,OK,Charged Off,822.68,575.88,246.8,1724.12,596,OK,596,27.24,27.24,OK,115900,< 1 year,< 1 year,MORTGAGE,MS,Mississippi,OK
LN001057,F,F2,OK,vacation,60,6000,6000,OK,30.29,30.29,OK,195.19,6/9/2022,7/12/2022,OK,Fully Paid,11664.48,6000,5664.48,0,725,OK,725,18.25,18.25,OK,58200,2 years,2 years,MORTGAGE,TX,Texas,OK
LN000907,A,A3,OK,educational,36,16900,16900,OK,5.63,5.63,OK,511.3,1/21/2023,2/19/2023,OK,Fully Paid,18340.81,16900,1440.81,0,616,OK,616,24.24,24.24,OK,90600,8 years,8 years,MORTGAGE,KS,Kansas,OK
LN002163,E,E4,OK,educational,60,34300,34300,OK,23.74,23.74,OK,981.57,2/16/2021,3/16/2021,OK,Current,4907.85,3190.1,1717.75,0,806,OK,806,11.25,11.25,OK,196400,3 years,3 years,RENT,NY,New York,OK
LN002658,C,C3,OK,medical,60,39100,39100,OK,15.76,15.76,OK,945.86,3/4/2022,4/6/2022,OK,Charged Off,19882.77,13917.94,5964.83,25182.06,684,OK,684,39.54,39.54,OK,56400,8 years,8 years,RENT,OH,Ohio,OK
LN003230,C,C1,OK,medical,36,13700,13700,OK,12.98,12.98,OK,461.48,2/14/2022,3/21/2022,OK,Charged Off,4417.85,3092.49,1325.36,10607.51,777,OK,777,14.39,14.39,OK,168400,6 years,6 years,OWN,SD,South Dakota,OK
LN000381,A,A5,OK,educational,60,28000,28000,OK,7.96,7.96,OK,567.2,2/27/2023,4/3/2023,OK,Current,23255.2,15115.88,8139.32,0,819,OK,819,36.53,36.53,OK,142600,4 years,4 years,MORTGAGE,KY,Kentucky,OK
LN000948,A,A2,OK,major_purchase,60,23400,23400,OK,5.08,5.08,OK,442.45,6/3/2021,7/8/2021,OK,Fully Paid,26277.04,23400,2877.04,0,715,OK,715,16.51,16.51,OK,90900,1 year,1 year,MORTGAGE,AR,Arkansas,OK
LN003324,D,D5,OK,moving,60,18900,18900,OK,21.92,21.92,OK,521.14,3/18/2022,4/20/2022,OK,Late (31-120 Days),2605.7,1823.99,781.71,0,659,OK,659,37,37,OK,142900,9 years,9 years,MORTGAGE,KY,Kentucky,OK
LN002410,E,E2,OK,major_purchase,36,2800,2800,OK,26.29,26.29,OK,113.25,1/29/2023,3/1/2023,OK,Fully Paid,4057.42,2800,1257.42,0,645,OK,645,22.03,22.03,OK,75400,1 year,1 year,MORTGAGE,DE,Delaware,OK
LN002861,D,D5,OK,wedding,36,12800,12800,OK,17.84,17.84,OK,461.72,11/19/2021,12/20/2021,OK,Charged Off,6903.9,4832.73,2071.17,7967.27,820,OK,820,11.96,11.96,OK,109800,2 years,2 years,MORTGAGE,TX,Texas,OK
LN000716,D,D1,OK,wedding,60,22500,22500,OK,20.41,20.41,OK,601.26,3/30/2021,5/3/2021,OK,Fully Paid,35816.03,22500,13316.03,0,630,OK,630,6.99,6.99,OK,227300,,MISSING,OTHER,NE,Nebraska,OK
LN002399,B,B5,OK,credit_card,60,32000,32000,OK,11.19,11.19,OK,698.79,7/14/2023,8/14/2023,OK,Fully Paid,42179.74,32000,10179.74,0,704,OK,704,28.55,28.55,OK,178900,3 years,3 years,OWN,ND,North Dakota,OK
LN000687,E,E2,OK,small_business,36,5400,5400,OK,24.75,24.75,OK,213.99,10/12/2022,11/16/2022,OK,Fully Paid,7837.39,5400,2437.39,0,621,OK,621,7.73,7.73,OK,173800,4 years,4 years,RENT,VA,Virginia,OK
LN003072,F,F1,OK,medical,60,40000,40000,OK,31.07,31.07,OK,1320.55,7/9/2023,8/11/2023,OK,Current,23769.9,15450.44,8319.47,0,620,OK,620,41.23,41.23,OK,108800,5 years,5 years,RENT,ON,,INVALID_STATE
LN001294,A,A1,OK,major_purchase,36,37800,37800,OK,7.79,7.79,OK,1180.86,2/4/2023,3/9/2023,OK,Default,12989.46,9092.62,3896.84,0,755,OK,755,32.46,32.46,OK,131300,5 years,5 years,MORTGAGE,MI,Michigan,OK
LN000306,C,C4,OK,major_purchase,60,36700,36700,OK,14.62,14.62,OK,865.79,5/20/2021,6/20/2021,OK,Late (31-120 Days),6926.32,4848.42,2077.9,0,782,OK,782,35.75,35.75,OK,168500,6 years,6 years,MORTGAGE,WI,Wisconsin,OK
LN000210,E,E5,OK,medical,36,21900,21900,OK,22.61,22.61,OK,843.3,12/14/2023,1/16/2024,OK,Current,2529.9,1644.44,885.47,0,665,OK,665,5.06,5.06,OK,179100,10+ years,10+ years,MORTGAGE,CT,Connecticut,OK
LN001144,B,B2,OK,moving,60,17600,17600,OK,10.85,10.85,OK,381.35,1/8/2022,2/10/2022,OK,Current,13728.6,8923.59,4805.01,0,615,OK,615,31.29,31.29,OK,32100,10+ years,10+ years,OTHER,AL,Alabama,OK
LN002665,B,B2,OK,credit_card,36,38100,38100,OK,10.59,10.59,OK,1239.96,7/16/2023,8/18/2023,OK,Fully Paid,44505.91,38100,6405.91,0,720,OK,720,31.15,31.15,OK,227800,8 years,8 years,RENT,TX,Texas,OK
LN001493,C,D4,GRADE_MISMATCH,major_purchase,36,22100,22100,OK,16.4,16.4,OK,781.34,12/28/2023,1/26/2024,OK,Current,17189.48,11173.16,6016.32,0,708,OK,708,27.63,27.63,OK,148400,10+ years,10+ years,RENT,MA,Massachusetts,OK
LN000886,A,A4,OK,debt_consolidation,36,17500,17500,OK,6.28,6.28,OK,534.61,1/12/2023,2/13/2023,OK,Current,12296.03,7992.42,4303.61,0,716,OK,716,190.94,,DTI_IMPOSSIBLE,107000,8 years,8 years,MORTGAGE,MN,Minnesota,OK
LN001930,F,F5,OK,renewable_energy,36,35000,35000,OK,28.5,28.5,OK,1457.2,6/13/2023,7/12/2023,OK,Fully Paid,51706.72,35000,16706.72,0,,NULL,,25.14,25.14,OK,76500,1 year,1 year,RENT,NY,New York,OK
LN002203,E,E4,OK,vacation,36,16300,16300,OK,26.88,26.88,OK,664.4,10/27/2021,11/25/2021,OK,Late (31-120 Days),1328.8,930.16,398.64,0,582,OK,582,39.33,39.33,OK,114100,7 years,7 years,MORTGAGE,CO,Colorado,OK
LN000918,B,B3,OK,credit_card,60,5600,5600,OK,10.74,10.74,OK,121.03,11/11/2022,12/14/2022,OK,Current,5204.29,3382.79,1821.5,0,627,OK,627,35.26,35.26,OK,107800,3 years,3 years,MORTGAGE,MN,Minnesota,OK
LN003403,C,C1,OK,renewable_energy,36,8900,8900,OK,14.97,14.97,OK,308.39,6/28/2022,8/2/2022,OK,Default,2158.73,1511.11,647.62,0,660,OK,660,36,36,OK,124900,,MISSING,RENT,MD,Maryland,OK
LN002223,E,E1,OK,medical,36,28000,28000,OK,25.33,25.33,OK,1118.17,12/4/2021,1/5/2022,OK,Fully Paid,40649.42,28000,12649.42,0,701,OK,701,37.52,37.52,OK,38800,< 1 year,< 1 year,OWN,NY,New York,OK
LN000192,B,B3,OK,educational,60,19800,19800,OK,10.09,10.09,OK,421.57,11/1/2021,12/6/2021,OK,Fully Paid,24790.82,19800,4990.82,0,778,OK,778,38.89,38.89,OK,63100,8 years,8 years,OWN,TX,Texas,OK
LN002277,C,C1,OK,vacation,36,27700,27700,OK,14.72,14.72,OK,956.44,11/15/2021,12/19/2021,OK,Fully Paid,34361.55,27700,6661.55,0,718,OK,718,5.28,5.28,OK,188600,1 year,1 year,MORTGAGE,ID,Idaho,OK
LN003411,B,B1,OK,car,60,4800,4800,OK,10.01,10.01,OK,102.01,1/2/2023,2/5/2023,OK,Current,4284.42,2784.87,1499.55,0,805,OK,805,31.58,31.58,OK,150900,7 years,7 years,MORTGAGE,NE,Nebraska,OK
LN001266,A,A3,OK,medical,36,5700,5700,OK,5.87,5.87,OK,173.07,2/21/2023,3/24/2023,OK,Late (31-120 Days),865.35,605.75,259.61,0,817,OK,817,17.77,17.77,OK,124900,7 years,7 years,RENT,NC,North Carolina,OK
LN000484,D,D4,OK,small_business,60,34000,34000,OK,17.8,17.8,OK,859.68,4/5/2023,5/6/2023,OK,Fully Paid,50783.48,34000,16783.48,0,629,OK,629,6.11,6.11,OK,152100,5 years,5 years,MORTGAGE,NV,Nevada,OK
LN002709,B,B5,OK,wedding,36,38400,38400,OK,10.47,10.47,OK,1247.55,6/1/2022,7/4/2022,OK,Current,4990.2,3243.63,1746.57,0,628,OK,628,13.99,13.99,OK,35700,5 years,5 years,MORTGAGE,CT,Connecticut,OK
LN000916,D,D3,OK,major_purchase,60,18600,18600,OK,18.76,18.76,OK,480.04,1/21/2022,2/21/2022,OK,Fully Paid,29129.26,18600,10529.26,0,663,OK,663,23.33,23.33,OK,132700,8 years,8 years,RENT,OK,Oklahoma,OK
LN002381,F,F1,OK,major_purchase,36,33100,33100,OK,27.91,27.91,OK,1367.53,2/10/2023,3/13/2023,OK,Fully Paid,49924.68,33100,16824.68,0,661,OK,661,6.99,6.99,OK,60800,7 years,7 years,OTHER,ID,Idaho,OK
LN000278,A,A1,OK,medical,36,9200,9200,OK,7.95,7.95,OK,288.08,8/29/2022,9/30/2022,OK,Fully Paid,10189.2,9200,989.2,0,780,OK,780,16.81,16.81,OK,246600,< 1 year,< 1 year,MORTGAGE,CT,Connecticut,OK
LN000989,B,B4,OK,educational,36,5500,5500,OK,11.35,11.35,OK,180.98,3/24/2023,4/28/2023,OK,Fully Paid,6583.76,5500,1083.76,0,802,OK,802,15.43,15.43,OK,123000,< 1 year,< 1 year,MORTGAGE,AK,Alaska,OK
LN003420,A,A4,OK,renewable_energy,36,16800,16800,OK,6.89,6.89,OK,517.89,11/20/2021,12/23/2021,OK,Fully Paid,18428.12,16800,1628.12,0,585,OK,585,7.85,7.85,OK,105200,1 year,1 year,MORTGAGE,CT,Connecticut,OK
LN001246,A,A2,OK,medical,60,19900,19900,OK,5.77,5.77,OK,382.6,6/29/2023,8/2/2023,OK,Current,20277.8,13180.57,7097.23,0,613,OK,613,39.17,39.17,OK,100400,9 years,9 years,RENT,ME,Maine,OK
LN002329,E,E1,OK,educational,60,13900,13900,OK,22.61,22.61,OK,388.74,11/23/2023,12/26/2023,OK,Fully Paid,23319.88,13900,9419.88,0,733,OK,733,237.19,,DTI_IMPOSSIBLE,136700,7 years,7 years,MORTGAGE,SC,South Carolina,OK
LN000572,A,A2,OK,medical,36,13000,13000,OK,6.19,6.19,OK,396.61,4/22/2022,5/24/2022,OK,Charged Off,3346.14,2342.3,1003.84,10657.7,,NULL,,42.42,42.42,OK,178200,3 years,3 years,RENT,WI,Wisconsin,OK
LN001436,D,D1,OK,home_improvement,36,28600,28600,OK,17.94,17.94,OK,1033.1,3/16/2023,4/20/2023,OK,Late (31-120 Days),8264.8,5785.36,2479.44,0,583,OK,583,42.05,42.05,OK,241700,3 years,3 years,MORTGAGE,MI,Michigan,OK
LN002432,D,D5,OK,credit_card,60,8500,8500,OK,19.32,19.32,OK,221.99,6/26/2022,7/25/2022,OK,Fully Paid,13258.44,8500,4758.44,0,807,OK,807,31.72,31.72,OK,66600,10+ years,10+ years,RENT,LA,Louisiana,OK
LN000994,D,D2,OK,medical,60,38600,38600,OK,20.74,20.74,OK,1038.62,3/23/2022,4/23/2022,OK,Late (31-120 Days),5193.1,3635.17,1557.93,0,672,OK,672,23.55,23.55,OK,119100,,MISSING,MORTGAGE,KY,Kentucky,OK
LN002032,B,B3,OK,major_purchase,36,3600,3600,OK,11,11,OK,117.86,8/11/2021,9/12/2021,OK,Fully Paid,4200.29,3600,600.29,0,682,OK,682,29.77,29.77,OK,83800,8 years,8 years,MORTGAGE,WV,West Virginia,OK
LN003122,G,G3,OK,small_business,36,,,FLAGGED,33.11,33.11,OK,1638.81,4/21/2021,5/25/2021,OK,Charged Off,22021.96,15415.37,6606.59,21684.63,,ABOVE_MAX,955,40.59,40.59,OK,126200,5 years,5 years,MORTGAGE,NM,New Mexico,OK
LN000586,F,F5,OK,small_business,60,4400,4400,OK,30.29,30.29,OK,143.14,9/24/2021,10/25/2021,OK,Late (31-120 Days),1001.98,701.39,300.59,0,775,OK,775,27.11,27.11,OK,176000,< 1 year,< 1 year,RENT,WY,Wyoming,OK
LN003075,C,C3,OK,educational,36,17600,17600,OK,15.38,15.38,OK,613.39,8/9/2022,9/6/2022,OK,Default,3066.95,2146.86,920.08,0,780,OK,780,25.74,25.74,OK,144800,< 1 year,< 1 year,MORTGAGE,OH,Ohio,OK
LN000414,C,C4,OK,renewable_energy,60,38500,38500,OK,15.19,15.19,OK,919.76,9/3/2021,10/4/2021,OK,Charged Off,16275.68,11392.98,4882.7,27107.02,626,OK,626,17.53,17.53,OK,29300,7 years,7 years,MORTGAGE,AL,Alabama,OK
LN001350,A,A1,OK,home_improvement,36,9600,9600,OK,6.3,6.3,OK,293.36,11/5/2021,12/5/2021,OK,Current,2053.52,1334.79,718.73,0,739,OK,739,39.68,39.68,OK,228200,1 year,1 year,MORTGAGE,CO,Colorado,OK
LN001008,B,B4,OK,small_business,60,28700,28700,OK,10.73,10.73,OK,620.15,5/14/2021,6/14/2021,OK,Fully Paid,36511.1,28700,7811.1,0,,BELOW_MIN,262,13.28,13.28,OK,54200,< 1 year,< 1 year,OWN,DE,Delaware,OK
LN000675,D,D5,OK,wedding,60,,,FLAGGED,18.1,18.1,OK,1000.1,11/11/2022,12/10/2022,OK,Fully Paid,58812.76,39300,19512.76,0,797,OK,797,5.69,5.69,OK,219100,10+ years,10+ years,MORTGAGE,AR,Arkansas,OK
LN002245,C,C2,OK,medical,60,7600,7600,OK,13.1,13.1,OK,173.31,2/21/2022,3/26/2022,OK,Current,2253.03,1464.47,788.56,0,777,OK,777,42.86,42.86,OK,237800,2 years,2 years,RENT,IA,Iowa,OK
LN000856,C,C1,OK,wedding,36,21900,21900,OK,16.28,16.28,OK,772.97,12/28/2023,1/30/2024,OK,Current,10048.61,6531.6,3517.01,0,725,OK,725,30.02,30.02,OK,62200,,MISSING,RENT,RI,Rhode Island,OK
LN000448,D,D2,OK,educational,36,10300,10300,OK,21.87,21.87,OK,392.67,7/7/2022,8/6/2022,OK,Fully Paid,13919.51,10300,3619.51,0,661,OK,661,27.98,27.98,OK,205500,3 years,3 years,RENT,OK,Oklahoma,OK
LN002523,C,C2,OK,wedding,36,6000,6000,OK,14.11,14.11,OK,205.39,1/27/2022,2/28/2022,OK,Fully Paid,7439.26,6000,1439.26,0,705,OK,705,41.83,41.83,OK,209300,8 years,8 years,RENT,MS,Mississippi,OK
LN000866,D,D5,OK,vacation,36,20400,20400,OK,17.07,17.07,OK,728.03,5/21/2023,6/19/2023,OK,Fully Paid,26009.17,20400,5609.17,0,637,OK,637,11,11,OK,73900,7 years,7 years,RENT,NJ,New Jersey,OK
LN002600,B,B1,OK,debt_consolidation,36,7100,7100,OK,9.41,9.41,OK,227.14,10/7/2022,11/5/2022,OK,Current,3861.38,2509.9,1351.48,0,799,OK,799,16.12,16.12,OK,97600,10+ years,10+ years,MORTGAGE,AR,Arkansas,OK
LN002712,B,B5,OK,educational,36,6400,6400,OK,10.92,10.92,OK,209.29,10/16/2023,11/20/2023,OK,Fully Paid,7666.94,6400,1266.94,0,798,OK,798,33.57,33.57,OK,37100,2 years,2 years,RENT,MT,Montana,OK
LN003205,F,F5,OK,moving,60,9400,9400,OK,27.79,27.79,OK,291.49,1/22/2021,2/20/2021,OK,Charged Off,673.47,471.43,202.04,8928.57,,BELOW_MIN,111,11.44,11.44,OK,35400,5 years,5 years,RENT,SC,South Carolina,OK
LN002856,A,A5,OK,educational,36,22800,22800,OK,7.89,7.89,OK,713.31,11/3/2021,12/2/2021,OK,Late (31-120 Days),2853.24,1997.27,855.97,0,666,OK,666,6.72,6.72,OK,195300,1 year,1 year,RENT,ME,Maine,OK
LN002258,D,D4,OK,medical,36,20200,20200,OK,18.11,18.11,OK,731.39,8/2/2021,9/1/2021,OK,Fully Paid,26214.74,20200,6014.74,0,783,OK,783,23.45,23.45,OK,101100,2 years,2 years,MORTGAGE,ME,Maine,OK
LN003201,D,D2,OK,major_purchase,36,18400,18400,OK,19.1,19.1,OK,675.4,12/10/2022,1/9/2023,OK,Default,8104.8,5673.36,2431.44,0,586,OK,586,26.75,26.75,OK,68500,10+ years,10+ years,MORTGAGE,WI,Wisconsin,OK
LN003259,B,B2,OK,vacation,36,31800,31800,OK,11.68,11.68,OK,1051.36,9/18/2022,10/17/2022,OK,Current,9462.24,6150.46,3311.78,0,731,OK,731,20.76,20.76,OK,74400,2 years,2 years,MORTGAGE,MS,Mississippi,OK
LN001248,G,G4,OK,car,60,25400,25400,OK,34.78,34.78,OK,897.88,8/4/2023,9/8/2023,OK,Fully Paid,53084.83,25400,27684.83,0,660,OK,660,29.53,29.53,OK,184800,< 1 year,< 1 year,RENT,LA,Louisiana,OK
LN001986,A,A5,OK,educational,60,25900,25900,OK,6.94,6.94,OK,512.12,3/22/2023,4/22/2023,OK,Fully Paid,30525.99,25900,4625.99,0,749,OK,749,44.92,44.92,OK,209500,7 years,7 years,RENT,CA,California,OK
LN000295,D,D3,OK,home_improvement,60,,,FLAGGED,18.32,18.32,OK,281.25,3/22/2023,4/20/2023,OK,Current,1125,731.25,393.75,0,797,OK,797,25.29,25.29,OK,37700,9 years,9 years,MORTGAGE,WY,Wyoming,OK
LN001548,G,G2,OK,home_improvement,36,29500,29500,OK,33.72,33.72,OK,1313.18,2/18/2023,3/19/2023,OK,Fully Paid,47496.69,29500,17996.69,0,594,OK,594,11.64,11.64,OK,216300,8 years,8 years,MORTGAGE,NV,Nevada,OK
LN002013,A,A4,OK,major_purchase,36,14900,14900,OK,5.2,5.2,OK,447.91,10/28/2023,11/29/2023,OK,Charged Off,5821.92,4075.34,1746.58,10824.66,748,OK,748,39.6,39.6,OK,52900,< 1 year,< 1 year,MORTGAGE,MT,Montana,OK
LN000589,A,A1,OK,wedding,36,16000,16000,OK,5.37,5.37,OK,482.2,2/19/2022,3/25/2022,OK,Fully Paid,17478.21,16000,1478.21,0,582,OK,582,32.1,32.1,OK,87800,5 years,5 years,RENT,VA,Virginia,OK
LN001742,D,D2,OK,major_purchase,60,17000,17000,OK,-17.97,,NEGATIVE_RATE,431.41,1/26/2023,3/2/2023,OK,Late (31-120 Days),1294.23,905.96,388.27,0,776,OK,776,30.73,30.73,OK,78700,10+ years,10+ years,RENT,NV,Nevada,OK
LN001282,A,A2,OK,car,36,3200,3200,OK,7.23,7.23,OK,99.14,4/14/2021,5/15/2021,OK,Late (31-120 Days),793.12,555.18,237.94,0,593,OK,593,37.83,37.83,OK,80700,2 years,2 years,RENT,CA,California,OK
LN003216,B,B5,OK,small_business,36,30100,30100,OK,9.67,9.67,OK,966.59,11/24/2023,12/29/2023,OK,Fully Paid,34359.81,30100,4259.81,0,,NULL,,17.7,17.7,OK,206900,10+ years,10+ years,OWN,OR,Oregon,OK
LN002324,A,A4,OK,vacation,36,6900,6900,OK,7.04,7.04,OK,213.18,2/18/2021,3/22/2021,OK,Current,1918.62,1247.1,671.52,0,793,OK,793,43.6,43.6,OK,229400,2 years,2 years,MORTGAGE,WA,Washington,OK
LN001951,E,E5,OK,debt_consolidation,36,11400,11400,OK,23.38,23.38,OK,443.55,2/15/2022,3/19/2022,OK,Charged Off,1021.37,714.96,306.41,10685.04,798,OK,798,18.35,18.35,OK,114700,4 years,4 years,RENT,ND,North Dakota,OK
LN003496,C,C3,OK,vacation,36,1200,1200,OK,14.29,14.29,OK,41.18,7/21/2023,8/18/2023,OK,Fully Paid,1500.18,1200,300.18,0,,BELOW_MIN,262,32.65,32.65,OK,215900,< 1 year,< 1 year,RENT,FL,Florida,OK
LN003099,B,B1,OK,vacation,36,19500,19500,OK,10.83,10.83,OK,636.84,11/18/2022,12/21/2022,OK,Fully Paid,22670.69,19500,3170.69,0,612,OK,612,6.17,6.17,OK,187100,5 years,5 years,RENT,PA,Pennsylvania,OK
LN002616,F,F5,OK,small_business,36,31300,31300,OK,30.88,30.88,OK,1343.87,7/12/2022,8/9/2022,OK,Fully Paid,48363.4,31300,17063.4,0,663,OK,663,35.91,35.91,OK,89600,10+ years,10+ years,MORTGAGE,SD,South Dakota,OK
LN002058,A,A5,OK,car,36,18200,18200,OK,5.47,5.47,OK,549.32,10/24/2022,11/26/2022,OK,Current,3295.92,2142.35,1153.57,0,581,OK,581,11.64,11.64,OK,127300,< 1 year,< 1 year,RENT,ME,Maine,OK
LN002933,E,E4,OK,educational,60,,,FLAGGED,25.16,25.16,OK,1133.64,1/24/2021,2/27/2021,OK,Charged Off,15933.83,11153.68,4780.15,27346.32,799,OK,799,16.1,16.1,OK,207400,,MISSING,OWN,DE,Delaware,OK
LN001418,C,C1,OK,debt_consolidation,36,16100,16100,OK,13.71,13.71,OK,547.99,4/4/2021,5/6/2021,OK,Fully Paid,19802.85,16100,3702.85,0,591,OK,591,20.74,20.74,OK,137300,7 years,7 years,MORTGAGE,OK,Oklahoma,OK
LN000426,A,A1,OK,small_business,60,,,FLAGGED,6.37,6.37,OK,115.08,9/24/2021,10/24/2021,OK,Current,805.56,523.61,281.95,0,789,OK,789,37.7,37.7,OK,71700,5 years,5 years,MORTGAGE,IA,Iowa,OK
LN001055,C,C5,OK,educational,36,35000,35000,OK,13.81,13.81,OK,1192.99,11/21/2023,12/21/2023,OK,Current,23859.8,15508.87,8350.93,0,786,OK,786,28.75,28.75,OK,125400,2 years,2 years,RENT,NM,New Mexico,OK
LN002996,C,C4,OK,debt_consolidation,60,34300,34300,OK,13.11,13.11,OK,782.36,6/24/2022,7/22/2022,OK,Current,25035.52,16273.09,8762.43,0,660,OK,660,24.07,24.07,OK,232300,6 years,6 years,MORTGAGE,IL,Illinois,OK
LN000557,E,E3,OK,small_business,36,25200,25200,OK,23.57,23.57,OK,982.99,5/13/2021,6/15/2021,OK,Current,23591.76,15334.64,8257.12,0,713,OK,713,36.76,36.76,OK,54800,9 years,9 years,MORTGAGE,WI,Wisconsin,OK
LN003190,A,A3,OK,debt_consolidation,60,29600,29600,OK,6.49,6.49,OK,579.02,1/18/2022,2/15/2022,OK,Late (31-120 Days),3474.12,2431.88,1042.24,0,755,OK,755,12.56,12.56,OK,36000,10+ years,10+ years,RENT,LA,Louisiana,OK
LN003187,D,D3,OK,small_business,36,18900,18900,OK,17.39,17.39,OK,677.51,7/14/2021,8/11/2021,OK,Fully Paid,23925.07,18900,5025.07,0,740,OK,740,30.79,30.79,OK,69500,1 year,1 year,MORTGAGE,WA,Washington,OK
LN003011,C,C5,OK,home_improvement,36,3800,3800,OK,16.48,16.48,OK,134.5,7/6/2021,8/5/2021,OK,Fully Paid,4884.34,3800,1084.34,0,700,OK,700,29.64,29.64,OK,42800,4 years,4 years,RENT,MA,Massachusetts,OK
LN001194,B,B1,OK,wedding,36,13900,13900,OK,10.52,10.52,OK,451.92,1/23/2021,2/27/2021,OK,Current,4519.2,2937.48,1581.72,0,626,OK,626,40.73,40.73,OK,204700,< 1 year,< 1 year,MORTGAGE,NH,New Hampshire,OK
LN001717,D,D5,OK,renewable_energy,36,5900,5900,OK,18.77,18.77,OK,215.59,12/9/2023,1/9/2024,OK,Current,7545.65,4904.67,2640.98,0,601,OK,601,9.06,9.06,OK,236000,7 years,7 years,MORTGAGE,CO,Colorado,OK
LN002452,A,A4,OK,educational,60,30700,30700,OK,7.67,7.67,OK,617.65,2/6/2022,3/6/2022,OK,Fully Paid,37524.52,30700,6824.52,0,716,OK,716,8.82,8.82,OK,32600,2 years,2 years,OWN,OK,Oklahoma,OK
LN003246,E,E5,OK,wedding,60,36300,36300,OK,22.93,22.93,OK,1021.85,6/1/2023,7/4/2023,OK,Current,37808.45,24575.49,13232.96,0,600,OK,600,37.38,37.38,OK,74500,5 years,5 years,RENT,BC,,INVALID_STATE
LN002924,D,D2,OK,home_improvement,60,7200,7200,OK,19.92,19.92,OK,190.44,7/30/2022,9/2/2022,OK,Charged Off,1002.16,701.51,300.65,6498.49,658,OK,658,43.54,43.54,OK,65800,4 years,4 years,RENT,ME,Maine,OK
LN001286,B,B5,OK,renewable_energy,60,12300,12300,OK,10.9,10.9,OK,266.82,12/20/2022,1/18/2023,OK,Charged Off,2622.65,1835.86,786.79,10464.14,805,OK,805,36.35,36.35,OK,172400,4 years,4 years,OWN,KS,Kansas,OK
LN002249,C,C3,OK,renewable_energy,60,25400,25400,OK,16.3,16.3,OK,621.73,3/11/2021,4/14/2021,OK,Charged Off,13754.23,9627.96,4126.27,15772.04,,NULL,,30.11,30.11,OK,146100,4 years,4 years,MORTGAGE,MD,Maryland,OK
LN002274,A,A5,OK,medical,60,30500,30500,OK,6.24,6.24,OK,593.06,12/10/2021,1/14/2022,OK,Fully Paid,35488.38,30500,4988.38,0,749,OK,749,24.7,24.7,OK,222800,< 1 year,< 1 year,RENT,MD,Maryland,OK
LN002883,A,A3,OK,educational,36,17300,17300,OK,5.44,5.44,OK,521.92,8/28/2021,10/2/2021,OK,Fully Paid,18606.58,17300,1306.58,0,628,OK,628,35.45,35.45,OK,120600,1 year,1 year,OWN,LA,Louisiana,OK
LN001890,A,A2,OK,educational,36,20600,20600,OK,7.83,7.83,OK,643.91,8/28/2021,9/27/2021,OK,Charged Off,4922.14,3445.5,1476.64,17154.5,695,OK,695,15.76,15.76,OK,164200,9 years,9 years,RENT,MN,Minnesota,OK
LN001592,B,B1,OK,car,36,24700,24700,OK,10.62,10.62,OK,804.21,7/15/2023,8/18/2023,OK,Fully Paid,28457.87,24700,3757.87,0,675,OK,675,28.26,28.26,OK,223400,10+ years,10+ years,MORTGAGE,TX,Texas,OK
LN002631,A,A3,OK,moving,36,14500,14500,OK,6.59,6.59,OK,445,7/31/2023,8/29/2023,OK,Charged Off,7825.45,5477.81,2347.63,9022.19,763,OK,763,28.58,28.58,OK,147900,10+ years,10+ years,RENT,CO,Colorado,OK
LN002907,G,G1,OK,home_improvement,60,28300,28300,OK,33.12,33.12,OK,970.57,6/1/2023,7/6/2023,OK,Charged Off,10027.64,7019.35,3008.29,21280.65,622,OK,622,43.46,43.46,OK,236100,5 years,5 years,RENT,NJ,New Jersey,OK
LN001138,C,C5,OK,educational,60,7900,7900,OK,14.13,14.13,OK,184.35,6/5/2021,7/6/2021,OK,Fully Paid,11005.39,7900,3105.39,0,765,OK,765,9.97,9.97,OK,66900,7 years,7 years,OWN,VT,Vermont,OK
LN002303,A,A4,OK,credit_card,36,15600,15600,OK,6.07,6.07,OK,475.08,12/22/2022,1/25/2023,OK,Late (31-120 Days),2850.48,1995.34,855.14,0,761,OK,761,23.45,23.45,OK,136000,10+ years,10+ years,RENT,RI,Rhode Island,OK
LN003384,G,G1,OK,major_purchase,36,18600,18600,OK,35.86,35.86,OK,850.47,12/25/2022,1/24/2023,OK,Late (31-120 Days),9355.17,6548.62,2806.55,0,723,OK,723,26.87,26.87,OK,245900,< 1 year,< 1 year,MORTGAGE,RI,Rhode Island,OK
LN003402,D,D3,OK,medical,60,8100,8100,OK,17.69,17.69,OK,204.32,2/13/2021,3/20/2021,OK,Fully Paid,12284.55,8100,4184.55,0,616,OK,616,15.58,15.58,OK,239800,5 years,5 years,MORTGAGE,HI,Hawaii,OK
LN001712,B,B4,OK,home_improvement,36,13600,13600,OK,11.55,11.55,OK,448.8,2/15/2023,3/15/2023,OK,Current,13015.2,8459.88,4555.32,0,686,OK,686,17.01,17.01,OK,134100,5 years,5 years,OTHER,IA,Iowa,OK
LN003369,B,B1,OK,medical,60,13500,13500,OK,9.35,9.35,OK,282.54,8/8/2022,9/7/2022,OK,Current,2260.32,1469.21,791.11,0,588,OK,588,9.01,9.01,OK,163100,10+ years,10+ years,MORTGAGE,NH,New Hampshire,OK
LN000454,B,B4,OK,educational,60,8100,8100,OK,11.42,11.42,OK,177.81,10/11/2021,11/9/2021,OK,Fully Paid,10584.63,8100,2484.63,0,802,OK,802,26.01,26.01,OK,162300,< 1 year,< 1 year,MORTGAGE,WI,Wisconsin,OK
LN000914,G,F5,GRADE_MISMATCH,credit_card,36,13200,13200,OK,33.44,33.44,OK,585.52,5/24/2023,6/27/2023,OK,Current,2927.6,1902.94,1024.66,0,668,OK,668,30.88,30.88,OK,205300,10+ years,10+ years,MORTGAGE,ND,North Dakota,OK
LN002430,A,A5,OK,major_purchase,60,,,FLAGGED,7.7,7.7,OK,428.84,11/21/2023,12/22/2023,OK,Charged Off,4398.03,3078.62,1319.41,18221.38,623,OK,623,21.49,21.49,OK,88000,< 1 year,< 1 year,RENT,HI,Hawaii,OK
LN001200,C,C5,OK,medical,36,11000,11000,OK,16.15,16.15,OK,387.54,4/7/2021,5/11/2021,OK,Default,775.08,542.56,232.52,0,,NULL,,32.47,32.47,OK,229700,1 year,1 year,MORTGAGE,GA,Georgia,OK
LN001275,B,B2,OK,credit_card,60,19400,19400,OK,9.67,9.67,OK,409.05,11/6/2021,12/9/2021,OK,Default,818.1,572.67,245.43,0,697,OK,697,24.47,24.47,OK,144100,8 years,8 years,MORTGAGE,FL,Florida,OK
LN000038,F,F4,OK,medical,36,25800,25800,OK,27.62,27.62,OK,1061.89,11/8/2022,12/11/2022,OK,Current,29732.92,19326.4,10406.52,0,765,OK,765,11.6,11.6,OK,216400,10+ years,10+ years,OTHER,OH,Ohio,OK
LN000975,A,A4,OK,car,60,8100,8100,OK,7.36,7.36,OK,161.77,11/27/2021,12/31/2021,OK,Default,1779.47,1245.63,533.84,0,618,OK,618,20.98,20.98,OK,30700,4 years,4 years,MORTGAGE,ID,Idaho,OK
LN000984,B,B4,OK,car,60,1500,1500,OK,9.54,9.54,OK,31.53,5/12/2022,6/12/2022,OK,Fully Paid,1855.88,1500,355.88,0,746,OK,746,30.76,30.76,OK,197600,< 1 year,< 1 year,OWN,GA,Georgia,OK
LN002412,B,B2,OK,moving,60,38000,38000,OK,11.24,11.24,OK,830.77,4/3/2022,5/6/2022,OK,Fully Paid,49506.1,38000,11506.1,0,664,OK,664,212.51,,DTI_IMPOSSIBLE,95300,< 1 year,< 1 year,MORTGAGE,LA,Louisiana,OK
LN001419,F,F4,OK,major_purchase,36,,,FLAGGED,29.01,29.01,OK,121.54,12/3/2023,1/2/2024,OK,Fully Paid,4447.23,2900,1547.23,0,736,OK,736,28.89,28.89,OK,220600,1 year,1 year,MORTGAGE,WY,Wyoming,OK
LN001561,C,C1,OK,credit_card,60,26300,26300,OK,14.98,14.98,OK,625.4,8/27/2022,9/27/2022,OK,Fully Paid,37820.19,26300,11520.19,0,590,OK,590,40.29,40.29,OK,142500,6 years,6 years,OWN,LA,Louisiana,OK
LN000040,F,F3,OK,car,36,5100,5100,OK,29.38,29.38,OK,214.77,9/24/2022,10/22/2022,OK,Default,1288.62,902.03,386.59,0,637,OK,637,31.01,31.01,OK,41400,8 years,8 years,MORTGAGE,IL,Illinois,OK
LN001487,B,B2,OK,wedding,60,33100,33100,OK,10,10,OK,703.28,4/12/2022,5/15/2022,OK,Fully Paid,41402.43,33100,8302.43,0,811,OK,811,15.58,15.58,OK,243000,8 years,8 years,RENT,WV,West Virginia,OK
LN002299,A,A4,OK,moving,60,39700,39700,OK,5.56,5.56,OK,759.42,3/24/2022,4/21/2022,OK,Fully Paid,46448.99,39700,6748.99,0,,NULL,,18.46,18.46,OK,119300,6 years,6 years,OWN,NC,North Carolina,OK
LN000170,F,F4,OK,major_purchase,60,6200,6200,OK,28.03,28.03,OK,193.15,5/25/2021,6/24/2021,OK,Charged Off,2209.32,1546.52,662.8,4653.48,711,OK,711,21.32,21.32,OK,35700,1 year,1 year,MORTGAGE,RI,Rhode Island,OK
LN001356,E,E4,OK,car,36,23900,23900,OK,25.17,25.17,OK,952.41,6/1/2021,7/3/2021,OK,Late (31-120 Days),1904.82,1333.37,571.45,0,687,OK,687,37.65,37.65,OK,182900,10+ years,10+ years,OWN,AZ,Arizona,OK
LN001325,F,F1,OK,educational,36,5000,5000,OK,30.33,30.33,OK,213.16,4/19/2023,5/22/2023,OK,Current,7247.44,4710.84,2536.6,0,683,OK,683,6.12,6.12,OK,134300,4 years,4 years,OWN,WA,Washington,OK
LN003248,B,B5,OK,debt_consolidation,60,26200,26200,OK,10.8,10.8,OK,567.04,10/19/2022,11/16/2022,OK,Current,21547.52,14005.89,7541.63,0,743,OK,743,115.86,,DTI_IMPOSSIBLE,170600,5 years,5 years,RENT,OR,Oregon,OK
LN002368,B,B5,OK,debt_consolidation,36,1100,1100,OK,10.83,10.83,OK,35.92,6/25/2021,7/26/2021,OK,Charged Off,439.95,307.96,131.98,792.04,,BELOW_MIN,217,11.78,11.78,OK,50700,6 years,6 years,MORTGAGE,ND,North Dakota,OK
LN002379,B,B4,OK,medical,36,2800,2800,OK,9.79,9.79,OK,90.07,10/10/2022,11/8/2022,OK,Fully Paid,3234.01,2800,434.01,0,629,OK,629,40.31,40.31,OK,128700,2 years,2 years,RENT,GA,Georgia,OK
LN001641,B,B3,OK,debt_consolidation,36,,,FLAGGED,9.67,9.67,OK,86.7,10/20/2021,11/22/2021,OK,Fully Paid,3121.63,2700,421.63,0,657,OK,657,114.91,,DTI_IMPOSSIBLE,142800,1 year,1 year,MORTGAGE,SD,South Dakota,OK
LN001291,A,A1,OK,credit_card,36,26900,26900,OK,-7.82,,NEGATIVE_RATE,840.72,6/4/2021,7/3/2021,OK,Current,3362.88,2185.87,1177.01,0,616,OK,616,18.14,18.14,OK,145800,8 years,8 years,OWN,ON,,INVALID_STATE
LN001934,A,A1,OK,major_purchase,60,27200,27200,OK,7.65,7.65,OK,546.97,1/12/2022,2/9/2022,OK,Current,6563.64,4266.37,2297.27,0,813,OK,813,30.27,30.27,OK,236300,4 years,4 years,MORTGAGE,AZ,Arizona,OK
LN000580,A,A4,OK,medical,36,17800,17800,OK,6.71,6.71,OK,547.26,3/11/2023,4/15/2023,OK,Current,12039.72,7825.82,4213.9,0,,NULL,,11.86,11.86,OK,97700,< 1 year,< 1 year,MORTGAGE,NY,New York,OK
LN002031,A,A2,OK,home_improvement,60,1800,1800,OK,6.72,6.72,OK,35.4,9/23/2021,10/21/2021,OK,Charged Off,924,646.8,277.2,1153.2,684,OK,684,7.7,7.7,OK,152600,3 years,3 years,OWN,NY,New York,OK
LN000893,C,C2,OK,moving,36,36500,36500,OK,14.38,14.38,OK,1254.23,10/1/2021,10/29/2021,OK,Fully Paid,45698.41,36500,9198.41,0,801,OK,801,34.59,34.59,OK,145000,4 years,4 years,OWN,HI,Hawaii,OK
LN000781,B,B3,OK,educational,60,36400,36400,OK,9.34,9.34,OK,761.62,6/30/2023,8/3/2023,OK,Fully Paid,45426.64,36400,9026.64,0,709,OK,709,8.06,8.06,OK,173300,7 years,7 years,MORTGAGE,NH,New Hampshire,OK
LN000160,B,B2,OK,vacation,36,36000,36000,OK,9.68,9.68,OK,1156.22,8/29/2021,10/3/2021,OK,Default,12718.42,8902.89,3815.53,0,769,OK,769,24.62,24.62,OK,93900,,MISSING,RENT,FL,Florida,OK
LN000003,B,B3,OK,credit_card,36,,,FLAGGED,9.76,9.76,OK,189.71,10/28/2021,11/30/2021,OK,Current,948.55,616.56,331.99,0,766,OK,766,23.38,23.38,OK,76100,10+ years,10+ years,RENT,OK,Oklahoma,OK
LN000850,B,B4,OK,home_improvement,36,39000,39000,OK,10.25,10.25,OK,1263,4/11/2023,5/11/2023,OK,Current,23997,15598.05,8398.95,0,683,OK,683,6.29,6.29,OK,57100,7 years,7 years,MORTGAGE,MN,Minnesota,OK
LN002165,E,E3,OK,vacation,60,14000,14000,OK,25.24,25.24,OK,412.89,8/8/2023,9/9/2023,OK,Charged Off,3676.79,2573.75,1103.04,11426.25,655,OK,655,11.98,11.98,OK,126500,10+ years,10+ years,MORTGAGE,NM,New Mexico,OK
LN001597,B,B1,OK,renewable_energy,60,36700,36700,OK,10.13,10.13,OK,782.12,11/28/2021,1/1/2022,OK,Fully Paid,47146.71,36700,10446.71,0,771,OK,771,42.76,42.76,OK,149900,8 years,8 years,MORTGAGE,AZ,Arizona,OK
LN001777,D,D5,OK,educational,60,17200,17200,OK,17.32,17.32,OK,430.43,10/27/2021,11/30/2021,OK,Charged Off,8105.77,5674.04,2431.73,11525.96,693,OK,693,5.47,5.47,OK,105700,4 years,4 years,RENT,FL,Florida,OK
LN001914,A,A3,OK,vacation,36,5700,5700,OK,6.53,6.53,OK,174.78,12/25/2021,1/28/2022,OK,Charged Off,2382.09,1667.46,714.63,4032.54,,ABOVE_MAX,979,33.82,33.82,OK,193500,4 years,4 years,MORTGAGE,MO,Missouri,OK
LN001044,C,C1,OK,educational,36,33700,33700,OK,14.92,14.92,OK,1166.9,6/6/2022,7/4/2022,OK,Fully Paid,41802.43,33700,8102.43,0,580,OK,580,16.49,16.49,OK,241600,9 years,9 years,MORTGAGE,MT,Montana,OK
LN001545,B,B3,OK,credit_card,36,37800,37800,OK,11.2,11.2,OK,1241.11,8/17/2022,9/15/2022,OK,Charged Off,4074.35,2852.04,1222.3,34947.96,640,OK,640,31.65,31.65,OK,45200,5 years,5 years,OWN,PA,Pennsylvania,OK
LN003160,F,F2,OK,vacation,60,9400,9400,OK,28.13,28.13,OK,293.41,3/22/2023,4/22/2023,OK,Current,12029.81,7819.38,4210.43,0,,NULL,,32.51,32.51,OK,145500,2 years,2 years,MORTGAGE,UT,Utah,OK
LN000054,C,C2,OK,car,36,12500,12500,OK,15.09,15.09,OK,433.87,10/22/2023,11/23/2023,OK,Current,3037.09,1974.11,1062.98,0,595,OK,595,11.64,11.64,OK,150900,6 years,6 years,MORTGAGE,ME,Maine,OK
LN003467,C,C1,OK,renewable_energy,60,32800,32800,OK,15.58,15.58,OK,790.33,10/4/2023,11/3/2023,OK,Default,5532.31,3872.62,1659.69,0,694,OK,694,44.44,44.44,OK,46500,3 years,3 years,MORTGAGE,HI,Hawaii,OK
LN001912,A,A5,OK,educational,36,4000,4000,OK,7.21,7.21,OK,123.89,9/19/2022,10/21/2022,OK,Charged Off,1857.62,1300.33,557.29,2699.67,672,OK,672,37.98,37.98,OK,56800,< 1 year,< 1 year,MORTGAGE,RI,Rhode Island,OK
LN002423,G,G2,OK,major_purchase,60,20900,20900,OK,34.49,34.49,OK,734.94,12/11/2021,1/10/2022,OK,Fully Paid,43655.36,20900,22755.36,0,652,OK,652,215.87,,DTI_IMPOSSIBLE,59100,8 years,8 years,RENT,ME,Maine,OK
LN000825,C,C3,OK,wedding,36,26800,26800,OK,14.14,14.14,OK,917.78,12/10/2023,1/7/2024,OK,Fully Paid,33120.12,26800,6320.12,0,610,OK,610,18.66,18.66,OK,60200,6 years,6 years,OWN,DE,Delaware,OK
LN003218,C,C1,OK,credit_card,36,38000,38000,OK,12.57,12.57,OK,1272.51,4/9/2022,5/12/2022,OK,Current,7635.06,4962.79,2672.27,0,753,OK,753,22.6,22.6,OK,56400,4 years,4 years,OTHER,CT,Connecticut,OK
LN001390,D,D2,OK,debt_consolidation,36,4800,4800,OK,18.68,18.68,OK,175.17,2/11/2023,3/15/2023,OK,Current,700.68,455.44,245.24,0,745,OK,745,31.75,31.75,OK,164100,1 year,1 year,RENT,CT,Connecticut,OK
LN002949,A,A4,OK,vacation,60,36000,36000,OK,7.38,7.38,OK,719.32,11/17/2023,12/22/2023,OK,Charged Off,17917.62,12542.33,5375.29,23457.67,682,OK,682,11.34,11.34,OK,44000,10+ years,10+ years,RENT,IL,Illinois,OK
LN002255,B,B5,OK,credit_card,60,1000,1000,OK,9.31,9.31,OK,20.91,9/27/2021,10/30/2021,OK,Fully Paid,1236.87,1000,236.87,0,700,OK,700,20.25,20.25,OK,87500,1 year,1 year,RENT,WI,Wisconsin,OK
LN001608,A,D5,GRADE_MISMATCH,wedding,36,14700,14700,OK,6.06,6.06,OK,447.6,6/22/2023,7/23/2023,OK,Default,447.6,313.32,134.28,0,734,OK,734,37.56,37.56,OK,170000,5 years,5 years,RENT,OH,Ohio,OK
LN001595,D,D4,OK,moving,36,37300,37300,OK,19.48,19.48,OK,1376.34,8/26/2022,9/25/2022,OK,Fully Paid,50105.14,37300,12805.14,0,583,OK,583,17.04,17.04,OK,126100,3 years,3 years,RENT,ND,North Dakota,OK
LN000772,D,D2,OK,home_improvement,60,15300,15300,OK,21,21,OK,413.92,9/19/2021,10/21/2021,OK,Fully Paid,24586.78,15300,9286.78,0,718,OK,718,16.83,16.83,OK,186600,< 1 year,< 1 year,RENT,LA,Louisiana,OK
LN001869,B,B2,OK,credit_card,60,11200,11200,OK,11.4,11.4,OK,245.76,10/13/2021,11/12/2021,OK,Charged Off,6603.39,4622.37,1981.02,6577.63,673,OK,673,38.31,38.31,OK,208700,9 years,9 years,MORTGAGE,WI,Wisconsin,OK
LN001086,C,C1,OK,educational,36,30500,30500,OK,15.98,15.98,OK,1071.99,4/15/2021,5/17/2021,OK,Late (31-120 Days),11791.89,8254.32,3537.57,0,,ABOVE_MAX,936,9.02,9.02,OK,190300,8 years,8 years,RENT,NE,Nebraska,OK
LN002459,A,A2,OK,wedding,36,28200,28200,OK,7.91,7.91,OK,882.52,6/28/2023,7/29/2023,OK,Current,11472.76,7457.29,4015.47,0,590,OK,590,16.11,16.11,OK,220100,2 years,2 years,RENT,DE,Delaware,OK
LN001326,B,B5,OK,renewable_energy,36,17900,17900,OK,11.29,11.29,OK,588.48,5/24/2021,6/27/2021,OK,Charged Off,9705.43,6793.8,2911.63,11106.2,784,OK,784,44.61,44.61,OK,162400,10+ years,10+ years,RENT,KS,Kansas,OK
LN001464,D,D4,OK,credit_card,60,,,FLAGGED,17.71,17.71,OK,663.71,12/30/2021,1/28/2022,OK,Fully Paid,40338.11,26300,14038.11,0,660,OK,660,39.81,39.81,OK,139400,8 years,8 years,MORTGAGE,NY,New York,OK
LN000807,C,C1,OK,renewable_energy,36,8300,8300,OK,15.74,15.74,OK,290.74,8/13/2022,9/11/2022,OK,Fully Paid,10328.17,8300,2028.17,0,801,OK,801,42.68,42.68,OK,127300,1 year,1 year,OWN,NM,New Mexico,OK
LN002213,D,D2,OK,car,60,33500,33500,OK,17.96,17.96,OK,849.95,5/24/2023,6/24/2023,OK,Charged Off,2274.58,1592.21,682.37,31907.79,757,OK,757,14.42,14.42,OK,129500,4 years,4 years,OWN,NE,Nebraska,OK
LN002235,E,E5,OK,home_improvement,60,21700,21700,OK,24.67,24.67,OK,632.73,12/21/2021,1/18/2022,OK,Current,28472.85,18507.35,9965.5,0,683,OK,683,21.48,21.48,OK,32900,1 year,1 year,OWN,WA,Washington,OK
LN002109,C,C3,OK,educational,36,2400,2400,OK,12.9,12.9,OK,80.75,3/28/2022,4/26/2022,OK,Charged Off,515.11,360.58,154.53,2039.42,728,OK,728,42.81,42.81,OK,94600,5 years,5 years,MORTGAGE,ME,Maine,OK
LN002565,F,F4,OK,home_improvement,36,29100,29100,OK,29.04,29.04,OK,1220.09,6/6/2022,7/11/2022,OK,Late (31-120 Days),12200.9,8540.63,3660.27,0,623,OK,623,15.87,15.87,OK,127600,6 years,6 years,OTHER,AK,Alaska,OK
LN000964,D,D1,OK,major_purchase,36,7600,7600,OK,21.36,21.36,OK,287.74,10/26/2023,11/23/2023,OK,Current,1150.96,748.12,402.84,0,657,OK,657,20.23,20.23,OK,217500,4 years,4 years,RENT,UT,Utah,OK
LN000399,C,C5,OK,car,36,34000,34000,OK,15.14,15.14,OK,1180.95,12/18/2022,1/16/2023,OK,Fully Paid,41900.15,34000,7900.15,0,728,OK,728,41.13,41.13,OK,25000,8 years,8 years,MORTGAGE,NH,New Hampshire,OK
LN003372,F,F5,OK,moving,36,12700,12700,OK,29.25,29.25,OK,533.93,12/26/2022,1/29/2023,OK,Fully Paid,19323.51,12700,6623.51,0,793,OK,793,17.01,17.01,OK,152700,8 years,8 years,MORTGAGE,NC,North Carolina,OK
LN000705,D,D4,OK,renewable_energy,60,29300,29300,OK,17.8,17.8,OK,740.84,7/1/2021,8/3/2021,OK,Fully Paid,43727.22,29300,14427.22,0,691,OK,691,5.46,5.46,OK,87600,< 1 year,< 1 year,MORTGAGE,CO,Colorado,OK
LN000432,C,C2,OK,renewable_energy,60,3700,3700,OK,15.08,15.08,OK,88.18,4/11/2022,5/13/2022,OK,Fully Paid,5238.18,3700,1538.18,0,737,OK,737,37.21,37.21,OK,210600,< 1 year,< 1 year,MORTGAGE,OH,Ohio,OK
LN000293,B,B4,OK,major_purchase,60,16600,16600,OK,10.93,10.93,OK,360.34,11/29/2022,12/29/2022,OK,Charged Off,4157.83,2910.48,1247.35,13689.52,660,OK,660,43.35,43.35,OK,94000,< 1 year,< 1 year,RENT,IA,Iowa,OK
LN003398,B,B3,OK,car,60,9900,9900,OK,11.31,11.31,OK,216.78,7/27/2022,8/24/2022,OK,Current,4118.82,2677.23,1441.59,0,749,OK,749,29.11,29.11,OK,47800,3 years,3 years,RENT,UT,Utah,OK
LN000146,E,E2,OK,medical,60,31500,31500,OK,26.43,26.43,OK,951.16,8/20/2021,9/18/2021,OK,Charged Off,10725.6,7507.92,3217.68,23992.08,672,OK,672,8.12,8.12,OK,70900,< 1 year,< 1 year,OWN,NC,North Carolina,OK
LN002034,E,E5,OK,home_improvement,60,36200,36200,OK,24.06,24.06,OK,1042.66,10/6/2023,11/10/2023,OK,Charged Off,6238.62,4367.03,1871.59,31832.97,696,OK,696,12.93,12.93,OK,234200,1 year,1 year,RENT,AK,Alaska,OK
LN002535,D,D4,OK,credit_card,60,3900,3900,OK,-20.4,,NEGATIVE_RATE,104.2,1/12/2022,2/14/2022,OK,Current,5210,3386.5,1823.5,0,753,OK,753,39.55,39.55,OK,28600,2 years,2 years,MORTGAGE,NJ,New Jersey,OK
LN001166,D,D1,OK,small_business,36,33000,33000,OK,19.73,19.73,OK,1221.86,2/19/2021,3/26/2021,OK,Default,1221.86,855.3,366.56,0,757,OK,757,31.19,31.19,OK,62500,4 years,4 years,RENT,OH,Ohio,OK
LN002051,B,B1,OK,major_purchase,60,19700,19700,OK,11.37,11.37,OK,431.97,1/17/2021,2/17/2021,OK,Default,1727.88,1209.52,518.36,0,817,OK,817,35.02,35.02,OK,231300,,MISSING,MORTGAGE,NH,New Hampshire,OK
LN002789,B,B4,OK,home_improvement,60,7000,7000,OK,11.27,11.27,OK,153.14,10/25/2021,11/22/2021,OK,Fully Paid,9033.01,7000,2033.01,0,646,OK,646,7.26,7.26,OK,234000,5 years,5 years,MORTGAGE,VA,Virginia,OK
LN000340,A,A1,OK,renewable_energy,36,6700,6700,OK,5.71,5.71,OK,202.95,11/30/2021,1/3/2022,OK,Fully Paid,7208.99,6700,508.99,0,650,OK,650,28.39,28.39,OK,187100,9 years,9 years,RENT,AZ,Arizona,OK
LN002178,B,B4,OK,car,36,16000,16000,OK,8.94,8.94,OK,508.35,4/3/2023,5/8/2023,OK,Late (31-120 Days),6100.2,4270.14,1830.06,0,703,OK,703,26.81,26.81,OK,80700,4 years,4 years,OWN,TX,Texas,OK
LN000266,C,C1,OK,small_business,60,1600,1600,OK,15.32,15.32,OK,38.33,2/9/2023,3/12/2023,OK,Default,421.63,295.14,126.49,0,803,OK,803,18.53,18.53,OK,239200,7 years,7 years,MORTGAGE,NV,Nevada,OK
LN002805,B,B4,OK,car,36,28200,28200,OK,11.13,11.13,OK,924.97,1/21/2023,2/23/2023,OK,Charged Off,10816.79,7571.75,3245.04,20628.25,603,OK,603,22.56,22.56,OK,147000,5 years,5 years,MORTGAGE,MO,Missouri,OK
LN001772,B,B2,OK,major_purchase,36,22100,22100,OK,10.53,10.53,OK,718.62,2/11/2023,3/17/2023,OK,Fully Paid,25905.33,22100,3805.33,0,665,OK,665,39.35,39.35,OK,83500,9 years,9 years,RENT,NE,Nebraska,OK
LN000272,A,A2,OK,vacation,36,37700,37700,OK,7.23,7.23,OK,1168.04,11/24/2021,12/28/2021,OK,Fully Paid,42235.89,37700,4535.89,0,628,OK,628,9.83,9.83,OK,185900,2 years,2 years,MORTGAGE,IL,Illinois,OK
LN000697,F,F2,OK,renewable_energy,36,30600,30600,OK,27.89,27.89,OK,1263.91,12/25/2022,1/25/2023,OK,Current,18958.65,12323.12,6635.53,0,687,OK,687,32.86,32.86,OK,93000,6 years,6 years,RENT,IN,Indiana,OK
LN000482,C,C1,OK,renewable_energy,60,10500,10500,OK,14.81,14.81,OK,248.75,1/7/2021,2/7/2021,OK,Current,13681.25,8892.81,4788.44,0,770,OK,770,42.52,42.52,OK,134700,10+ years,10+ years,OWN,SC,South Carolina,OK
LN000245,A,A1,OK,home_improvement,60,11900,11900,OK,7.57,7.57,OK,238.85,8/12/2021,9/12/2021,OK,Current,4777,3105.05,1671.95,0,746,OK,746,173.07,,DTI_IMPOSSIBLE,33200,,MISSING,MORTGAGE,UT,Utah,OK
LN003377,G,G1,OK,car,36,39500,39500,OK,32.24,32.24,OK,1725.67,2/20/2022,3/26/2022,OK,Charged Off,22614.2,15829.94,6784.26,23670.06,589,OK,589,17.41,17.41,OK,37600,< 1 year,< 1 year,OTHER,UT,Utah,OK
LN000477,B,B1,OK,renewable_energy,36,13000,13000,OK,10.77,10.77,OK,424.19,10/1/2022,10/30/2022,OK,Late (31-120 Days),848.38,593.87,254.51,0,802,OK,802,17.2,17.2,OK,163200,2 years,2 years,OWN,99,,INVALID_STATE
LN002033,C,C3,OK,small_business,60,12500,12500,OK,14.99,14.99,OK,297.31,12/9/2022,1/10/2023,OK,Default,3270.41,2289.29,981.12,0,727,OK,727,21.01,21.01,OK,32800,3 years,3 years,MORTGAGE,WV,West Virginia,OK
LN003057,E,E4,OK,major_purchase,60,28100,28100,OK,25.83,25.83,OK,838.5,2/9/2022,3/15/2022,OK,Default,6708,4695.6,2012.4,0,644,OK,644,41.82,41.82,OK,101700,10+ years,10+ years,RENT,WY,Wyoming,OK
LN002684,B,B4,OK,debt_consolidation,36,33000,33000,OK,9.55,9.55,OK,1057.86,5/5/2023,6/7/2023,OK,Fully Paid,38369.57,33000,5369.57,0,798,OK,798,13.26,13.26,OK,246300,6 years,6 years,RENT,SC,South Carolina,OK
LN000814,C,C1,OK,major_purchase,60,12500,12500,OK,13.88,13.88,OK,290.08,2/3/2023,3/3/2023,OK,Late (31-120 Days),1450.4,1015.28,435.12,0,652,OK,652,37.83,37.83,OK,199500,6 years,6 years,RENT,SC,South Carolina,OK
LN001915,C,C2,OK,educational,60,38900,38900,OK,13.99,13.99,OK,904.93,7/24/2022,8/23/2022,OK,Fully Paid,53955.03,38900,15055.03,0,733,OK,733,28.45,28.45,OK,31800,5 years,5 years,MORTGAGE,LA,Louisiana,OK
LN003037,B,B5,OK,moving,60,26900,26900,OK,11.7,11.7,OK,594.31,6/18/2021,7/23/2021,OK,Default,5943.1,4160.17,1782.93,0,,NULL,,26.09,26.09,OK,188700,9 years,9 years,MORTGAGE,AK,Alaska,OK
LN003371,C,C2,OK,major_purchase,36,10500,10500,OK,12.66,12.66,OK,352.07,12/25/2023,1/26/2024,OK,Current,5633.12,3661.53,1971.59,0,664,OK,664,17.26,17.26,OK,184000,,MISSING,MORTGAGE,MT,Montana,OK
LN001805,E,E3,OK,credit_card,36,29600,29600,OK,25.95,25.95,OK,1191.81,2/24/2023,3/28/2023,OK,Fully Paid,42292.89,29600,12692.89,0,804,OK,804,9.58,9.58,OK,108100,8 years,8 years,MORTGAGE,VT,Vermont,OK
LN002607,G,G5,OK,small_business,36,4100,4100,OK,34.59,34.59,OK,184.52,8/29/2022,9/30/2022,OK,Fully Paid,6732.57,4100,2632.57,0,614,OK,614,15.3,15.3,OK,30600,7 years,7 years,RENT,NY,New York,OK
LN000251,A,A3,OK,medical,60,16700,16700,OK,6.26,6.26,OK,324.88,12/12/2021,1/14/2022,OK,Fully Paid,19559.52,16700,2859.52,0,698,OK,698,39.05,39.05,OK,217700,< 1 year,< 1 year,MORTGAGE,PA,Pennsylvania,OK
LN000546,G,G2,OK,moving,60,29400,29400,OK,33.81,33.81,OK,1021.12,1/12/2023,2/9/2023,OK,Current,57182.72,37168.77,20013.95,0,738,OK,738,16.57,16.57,OK,93500,< 1 year,< 1 year,MORTGAGE,NM,New Mexico,OK
LN000739,E,E5,OK,renewable_energy,60,29700,29700,OK,23.2,23.2,OK,840.67,1/16/2022,2/14/2022,OK,Current,10088.04,6557.23,3530.81,0,767,OK,767,12.87,12.87,OK,58000,3 years,3 years,RENT,MN,Minnesota,OK
LN000311,E,E5,OK,educational,60,3600,3600,OK,23.22,23.22,OK,101.94,9/11/2023,10/9/2023,OK,Current,5606.7,3644.36,1962.34,0,617,OK,617,23.87,23.87,OK,203300,1 year,1 year,RENT,MS,Mississippi,OK
LN001132,B,B4,OK,major_purchase,60,31000,31000,OK,8.99,8.99,OK,643.36,12/5/2021,1/8/2022,OK,Fully Paid,39087.9,31000,8087.9,0,620,OK,620,42.66,42.66,OK,232100,,MISSING,RENT,LA,Louisiana,OK
LN003487,B,B1,OK,educational,60,24200,24200,OK,8.89,8.89,OK,501.06,1/10/2023,2/9/2023,OK,Current,4509.54,2931.2,1578.34,0,740,OK,740,39.03,39.03,OK,90300,1 year,1 year,RENT,BC,,INVALID_STATE
LN000016,G,G2,OK,home_improvement,36,25600,25600,OK,32.85,32.85,OK,1127.11,8/20/2022,9/23/2022,OK,Late (31-120 Days),3381.33,2366.93,1014.4,0,677,OK,677,5.09,5.09,OK,184900,3 years,3 years,MORTGAGE,NJ,New Jersey,OK
LN003156,B,B3,OK,car,60,36900,36900,OK,10.56,10.56,OK,794.22,12/8/2022,1/6/2023,OK,Fully Paid,47138.82,36900,10238.82,0,756,OK,756,40.84,40.84,OK,183500,10+ years,10+ years,OTHER,MI,Michigan,OK
LN002530,B,B4,OK,small_business,36,37200,37200,OK,11.84,11.84,OK,1232.73,6/26/2023,7/27/2023,OK,Fully Paid,45154.83,37200,7954.83,0,726,OK,726,40.19,40.19,OK,106800,7 years,7 years,OWN,CO,Colorado,OK
LN000364,B,B1,OK,renewable_energy,36,20800,20800,OK,11.62,11.62,OK,687.09,7/14/2022,8/11/2022,OK,Late (31-120 Days),3435.45,2404.81,1030.63,0,637,OK,637,11.07,11.07,OK,185900,7 years,7 years,RENT,MO,Missouri,OK
LN000183,D,D5,OK,credit_card,36,24400,24400,OK,20.09,20.09,OK,907.91,12/13/2023,1/14/2024,OK,Late (31-120 Days),9079.1,6355.37,2723.73,0,601,OK,601,31.88,31.88,OK,153200,1 year,1 year,RENT,ID,Idaho,OK
LN001195,A,A1,OK,major_purchase,36,31500,31500,OK,6.41,6.41,OK,964.15,12/22/2021,1/26/2022,OK,Current,15426.4,10027.16,5399.24,0,705,OK,705,33.32,33.32,OK,158800,1 year,1 year,MORTGAGE,ND,North Dakota,OK
LN002230,C,C5,OK,credit_card,60,3400,3400,OK,16.17,16.17,OK,82.99,3/23/2022,4/26/2022,OK,Late (31-120 Days),580.93,406.65,174.28,0,650,OK,650,30.49,30.49,OK,218400,1 year,1 year,RENT,ND,North Dakota,OK
LN001122,C,C1,OK,small_business,60,13800,13800,OK,12.83,12.83,OK,312.79,12/3/2023,12/31/2023,OK,Current,6568.59,4269.58,2299.01,0,741,OK,741,20.6,20.6,OK,170200,10+ years,10+ years,RENT,ME,Maine,OK
LN001183,F,F1,OK,home_improvement,60,20000,20000,OK,30.06,30.06,OK,647.81,3/20/2021,4/20/2021,OK,Fully Paid,38458.8,20000,18458.8,0,744,OK,744,40.09,40.09,OK,72400,9 years,9 years,MORTGAGE,CA,California,OK
LN002643,A,A5,OK,car,60,3900,3900,OK,6.04,6.04,OK,75.47,5/14/2023,6/18/2023,OK,Current,1433.93,932.05,501.88,0,761,OK,761,13.19,13.19,OK,100000,2 years,2 years,RENT,OR,Oregon,OK
LN000615,G,G3,OK,debt_consolidation,60,3300,3300,OK,35.88,35.88,OK,118.98,8/4/2022,9/6/2022,OK,Current,2022.66,1314.73,707.93,0,735,OK,735,243.18,,DTI_IMPOSSIBLE,58300,3 years,3 years,MORTGAGE,NM,New Mexico,OK
LN000402,B,B5,OK,car,60,37400,37400,OK,9.84,9.84,OK,791.7,8/22/2021,9/25/2021,OK,Charged Off,6214.71,4350.3,1864.41,33049.7,624,OK,624,23.99,23.99,OK,102000,6 years,6 years,MORTGAGE,MS,Mississippi,OK
LN000935,E,E4,OK,credit_card,60,4300,4300,OK,24.02,24.02,OK,123.75,8/14/2022,9/16/2022,OK,Fully Paid,7561.73,4300,3261.73,0,705,OK,705,12.53,12.53,OK,190500,< 1 year,< 1 year,RENT,NM,New Mexico,OK
LN002580,E,E1,OK,wedding,36,4800,4800,OK,22.77,22.77,OK,185.23,8/22/2023,9/24/2023,OK,Fully Paid,6620.9,4800,1820.9,0,661,OK,661,5.11,5.11,OK,131200,5 years,5 years,RENT,ME,Maine,OK
LN000727,A,A5,OK,credit_card,36,11800,11800,OK,5.45,5.45,OK,356.05,1/6/2023,2/9/2023,OK,Charged Off,934.99,654.49,280.5,11145.51,649,OK,649,19.79,19.79,OK,45100,7 years,7 years,MORTGAGE,NV,Nevada,OK
LN000827,B,B2,OK,educational,60,7700,7700,OK,9.59,9.59,OK,162.05,2/10/2021,3/16/2021,OK,Current,2268.7,1474.65,794.04,0,651,OK,651,10.62,10.62,OK,154200,4 years,4 years,MORTGAGE,LA,Louisiana,OK
LN001522,C,C2,OK,home_improvement,36,18100,18100,OK,15.62,15.62,OK,632.95,5/5/2021,6/5/2021,OK,Fully Paid,22646.61,18100,4546.61,0,586,OK,586,32.49,32.49,OK,84300,5 years,5 years,MORTGAGE,WV,West Virginia,OK
LN000137,B,B3,OK,small_business,36,35600,35600,OK,10.4,10.4,OK,1155.41,3/17/2021,4/20/2021,OK,Current,13864.92,9012.2,4852.72,0,654,OK,654,6.68,6.68,OK,57300,3 years,3 years,OWN,KY,Kentucky,OK
LN000629,G,G1,OK,vacation,60,34200,34200,OK,33.53,33.53,OK,1181.77,6/14/2022,7/19/2022,OK,Fully Paid,69828.43,34200,35628.43,0,601,OK,601,9.88,9.88,OK,233700,2 years,2 years,MORTGAGE,OR,Oregon,OK
LN000335,E,E3,OK,small_business,60,28200,28200,OK,26.14,26.14,OK,846.66,8/13/2023,9/16/2023,OK,Fully Paid,49922.73,28200,21722.73,0,614,OK,614,16.58,16.58,OK,211500,6 years,6 years,RENT,SC,South Carolina,OK
LN000391,D,D3,OK,debt_consolidation,36,16900,16900,OK,20.19,20.19,OK,629.7,9/15/2023,10/16/2023,OK,Fully Paid,22390.41,16900,5490.41,0,650,OK,650,26.29,26.29,OK,205600,7 years,7 years,RENT,HI,Hawaii,OK
LN002766,B,B4,OK,renewable_energy,60,39400,39400,OK,8.68,8.68,OK,811.77,2/18/2023,3/19/2023,OK,Fully Paid,49431.89,39400,10031.89,0,655,OK,655,5.06,5.06,OK,119300,5 years,5 years,RENT,NJ,New Jersey,OK
LN001818,B,B4,OK,moving,36,30200,30200,OK,8.74,8.74,OK,956.7,12/8/2022,1/7/2023,OK,Charged Off,17272.97,12091.08,5181.89,18108.92,670,OK,670,39.7,39.7,OK,168700,9 years,9 years,OWN,NH,New Hampshire,OK
LN003234,F,F4,OK,educational,36,17400,17400,OK,29.04,29.04,OK,729.54,4/29/2021,6/1/2021,OK,Fully Paid,26614.11,17400,9214.11,0,581,OK,581,38.32,38.32,OK,64300,7 years,7 years,RENT,NY,New York,OK
LN000711,F,F3,OK,small_business,36,5700,5700,OK,28.89,28.89,OK,238.52,1/24/2023,2/25/2023,OK,Charged Off,2821.25,1974.87,846.38,3725.13,691,OK,691,25.51,25.51,OK,188800,10+ years,10+ years,RENT,IL,Illinois,OK
LN001040,D,D5,OK,debt_consolidation,36,,,FLAGGED,21.66,21.66,OK,1056.81,2/27/2021,4/3/2021,OK,Fully Paid,37499.8,27800,9699.8,0,691,OK,691,16.14,16.14,OK,101100,2 years,2 years,RENT,ND,North Dakota,OK
LN002359,C,C4,OK,vacation,60,37800,37800,OK,15.88,15.88,OK,916.81,6/6/2023,7/5/2023,OK,Charged Off,4646.17,3252.32,1393.85,34547.68,753,OK,753,27.55,27.55,OK,197700,7 years,7 years,OWN,GA,Georgia,OK
LN003108,B,B3,OK,small_business,60,37900,37900,OK,11.87,11.87,OK,840.58,10/30/2021,12/4/2021,OK,Fully Paid,51255.63,37900,13355.63,0,819,OK,819,22.51,22.51,OK,146000,3 years,3 years,RENT,ME,Maine,OK
LN001562,E,E1,OK,vacation,36,14700,14700,OK,24.05,24.05,OK,577.11,11/1/2022,12/4/2022,OK,Current,20198.85,13129.25,7069.6,0,790,OK,790,20.55,20.55,OK,129600,5 years,5 years,MORTGAGE,AL,Alabama,OK
LN003306,A,A3,OK,wedding,36,2500,2500,OK,5.85,5.85,OK,75.89,5/16/2022,6/16/2022,OK,Fully Paid,2782.05,2500,282.05,0,,BELOW_MIN,154,7.26,7.26,OK,133500,1 year,1 year,RENT,NJ,New Jersey,OK
LN003016,D,D1,OK,wedding,60,5200,5200,OK,17.03,17.03,OK,129.32,4/12/2021,5/11/2021,OK,Charged Off,1277.07,893.95,383.12,4306.05,750,OK,750,28.72,28.72,OK,157300,3 years,3 years,MORTGAGE,WA,Washington,OK
LN001113,A,A1,OK,debt_consolidation,60,36300,36300,OK,5.07,5.07,OK,686.19,12/20/2022,1/17/2023,OK,Fully Paid,40619.58,36300,4319.58,0,770,OK,770,37.32,37.32,OK,58200,1 year,1 year,RENT,CT,Connecticut,OK
LN001224,A,A5,OK,credit_card,36,36000,36000,OK,7.11,7.11,OK,1113.39,7/13/2021,8/17/2021,OK,Late (31-120 Days),2226.78,1558.75,668.03,0,601,OK,601,44.04,44.04,OK,34100,8 years,8 years,OWN,SD,South Dakota,OK
LN002403,D,D1,OK,wedding,60,12200,12200,OK,19.18,19.18,OK,317.68,11/22/2021,12/20/2021,OK,Charged Off,1066.3,746.41,319.89,11453.59,651,OK,651,38.77,38.77,OK,26400,9 years,9 years,RENT,NJ,New Jersey,OK
LN001509,D,D2,OK,credit_card,36,38600,38600,OK,17.58,17.58,OK,1387.36,2/5/2022,3/11/2022,OK,Late (31-120 Days),4162.08,2913.46,1248.62,0,679,OK,679,7.91,7.91,OK,221700,10+ years,10+ years,RENT,MS,Mississippi,OK
LN001751,B,B1,OK,moving,36,10400,10400,OK,-9.34,,NEGATIVE_RATE,332.37,12/22/2021,1/21/2022,OK,Late (31-120 Days),997.11,697.98,299.13,0,634,OK,634,17.06,17.06,OK,26900,8 years,8 years,RENT,NJ,New Jersey,OK
LN003310,C,C4,OK,credit_card,36,39400,39400,OK,13.98,13.98,OK,1346.22,6/18/2022,7/19/2022,OK,Fully Paid,47563.97,39400,8163.97,0,606,OK,606,30.89,30.89,OK,197700,10+ years,10+ years,RENT,KY,Kentucky,OK
LN000339,C,C2,OK,vacation,36,16900,16900,OK,16.24,16.24,OK,596.16,5/19/2022,6/18/2022,OK,Current,2980.8,1937.52,1043.28,0,770,OK,770,42.5,42.5,OK,238300,1 year,1 year,OWN,MD,Maryland,OK
LN000216,C,C5,OK,medical,36,6200,6200,OK,15.72,15.72,OK,217.12,12/25/2023,1/24/2024,OK,Fully Paid,7679.27,6200,1479.27,0,779,OK,779,44.3,44.3,OK,78500,2 years,2 years,OWN,UT,Utah,OK
LN001342,D,D2,OK,educational,36,26200,26200,OK,20.33,20.33,OK,978.1,12/5/2021,1/8/2022,OK,Late (31-120 Days),4890.5,3423.35,1467.15,0,716,OK,716,39.38,39.38,OK,189800,5 years,5 years,RENT,WI,Wisconsin,OK
LN003169,C,C1,OK,vacation,36,,,FLAGGED,15.99,15.99,OK,196.85,7/21/2023,8/21/2023,OK,Current,3740.15,2431.1,1309.05,0,677,OK,677,171.87,,DTI_IMPOSSIBLE,122900,5 years,5 years,RENT,OK,Oklahoma,OK
LN003366,A,A1,OK,medical,60,13200,13200,OK,5.75,5.75,OK,253.66,2/10/2021,3/14/2021,OK,Fully Paid,15089.29,13200,1889.29,0,793,OK,793,39.88,39.88,OK,64200,10+ years,10+ years,RENT,MA,Massachusetts,OK
LN002331,B,B5,OK,medical,36,28300,28300,OK,9.8,9.8,OK,910.51,1/12/2021,2/15/2021,OK,Charged Off,4318.33,3022.83,1295.5,25277.17,735,OK,735,9.83,9.83,OK,191700,6 years,6 years,RENT,WV,West Virginia,OK
LN002239,D,D4,OK,educational,36,23500,23500,OK,21.33,21.33,OK,889.35,4/3/2021,5/3/2021,OK,Current,22233.75,14451.94,7781.81,0,595,OK,595,39.1,39.1,OK,142300,7 years,7 years,RENT,MI,Michigan,OK
LN002884,C,C3,OK,debt_consolidation,36,,,FLAGGED,15.08,15.08,OK,607.33,9/7/2023,10/9/2023,OK,Fully Paid,22030.95,17500,4530.95,0,634,OK,634,24.03,24.03,OK,67600,10+ years,10+ years,MORTGAGE,ME,Maine,OK
LN000102,A,A1,OK,moving,60,38800,38800,OK,7.65,7.65,OK,780.24,2/28/2023,3/28/2023,OK,Current,46034.16,29922.2,16111.96,0,776,OK,776,29.72,29.72,OK,179300,1 year,1 year,RENT,VT,Vermont,OK
LN002583,G,G2,OK,educational,36,10500,10500,OK,34.26,34.26,OK,470.59,4/4/2023,5/3/2023,OK,Current,8470.62,5505.9,2964.72,0,613,OK,613,5.44,5.44,OK,69200,1 year,1 year,RENT,IL,Illinois,OK
LN000172,C,C1,OK,home_improvement,36,22500,22500,OK,13.7,13.7,OK,765.72,9/17/2022,10/16/2022,OK,Fully Paid,28055.74,22500,5555.74,0,764,OK,764,30,30,OK,105000,5 years,5 years,RENT,AL,Alabama,OK
LN000108,A,A1,OK,debt_consolidation,36,8600,8600,OK,6.65,6.65,OK,264.17,4/21/2022,5/25/2022,OK,Fully Paid,9429.51,8600,829.51,0,657,OK,657,9.87,9.87,OK,122600,4 years,4 years,MORTGAGE,NJ,New Jersey,OK
LN002528,B,B2,OK,credit_card,36,10700,10700,OK,12,12,OK,355.39,8/20/2021,9/20/2021,OK,Fully Paid,12548.3,10700,1848.3,0,600,OK,600,9.34,9.34,OK,70800,,MISSING,OWN,TX,Texas,OK
LN002645,E,E1,OK,wedding,60,22700,22700,OK,23.6,23.6,OK,647.77,11/19/2022,12/17/2022,OK,Current,16842.02,10947.31,5894.71,0,750,OK,750,18.84,18.84,OK,184000,< 1 year,< 1 year,MORTGAGE,ID,Idaho,OK
LN002406,C,C4,OK,small_business,36,26100,26100,OK,14.3,14.3,OK,895.84,5/27/2021,6/29/2021,OK,Default,5375.04,3762.53,1612.51,0,679,OK,679,32.81,32.81,OK,70900,10+ years,10+ years,MORTGAGE,GA,Georgia,OK
LN002288,F,F3,OK,wedding,60,7800,7800,OK,31.36,31.36,OK,258.91,8/20/2022,9/23/2022,OK,Fully Paid,15725.14,7800,7925.14,0,679,OK,679,8.39,8.39,OK,184800,4 years,4 years,MORTGAGE,OH,Ohio,OK
LN002447,D,D1,OK,educational,60,,,FLAGGED,17.13,17.13,OK,149.54,8/25/2022,9/28/2022,OK,Charged Off,1430.66,1001.46,429.2,4998.54,752,OK,752,14.22,14.22,OK,200600,2 years,2 years,MORTGAGE,WA,Washington,OK
LN002413,E,E4,OK,small_business,36,,,FLAGGED,23.01,23.01,OK,282.62,5/31/2021,6/30/2021,OK,Fully Paid,10318.59,7300,3018.59,0,730,OK,730,12.88,12.88,OK,175800,1 year,1 year,RENT,HI,Hawaii,OK
LN002852,E,E1,OK,moving,36,21300,21300,OK,24.31,24.31,OK,839.13,1/18/2023,2/15/2023,OK,Fully Paid,30116.09,21300,8816.09,0,717,OK,717,7.33,7.33,OK,73800,10+ years,10+ years,RENT,ND,North Dakota,OK
LN002824,A,A4,OK,car,36,22100,22100,OK,5.14,5.14,OK,663.75,5/30/2023,7/3/2023,OK,Charged Off,5619.29,3933.5,1685.79,18166.5,819,OK,819,19,19,OK,170700,,MISSING,RENT,WI,Wisconsin,OK
LN003083,A,A5,OK,debt_consolidation,36,,,FLAGGED,7.03,7.03,OK,914.37,7/4/2022,8/7/2022,OK,Fully Paid,33218.7,29600,3618.7,0,725,OK,725,28.7,28.7,OK,107900,6 years,6 years,RENT,CA,California,OK
LN001041,A,A1,OK,wedding,36,34500,34500,OK,7.35,7.35,OK,1070.79,3/23/2023,4/22/2023,OK,Fully Paid,38502.56,34500,4002.56,0,688,OK,688,40.8,40.8,OK,121700,< 1 year,< 1 year,MORTGAGE,RI,Rhode Island,OK
LN002121,B,B4,OK,educational,36,27500,27500,OK,10.87,10.87,OK,898.62,1/8/2021,2/7/2021,OK,Charged Off,12474.94,8732.46,3742.48,18767.54,723,OK,723,39.43,39.43,OK,234700,4 years,4 years,MORTGAGE,OH,Ohio,OK
LN001525,B,B4,OK,educational,60,24300,24300,OK,11.05,11.05,OK,528.95,2/28/2022,3/30/2022,OK,Fully Paid,31325.77,24300,7025.77,0,744,OK,744,10.89,10.89,OK,67300,1 year,1 year,RENT,NJ,New Jersey,OK
LN003465,B,B3,OK,car,36,,,FLAGGED,10,10,OK,196.83,12/1/2023,12/29/2023,OK,Fully Paid,7012.47,6100,912.47,0,695,OK,695,32.28,32.28,OK,223200,8 years,8 years,MORTGAGE,KS,Kansas,OK
LN002562,B,B4,OK,home_improvement,36,10400,10400,OK,9.82,9.82,OK,334.7,12/19/2022,1/18/2023,OK,Fully Paid,12248.3,10400,1848.3,0,616,OK,616,18.1,18.1,OK,90000,5 years,5 years,MORTGAGE,MD,Maryland,OK
LN002662,A,A2,OK,debt_consolidation,60,12400,12400,OK,7.78,7.78,OK,250.12,3/14/2021,4/14/2021,OK,Charged Off,4365.08,3055.56,1309.52,9344.44,597,OK,597,11.32,11.32,OK,199800,4 years,4 years,OWN,99,,INVALID_STATE
LN001763,C,C4,OK,credit_card,36,,,FLAGGED,13.14,13.14,OK,1026.35,10/30/2022,11/28/2022,OK,Current,23606.05,15343.93,8262.12,0,702,OK,702,26.9,26.9,OK,191600,7 years,7 years,MORTGAGE,SC,South Carolina,OK
LN003280,E,E4,OK,educational,60,7800,7800,OK,23.24,23.24,OK,220.96,4/8/2021,5/8/2021,OK,Fully Paid,13014.79,7800,5214.79,0,641,OK,641,5.73,5.73,OK,188500,2 years,2 years,RENT,CT,Connecticut,OK
LN003043,A,A4,OK,small_business,60,20700,20700,OK,7.32,7.32,OK,413.02,8/7/2021,9/6/2021,OK,Fully Paid,24796.68,20700,4096.68,0,736,OK,736,24.03,24.03,OK,104600,1 year,1 year,MORTGAGE,MN,Minnesota,OK
LN002491,A,A5,OK,medical,36,35000,35000,OK,7.74,7.74,OK,1092.58,11/20/2023,12/25/2023,OK,Fully Paid,39272.57,35000,4272.57,0,815,OK,815,37.63,37.63,OK,37400,8 years,8 years,RENT,AZ,Arizona,OK
LN002461,A,A5,OK,renewable_energy,36,16900,16900,OK,7.18,7.18,OK,523.21,11/22/2021,12/20/2021,OK,Fully Paid,18936.28,16900,2036.28,0,607,OK,607,18.91,18.91,OK,223400,9 years,9 years,OWN,SC,South Carolina,OK
LN000406,C,C1,OK,home_improvement,60,27900,27900,OK,16.43,16.43,OK,684.86,7/5/2021,8/6/2021,OK,Charged Off,2595.51,1816.86,778.65,26083.14,807,OK,807,29.4,29.4,OK,125400,5 years,5 years,MORTGAGE,TX,Texas,OK
LN000758,A,A2,OK,debt_consolidation,60,17900,17900,OK,5.07,5.07,OK,338.37,3/29/2022,4/30/2022,OK,Late (31-120 Days),1691.85,1184.29,507.55,0,679,OK,679,33.13,33.13,OK,52800,10+ years,10+ years,RENT,ME,Maine,OK
LN002354,E,E5,OK,major_purchase,60,14400,14400,OK,25.84,25.84,OK,429.78,6/5/2022,7/10/2022,OK,Fully Paid,25967.52,14400,11567.52,0,666,OK,666,5.6,5.6,OK,145400,5 years,5 years,RENT,WV,West Virginia,OK
LN000098,G,G1,OK,moving,60,,,FLAGGED,32.99,32.99,OK,102.64,8/2/2022,9/6/2022,OK,Default,923.76,646.63,277.13,0,713,OK,713,29.39,29.39,OK,174000,4 years,4 years,RENT,NE,Nebraska,OK
LN001334,F,F2,OK,medical,60,24600,24600,OK,29.31,29.31,OK,785.5,3/26/2022,4/29/2022,OK,Fully Paid,46798.04,24600,22198.04,0,628,OK,628,12.8,12.8,OK,26300,1 year,1 year,MORTGAGE,TN,Tennessee,OK
LN002860,D,D2,OK,car,60,25600,25600,OK,17.04,17.04,OK,636.78,9/26/2021,10/26/2021,OK,Default,3183.9,2228.73,955.17,0,706,OK,706,16.42,16.42,OK,158600,10+ years,10+ years,OWN,ND,North Dakota,OK
LN003322,B,B5,OK,car,36,11500,11500,OK,9.26,9.26,OK,367.09,11/4/2022,12/7/2022,OK,Fully Paid,13157.64,11500,1657.64,0,683,OK,683,30.71,30.71,OK,227000,4 years,4 years,MORTGAGE,MI,Michigan,OK
LN002367,A,A1,OK,major_purchase,60,9800,9800,OK,5.13,5.13,OK,185.52,7/10/2021,8/13/2021,OK,Fully Paid,10923.26,9800,1123.26,0,761,OK,761,12.59,12.59,OK,122200,8 years,8 years,MORTGAGE,NV,Nevada,OK
LN002059,A,A4,OK,educational,36,6200,6200,OK,5.55,5.55,OK,187.35,8/12/2021,9/10/2021,OK,Current,936.75,608.89,327.86,0,791,OK,791,15.5,15.5,OK,236500,10+ years,10+ years,RENT,NC,North Carolina,OK
LN002532,F,F5,OK,car,60,4400,4400,OK,29.36,29.36,OK,140.63,9/25/2022,10/25/2022,OK,Fully Paid,8499.4,4400,4099.4,0,811,OK,811,6.84,6.84,OK,75200,6 years,6 years,MORTGAGE,DE,Delaware,OK
LN000149,C,C1,OK,credit_card,60,25100,25100,OK,12.63,12.63,OK,566.36,8/9/2021,9/12/2021,OK,Fully Paid,33486.05,25100,8386.05,0,744,OK,744,44.13,44.13,OK,197100,,MISSING,MORTGAGE,NH,New Hampshire,OK
LN000029,C,C5,OK,renewable_energy,60,38900,38900,OK,15.45,15.45,OK,934.64,7/17/2023,8/17/2023,OK,Fully Paid,55113.79,38900,16213.79,0,750,OK,750,41.83,41.83,OK,153500,7 years,7 years,RENT,MD,Maryland,OK
LN002463,B,B2,OK,vacation,36,29800,29800,OK,9.61,9.61,OK,956.11,5/8/2022,6/5/2022,OK,Late (31-120 Days),3824.44,2677.11,1147.33,0,712,OK,712,17.56,17.56,OK,197200,10+ years,10+ years,RENT,AR,Arkansas,OK
LN002370,C,C1,OK,home_improvement,36,39000,39000,OK,15.56,15.56,OK,1362.67,11/15/2023,12/19/2023,OK,Fully Paid,48620.69,39000,9620.69,0,766,OK,766,37.65,37.65,OK,150700,3 years,3 years,RENT,NJ,New Jersey,OK
LN000693,G,G2,OK,debt_consolidation,36,2100,2100,OK,35.81,35.81,OK,95.96,1/22/2023,2/25/2023,OK,Fully Paid,3473.31,2100,1373.31,0,601,OK,601,10.67,10.67,OK,137100,4 years,4 years,RENT,VA,Virginia,OK
LN001387,D,D4,OK,medical,36,24100,24100,OK,21.61,21.61,OK,915.53,6/27/2023,8/1/2023,OK,Fully Paid,32524.67,24100,8424.67,0,813,OK,813,19.35,19.35,OK,87900,< 1 year,< 1 year,RENT,MT,Montana,OK
LN001846,E,E4,OK,medical,60,27000,27000,OK,23,23,OK,761.14,7/21/2023,8/24/2023,OK,Fully Paid,45877.35,27000,18877.35,0,770,OK,770,7.14,7.14,OK,231200,5 years,5 years,MORTGAGE,GA,Georgia,OK
LN002466,D,D2,OK,credit_card,60,2600,2600,OK,20.7,20.7,OK,69.9,4/26/2022,5/31/2022,OK,Current,3215.4,2090.01,1125.39,0,750,OK,750,5.37,5.37,OK,138500,< 1 year,< 1 year,MORTGAGE,MD,Maryland,OK
LN001600,E,E1,OK,wedding,60,22800,22800,OK,24.43,24.43,OK,661.61,7/4/2021,8/2/2021,OK,Current,12570.59,8170.88,4399.71,0,723,OK,723,41.23,41.23,OK,189100,1 year,1 year,MORTGAGE,WY,Wyoming,OK
LN000702,E,E4,OK,debt_consolidation,60,12400,12400,OK,24.78,24.78,OK,362.36,9/21/2023,10/23/2023,OK,Current,6884.84,4475.15,2409.69,0,658,OK,658,38.54,38.54,OK,194800,7 years,7 years,RENT,NE,Nebraska,OK
LN001709,E,E4,OK,renewable_energy,36,7400,7400,OK,23.47,23.47,OK,288.27,1/3/2022,2/2/2022,OK,Charged Off,1584.49,1109.14,475.35,6290.86,785,OK,785,16.92,16.92,OK,206300,4 years,4 years,RENT,KY,Kentucky,OK
LN000455,B,B1,OK,car,60,14900,14900,OK,9.95,9.95,OK,316.21,9/28/2021,11/2/2021,OK,Current,16126.71,10482.36,5644.35,0,814,OK,814,10.48,10.48,OK,101100,10+ years,10+ years,RENT,NY,New York,OK
LN002041,A,A5,OK,renewable_energy,60,15200,15200,OK,6.23,6.23,OK,295.49,10/22/2022,11/19/2022,OK,Current,8864.7,5762.06,3102.64,0,610,OK,610,34.8,34.8,OK,79900,10+ years,10+ years,RENT,TX,Texas,OK
LN003141,D,D2,OK,home_improvement,36,9500,9500,OK,20.16,20.16,OK,353.83,9/9/2023,10/13/2023,OK,Fully Paid,12829.14,9500,3329.14,0,667,OK,667,22.27,22.27,OK,90200,2 years,2 years,RENT,VT,Vermont,OK
LN000610,E,E2,OK,medical,36,10300,10300,OK,26.14,26.14,OK,415.76,8/31/2021,10/1/2021,OK,Fully Paid,15208.2,10300,4908.2,0,684,OK,684,22.63,22.63,OK,69700,10+ years,10+ years,RENT,ME,Maine,OK
LN000168,B,B5,OK,wedding,36,17700,17700,OK,8.6,8.6,OK,559.57,1/2/2023,2/3/2023,OK,Current,17346.67,11275.34,6071.33,0,705,OK,705,14.13,14.13,OK,178700,4 years,4 years,MORTGAGE,TX,Texas,OK
LN000731,A,A4,OK,home_improvement,60,35100,35100,OK,6.42,6.42,OK,685.46,5/30/2022,7/2/2022,OK,Fully Paid,41907.99,35100,6807.99,0,805,OK,805,8.08,8.08,OK,28900,6 years,6 years,MORTGAGE,PA,Pennsylvania,OK
LN002593,B,B4,OK,renewable_energy,36,37300,37300,OK,9.34,9.34,OK,1192.04,6/15/2021,7/14/2021,OK,Charged Off,13206.86,9244.8,3962.06,28055.2,749,OK,749,23.16,23.16,OK,93000,9 years,9 years,RENT,KS,Kansas,OK
LN003219,D,D4,OK,educational,60,38700,38700,OK,18.11,18.11,OK,985.04,2/16/2022,3/19/2022,OK,Fully Paid,58646.03,38700,19946.03,0,813,OK,813,24.65,24.65,OK,162900,8 years,8 years,OWN,VT,Vermont,OK
LN002388,F,F3,OK,major_purchase,36,,,FLAGGED,30.55,30.55,OK,957.68,7/24/2021,8/25/2021,OK,Charged Off,5207.24,3645.07,1562.17,18754.93,618,OK,618,21.84,21.84,OK,81800,10+ years,10+ years,MORTGAGE,MT,Montana,OK
LN001623,F,F3,OK,wedding,36,31500,31500,OK,28.97,28.97,OK,1319.52,1/20/2023,2/18/2023,OK,Charged Off,15857.38,11100.17,4757.21,20399.83,680,OK,680,6.67,6.67,OK,243400,4 years,4 years,RENT,NJ,New Jersey,OK
LN000588,B,B1,OK,small_business,36,7900,7900,OK,9.64,9.64,OK,253.58,10/30/2022,12/4/2022,OK,Charged Off,691.49,484.04,207.45,7415.96,720,OK,720,31.28,31.28,OK,204200,1 year,1 year,MORTGAGE,HI,Hawaii,OK
LN001402,B,B1,OK,renewable_energy,60,39400,39400,OK,11.4,11.4,OK,864.53,2/22/2021,3/28/2021,OK,Fully Paid,51778.17,39400,12378.17,0,643,OK,643,22.36,22.36,OK,149800,10+ years,10+ years,RENT,CA,California,OK
LN001701,A,A1,OK,educational,60,25500,25500,OK,7.9,7.9,OK,515.83,10/26/2022,11/24/2022,OK,Fully Paid,31051.68,25500,5551.68,0,663,OK,663,8.68,8.68,OK,51500,3 years,3 years,OWN,OH,Ohio,OK
LN002833,D,D4,OK,car,60,35300,35300,OK,20.04,20.04,OK,936.02,12/7/2022,1/4/2023,OK,Current,17784.38,11559.85,6224.53,0,671,OK,671,13.47,13.47,OK,249700,< 1 year,< 1 year,MORTGAGE,WA,Washington,OK
LN001380,C,C2,OK,vacation,36,4900,4900,OK,15.68,15.68,OK,171.5,1/31/2021,3/1/2021,OK,Fully Paid,6071.75,4900,1171.75,0,592,OK,592,9.77,9.77,OK,212500,10+ years,10+ years,RENT,VT,Vermont,OK
LN002090,B,B1,OK,educational,60,32100,32100,OK,9.34,9.34,OK,671.65,10/9/2021,11/9/2021,OK,Fully Paid,40501.58,32100,8401.58,0,731,OK,731,7.64,7.64,OK,214400,4 years,4 years,RENT,KS,Kansas,OK
LN002176,E,A5,GRADE_MISMATCH,small_business,36,37500,37500,OK,25.23,25.23,OK,1495.56,11/18/2023,12/20/2023,OK,Fully Paid,53843.39,37500,16343.39,0,620,OK,620,44.74,44.74,OK,243100,10+ years,10+ years,OWN,AZ,Arizona,OK
LN002602,C,C4,OK,home_improvement,36,39100,39100,OK,12.69,12.69,OK,1311.6,11/20/2023,12/19/2023,OK,Late (31-120 Days),14427.6,10099.32,4328.28,0,686,OK,686,5.53,5.53,OK,197300,8 years,8 years,MORTGAGE,DE,Delaware,OK
LN002313,A,A2,OK,small_business,60,14500,14500,OK,5.62,5.62,OK,277.77,8/18/2022,9/20/2022,OK,Charged Off,6522.86,4566,1956.86,9934,728,OK,728,40.13,40.13,OK,62500,1 year,1 year,OWN,MD,Maryland,OK
LN002918,A,A1,OK,major_purchase,60,28500,28500,OK,5.16,5.16,OK,539.92,6/23/2022,7/28/2022,OK,Fully Paid,31840.8,28500,3340.8,0,645,OK,645,36.34,36.34,OK,136300,,MISSING,RENT,ND,North Dakota,OK
LN000442,D,D5,OK,educational,60,8000,8000,OK,21.91,21.91,OK,220.54,12/17/2023,1/17/2024,OK,Charged Off,3255.77,2279.04,976.73,5720.96,768,OK,768,42.57,42.57,OK,110900,,MISSING,MORTGAGE,MA,Massachusetts,OK
LN002052,B,B2,OK,debt_consolidation,60,7800,7800,OK,9.72,9.72,OK,164.65,10/23/2023,11/25/2023,OK,Charged Off,3643.63,2550.54,1093.09,5249.46,634,OK,634,14.61,14.61,OK,217300,8 years,8 years,OWN,KS,Kansas,OK
LN001302,B,B2,OK,car,36,6400,6400,OK,10.11,10.11,OK,206.84,1/4/2023,2/5/2023,OK,Fully Paid,7315.53,6400,915.53,0,627,OK,627,162.35,,DTI_IMPOSSIBLE,86200,2 years,2 years,RENT,MI,Michigan,OK
LN003119,A,A1,OK,wedding,60,,,FLAGGED,5.11,5.11,OK,529.81,10/25/2023,11/27/2023,OK,Fully Paid,32241.59,28000,4241.59,0,787,OK,787,29.19,29.19,OK,42400,10+ years,10+ years,RENT,AL,Alabama,OK
LN001305,B,B5,OK,moving,60,28800,28800,OK,10.08,10.08,OK,613.05,1/20/2023,2/19/2023,OK,Fully Paid,36920.45,28800,8120.45,0,731,OK,731,35.84,35.84,OK,152600,2 years,2 years,RENT,KS,Kansas,OK
LN000237,A,A1,OK,renewable_energy,36,33100,33100,OK,5.44,5.44,OK,998.59,9/1/2023,10/3/2023,OK,Fully Paid,36275.81,33100,3175.81,0,786,OK,786,7.68,7.68,OK,183900,6 years,6 years,MORTGAGE,LA,Louisiana,OK
LN000521,B,B1,OK,renewable_energy,36,,,FLAGGED,9.2,9.2,OK,312.55,12/30/2023,2/3/2024,OK,Fully Paid,11213.99,9800,1413.99,0,,NULL,,17.15,17.15,OK,110700,6 years,6 years,OTHER,MN,Minnesota,OK
LN000736,B,B3,OK,major_purchase,36,22300,22300,OK,11.81,11.81,OK,738.66,11/26/2022,12/28/2022,OK,Fully Paid,26103.64,22300,3803.64,0,713,OK,713,33.07,33.07,OK,75300,4 years,4 years,OWN,MN,Minnesota,OK
LN003181,E,E1,OK,educational,36,4300,4300,OK,22.56,22.56,OK,165.47,7/7/2022,8/5/2022,OK,Charged Off,363.99,254.79,109.2,4045.21,746,OK,746,42.51,42.51,OK,224400,10+ years,10+ years,MORTGAGE,SD,South Dakota,OK
LN002107,E,E5,OK,debt_consolidation,60,6700,6700,OK,26.42,26.42,OK,202.27,1/2/2023,2/5/2023,OK,Fully Paid,12098.35,6700,5398.35,0,,ABOVE_MAX,871,36.38,36.38,OK,182900,10+ years,10+ years,OWN,XX,,INVALID_STATE
LN000593,A,A3,OK,debt_consolidation,36,24400,24400,OK,5.66,5.66,OK,738.54,8/21/2021,9/22/2021,OK,Current,19202.04,12481.33,6720.71,0,591,OK,591,7.69,7.69,OK,114500,4 years,4 years,MORTGAGE,NY,New York,OK
LN001304,B,B2,OK,credit_card,36,21100,21100,OK,-10.05,,NEGATIVE_RATE,681.33,3/20/2023,4/19/2023,OK,Current,2043.99,1328.59,715.4,0,652,OK,652,40.86,40.86,OK,162000,10+ years,10+ years,MORTGAGE,NJ,New Jersey,OK
LN001388,B,B1,OK,home_improvement,60,7800,7800,OK,8.6,8.6,OK,160.41,2/1/2023,3/6/2023,OK,Charged Off,4368.75,3058.12,1310.62,4741.88,618,OK,618,28.7,28.7,OK,72900,,MISSING,MORTGAGE,WY,Wyoming,OK
LN002339,A,A1,OK,renewable_energy,60,36800,36800,OK,6.63,6.63,OK,722.28,4/25/2023,5/24/2023,OK,Late (31-120 Days),7222.8,5055.96,2166.84,0,626,OK,626,14.57,14.57,OK,188400,10+ years,10+ years,MORTGAGE,OR,Oregon,OK
LN002673,B,B4,OK,car,60,2800,2800,OK,11.98,11.98,OK,62.26,3/22/2023,4/25/2023,OK,Current,3486.56,2266.26,1220.3,0,766,OK,766,25.94,25.94,OK,156100,10+ years,10+ years,MORTGAGE,IL,Illinois,OK
LN003346,E,E3,OK,medical,36,7800,7800,OK,-22.71,,NEGATIVE_RATE,300.76,3/8/2023,4/8/2023,OK,Charged Off,3933.84,2753.69,1180.15,5046.31,595,OK,595,151.69,,DTI_IMPOSSIBLE,47700,5 years,5 years,OWN,NH,New Hampshire,OK
LN000905,C,C5,OK,major_purchase,36,36500,36500,OK,16.29,16.29,OK,1288.46,10/28/2021,11/27/2021,OK,Fully Paid,45642.66,36500,9142.66,0,622,OK,622,30.4,30.4,OK,117600,10+ years,10+ years,MORTGAGE,GA,Georgia,OK
LN003046,C,C1,OK,wedding,60,37600,37600,OK,15.81,15.81,OK,910.57,11/16/2021,11/13/2021,DATE_SEQUENCE_ERROR,Charged Off,15628.75,10940.12,4688.62,26659.88,796,OK,796,19.19,19.19,OK,118600,7 years,7 years,OWN,MI,Michigan,OK
LN001280,B,B3,OK,debt_consolidation,36,25800,25800,OK,10.32,10.32,OK,836.37,12/10/2022,1/9/2023,OK,Fully Paid,29822.46,25800,4022.46,0,695,OK,695,14.61,14.61,OK,80800,10+ years,10+ years,RENT,OH,Ohio,OK
LN002875,A,A3,OK,home_improvement,60,6900,6900,OK,5.47,5.47,OK,131.7,1/28/2022,3/1/2022,OK,Default,658.5,460.95,197.55,0,686,OK,686,22.58,22.58,OK,55400,,MISSING,MORTGAGE,NH,New Hampshire,OK
LN003452,C,C1,OK,educational,60,,,FLAGGED,13.79,13.79,OK,572.04,3/6/2021,4/5/2021,OK,Current,16017.12,10411.13,5605.99,0,681,OK,681,34.75,34.75,OK,221100,< 1 year,< 1 year,MORTGAGE,NC,North Carolina,OK
LN002309,B,B4,OK,moving,36,24500,24500,OK,10.15,10.15,OK,792.27,3/15/2022,4/19/2022,OK,Fully Paid,28474.99,24500,3974.99,0,636,OK,636,21.11,21.11,OK,193300,10+ years,10+ years,OTHER,MN,Minnesota,OK
LN002858,B,B4,OK,moving,36,20100,20100,OK,8.67,8.67,OK,636.09,2/7/2021,1/28/2021,DATE_SEQUENCE_ERROR,Fully Paid,22526.39,20100,2426.39,0,680,OK,680,27.29,27.29,OK,92100,1 year,1 year,RENT,0,,INVALID_STATE
LN002948,B,B3,OK,home_improvement,36,16300,16300,OK,9.85,9.85,OK,524.81,5/17/2023,6/21/2023,OK,Current,9446.58,6140.28,3306.3,0,658,OK,658,30.11,30.11,OK,157900,< 1 year,< 1 year,RENT,WA,Washington,OK
LN002851,D,D2,OK,credit_card,36,31500,31500,OK,17.07,17.07,OK,1124.16,2/2/2021,3/5/2021,OK,Fully Paid,41141.78,31500,9641.78,0,721,OK,721,32.22,32.22,OK,115700,2 years,2 years,RENT,MA,Massachusetts,OK
LN000707,E,E1,OK,small_business,36,8300,8300,OK,25.32,25.32,OK,331.41,3/31/2023,4/29/2023,OK,Fully Paid,12134.63,8300,3834.63,0,611,OK,611,9.28,9.28,OK,140600,3 years,3 years,RENT,CA,California,OK
LN003166,B,B5,OK,moving,36,26900,26900,OK,10.62,10.62,OK,875.84,12/7/2021,1/10/2022,OK,Current,2627.52,1707.89,919.63,0,712,OK,712,35.64,35.64,OK,237200,4 years,4 years,MORTGAGE,CO,Colorado,OK
LN000746,E,E5,OK,educational,36,4400,4400,OK,22.5,22.5,OK,169.18,11/1/2023,11/30/2023,OK,Charged Off,818.24,572.77,245.47,3827.23,606,OK,606,23.95,23.95,OK,232100,,MISSING,RENT,DE,Delaware,OK
LN001940,A,A3,OK,moving,36,17500,17500,OK,7.19,7.19,OK,541.87,2/4/2021,3/6/2021,OK,Default,5418.7,3793.09,1625.61,0,654,OK,654,17.32,17.32,OK,74900,3 years,3 years,MORTGAGE,WA,Washington,OK
LN003129,A,A3,OK,vacation,36,9700,9700,OK,5.08,5.08,OK,291.07,10/29/2022,11/29/2022,OK,Fully Paid,10494.73,9700,794.73,0,806,OK,806,36.65,36.65,OK,118700,8 years,8 years,RENT,LA,Louisiana,OK
LN000514,F,F1,OK,car,36,1200,1200,OK,-29.08,,NEGATIVE_RATE,50.34,2/19/2022,3/19/2022,OK,Fully Paid,1810.58,1200,610.58,0,757,OK,757,21.2,21.2,OK,224300,3 years,3 years,MORTGAGE,SC,South Carolina,OK
LN000082,A,A3,OK,wedding,60,29000,29000,OK,7.14,7.14,OK,576.15,10/15/2021,11/18/2021,OK,Default,5185.35,3629.74,1555.61,0,655,OK,655,23.15,23.15,OK,201200,1 year,1 year,MORTGAGE,TN,Tennessee,OK
LN001309,C,G4,GRADE_MISMATCH,major_purchase,36,24700,24700,OK,15.26,15.26,OK,859.38,1/31/2022,3/7/2022,OK,Fully Paid,31173.71,24700,6473.71,0,677,OK,677,27.24,27.24,OK,43200,8 years,8 years,MORTGAGE,WY,Wyoming,OK
LN002983,B,B1,OK,home_improvement,36,28100,28100,OK,10.52,10.52,OK,913.58,12/1/2022,12/31/2022,OK,Current,27407.4,17814.81,9592.59,0,647,OK,647,19.73,19.73,OK,102000,< 1 year,< 1 year,MORTGAGE,AR,Arkansas,OK
LN000915,A,A4,OK,renewable_energy,60,23100,23100,OK,7.01,7.01,OK,457.52,10/27/2022,11/24/2022,OK,Fully Paid,27100.63,23100,4000.63,0,741,OK,741,42.84,42.84,OK,65400,3 years,3 years,OWN,AK,Alaska,OK
LN003311,G,G4,OK,home_improvement,60,18800,18800,OK,32.86,32.86,OK,641.68,11/22/2022,12/20/2022,OK,Charged Off,6102.38,4271.67,1830.71,14528.33,599,OK,599,12.48,12.48,OK,27800,,MISSING,RENT,AZ,Arizona,OK
LN003295,B,B2,OK,debt_consolidation,36,1200,1200,OK,10.46,10.46,OK,38.98,7/2/2022,7/31/2022,OK,Charged Off,457.98,320.59,137.39,879.41,657,OK,657,25.12,25.12,OK,147000,4 years,4 years,OWN,NJ,New Jersey,OK
LN000775,B,B4,OK,home_improvement,36,9900,9900,OK,9.01,9.01,OK,314.86,8/28/2022,9/25/2022,OK,Fully Paid,11405.06,9900,1505.06,0,627,OK,627,32.38,32.38,OK,205300,6 years,6 years,RENT,VA,Virginia,OK
LN000330,C,C1,OK,credit_card,36,8900,8900,OK,12.84,12.84,OK,299.19,8/4/2023,9/7/2023,OK,Fully Paid,10662.01,8900,1762.01,0,652,OK,652,173.94,,DTI_IMPOSSIBLE,76700,1 year,1 year,MORTGAGE,AK,Alaska,OK
LN002055,D,D5,OK,wedding,60,11600,11600,OK,19.84,19.84,OK,306.3,12/30/2023,2/3/2024,OK,Fully Paid,18347.31,11600,6747.31,0,713,OK,713,25.4,25.4,OK,80300,3 years,3 years,RENT,IN,Indiana,OK
LN002002,F,F4,OK,vacation,36,24900,24900,OK,27.66,27.66,OK,1025.38,12/24/2022,1/24/2023,OK,Charged Off,13475.73,9433.01,4042.72,15466.99,684,OK,684,10.77,10.77,OK,116200,5 years,5 years,MORTGAGE,WV,West Virginia,OK
LN000944,F,F4,OK,credit_card,36,17700,17700,OK,28.17,28.17,OK,733.76,3/28/2023,4/29/2023,OK,Default,8805.12,6163.58,2641.54,0,818,OK,818,32.8,32.8,OK,141600,5 years,5 years,RENT,OR,Oregon,OK
LN000823,E,E1,OK,debt_consolidation,36,37300,37300,OK,22.78,22.78,OK,1439.6,12/28/2022,1/26/2023,OK,Current,28792,18714.8,10077.2,0,798,OK,798,12.77,12.77,OK,31800,3 years,3 years,MORTGAGE,MA,Massachusetts,OK
LN000910,C,C5,OK,vacation,36,,,FLAGGED,16.14,16.14,OK,1394.96,10/26/2022,11/28/2022,OK,Current,6974.8,4533.62,2441.18,0,677,OK,677,38.52,38.52,OK,129600,1 year,1 year,OWN,PA,Pennsylvania,OK
LN000182,B,B1,OK,wedding,36,,,FLAGGED,9.15,9.15,OK,905.1,1/7/2023,2/9/2023,OK,Fully Paid,32080.45,28400,3680.45,0,751,OK,751,39.51,39.51,OK,241100,10+ years,10+ years,RENT,MO,Missouri,OK
LN000165,D,D1,OK,vacation,60,34000,34000,OK,20.92,20.92,OK,918.28,7/30/2023,8/28/2023,OK,Late (31-120 Days),918.28,642.8,275.48,0,638,OK,638,13.46,13.46,OK,219700,3 years,3 years,MORTGAGE,UT,Utah,OK
LN001524,F,F4,OK,educational,36,14000,14000,OK,28.14,28.14,OK,580.15,6/30/2022,7/29/2022,OK,Charged Off,7342.44,5139.71,2202.73,8860.29,641,OK,641,38.25,38.25,OK,240800,3 years,3 years,MORTGAGE,NM,New Mexico,OK
LN000452,B,B1,OK,credit_card,36,23800,23800,OK,10.87,10.87,OK,777.72,3/25/2023,4/23/2023,OK,Default,5444.04,3810.83,1633.21,0,629,OK,629,24.62,24.62,OK,234500,,MISSING,MORTGAGE,MS,Mississippi,OK
LN001312,B,B3,OK,moving,36,,,FLAGGED,8.97,8.97,OK,403.68,8/23/2021,9/22/2021,OK,Fully Paid,14293.38,12700,1593.38,0,651,OK,651,24.49,24.49,OK,139100,7 years,7 years,MORTGAGE,WV,West Virginia,OK
LN001112,A,A2,OK,educational,60,27500,27500,OK,5.44,5.44,OK,524.52,8/21/2021,9/25/2021,OK,Fully Paid,31749.3,27500,4249.3,0,719,OK,719,8.21,8.21,OK,156800,5 years,5 years,MORTGAGE,MI,Michigan,OK
LN002980,F,F3,OK,credit_card,60,3600,3600,OK,30.06,30.06,OK,116.6,8/27/2023,9/30/2023,OK,Fully Paid,7007.17,3600,3407.17,0,711,OK,711,16.49,16.49,OK,123600,10+ years,10+ years,MORTGAGE,OR,Oregon,OK
LN001288,F,F5,OK,medical,36,10000,10000,OK,28.77,28.77,OK,417.81,8/14/2023,9/14/2023,OK,Fully Paid,15330.79,10000,5330.79,0,812,OK,812,30.22,30.22,OK,147000,4 years,4 years,RENT,AR,Arkansas,OK
LN000328,B,B3,OK,major_purchase,60,37300,37300,OK,9.44,9.44,OK,782.28,10/16/2023,11/19/2023,OK,Fully Paid,46833.35,37300,9533.35,0,800,OK,800,42.55,42.55,OK,238300,10+ years,10+ years,OWN,ID,Idaho,OK
LN001791,B,B4,OK,home_improvement,36,20600,20600,OK,10,10,OK,664.7,6/9/2022,7/10/2022,OK,Fully Paid,23517.27,20600,2917.27,0,674,OK,674,37.44,37.44,OK,50000,2 years,2 years,RENT,ND,North Dakota,OK
LN003183,D,D4,OK,vacation,60,23300,23300,OK,18.3,18.3,OK,595.48,5/16/2021,6/13/2021,OK,Fully Paid,35874.56,23300,12574.56,0,790,OK,790,35.15,35.15,OK,95800,8 years,8 years,OWN,RI,Rhode Island,OK
LN002008,B,B3,OK,home_improvement,36,2500,2500,OK,10.18,10.18,OK,80.88,9/25/2023,10/29/2023,OK,Charged Off,1001.62,701.13,300.49,1798.87,694,OK,694,26.77,26.77,OK,36200,7 years,7 years,RENT,WA,Washington,OK
LN001859,E,E4,OK,vacation,36,2200,2200,OK,24.18,24.18,OK,86.52,7/26/2023,8/30/2023,OK,Fully Paid,3064.69,2200,864.69,0,719,OK,719,38.84,38.84,OK,239900,5 years,5 years,RENT,AZ,Arizona,OK
LN000313,F,F5,OK,small_business,36,31600,31600,OK,29.54,29.54,OK,1333.52,9/30/2021,10/31/2021,OK,Current,6667.6,4333.94,2333.66,0,672,OK,672,14.57,14.57,OK,25100,10+ years,10+ years,RENT,LA,Louisiana,OK
LN000833,B,B2,OK,moving,36,,,FLAGGED,11.21,11.21,OK,748.71,7/30/2022,9/2/2022,OK,Charged Off,3196.89,2237.82,959.07,20562.18,622,OK,622,41.89,41.89,OK,239600,2 years,2 years,OTHER,WI,Wisconsin,OK
LN001202,A,A2,OK,debt_consolidation,36,37900,37900,OK,5.1,5.1,OK,1137.6,9/24/2021,10/24/2021,OK,Current,35265.6,22922.64,12342.96,0,818,OK,818,14.95,14.95,OK,112600,< 1 year,< 1 year,MORTGAGE,NV,Nevada,OK
LN002771,C,C5,OK,moving,36,34900,34900,OK,14.51,14.51,OK,1201.46,2/6/2023,3/10/2023,OK,Charged Off,10858.86,7601.2,3257.66,27298.8,805,OK,805,20.33,20.33,OK,125100,7 years,7 years,RENT,ZZ,,INVALID_STATE
LN002425,C,C1,OK,debt_consolidation,36,19300,19300,OK,12.93,12.93,OK,649.64,2/28/2021,3/31/2021,OK,Fully Paid,22989.05,19300,3689.05,0,741,OK,741,35.5,35.5,OK,59900,8 years,8 years,RENT,HI,Hawaii,OK
LN002135,D,D3,OK,major_purchase,36,18400,18400,OK,19.9,19.9,OK,682.87,7/29/2021,8/26/2021,OK,Fully Paid,24492.75,18400,6092.75,0,760,OK,760,18.31,18.31,OK,27700,5 years,5 years,OWN,OH,Ohio,OK
LN002210,E,E4,OK,major_purchase,60,,,FLAGGED,23.82,23.82,OK,748.12,12/24/2022,1/24/2023,OK,Current,32917.28,21396.23,11521.05,0,623,OK,623,14.74,14.74,OK,162200,6 years,6 years,RENT,OR,Oregon,OK
LN003466,B,B1,OK,home_improvement,36,14200,14200,OK,10.19,10.19,OK,459.46,5/23/2021,6/26/2021,OK,Current,11945.96,7764.87,4181.09,0,641,OK,641,37.18,37.18,OK,96300,1 year,1 year,MORTGAGE,WY,Wyoming,OK
LN001482,F,F1,OK,home_improvement,60,28600,28600,OK,31.14,31.14,OK,945.43,12/18/2021,1/17/2022,OK,Late (31-120 Days),10399.73,7279.81,3119.92,0,636,OK,636,25.53,25.53,OK,143300,10+ years,10+ years,RENT,MT,Montana,OK
LN000778,D,D2,OK,major_purchase,36,8600,8600,OK,21.56,21.56,OK,326.48,9/26/2023,10/24/2023,OK,Fully Paid,11617.64,8600,3017.64,0,660,OK,660,25.43,25.43,OK,233100,9 years,9 years,MORTGAGE,IN,Indiana,OK
LN000800,E,E1,OK,wedding,60,7600,7600,OK,25.22,25.22,OK,224.05,6/17/2023,7/15/2023,OK,Default,224.05,156.84,67.22,0,785,OK,785,20.17,20.17,OK,161500,10+ years,10+ years,MORTGAGE,OK,Oklahoma,OK
LN000055,C,C4,OK,educational,36,21600,21600,OK,16.27,16.27,OK,762.27,12/10/2022,1/14/2023,OK,Charged Off,8184.68,5729.28,2455.4,15870.72,807,OK,807,22.28,22.28,OK,157000,6 years,6 years,RENT,IA,Iowa,OK
LN001921,E,E5,OK,credit_card,36,32800,32800,OK,26.71,26.71,OK,1333.97,6/4/2023,7/7/2023,OK,Current,13339.7,8670.81,4668.89,0,705,OK,705,27.02,27.02,OK,159200,3 years,3 years,MORTGAGE,SC,South Carolina,OK
LN003095,F,F1,OK,credit_card,36,34700,34700,OK,30.86,30.86,OK,1489.46,4/9/2022,5/12/2022,OK,Fully Paid,53399.55,34700,18699.55,0,743,OK,743,11.8,11.8,OK,104800,6 years,6 years,RENT,IN,Indiana,OK
LN002588,C,C3,OK,home_improvement,36,21400,21400,OK,15.45,15.45,OK,746.56,1/10/2021,2/8/2021,OK,Charged Off,7758.24,5430.77,2327.47,15969.23,782,OK,782,8.78,8.78,OK,197900,3 years,3 years,RENT,NM,New Mexico,OK
LN001702,B,B1,OK,debt_consolidation,36,29000,29000,OK,8.77,8.77,OK,919.09,7/18/2022,8/22/2022,OK,Fully Paid,33239.63,29000,4239.63,0,683,OK,683,30.23,30.23,OK,156100,4 years,4 years,RENT,WI,Wisconsin,OK
LN002162,B,B4,OK,moving,60,35200,35200,OK,11.98,11.98,OK,782.65,8/1/2022,9/3/2022,OK,Charged Off,17606.28,12324.4,5281.88,22875.6,599,OK,599,14.71,14.71,OK,193700,1 year,1 year,MORTGAGE,AR,Arkansas,OK
LN003368,D,D5,OK,medical,60,6900,6900,OK,18.05,18.05,OK,175.4,10/7/2021,11/10/2021,OK,Late (31-120 Days),877,613.9,263.1,0,660,OK,660,14.75,14.75,OK,105400,2 years,2 years,MORTGAGE,HI,Hawaii,OK
LN000988,A,A5,OK,home_improvement,60,13000,13000,OK,5.28,5.28,OK,247,4/4/2022,5/7/2022,OK,Default,1482,1037.4,444.6,0,600,OK,600,21.51,21.51,OK,53400,5 years,5 years,OWN,ND,North Dakota,OK
LN002586,D,D1,OK,home_improvement,60,14000,14000,OK,21.15,21.15,OK,379.93,6/6/2021,7/11/2021,OK,Current,15577.13,10125.13,5452,0,586,OK,586,17.32,17.32,OK,146900,6 years,6 years,RENT,KS,Kansas,OK
LN001395,E,E1,OK,wedding,36,7600,7600,OK,23.48,23.48,OK,296.1,7/3/2023,8/2/2023,OK,Fully Paid,10506.49,7600,2906.49,0,818,OK,818,22.44,22.44,OK,84300,2 years,2 years,RENT,AK,Alaska,OK
LN000769,E,E4,OK,vacation,36,20500,20500,OK,24.23,24.23,OK,806.75,5/13/2021,6/10/2021,OK,Fully Paid,28902.81,20500,8402.81,0,748,OK,748,22.24,22.24,OK,46400,7 years,7 years,RENT,WI,Wisconsin,OK
LN003180,A,A5,OK,small_business,36,17400,17400,OK,6.34,6.34,OK,532.03,6/20/2023,7/24/2023,OK,Fully Paid,19435.63,17400,2035.63,0,763,OK,763,31.74,31.74,OK,96700,10+ years,10+ years,MORTGAGE,VA,Virginia,OK
LN000286,A,A5,OK,moving,36,,,FLAGGED,5.63,5.63,OK,130.09,9/18/2023,10/19/2023,OK,Current,3902.7,2536.76,1365.94,0,793,OK,793,9.16,9.16,OK,245200,9 years,9 years,MORTGAGE,WV,West Virginia,OK
LN003162,C,C2,OK,medical,36,33800,33800,OK,13.34,13.34,OK,1144.4,8/7/2023,9/10/2023,OK,Fully Paid,41797.46,33800,7997.46,0,630,OK,630,22.68,22.68,OK,55100,7 years,7 years,RENT,AR,Arkansas,OK
LN000429,A,A1,OK,home_improvement,60,37100,37100,OK,6.96,6.96,OK,733.92,4/2/2023,5/4/2023,OK,Fully Paid,44576.68,37100,7476.68,0,777,OK,777,24.04,24.04,OK,76900,2 years,2 years,MORTGAGE,ND,North Dakota,OK
LN002333,B,B1,OK,educational,60,21800,21800,OK,9.76,9.76,OK,460.62,7/13/2022,8/13/2022,OK,Current,14279.22,9281.49,4997.73,0,741,OK,741,136.4,,DTI_IMPOSSIBLE,109300,2 years,2 years,RENT,MT,Montana,OK
LN002080,E,E4,OK,major_purchase,60,13400,13400,OK,26.26,26.26,OK,403.27,10/20/2023,11/19/2023,OK,Current,18147.15,11795.65,6351.5,0,787,OK,787,20.52,20.52,OK,210600,7 years,7 years,RENT,CO,Colorado,OK
LN000723,E,E4,OK,medical,36,16100,16100,OK,25.7,25.7,OK,646.11,7/4/2023,8/6/2023,OK,Charged Off,8534.28,5974,2560.28,10126,748,OK,748,30.89,30.89,OK,109300,7 years,7 years,RENT,NY,New York,OK
LN000952,A,A2,OK,car,60,9200,9200,OK,6.1,6.1,OK,178.29,12/9/2023,1/6/2024,OK,Charged Off,1977.28,1384.1,593.18,7815.9,590,OK,590,23.4,23.4,OK,246700,10+ years,10+ years,OTHER,FL,Florida,OK
LN002263,C,C5,OK,small_business,36,,,FLAGGED,15.67,15.67,OK,916.85,11/10/2022,12/11/2022,OK,Charged Off,12378.52,8664.96,3713.56,17535.04,805,OK,805,7.28,7.28,OK,158300,1 year,1 year,MORTGAGE,AK,Alaska,OK
LN000990,A,A2,OK,vacation,36,12200,12200,OK,7.28,7.28,OK,378.26,6/19/2021,7/19/2021,OK,Default,1134.78,794.35,340.43,0,708,OK,708,17.78,17.78,OK,183700,8 years,8 years,MORTGAGE,AK,Alaska,OK
LN003351,E,E5,OK,car,36,38100,38100,OK,22.77,22.77,OK,1470.28,1/10/2022,2/9/2022,OK,Fully Paid,53303.98,38100,15203.98,0,782,OK,782,13.09,13.09,OK,160100,10+ years,10+ years,MORTGAGE,NV,Nevada,OK
LN002909,D,D4,OK,medical,60,12900,12900,OK,17.45,17.45,OK,323.73,9/27/2023,10/26/2023,OK,Current,15215.31,9889.95,5325.36,0,603,OK,603,44.96,44.96,OK,161100,3 years,3 years,RENT,RI,Rhode Island,OK
LN000327,E,E4,OK,credit_card,36,15600,15600,OK,24.59,24.59,OK,616.88,12/30/2021,1/29/2022,OK,Current,14805.12,9623.33,5181.79,0,687,OK,687,30.25,30.25,OK,190700,10+ years,10+ years,RENT,HI,Hawaii,OK
LN001384,D,D3,OK,wedding,60,20500,20500,OK,21.25,21.25,OK,557.48,5/16/2023,6/16/2023,OK,Late (31-120 Days),6689.76,4682.83,2006.93,0,768,OK,768,5.06,5.06,OK,246000,9 years,9 years,RENT,ME,Maine,OK
LN001725,E,E3,OK,credit_card,60,4600,4600,OK,26.39,26.39,OK,138.79,5/7/2023,6/11/2023,OK,Current,693.95,451.07,242.88,0,598,OK,598,44.76,44.76,OK,247900,1 year,1 year,OWN,ME,Maine,OK
LN001087,A,A3,OK,small_business,60,8000,8000,OK,5.21,5.21,OK,151.74,4/12/2022,5/10/2022,OK,Fully Paid,9096.02,8000,1096.02,0,700,OK,700,37.38,37.38,OK,191200,6 years,6 years,RENT,PA,Pennsylvania,OK
LN000342,C,C1,OK,home_improvement,36,17200,17200,OK,16.43,16.43,OK,608.36,9/6/2021,10/9/2021,OK,Current,18859.16,12258.45,6600.71,0,767,OK,767,12.72,12.72,OK,179700,4 years,4 years,RENT,AZ,Arizona,OK
LN000148,B,B5,OK,debt_consolidation,36,,,FLAGGED,11.32,11.32,OK,1164.32,3/10/2023,4/7/2023,OK,Fully Paid,42446.09,35400,7046.09,0,770,OK,770,13.72,13.72,OK,54900,< 1 year,< 1 year,RENT,CA,California,OK
LN002799,G,G3,OK,educational,60,27900,27900,OK,34.19,34.19,OK,975.76,11/22/2023,12/27/2023,OK,Fully Paid,59107.72,27900,31207.72,0,789,OK,789,42.42,42.42,OK,168600,8 years,8 years,MORTGAGE,MI,Michigan,OK
LN001108,G,G4,OK,home_improvement,60,31400,31400,OK,-34.13,,NEGATIVE_RATE,1096.97,11/26/2023,12/27/2023,OK,Default,7678.79,5375.15,2303.64,0,624,OK,624,29.44,29.44,OK,207300,3 years,3 years,RENT,IN,Indiana,OK
LN000849,B,B1,OK,wedding,36,37400,37400,OK,10.63,10.63,OK,1217.89,2/26/2023,4/2/2023,OK,Charged Off,14927.27,10449.09,4478.18,26950.91,664,OK,664,148.28,,DTI_IMPOSSIBLE,219800,10+ years,10+ years,RENT,MI,Michigan,OK
LN000967,E,E1,OK,credit_card,36,1600,1600,OK,25.81,25.81,OK,64.3,1/28/2021,3/2/2021,OK,Current,450.1,292.56,157.53,0,619,OK,619,28.31,28.31,OK,213700,7 years,7 years,RENT,TX,Texas,OK
LN002204,D,D5,OK,vacation,36,17400,17400,OK,21.07,21.07,OK,656.17,12/22/2023,1/19/2024,OK,Fully Paid,23832.05,17400,6432.05,0,780,OK,780,11.36,11.36,OK,126900,3 years,3 years,MORTGAGE,PA,Pennsylvania,OK
LN000662,D,D2,OK,medical,36,1000,1000,OK,20.24,20.24,OK,37.29,11/29/2021,1/1/2022,OK,Fully Paid,1366.41,1000,366.41,0,806,OK,806,26.97,26.97,OK,79700,4 years,4 years,MORTGAGE,MA,Massachusetts,OK
LN001003,B,B4,OK,renewable_energy,36,19400,19400,OK,11.86,11.86,OK,643.06,8/19/2022,9/17/2022,OK,Current,7073.66,4597.88,2475.78,0,665,OK,665,41.99,41.99,OK,216100,5 years,5 years,OWN,UT,Utah,OK
LN002801,E,E5,OK,car,36,20600,20600,OK,26.04,26.04,OK,830.43,12/4/2021,1/5/2022,OK,Fully Paid,29692.78,20600,9092.78,0,819,OK,819,13.77,13.77,OK,148000,9 years,9 years,OWN,WV,West Virginia,OK
LN003012,G,G3,OK,credit_card,36,9300,9300,OK,33.75,33.75,OK,414.14,2/15/2022,3/18/2022,OK,Charged Off,3896.75,2727.72,1169.02,6572.28,714,OK,714,249.48,,DTI_IMPOSSIBLE,121900,6 years,6 years,MORTGAGE,OH,Ohio,OK
LN002804,F,F1,OK,small_business,36,39400,39400,OK,29.17,29.17,OK,1654.73,6/22/2021,7/27/2021,OK,Current,49641.9,32267.24,17374.67,0,621,OK,621,28.81,28.81,OK,135400,4 years,4 years,MORTGAGE,NH,New Hampshire,OK
LN003182,B,B2,OK,medical,36,22900,22900,OK,9.79,9.79,OK,736.66,11/27/2022,12/30/2022,OK,Fully Paid,26782.59,22900,3882.59,0,,ABOVE_MAX,958,37.73,37.73,OK,50200,2 years,2 years,MORTGAGE,LA,Louisiana,OK
LN001880,B,B1,OK,educational,60,16600,16600,OK,-8.96,,NEGATIVE_RATE,344.27,12/2/2021,1/1/2022,OK,Current,17213.5,11188.77,6024.72,0,797,OK,797,42.8,42.8,OK,63500,7 years,7 years,OWN,WA,Washington,OK
LN001204,E,E4,OK,renewable_energy,36,18200,18200,OK,26.37,26.37,OK,736.88,7/28/2022,8/30/2022,OK,Default,2210.64,1547.45,663.19,0,732,OK,732,134.69,,DTI_IMPOSSIBLE,77700,< 1 year,< 1 year,MORTGAGE,IL,Illinois,OK
LN001991,B,B3,OK,credit_card,36,,,FLAGGED,11.07,11.07,OK,304.78,3/3/2021,4/4/2021,OK,Fully Paid,11107.17,9300,1807.17,0,602,OK,602,11.02,11.02,OK,247400,2 years,2 years,RENT,MI,Michigan,OK
LN000025,D,D3,OK,moving,60,21800,21800,OK,21.87,21.87,OK,600.48,11/14/2023,12/14/2023,OK,Late (31-120 Days),2401.92,1681.34,720.58,0,801,OK,801,11.5,11.5,OK,97500,10+ years,10+ years,RENT,WV,West Virginia,OK
LN003373,F,F1,OK,renewable_energy,36,10900,10900,OK,30.51,30.51,OK,465.77,12/17/2022,1/20/2023,OK,Current,6986.55,4541.26,2445.29,0,724,OK,724,10.58,10.58,OK,36100,4 years,4 years,MORTGAGE,AK,Alaska,OK
LN003349,D,D4,OK,car,60,33800,33800,OK,18.38,18.38,OK,865.3,8/30/2023,9/29/2023,OK,Default,4326.5,3028.55,1297.95,0,747,OK,747,14.68,14.68,OK,148500,6 years,6 years,RENT,ND,North Dakota,OK
LN002495,C,B3,GRADE_MISMATCH,wedding,36,,,FLAGGED,14.81,14.81,OK,1355.24,8/7/2023,9/5/2023,OK,Current,33881,22022.65,11858.35,0,610,OK,610,6.64,6.64,OK,81500,4 years,4 years,OWN,WI,Wisconsin,OK
LN002756,C,C1,OK,car,36,26100,26100,OK,15.9,15.9,OK,916.31,1/2/2021,1/31/2021,OK,Fully Paid,32704.01,26100,6604.01,0,727,OK,727,29.94,29.94,OK,48400,3 years,3 years,MORTGAGE,OR,Oregon,OK
LN000876,D,D4,OK,educational,36,14400,14400,OK,19.36,19.36,OK,530.47,11/9/2022,12/11/2022,OK,Fully Paid,18948.91,14400,4548.91,0,766,OK,766,19.16,19.16,OK,154100,5 years,5 years,OWN,MT,Montana,OK
LN003229,D,D3,OK,debt_consolidation,60,19100,19100,OK,21.03,21.03,OK,517.04,7/12/2023,8/16/2023,OK,Fully Paid,30814.58,19100,11714.58,0,714,OK,714,43.2,43.2,OK,223500,4 years,4 years,RENT,NJ,New Jersey,OK
LN000939,C,C1,OK,small_business,36,19000,19000,OK,16.36,16.36,OK,671.37,6/28/2023,7/26/2023,OK,Current,20141.1,13091.72,7049.38,0,769,OK,769,25.33,25.33,OK,98000,5 years,5 years,MORTGAGE,AZ,Arizona,OK
LN002395,D,D3,OK,educational,36,24800,24800,OK,20.5,20.5,OK,927.99,10/16/2022,11/13/2022,OK,Fully Paid,33834.77,24800,9034.77,0,810,OK,810,16.27,16.27,OK,191100,9 years,9 years,RENT,NH,New Hampshire,OK
LN002999,F,F4,OK,medical,36,28000,28000,OK,31.24,31.24,OK,1207.74,4/21/2021,5/21/2021,OK,Charged Off,11412.64,7988.85,3423.79,20011.15,805,OK,805,21.94,21.94,OK,183600,< 1 year,< 1 year,RENT,MT,Montana,OK
LN000386,A,F4,GRADE_MISMATCH,small_business,36,35700,35700,OK,5.95,5.95,OK,1085.25,11/20/2021,12/18/2021,OK,Fully Paid,39358.88,35700,3658.88,0,784,OK,784,166.09,,DTI_IMPOSSIBLE,169800,< 1 year,< 1 year,RENT,AK,Alaska,OK
LN002750,C,C1,OK,home_improvement,60,,,FLAGGED,12.94,12.94,OK,620.32,3/25/2022,4/25/2022,OK,Fully Paid,36495.96,27300,9195.96,0,798,OK,798,5.72,5.72,OK,235900,6 years,6 years,MORTGAGE,AL,Alabama,OK
LN003360,D,D5,OK,renewable_energy,60,,,FLAGGED,20.56,20.56,OK,766.66,5/24/2021,6/27/2021,OK,Fully Paid,46730.35,28600,18130.35,0,645,OK,645,42.52,42.52,OK,96300,5 years,5 years,RENT,NJ,New Jersey,OK
LN002639,B,B4,OK,credit_card,60,19600,19600,OK,11.43,11.43,OK,430.37,3/15/2021,4/18/2021,OK,Fully Paid,25740.98,19600,6140.98,0,723,OK,723,44.43,44.43,OK,148500,10+ years,10+ years,MORTGAGE,NE,Nebraska,OK
LN002292,B,B2,OK,debt_consolidation,60,38400,38400,OK,11.64,11.64,OK,847.22,5/21/2022,6/23/2022,OK,Fully Paid,49994.77,38400,11594.77,0,764,OK,764,9.76,9.76,OK,136400,,MISSING,OWN,MI,Michigan,OK
LN002508,A,A1,OK,debt_consolidation,36,23300,23300,OK,6.37,6.37,OK,712.74,11/25/2022,12/25/2022,OK,Default,3563.7,2494.59,1069.11,0,,ABOVE_MAX,893,25.16,25.16,OK,121700,7 years,7 years,OWN,SC,South Carolina,OK
LN000937,B,B2,OK,vacation,60,15900,15900,OK,11.8,11.8,OK,352.08,8/4/2022,9/7/2022,OK,Fully Paid,21020.92,15900,5120.92,0,705,OK,705,5.95,5.95,OK,67700,,MISSING,OWN,MO,Missouri,OK
LN003089,B,B4,OK,home_improvement,60,11100,11100,OK,9.11,9.11,OK,231.01,4/9/2023,5/14/2023,OK,Default,1617.07,1131.95,485.12,0,634,OK,634,39.56,39.56,OK,116600,9 years,9 years,RENT,PA,Pennsylvania,OK
LN002361,G,G4,OK,home_improvement,60,21300,21300,OK,33.44,33.44,OK,734.8,7/19/2023,8/17/2023,OK,Late (31-120 Days),4408.8,3086.16,1322.64,0,608,OK,608,32.74,32.74,OK,107700,3 years,3 years,OWN,SD,South Dakota,OK
LN002618,D,D2,OK,debt_consolidation,60,35000,35000,OK,-19.59,,NEGATIVE_RATE,919.32,11/20/2021,12/22/2021,OK,Fully Paid,54058.05,35000,19058.05,0,723,OK,723,15.49,15.49,OK,61700,3 years,3 years,MORTGAGE,FL,Florida,OK
LN001333,E,E3,OK,small_business,60,34300,34300,OK,26.51,26.51,OK,1037.34,4/24/2022,5/29/2022,OK,Fully Paid,62233.48,34300,27933.48,0,744,OK,744,43.59,43.59,OK,35300,7 years,7 years,OWN,MI,Michigan,OK
LN001935,B,B1,OK,home_improvement,60,10300,10300,OK,9.42,9.42,OK,215.92,3/11/2021,4/14/2021,OK,Current,12307.44,7999.84,4307.6,0,656,OK,656,40.46,40.46,OK,132900,5 years,5 years,MORTGAGE,VT,Vermont,OK
LN000936,E,E5,OK,credit_card,60,5600,5600,OK,25.49,25.49,OK,165.98,11/29/2023,1/1/2024,OK,Late (31-120 Days),1659.8,1161.86,497.94,0,727,OK,727,33.09,33.09,OK,238600,4 years,4 years,OWN,IL,Illinois,OK
LN002419,A,A3,OK,home_improvement,60,39300,39300,OK,6.78,6.78,OK,774.11,12/30/2023,1/31/2024,OK,Current,19352.75,12579.29,6773.46,0,651,OK,651,38.66,38.66,OK,86500,1 year,1 year,MORTGAGE,CT,Connecticut,OK
LN000567,F,F2,OK,major_purchase,60,13500,13500,OK,28.21,28.21,OK,422.05,4/26/2021,5/24/2021,OK,Fully Paid,25081.71,13500,11581.71,0,605,OK,605,210.93,,DTI_IMPOSSIBLE,81200,4 years,4 years,MORTGAGE,DE,Delaware,OK
LN001855,A,A1,OK,major_purchase,36,14100,14100,OK,7.1,7.1,OK,436.01,5/16/2023,6/14/2023,OK,Current,14388.33,9352.41,5035.92,0,813,OK,813,5.35,5.35,OK,71700,4 years,4 years,RENT,MS,Mississippi,OK
LN003191,D,D2,OK,home_improvement,60,9100,9100,OK,21.4,21.4,OK,248.24,6/28/2021,7/28/2021,OK,Fully Paid,14793.61,9100,5693.61,0,673,OK,673,207.77,,DTI_IMPOSSIBLE,175600,8 years,8 years,MORTGAGE,WA,Washington,OK
LN001646,B,B4,OK,car,36,7500,7500,OK,8.96,8.96,OK,238.36,11/5/2022,12/6/2022,OK,Default,1191.8,834.26,357.54,0,808,OK,808,20.24,20.24,OK,78500,1 year,1 year,MORTGAGE,PA,Pennsylvania,OK
LN003008,E,E4,OK,moving,36,12500,12500,OK,25.75,25.75,OK,501.97,12/15/2021,1/12/2022,OK,Fully Paid,18334.05,12500,5834.05,0,702,OK,702,21.34,21.34,OK,80200,,MISSING,RENT,AL,Alabama,OK
LN001793,D,D2,OK,moving,60,9500,9500,OK,21.75,21.75,OK,261.03,8/13/2022,9/17/2022,OK,Charged Off,5281.24,3696.87,1584.37,5803.13,773,OK,773,9.64,9.64,OK,230300,3 years,3 years,RENT,VT,Vermont,OK
LN001431,D,D2,OK,wedding,60,31100,31100,OK,21.66,21.66,OK,852.95,5/13/2023,6/14/2023,OK,Fully Paid,51819.03,31100,20719.03,0,614,OK,614,28.51,28.51,OK,130200,10+ years,10+ years,MORTGAGE,NV,Nevada,OK
LN003344,C,C1,OK,credit_card,36,27300,27300,OK,15.34,15.34,OK,950.92,11/23/2021,12/24/2021,OK,Late (31-120 Days),3803.68,2662.58,1141.1,0,818,OK,818,44.85,44.85,OK,155500,< 1 year,< 1 year,MORTGAGE,GA,Georgia,OK
LN001014,D,D4,OK,credit_card,60,4900,4900,OK,18,18,OK,124.43,1/24/2021,2/28/2021,OK,Fully Paid,7432.15,4900,2532.15,0,770,OK,770,37.27,37.27,OK,97300,9 years,9 years,RENT,ID,Idaho,OK
LN001929,D,D5,OK,educational,60,2100,2100,OK,19.1,19.1,OK,54.59,3/10/2022,4/8/2022,OK,Late (31-120 Days),655.08,458.56,196.52,0,677,OK,677,44.29,44.29,OK,180800,7 years,7 years,RENT,AR,Arkansas,OK
LN002700,D,D2,OK,moving,60,32900,32900,OK,17.53,17.53,OK,827.05,10/7/2021,9/27/2021,DATE_SEQUENCE_ERROR,Late (31-120 Days),2481.15,1736.81,744.35,0,810,OK,810,17.49,17.49,OK,54700,10+ years,10+ years,OWN,SD,South Dakota,OK
LN000127,A,A3,OK,moving,36,17300,17300,OK,5.73,5.73,OK,524.19,1/22/2021,2/20/2021,OK,Fully Paid,18680.56,17300,1380.56,0,604,OK,604,7.02,7.02,OK,182300,10+ years,10+ years,OWN,HI,Hawaii,OK
LN002514,E,E3,OK,vacation,60,11800,11800,OK,24.33,24.33,OK,341.73,2/8/2022,3/8/2022,OK,Current,5467.68,3553.99,1913.69,0,587,OK,587,13.09,13.09,OK,135000,< 1 year,< 1 year,MORTGAGE,KS,Kansas,OK
LN001348,D,D4,OK,debt_consolidation,36,13800,13800,OK,19.84,19.84,OK,511.73,12/13/2023,1/12/2024,OK,Late (31-120 Days),5629.03,3940.32,1688.71,0,597,OK,597,19.73,19.73,OK,200300,10+ years,10+ years,RENT,CA,California,OK
LN000356,A,A3,OK,credit_card,36,39100,39100,OK,5.15,5.15,OK,1174.5,7/15/2021,8/18/2021,OK,Fully Paid,42110.38,39100,3010.38,0,691,OK,691,35.95,35.95,OK,78400,8 years,8 years,OWN,IL,Illinois,OK
LN000828,F,F2,OK,small_business,36,23500,23500,OK,28.56,28.56,OK,979.17,7/4/2022,8/8/2022,OK,Fully Paid,35057.81,23500,11557.81,0,777,OK,777,30.67,30.67,OK,209100,9 years,9 years,MORTGAGE,HI,Hawaii,OK
LN001640,C,C2,OK,credit_card,36,,,FLAGGED,14.52,14.52,OK,1311.81,5/26/2022,6/23/2022,OK,Default,9182.67,6427.87,2754.8,0,817,OK,817,16.95,16.95,OK,220800,< 1 year,< 1 year,MORTGAGE,AL,Alabama,OK
LN000985,C,C4,OK,moving,36,23700,23700,OK,15.53,15.53,OK,827.73,1/4/2023,2/2/2023,OK,Late (31-120 Days),6621.84,4635.29,1986.55,0,650,OK,650,12.91,12.91,OK,210600,3 years,3 years,MORTGAGE,MA,Massachusetts,OK
LN002189,D,D1,OK,major_purchase,60,11500,11500,OK,19.29,19.29,OK,300.15,6/3/2021,7/4/2021,OK,Fully Paid,17979.02,11500,6479.02,0,613,OK,613,30.44,30.44,OK,209200,5 years,5 years,OWN,NJ,New Jersey,OK
LN003053,A,A5,OK,debt_consolidation,60,37300,37300,OK,-6.58,,NEGATIVE_RATE,731.22,4/10/2021,5/14/2021,OK,Fully Paid,43350.92,37300,6050.92,0,819,OK,819,28.02,28.02,OK,179700,1 year,1 year,MORTGAGE,NM,New Mexico,OK
LN002444,A,A4,OK,major_purchase,36,,,FLAGGED,6.65,6.65,OK,906.16,5/16/2022,6/17/2022,OK,Charged Off,12161.15,8512.8,3648.34,20987.2,736,OK,736,29.48,29.48,OK,188600,2 years,2 years,RENT,MO,Missouri,OK
LN000363,C,C1,OK,debt_consolidation,36,28100,28100,OK,13.72,13.72,OK,956.57,10/26/2022,11/30/2022,OK,Fully Paid,33964.06,28100,5864.06,0,668,OK,668,32.37,32.37,OK,170500,7 years,7 years,RENT,NC,North Carolina,OK
LN002350,F,F2,OK,debt_consolidation,36,7300,7300,OK,30.63,30.63,OK,312.42,12/8/2021,1/5/2022,OK,Charged Off,4018.84,2813.19,1205.65,4486.81,594,OK,594,41.38,41.38,OK,166900,3 years,3 years,RENT,NH,New Hampshire,OK
LN000346,F,F2,OK,credit_card,36,6000,6000,OK,-27.63,,NEGATIVE_RATE,246.98,8/4/2023,9/7/2023,OK,Current,4692.62,3050.2,1642.42,0,592,OK,592,19.65,19.65,OK,54000,< 1 year,< 1 year,MORTGAGE,TN,Tennessee,OK
LN002625,C,C4,OK,major_purchase,60,24300,24300,OK,14.01,14.01,OK,565.54,10/12/2022,11/14/2022,OK,Fully Paid,33702.78,24300,9402.78,0,806,OK,806,7.33,7.33,OK,127400,10+ years,10+ years,OWN,SC,South Carolina,OK
LN003044,A,A3,OK,medical,36,7800,7800,OK,7.58,7.58,OK,242.92,1/29/2021,2/26/2021,OK,Charged Off,2303.62,1612.53,691.09,6187.47,629,OK,629,34.32,34.32,OK,152100,10+ years,10+ years,RENT,TN,Tennessee,OK
LN000712,D,D3,OK,car,36,31000,31000,OK,18.56,18.56,OK,1129.45,2/5/2023,3/8/2023,OK,Default,9035.6,6324.92,2710.68,0,690,OK,690,40.31,40.31,OK,198500,6 years,6 years,RENT,MA,Massachusetts,OK
LN002476,C,C1,OK,renewable_energy,36,,,FLAGGED,12.55,12.55,OK,682.94,6/2/2021,7/1/2021,OK,Fully Paid,24489.47,20400,4089.47,0,729,OK,729,13.16,13.16,OK,38500,4 years,4 years,RENT,CA,California,OK
LN000011,F,F1,OK,educational,36,4500,4500,OK,31.41,31.41,OK,194.52,8/28/2021,9/27/2021,OK,Fully Paid,6995.8,4500,2495.8,0,720,OK,720,11.61,11.61,OK,241100,10+ years,10+ years,OWN,IN,Indiana,OK
LN002891,D,D2,OK,small_business,36,,,FLAGGED,17.47,17.47,OK,1202.22,12/2/2023,1/4/2024,OK,Current,6011.1,3907.22,2103.89,0,787,OK,787,32.6,32.6,OK,181100,2 years,2 years,OWN,TN,Tennessee,OK
LN002117,B,B4,OK,home_improvement,36,13800,13800,OK,9.64,9.64,OK,442.96,12/31/2022,1/29/2023,OK,Fully Paid,15875.79,13800,2075.79,0,720,OK,720,27.8,27.8,OK,171000,10+ years,10+ years,MORTGAGE,AZ,Arizona,OK
LN001835,E,E4,OK,home_improvement,60,,,FLAGGED,-23,,NEGATIVE_RATE,524.34,10/11/2023,11/8/2023,OK,Charged Off,6003.16,4202.21,1800.95,14397.79,715,OK,715,12.7,12.7,OK,168300,3 years,3 years,RENT,CO,Colorado,OK
LN000794,A,A4,OK,medical,60,14500,14500,OK,6.41,6.41,OK,283.1,8/4/2023,9/8/2023,OK,Current,13871.9,9016.74,4855.16,0,707,OK,707,16.3,16.3,OK,106300,7 years,7 years,RENT,ND,North Dakota,OK
LN003316,A,A2,OK,moving,60,23100,23100,OK,6.88,6.88,OK,456.1,4/13/2023,5/17/2023,OK,Current,9122,5929.3,3192.7,0,720,OK,720,7.5,7.5,OK,59000,< 1 year,< 1 year,RENT,WY,Wyoming,OK
LN000095,C,C5,OK,wedding,36,29900,29900,OK,15.07,15.07,OK,1037.52,3/11/2021,4/13/2021,OK,Current,23862.96,15510.92,8352.04,0,,NULL,,22.59,22.59,OK,217000,5 years,5 years,RENT,LA,Louisiana,OK
LN000130,A,A1,OK,wedding,36,19500,19500,OK,6.66,6.66,OK,599.08,6/29/2023,7/28/2023,OK,Fully Paid,21524.05,19500,2024.05,0,720,OK,720,16.19,16.19,OK,73600,1 year,1 year,RENT,MS,Mississippi,OK
LN002372,C,C3,OK,small_business,60,9600,9600,OK,13.74,13.74,OK,222.08,3/20/2022,4/24/2022,OK,Current,4885.76,3175.74,1710.02,0,818,OK,818,42.99,42.99,OK,182200,9 years,9 years,RENT,OR,Oregon,OK
LN002686,A,A2,OK,moving,36,33700,33700,OK,5.61,5.61,OK,1019.27,8/28/2023,9/27/2023,OK,Default,11211.97,7848.38,3363.59,0,769,OK,769,39.95,39.95,OK,84500,5 years,5 years,RENT,TX,Texas,OK
LN003484,B,B4,OK,medical,36,13500,13500,OK,11.22,11.22,OK,443.38,12/25/2022,1/26/2023,OK,Late (31-120 Days),3103.66,2172.56,931.1,0,667,OK,667,7.65,7.65,OK,42200,2 years,2 years,RENT,IL,Illinois,OK
LN002264,D,D4,OK,car,36,,,FLAGGED,19.77,19.77,OK,200.05,5/30/2023,7/4/2023,OK,Charged Off,2924.97,2047.48,877.49,3352.52,769,OK,769,22.97,22.97,OK,62000,6 years,6 years,MORTGAGE,OH,Ohio,OK
LN002630,A,A5,OK,major_purchase,60,9600,9600,OK,6.03,6.03,OK,185.73,5/25/2021,6/22/2021,OK,Fully Paid,11251.02,9600,1651.02,0,778,OK,778,43.31,43.31,OK,232700,7 years,7 years,OWN,WY,Wyoming,OK
LN002867,B,B1,OK,credit_card,60,35600,35600,OK,9.2,9.2,OK,742.46,8/7/2021,9/7/2021,OK,Fully Paid,43669.36,35600,8069.36,0,,ABOVE_MAX,910,22.39,22.39,OK,96300,9 years,9 years,RENT,UT,Utah,OK
LN001933,A,A4,OK,small_business,36,32500,32500,OK,6.48,6.48,OK,995.8,2/19/2021,3/21/2021,OK,Fully Paid,35406.25,32500,2906.25,0,698,OK,698,42.57,42.57,OK,84200,6 years,6 years,RENT,MI,Michigan,OK
LN002578,G,G4,OK,educational,36,38700,38700,OK,32.54,32.54,OK,1697.18,4/23/2021,5/21/2021,OK,Fully Paid,60110.76,38700,21410.76,0,628,OK,628,25.29,25.29,OK,130000,8 years,8 years,OWN,IA,Iowa,OK
LN001866,A,A1,OK,vacation,60,21500,21500,OK,6.96,6.96,OK,425.32,6/3/2021,7/8/2021,OK,Fully Paid,25466.32,21500,3966.32,0,736,OK,736,34.16,34.16,OK,238200,7 years,7 years,MORTGAGE,NM,New Mexico,OK
LN001659,C,C4,OK,renewable_energy,36,32000,32000,OK,14.4,14.4,OK,1099.91,11/1/2023,12/6/2023,OK,Current,37396.94,24308.01,13088.93,0,614,OK,614,38.63,38.63,OK,162800,10+ years,10+ years,MORTGAGE,DE,Delaware,OK
LN000517,C,C2,OK,small_business,36,21000,21000,OK,12.7,12.7,OK,704.54,10/3/2021,10/31/2021,OK,Fully Paid,25716.12,21000,4716.12,0,690,OK,690,44.18,44.18,OK,228000,8 years,8 years,MORTGAGE,OK,Oklahoma,OK
LN001858,A,A4,OK,vacation,60,,,FLAGGED,7.06,7.06,OK,136.82,7/11/2021,8/14/2021,OK,Current,7798.74,5069.18,2729.56,0,688,OK,688,14.62,14.62,OK,170100,4 years,4 years,RENT,MT,Montana,OK
LN002244,C,C4,OK,renewable_energy,36,2200,2200,OK,12.75,12.75,OK,73.86,7/5/2021,8/7/2021,OK,Current,1181.76,768.14,413.62,0,682,OK,682,33.93,33.93,OK,192100,6 years,6 years,RENT,FL,Florida,OK
LN001278,B,B1,OK,major_purchase,36,26800,26800,OK,8.94,8.94,OK,851.48,10/17/2022,11/16/2022,OK,Fully Paid,31106.51,26800,4306.51,0,707,OK,707,38.22,38.22,OK,32300,10+ years,10+ years,RENT,SD,South Dakota,OK
LN003469,A,A1,OK,wedding,60,33600,33600,OK,6.09,6.09,OK,650.99,3/26/2022,4/26/2022,OK,Current,20180.69,13117.45,7063.24,0,665,OK,665,18.05,18.05,OK,25400,3 years,3 years,MORTGAGE,NV,Nevada,OK
LN000951,D,D4,OK,vacation,60,13100,13100,OK,20.41,20.41,OK,350.07,3/4/2023,4/5/2023,OK,Fully Paid,21414.18,13100,8314.18,0,696,OK,696,24.17,24.17,OK,87700,5 years,5 years,MORTGAGE,IA,Iowa,OK
LN001121,A,A4,OK,wedding,60,,,FLAGGED,5.51,5.51,OK,727.93,7/14/2023,8/15/2023,OK,Fully Paid,43079.35,38100,4979.35,0,642,OK,642,40.18,40.18,OK,78400,4 years,4 years,MORTGAGE,ND,North Dakota,OK
LN002205,B,B1,OK,vacation,36,27500,27500,OK,10.16,10.16,OK,889.41,6/21/2022,7/25/2022,OK,Fully Paid,32436.77,27500,4936.77,0,706,OK,706,23.15,23.15,OK,87800,4 years,4 years,MORTGAGE,NJ,New Jersey,OK
LN000420,A,A3,OK,car,36,27300,27300,OK,7.12,7.12,OK,844.44,3/21/2021,4/25/2021,OK,Charged Off,7429.75,5200.82,2228.92,22099.18,766,OK,766,36.24,36.24,OK,53700,6 years,6 years,RENT,VT,Vermont,OK
LN000923,A,A2,OK,moving,36,33100,33100,OK,6.73,6.73,OK,1017.95,11/19/2022,12/23/2022,OK,Current,26466.7,17203.35,9263.34,0,785,OK,785,37.07,37.07,OK,201600,4 years,4 years,MORTGAGE,KS,Kansas,OK
LN002642,F,F4,OK,educational,60,,,FLAGGED,30.86,30.86,OK,970.07,3/8/2021,4/11/2021,OK,Charged Off,10454.66,7318.26,3136.4,22181.74,714,OK,714,24.27,24.27,OK,232800,7 years,7 years,OTHER,WV,West Virginia,OK
LN000478,C,C4,OK,wedding,36,22500,22500,OK,13.57,13.57,OK,764.31,1/31/2023,3/7/2023,OK,Charged Off,13323.84,9326.69,3997.15,13173.31,676,OK,676,27.81,27.81,OK,157000,6 years,6 years,MORTGAGE,CT,Connecticut,OK
LN002036,A,A5,OK,moving,36,37500,37500,OK,7.46,7.46,OK,1165.79,4/12/2021,5/12/2021,OK,Fully Paid,41515.44,37500,4015.44,0,591,OK,591,17.97,17.97,OK,54700,4 years,4 years,RENT,FL,Florida,OK
LN002944,B,B2,OK,car,36,37600,37600,OK,9.11,9.11,OK,1197.6,11/27/2021,12/29/2021,OK,Current,10778.4,7005.96,3772.44,0,721,OK,721,5.15,5.15,OK,180300,7 years,7 years,MORTGAGE,SC,South Carolina,OK
LN001693,D,D4,OK,moving,36,22500,22500,OK,19.44,19.44,OK,829.77,8/6/2021,9/3/2021,OK,Fully Paid,30306.94,22500,7806.94,0,737,OK,737,7.89,7.89,OK,86300,7 years,7 years,RENT,MT,Montana,OK
LN002656,C,C4,OK,small_business,36,13500,13500,OK,14.1,14.1,OK,462.05,6/4/2023,7/3/2023,OK,Fully Paid,16535.36,13500,3035.36,0,685,OK,685,38.57,38.57,OK,81300,5 years,5 years,OTHER,FL,Florida,OK
LN001472,C,C5,OK,wedding,36,23300,23300,OK,13.7,13.7,OK,792.95,6/27/2022,7/25/2022,OK,Fully Paid,28816.79,23300,5516.79,0,775,OK,775,26.16,26.16,OK,107500,4 years,4 years,MORTGAGE,SD,South Dakota,OK
LN001203,B,B2,OK,moving,36,,,FLAGGED,10.09,10.09,OK,326.33,10/7/2022,11/8/2022,OK,Current,2936.97,1909.03,1027.94,0,618,OK,618,35.57,35.57,OK,140500,2 years,2 years,RENT,AK,Alaska,OK
LN002439,E,E5,OK,educational,60,8400,8400,OK,23.78,23.78,OK,240.58,4/13/2023,5/18/2023,OK,Current,2646.38,1720.15,926.23,0,668,OK,668,16.06,16.06,OK,202000,,MISSING,MORTGAGE,NV,Nevada,OK
LN001670,C,C4,OK,debt_consolidation,60,29200,29200,OK,13.62,13.62,OK,673.69,7/16/2023,8/20/2023,OK,Default,6736.9,4715.83,2021.07,0,662,OK,662,33.13,33.13,OK,53900,,MISSING,OWN,NY,New York,OK
LN003330,C,C5,OK,credit_card,36,24400,24400,OK,14.68,14.68,OK,842.02,1/16/2021,2/13/2021,OK,Fully Paid,30360.95,24400,5960.95,0,799,OK,799,5.09,5.09,OK,26200,2 years,2 years,RENT,AL,Alabama,OK
LN001971,E,E5,OK,wedding,36,26000,26000,OK,22.76,22.76,OK,1003.2,10/29/2021,11/28/2021,OK,Fully Paid,36170.57,26000,10170.57,0,,NULL,,36.16,36.16,OK,112500,2 years,2 years,RENT,CT,Connecticut,OK
LN002152,B,B5,OK,wedding,36,,,FLAGGED,10.59,10.59,OK,768.06,8/28/2022,10/2/2022,OK,Current,16129.26,10484.02,5645.24,0,685,OK,685,8.33,8.33,OK,46900,3 years,3 years,RENT,AZ,Arizona,OK
LN000821,C,C1,OK,wedding,36,,,FLAGGED,13.6,13.6,OK,1158.84,6/7/2023,7/12/2023,OK,Fully Paid,42545.49,34100,8445.49,0,760,OK,760,129.27,,DTI_IMPOSSIBLE,48400,10+ years,10+ years,MORTGAGE,VA,Virginia,OK
LN001998,A,A3,OK,small_business,36,3600,3600,OK,6.37,6.37,OK,110.12,1/6/2023,2/8/2023,OK,Current,2422.64,1574.72,847.92,0,785,OK,785,24.09,24.09,OK,73000,1 year,1 year,RENT,OR,Oregon,OK
LN003440,F,F5,OK,home_improvement,60,13600,13600,OK,29.69,29.69,OK,437.42,6/11/2023,7/10/2023,OK,Charged Off,3151.01,2205.71,945.3,11394.29,800,OK,800,24.14,24.14,OK,184800,1 year,1 year,OWN,UT,Utah,OK
LN001249,D,D1,OK,credit_card,36,26700,26700,OK,21.08,21.08,OK,1007.02,7/25/2023,8/26/2023,OK,Charged Off,8928.17,6249.72,2678.45,20450.28,679,OK,679,44.73,44.73,OK,27500,8 years,8 years,OTHER,AL,Alabama,OK
LN002638,D,D2,OK,home_improvement,60,39600,39600,OK,19,19,OK,1027.25,1/19/2021,2/21/2021,OK,Late (31-120 Days),6163.5,4314.45,1849.05,0,754,OK,754,7.09,7.09,OK,185200,5 years,5 years,OWN,MN,Minnesota,OK
LN003189,C,C3,OK,small_business,60,39800,39800,OK,13.01,13.01,OK,905.78,10/5/2022,11/2/2022,OK,Current,17209.82,11186.38,6023.44,0,752,OK,752,5.67,5.67,OK,92500,9 years,9 years,MORTGAGE,IN,Indiana,OK
LN002191,D,D3,OK,major_purchase,36,18500,18500,OK,18.62,18.62,OK,674.59,3/4/2023,4/4/2023,OK,Current,18213.93,11839.05,6374.88,0,614,OK,614,27.53,27.53,OK,58900,5 years,5 years,RENT,MS,Mississippi,OK
LN003132,B,B4,OK,debt_consolidation,36,3400,3400,OK,11.62,11.62,OK,112.31,6/7/2021,7/9/2021,OK,Late (31-120 Days),1010.79,707.55,303.24,0,755,OK,755,29.83,29.83,OK,78100,3 years,3 years,MORTGAGE,VA,Virginia,OK
LN001047,A,A4,OK,renewable_energy,60,24000,24000,OK,7.6,7.6,OK,482.05,4/30/2021,5/30/2021,OK,Current,10605.1,6893.32,3711.78,0,681,OK,681,14.78,14.78,OK,31700,,MISSING,MORTGAGE,KY,Kentucky,OK
LN001889,B,B3,OK,credit_card,60,38700,38700,OK,10.34,10.34,OK,828.75,11/4/2022,12/8/2022,OK,Late (31-120 Days),4143.75,2900.62,1243.12,0,767,OK,767,6.49,6.49,OK,203000,9 years,9 years,RENT,ME,Maine,OK
LN002470,E,E3,OK,renewable_energy,36,39600,39600,OK,22.63,22.63,OK,1525.28,6/6/2023,5/27/2023,DATE_SEQUENCE_ERROR,Fully Paid,55657.09,39600,16057.09,0,748,OK,748,21.93,21.93,OK,242100,6 years,6 years,MORTGAGE,AB,,INVALID_STATE
LN000616,G,G1,OK,educational,36,32000,32000,OK,32.78,32.78,OK,1407.63,4/11/2022,5/11/2022,OK,Current,49267.05,32023.58,17243.47,0,588,OK,588,10.11,10.11,OK,60600,3 years,3 years,MORTGAGE,OK,Oklahoma,OK
LN001319,C,C3,OK,car,60,21100,21100,OK,14.34,14.34,OK,494.69,4/21/2021,5/19/2021,OK,Fully Paid,29919.36,21100,8819.36,0,818,OK,818,11.12,11.12,OK,234700,9 years,9 years,RENT,AR,Arkansas,OK
LN003462,A,A4,OK,moving,36,8200,8200,OK,7.07,7.07,OK,253.45,2/1/2021,3/3/2021,OK,Fully Paid,9278.6,8200,1078.6,0,614,OK,614,27.78,27.78,OK,129300,3 years,3 years,MORTGAGE,AZ,Arizona,OK
LN003497,A,B4,GRADE_MISMATCH,vacation,36,32300,32300,OK,5.16,5.16,OK,970.38,8/10/2023,9/12/2023,OK,Current,17466.84,11353.45,6113.39,0,726,OK,726,7.98,7.98,OK,110500,2 years,2 years,MORTGAGE,CT,Connecticut,OK
LN002137,D,D2,OK,car,36,37900,37900,OK,20.3,20.3,OK,1414.3,6/11/2023,7/11/2023,OK,Late (31-120 Days),9900.1,6930.07,2970.03,0,807,OK,807,42.17,42.17,OK,32100,2 years,2 years,MORTGAGE,GA,Georgia,OK
LN002941,C,C5,OK,small_business,36,,,FLAGGED,12.92,12.92,OK,878.41,10/28/2023,11/29/2023,OK,Charged Off,2232.76,1562.93,669.83,24537.07,608,OK,608,20.58,20.58,OK,200400,6 years,6 years,RENT,UT,Utah,OK
LN001773,E,E4,OK,car,60,10100,10100,OK,25.19,25.19,OK,297.57,12/13/2021,1/13/2022,OK,Current,13985.79,9090.76,4895.03,0,585,OK,585,29.56,29.56,OK,113200,3 years,3 years,MORTGAGE,FL,Florida,OK
LN002276,B,B2,OK,credit_card,60,15300,15300,OK,10.52,10.52,OK,329.01,11/26/2023,12/26/2023,OK,Default,329.01,230.31,98.7,0,724,OK,724,39.86,39.86,OK,133600,< 1 year,< 1 year,RENT,IN,Indiana,OK
LN000132,A,A5,OK,major_purchase,36,32500,32500,OK,7.22,7.22,OK,1006.78,3/5/2021,4/6/2021,OK,Charged Off,10693.26,7485.28,3207.98,25014.72,710,OK,710,26.29,26.29,OK,147700,5 years,5 years,RENT,MI,Michigan,OK
LN000078,C,C1,OK,debt_consolidation,60,13400,13400,OK,16.46,16.46,OK,329.15,5/17/2022,6/17/2022,OK,Fully Paid,19958.46,13400,6558.46,0,633,OK,633,28.46,28.46,OK,120400,3 years,3 years,RENT,RI,Rhode Island,OK
LN002053,A,A2,OK,credit_card,36,36200,36200,OK,6.67,6.67,OK,1112.3,11/19/2023,12/18/2023,OK,Charged Off,5013.29,3509.3,1503.99,32690.7,686,OK,686,9.31,9.31,OK,140900,6 years,6 years,MORTGAGE,AL,Alabama,OK
LN000725,D,G4,GRADE_MISMATCH,credit_card,60,12200,12200,OK,21.58,21.58,OK,334.04,11/7/2023,12/11/2023,OK,Default,3340.4,2338.28,1002.12,0,711,OK,711,13.12,13.12,OK,188900,2 years,2 years,RENT,HI,Hawaii,OK
LN001315,E,E5,OK,credit_card,36,3400,3400,OK,24.33,24.33,OK,133.98,9/5/2021,10/9/2021,OK,Fully Paid,4858.43,3400,1458.43,0,,NULL,,7.3,7.3,OK,119500,10+ years,10+ years,OWN,NJ,New Jersey,OK
LN001852,A,A3,OK,credit_card,36,15300,15300,OK,6.13,6.13,OK,466.36,10/9/2021,11/7/2021,OK,Charged Off,2108.73,1476.11,632.62,13823.89,580,OK,580,8.94,8.94,OK,244300,7 years,7 years,RENT,KS,Kansas,OK
LN002752,B,B2,OK,major_purchase,60,,,FLAGGED,11.02,11.02,OK,598.19,1/14/2022,2/17/2022,OK,Current,23927.6,15552.94,8374.66,0,731,OK,731,6.52,6.52,OK,100500,10+ years,10+ years,MORTGAGE,CA,California,OK
LN001373,D,D2,OK,debt_consolidation,36,7800,7800,OK,18.65,18.65,OK,284.54,1/18/2022,2/16/2022,OK,Fully Paid,10398.24,7800,2598.24,0,638,OK,638,5.88,5.88,OK,105800,3 years,3 years,OWN,CA,California,OK
LN001856,F,F1,OK,renewable_energy,60,32000,32000,OK,28.78,28.78,OK,1011.46,9/14/2022,10/14/2022,OK,Fully Paid,59489.43,32000,27489.43,0,675,OK,675,8.24,8.24,OK,70100,10+ years,10+ years,MORTGAGE,CO,Colorado,OK
LN001320,B,B3,OK,small_business,36,2800,2800,OK,10.04,10.04,OK,90.4,4/24/2023,5/28/2023,OK,Fully Paid,3214.87,2800,414.87,0,658,OK,658,29.19,29.19,OK,102200,8 years,8 years,MORTGAGE,MN,Minnesota,OK
LN003447,D,D2,OK,moving,36,32500,32500,OK,21.15,21.15,OK,1226.94,5/26/2023,6/24/2023,OK,Current,35581.26,23127.82,12453.44,0,815,OK,815,8.01,8.01,OK,230200,< 1 year,< 1 year,MORTGAGE,WI,Wisconsin,OK
LN002608,A,A5,OK,car,36,,,FLAGGED,6.74,6.74,OK,587.48,10/19/2022,11/18/2022,OK,Charged Off,10689.01,7482.31,3206.7,11617.69,662,OK,662,34.59,34.59,OK,136900,5 years,5 years,RENT,NM,New Mexico,OK
LN000376,A,A2,OK,home_improvement,60,3600,3600,OK,6.26,6.26,OK,70.03,3/18/2021,4/19/2021,OK,Current,2170.93,1411.1,759.83,0,653,OK,653,30.06,30.06,OK,73100,10+ years,10+ years,MORTGAGE,AL,Alabama,OK
LN001909,B,B1,OK,major_purchase,60,11600,11600,OK,10.78,10.78,OK,250.94,3/9/2021,4/9/2021,OK,Fully Paid,15109.62,11600,3509.62,0,781,OK,781,6.29,6.29,OK,44000,,MISSING,RENT,AZ,Arizona,OK
LN000334,B,B5,OK,car,36,9300,9300,OK,-11,,NEGATIVE_RATE,304.47,4/29/2021,6/2/2021,OK,Current,5175.99,3364.39,1811.6,0,647,OK,647,8.17,8.17,OK,123100,5 years,5 years,MORTGAGE,SC,South Carolina,OK
LN002705,D,D3,OK,wedding,36,1200,1200,OK,21.1,21.1,OK,45.27,7/11/2022,8/10/2022,OK,Charged Off,503.17,352.22,150.95,847.78,720,OK,720,7.89,7.89,OK,99100,< 1 year,< 1 year,MORTGAGE,UT,Utah,OK
LN002758,A,A2,OK,debt_consolidation,36,8500,8500,OK,7.98,7.98,OK,266.28,7/18/2023,8/22/2023,OK,Fully Paid,9430.41,8500,930.41,0,627,OK,627,21.53,21.53,OK,114100,7 years,7 years,MORTGAGE,WY,Wyoming,OK
LN002366,F,F4,OK,debt_consolidation,36,27500,27500,OK,31.43,31.43,OK,1189.06,9/24/2021,10/27/2021,OK,Current,4756.24,3091.56,1664.68,0,602,OK,602,6.34,6.34,OK,177200,9 years,9 years,MORTGAGE,RI,Rhode Island,OK
LN001605,D,D5,OK,wedding,60,31200,31200,OK,17.99,17.99,OK,792.11,10/25/2022,11/29/2022,OK,Fully Paid,47449.84,31200,16249.84,0,628,OK,628,16.93,16.93,OK,100300,9 years,9 years,MORTGAGE,MD,Maryland,OK
LN001119,E,E5,OK,home_improvement,36,4100,4100,OK,23.71,23.71,OK,160.23,9/21/2022,10/19/2022,OK,Late (31-120 Days),1121.61,785.13,336.48,0,644,OK,644,38.4,38.4,OK,75800,10+ years,10+ years,MORTGAGE,WV,West Virginia,OK
LN003394,D,D2,OK,credit_card,36,31100,31100,OK,18.28,18.28,OK,1128.71,4/27/2021,6/1/2021,OK,Current,11287.1,7336.62,3950.48,0,608,OK,608,8.85,8.85,OK,151100,5 years,5 years,RENT,KY,Kentucky,OK
LN001944,A,A5,OK,moving,36,28400,28400,OK,7.18,7.18,OK,879.25,12/7/2023,1/10/2024,OK,Charged Off,7816.46,5471.52,2344.94,22928.48,706,OK,706,25.1,25.1,OK,188500,3 years,3 years,MORTGAGE,IA,Iowa,OK
LN002715,C,C2,OK,major_purchase,60,7700,7700,OK,15.66,15.66,OK,185.86,9/27/2023,10/29/2023,OK,Fully Paid,11024.89,7700,3324.89,0,643,OK,643,35.95,35.95,OK,72900,4 years,4 years,RENT,RI,Rhode Island,OK
LN002377,A,A3,OK,major_purchase,36,20700,20700,OK,7.06,7.06,OK,639.72,11/3/2022,12/6/2022,OK,Current,19831.32,12890.36,6940.96,0,749,OK,749,20.98,20.98,OK,177300,9 years,9 years,OWN,MO,Missouri,OK
LN003017,B,B1,OK,credit_card,36,27500,27500,OK,11.54,11.54,OK,907.36,10/12/2022,11/15/2022,OK,Fully Paid,32972.26,27500,5472.26,0,705,OK,705,34.09,34.09,OK,89000,,MISSING,RENT,TN,Tennessee,OK
LN001343,B,B2,OK,medical,60,12000,12000,OK,11.94,11.94,OK,266.57,6/4/2023,7/4/2023,OK,Fully Paid,15777.57,12000,3777.57,0,762,OK,762,25.33,25.33,OK,68400,8 years,8 years,RENT,GA,Georgia,OK
LN000321,B,B2,OK,wedding,36,27900,27900,OK,11.3,11.3,OK,917.38,8/4/2023,9/8/2023,OK,Late (31-120 Days),917.38,642.17,275.21,0,,ABOVE_MAX,957,18.89,18.89,OK,96500,5 years,5 years,RENT,ND,North Dakota,OK
LN001620,B,B2,OK,major_purchase,36,29400,29400,OK,11.68,11.68,OK,972.01,11/13/2023,12/11/2023,OK,Fully Paid,34835.96,29400,5435.96,0,682,OK,682,6.94,6.94,OK,46200,4 years,4 years,RENT,MT,Montana,OK
LN002925,B,B5,OK,car,36,39900,39900,OK,11.82,11.82,OK,1321.82,1/1/2021,1/31/2021,OK,Fully Paid,47220.65,39900,7320.65,0,750,OK,750,26.69,26.69,OK,100800,,MISSING,MORTGAGE,CO,Colorado,OK
LN002220,D,D2,OK,home_improvement,36,8600,8600,OK,21.78,21.78,OK,327.46,12/13/2021,1/16/2022,OK,Current,10806.18,7024.02,3782.16,0,812,OK,812,15.68,15.68,OK,76400,7 years,7 years,MORTGAGE,WA,Washington,OK
LN001674,C,C5,OK,credit_card,36,30000,30000,OK,15.09,15.09,OK,1041.28,4/16/2023,5/20/2023,OK,Current,9371.52,6091.49,3280.03,0,710,OK,710,35.68,35.68,OK,35800,7 years,7 years,OWN,MT,Montana,OK
LN001943,B,B5,OK,renewable_energy,36,9100,9100,OK,10.34,10.34,OK,295.09,4/18/2023,5/18/2023,OK,Current,885.27,575.43,309.84,0,774,OK,774,35.56,35.56,OK,240800,2 years,2 years,RENT,IN,Indiana,OK
LN000261,D,D4,OK,major_purchase,36,1600,1600,OK,-20.36,,NEGATIVE_RATE,59.76,8/22/2023,9/20/2023,OK,Current,2031.84,1320.7,711.14,0,618,OK,618,42.98,42.98,OK,234500,< 1 year,< 1 year,MORTGAGE,KY,Kentucky,OK
LN002814,C,C5,OK,home_improvement,60,25300,25300,OK,16.44,16.44,OK,621.18,7/16/2022,8/20/2022,OK,Current,18635.4,12113.01,6522.39,0,643,OK,643,6.9,6.9,OK,217000,5 years,5 years,MORTGAGE,NC,North Carolina,OK
LN002040,G,G5,OK,educational,60,6600,6600,OK,33.33,33.33,OK,227.23,1/7/2023,2/11/2023,OK,Current,5226.29,3397.09,1829.2,0,671,OK,671,24.85,24.85,OK,74600,10+ years,10+ years,RENT,IA,Iowa,OK
LN000690,E,E5,OK,debt_consolidation,36,6300,6300,OK,23.81,23.81,OK,246.54,2/13/2023,3/15/2023,OK,Charged Off,3273.52,2291.46,982.06,4008.54,637,OK,637,20.53,20.53,OK,214300,7 years,7 years,RENT,NJ,New Jersey,OK
LN000902,B,B2,OK,small_business,36,25900,25900,OK,11.2,11.2,OK,850.39,11/19/2021,12/24/2021,OK,Current,20409.36,13266.08,7143.28,0,775,OK,775,25.76,25.76,OK,50800,9 years,9 years,OWN,AK,Alaska,OK
LN002307,C,C3,OK,medical,36,12200,12200,OK,14.56,14.56,OK,420.29,12/20/2023,1/24/2024,OK,Late (31-120 Days),4202.9,2942.03,1260.87,0,802,OK,802,6.8,6.8,OK,111200,2 years,2 years,RENT,ID,Idaho,OK
LN002027,C,C1,OK,educational,60,33200,33200,OK,16.4,16.4,OK,814.43,9/8/2022,9/6/2022,DATE_SEQUENCE_ERROR,Current,9773.16,6352.55,3420.61,0,699,OK,699,14.67,14.67,OK,71500,8 years,8 years,RENT,ID,Idaho,OK
LN000139,B,B1,OK,car,36,25100,25100,OK,8.85,8.85,OK,796.42,4/18/2023,5/18/2023,OK,Fully Paid,28728.87,25100,3628.87,0,817,OK,817,11.32,11.32,OK,219800,5 years,5 years,RENT,ME,Maine,OK
LN001918,C,C1,OK,small_business,36,38900,38900,OK,14.5,14.5,OK,1338.98,9/30/2022,10/30/2022,OK,Fully Paid,47816.17,38900,8916.17,0,657,OK,657,38.1,38.1,OK,26000,2 years,2 years,MORTGAGE,ME,Maine,OK
LN001829,B,B4,OK,wedding,60,28400,28400,OK,8.61,8.61,OK,584.18,10/4/2023,11/1/2023,OK,Current,30961.54,20125,10836.54,0,658,OK,658,17.77,17.77,OK,49400,4 years,4 years,MORTGAGE,RI,Rhode Island,OK
LN001574,D,D1,OK,small_business,60,29700,29700,OK,19.11,19.11,OK,772.23,1/15/2023,2/13/2023,OK,Charged Off,8043.06,5630.14,2412.92,24069.86,765,OK,765,22.71,22.71,OK,191700,4 years,4 years,RENT,AR,Arkansas,OK
LN000320,C,C1,OK,moving,60,25600,25600,OK,13.98,13.98,OK,595.4,10/15/2023,10/5/2023,DATE_SEQUENCE_ERROR,Charged Off,15153.89,10607.72,4546.17,14992.28,809,OK,809,27.98,27.98,OK,137500,5 years,5 years,OTHER,NC,North Carolina,OK
LN002138,A,A4,OK,major_purchase,60,,,FLAGGED,5.07,5.07,OK,672.96,10/20/2021,11/18/2021,OK,Charged Off,13635.54,9544.88,4090.66,26055.12,690,OK,690,30.73,30.73,OK,214300,< 1 year,< 1 year,MORTGAGE,MI,Michigan,OK
LN002779,B,B2,OK,vacation,60,,,FLAGGED,9.53,9.53,OK,710.36,9/14/2022,10/18/2022,OK,Charged Off,14773.09,10341.16,4431.93,23458.84,612,OK,612,29.77,29.77,OK,236400,2 years,2 years,RENT,MN,Minnesota,OK
LN000559,D,D4,OK,credit_card,36,3800,3800,OK,19.8,19.8,OK,140.83,5/7/2023,6/8/2023,OK,Current,3943.24,2563.11,1380.13,0,604,OK,604,29.69,29.69,OK,193300,2 years,2 years,MORTGAGE,TX,Texas,OK
LN002188,B,B5,OK,vacation,36,39800,39800,OK,9.82,9.82,OK,1280.87,4/7/2023,5/8/2023,OK,Fully Paid,45971.69,39800,6171.69,0,739,OK,739,7.13,7.13,OK,249500,9 years,9 years,RENT,OH,Ohio,OK
LN000113,C,C1,OK,renewable_energy,36,,,FLAGGED,15.95,15.95,OK,674.54,7/2/2022,7/30/2022,OK,Current,16188.96,10522.82,5666.14,0,649,OK,649,9.98,9.98,OK,175700,4 years,4 years,OWN,NH,New Hampshire,OK
LN000532,C,C5,OK,educational,36,18300,18300,OK,16.43,16.43,OK,647.27,1/3/2023,2/3/2023,OK,Fully Paid,23100.89,18300,4800.89,0,780,OK,780,37.6,37.6,OK,82300,8 years,8 years,OWN,KS,Kansas,OK
LN000225,B,B4,OK,wedding,36,16400,16400,OK,9.63,9.63,OK,526.34,3/4/2021,4/3/2021,OK,Current,15790.2,10263.63,5526.57,0,782,OK,782,30.57,30.57,OK,224500,7 years,7 years,RENT,OK,Oklahoma,OK
LN000724,A,A1,OK,renewable_energy,36,20700,20700,OK,5.56,5.56,OK,625.62,9/22/2022,10/21/2022,OK,Fully Paid,22805.2,20700,2105.2,0,774,OK,774,26.11,26.11,OK,153300,8 years,8 years,RENT,NJ,New Jersey,OK
LN002904,C,C5,OK,medical,36,11100,11100,OK,14.28,14.28,OK,380.88,7/14/2023,8/15/2023,OK,Default,3047.04,2132.93,914.11,0,807,OK,807,34.62,34.62,OK,119700,6 years,6 years,RENT,IN,Indiana,OK
LN003077,B,B5,OK,vacation,60,20400,20400,OK,8.57,8.57,OK,419.23,6/4/2022,7/2/2022,OK,Fully Paid,25192.53,20400,4792.53,0,791,OK,791,32.06,32.06,OK,196200,1 year,1 year,RENT,VA,Virginia,OK
LN001434,E,E3,OK,wedding,60,35300,35300,OK,25.27,25.27,OK,1041.7,11/19/2022,12/24/2022,OK,Charged Off,10269.55,7188.68,3080.86,28111.32,,NULL,,41.43,41.43,OK,176900,9 years,9 years,MORTGAGE,MI,Michigan,OK
LN002374,E,E5,OK,wedding,60,,,FLAGGED,25.95,25.95,OK,439.69,12/2/2022,1/5/2023,OK,Fully Paid,26558.34,14700,11858.34,0,,NULL,,25.77,25.77,OK,74800,,MISSING,OWN,FL,Florida,OK
LN002788,B,B3,OK,small_business,36,,,FLAGGED,8.63,8.63,OK,1265.11,12/14/2021,1/16/2022,OK,Fully Paid,45735.53,40000,5735.53,0,666,OK,666,20.73,20.73,OK,189200,2 years,2 years,RENT,TN,Tennessee,OK
LN002869,A,A1,OK,credit_card,36,36300,36300,OK,6.35,6.35,OK,1110.08,7/30/2022,8/31/2022,OK,Fully Paid,40636.24,36300,4336.24,0,644,OK,644,6.85,6.85,OK,70100,6 years,6 years,MORTGAGE,MS,Mississippi,OK
LN001459,D,D5,OK,vacation,36,20900,20900,OK,21.91,21.91,OK,797.21,4/5/2023,5/9/2023,OK,Fully Paid,28329.29,20900,7429.29,0,600,OK,600,44.67,44.67,OK,147200,9 years,9 years,RENT,AL,Alabama,OK
LN003237,B,B4,OK,home_improvement,36,9600,9600,OK,9.33,9.33,OK,306.75,12/2/2022,1/5/2023,OK,Fully Paid,10900.95,9600,1300.95,0,685,OK,685,6.75,6.75,OK,30400,6 years,6 years,RENT,OH,Ohio,OK
LN000847,D,D5,OK,medical,60,3500,3500,OK,18.87,18.87,OK,90.54,2/20/2022,3/27/2022,OK,Fully Paid,5527.03,3500,2027.03,0,650,OK,650,34.87,34.87,OK,101000,3 years,3 years,MORTGAGE,RI,Rhode Island,OK
LN000194,F,D4,GRADE_MISMATCH,debt_consolidation,36,24500,24500,OK,27.57,27.57,OK,1007.72,10/8/2023,11/7/2023,OK,Charged Off,1234.11,863.88,370.23,23636.12,689,OK,689,13.09,13.09,OK,79000,,MISSING,RENT,LA,Louisiana,OK
LN001465,A,A2,OK,moving,60,4500,4500,OK,6.42,6.42,OK,87.88,5/17/2021,6/14/2021,OK,Charged Off,983.32,688.32,295,3811.68,684,OK,684,7.15,7.15,OK,84200,9 years,9 years,MORTGAGE,ME,Maine,OK
LN000947,C,C2,OK,major_purchase,60,13800,13800,OK,16.19,16.19,OK,336.98,11/20/2023,12/23/2023,OK,Charged Off,7532.86,5273,2259.86,8527,594,OK,594,20.65,20.65,OK,87700,10+ years,10+ years,OWN,IA,Iowa,OK
LN002022,B,B1,OK,home_improvement,36,,,FLAGGED,11.83,11.83,OK,1007.25,7/19/2023,8/23/2023,OK,Current,18130.5,11784.83,6345.67,0,,BELOW_MIN,168,41.96,41.96,OK,202800,8 years,8 years,OWN,ON,,INVALID_STATE
LN002552,B,B4,OK,renewable_energy,36,10400,10400,OK,10.99,10.99,OK,340.43,10/27/2021,11/30/2021,OK,Fully Paid,12397.13,10400,1997.13,0,774,OK,774,31.81,31.81,OK,241400,3 years,3 years,MORTGAGE,CA,California,OK
LN001630,G,G3,OK,medical,36,17300,17300,OK,34.78,34.78,OK,780.43,10/26/2022,11/30/2022,OK,Charged Off,3903.31,2732.32,1170.99,14567.68,697,OK,697,9.92,9.92,OK,57700,8 years,8 years,MORTGAGE,SD,South Dakota,OK
LN000118,C,C4,OK,major_purchase,60,13700,13700,OK,16.34,16.34,OK,335.64,12/1/2022,12/29/2022,OK,Current,11411.76,7417.64,3994.12,0,712,OK,712,20.48,20.48,OK,73200,3 years,3 years,RENT,NH,New Hampshire,OK
LN000646,E,E1,OK,vacation,60,25900,25900,OK,22.76,22.76,OK,726.57,6/22/2022,7/20/2022,OK,Current,17437.68,11334.49,6103.19,0,656,OK,656,19.16,19.16,OK,27100,3 years,3 years,MORTGAGE,MT,Montana,OK
LN001871,D,D1,OK,medical,60,1600,1600,OK,19.5,19.5,OK,41.95,4/5/2023,5/9/2023,OK,Default,251.7,176.19,75.51,0,628,OK,628,36.81,36.81,OK,95300,1 year,1 year,RENT,VT,Vermont,OK
LN000004,B,B5,OK,major_purchase,36,37000,37000,OK,8.74,8.74,OK,1172.12,9/2/2021,10/3/2021,OK,Current,9376.96,6095.02,3281.94,0,798,OK,798,14.31,14.31,OK,66300,4 years,4 years,OWN,MS,Mississippi,OK
LN000075,D,D4,OK,educational,36,21900,21900,OK,17.58,17.58,OK,787.13,12/19/2022,1/16/2023,OK,Late (31-120 Days),3935.65,2754.95,1180.69,0,706,OK,706,9.64,9.64,OK,121100,10+ years,10+ years,RENT,AB,,INVALID_STATE
LN001756,F,F3,OK,renewable_energy,36,10000,10000,OK,31.1,31.1,OK,430.56,9/25/2023,10/29/2023,OK,Current,14208.48,9235.51,4972.97,0,799,OK,799,44.62,44.62,OK,27000,4 years,4 years,OTHER,MN,Minnesota,OK
LN000468,C,C4,OK,small_business,36,38600,38600,OK,13.75,13.75,OK,1314.57,1/30/2023,3/6/2023,OK,Fully Paid,47149.01,38600,8549.01,0,798,OK,798,22.12,22.12,OK,53500,10+ years,10+ years,MORTGAGE,UT,Utah,OK
LN000006,D,D2,OK,renewable_energy,36,3800,3800,OK,18.15,18.15,OK,137.67,1/11/2023,2/8/2023,OK,Current,3854.76,2505.59,1349.17,0,648,OK,648,7.65,7.65,OK,153800,2 years,2 years,OWN,TN,Tennessee,OK
LN001247,A,A4,OK,renewable_energy,36,32100,32100,OK,6.04,6.04,OK,977.13,3/25/2021,4/22/2021,OK,Fully Paid,35784.41,32100,3684.41,0,688,OK,688,11.41,11.41,OK,101400,1 year,1 year,RENT,ID,Idaho,OK
LN000920,D,D1,OK,medical,36,37400,37400,OK,-19.99,,NEGATIVE_RATE,1389.73,2/28/2023,4/3/2023,OK,Current,16676.76,10839.89,5836.87,0,763,OK,763,18.61,18.61,OK,169900,4 years,4 years,MORTGAGE,CT,Connecticut,OK
LN002596,A,A4,OK,debt_consolidation,36,,,FLAGGED,6.09,6.09,OK,444.76,7/30/2023,8/28/2023,OK,Current,9784.72,6360.07,3424.65,0,632,OK,632,15.84,15.84,OK,143900,10+ years,10+ years,RENT,CT,Connecticut,OK
LN000229,B,B4,OK,home_improvement,60,26200,26200,OK,11.59,11.59,OK,577.39,6/22/2021,7/25/2021,OK,Charged Off,2771.59,1940.11,831.48,24259.89,702,OK,702,36.55,36.55,OK,117300,2 years,2 years,RENT,AZ,Arizona,OK
LN001064,D,D4,OK,car,60,13000,13000,OK,20.97,20.97,OK,351.47,10/28/2022,11/29/2022,OK,Current,5623.52,3655.29,1968.23,0,641,OK,641,23.45,23.45,OK,88500,< 1 year,< 1 year,RENT,DE,Delaware,OK
LN002591,G,G2,OK,wedding,60,10700,10700,OK,32.86,32.86,OK,365.21,3/2/2023,4/4/2023,OK,Current,16799.66,10919.78,5879.88,0,740,OK,740,5.64,5.64,OK,129400,< 1 year,< 1 year,MORTGAGE,KS,Kansas,OK
LN000243,F,F2,OK,debt_consolidation,36,24300,24300,OK,27.7,27.7,OK,1001.2,7/26/2022,8/28/2022,OK,Current,20024,13015.6,7008.4,0,674,OK,674,37.94,37.94,OK,231800,4 years,4 years,MORTGAGE,UT,Utah,OK
LN003173,E,E4,OK,credit_card,36,12900,12900,OK,26.08,26.08,OK,520.3,7/1/2023,8/4/2023,OK,Fully Paid,18756.38,12900,5856.38,0,641,OK,641,5.41,5.41,OK,106000,1 year,1 year,MORTGAGE,FL,Florida,OK
LN001161,C,C1,OK,car,60,26400,26400,OK,13.44,13.44,OK,606.64,4/16/2022,5/20/2022,OK,Charged Off,13046.43,9132.5,3913.93,17267.5,800,OK,800,36.7,36.7,OK,174500,8 years,8 years,RENT,GA,Georgia,OK
LN003009,F,F4,OK,moving,36,21500,21500,OK,28.51,28.51,OK,895.25,11/8/2023,12/6/2023,OK,Current,21486,13965.9,7520.1,0,693,OK,693,22.96,22.96,OK,191400,10+ years,10+ years,RENT,RI,Rhode Island,OK
LN001497,F,F5,OK,home_improvement,60,28000,28000,OK,29.57,29.57,OK,898.51,3/24/2021,4/27/2021,OK,Charged Off,16693.32,11685.32,5008,16314.68,683,OK,683,15.39,15.39,OK,32400,,MISSING,RENT,CT,Connecticut,OK
LN002564,B,B3,OK,car,36,6300,6300,OK,8.66,8.66,OK,199.34,1/2/2021,1/31/2021,OK,Late (31-120 Days),996.7,697.69,299.01,0,733,OK,733,34.15,34.15,OK,183200,,MISSING,RENT,MO,Missouri,OK
LN001527,B,B5,OK,medical,36,9900,9900,OK,11.79,11.79,OK,327.83,10/14/2021,11/17/2021,OK,Default,327.83,229.48,98.35,0,633,OK,633,28.38,28.38,OK,98300,2 years,2 years,MORTGAGE,WV,West Virginia,OK
LN001606,B,B4,OK,small_business,36,1000,1000,OK,11.23,11.23,OK,32.85,7/11/2023,8/15/2023,OK,Charged Off,294.16,205.91,88.25,794.09,716,OK,716,21.64,21.64,OK,77700,9 years,9 years,RENT,CA,California,OK
LN003342,B,B4,OK,wedding,60,27700,27700,OK,8.92,8.92,OK,573.93,7/2/2021,8/3/2021,OK,Fully Paid,34478.58,27700,6778.58,0,591,OK,591,10.5,10.5,OK,190600,9 years,9 years,OTHER,ID,Idaho,OK
LN002786,E,E1,OK,renewable_energy,36,27700,27700,OK,25.6,25.6,OK,1110.16,2/6/2023,3/10/2023,OK,Current,29974.32,19483.31,10491.01,0,648,OK,648,42.89,42.89,OK,195000,8 years,8 years,MORTGAGE,CA,California,OK
LN003047,A,A4,OK,debt_consolidation,36,6600,6600,OK,7.69,7.69,OK,205.88,3/31/2021,4/30/2021,OK,Fully Paid,7455.06,6600,855.06,0,610,OK,610,36.61,36.61,OK,103400,1 year,1 year,OWN,NH,New Hampshire,OK
LN001990,A,A5,OK,renewable_energy,36,21900,21900,OK,6.09,6.09,OK,667.13,8/3/2023,9/3/2023,OK,Late (31-120 Days),4002.78,2801.95,1200.83,0,797,OK,797,8.38,8.38,OK,152500,3 years,3 years,RENT,OR,Oregon,OK
LN002863,C,C3,OK,major_purchase,60,,,FLAGGED,14.68,14.68,OK,571.66,8/26/2022,9/23/2022,OK,Charged Off,9584.31,6709.02,2875.29,17490.98,792,OK,792,27.96,27.96,OK,135400,8 years,8 years,RENT,NE,Nebraska,OK
LN002363,E,E1,OK,car,60,34900,34900,OK,23.47,23.47,OK,993.29,1/11/2023,2/13/2023,OK,Current,44698.05,29053.73,15644.32,0,703,OK,703,32.97,32.97,OK,194800,4 years,4 years,RENT,SC,South Carolina,OK
LN001976,F,F1,OK,credit_card,60,35400,35400,OK,28.01,28.01,OK,1102.42,4/4/2022,5/5/2022,OK,Current,14331.46,9315.45,5016.01,0,599,OK,599,15.55,15.55,OK,93100,3 years,3 years,RENT,MO,Missouri,OK
LN001762,D,D3,OK,medical,60,36800,36800,OK,21.56,21.56,OK,1007.19,1/29/2023,2/27/2023,OK,Current,34244.46,22258.9,11985.56,0,689,OK,689,43.77,43.77,OK,200300,3 years,3 years,RENT,TX,Texas,OK
LN001306,B,B2,OK,debt_consolidation,60,8200,8200,OK,10.1,10.1,OK,174.63,7/30/2022,9/1/2022,OK,Charged Off,760.6,532.42,228.18,7667.58,698,OK,698,44.33,44.33,OK,35100,7 years,7 years,RENT,NH,New Hampshire,OK
LN001542,B,B1,OK,wedding,36,21200,21200,OK,10.06,10.06,OK,684.66,12/16/2021,1/16/2022,OK,Fully Paid,24521.94,21200,3321.94,0,764,OK,764,21.03,21.03,OK,198400,10+ years,10+ years,RENT,MA,Massachusetts,OK
LN002473,A,A1,OK,moving,36,15700,15700,OK,5.74,5.74,OK,475.78,2/17/2023,3/20/2023,OK,Fully Paid,16966.59,15700,1266.59,0,671,OK,671,32.57,32.57,OK,177200,,MISSING,MORTGAGE,HI,Hawaii,OK
LN000623,A,A5,OK,vacation,60,12000,12000,OK,6.49,6.49,OK,234.74,7/30/2021,9/2/2021,OK,Fully Paid,14259.16,12000,2259.16,0,619,OK,619,38.12,38.12,OK,111200,10+ years,10+ years,MORTGAGE,IA,Iowa,OK
LN002770,B,B5,OK,medical,36,21200,21200,OK,10.99,10.99,OK,693.96,7/23/2022,8/27/2022,OK,Charged Off,6954.11,4867.88,2086.23,16332.12,656,OK,656,12.05,12.05,OK,31400,8 years,8 years,MORTGAGE,ME,Maine,OK
LN001494,E,E2,OK,small_business,36,38100,38100,OK,24.39,24.39,OK,1502.58,10/28/2021,12/1/2021,OK,Charged Off,21759.32,15231.52,6527.8,22868.48,618,OK,618,8.48,8.48,OK,202200,10+ years,10+ years,MORTGAGE,WI,Wisconsin,OK
LN000111,B,B1,OK,wedding,60,18000,18000,OK,8.97,8.97,OK,373.39,8/17/2023,9/19/2023,OK,Charged Off,8953.74,6267.62,2686.12,11732.38,624,OK,624,38.22,38.22,OK,215300,10+ years,10+ years,OWN,ID,Idaho,OK
LN002718,B,B5,OK,medical,36,32900,32900,OK,11.17,11.17,OK,1079.75,12/19/2021,1/21/2022,OK,Fully Paid,38663.73,32900,5763.73,0,769,OK,769,32.93,32.93,OK,187600,< 1 year,< 1 year,MORTGAGE,MN,Minnesota,OK
LN001170,D,D4,OK,wedding,36,35400,35400,OK,17.62,17.62,OK,1273.06,11/26/2021,12/28/2021,OK,Late (31-120 Days),3819.18,2673.43,1145.75,0,779,OK,779,34.86,34.86,OK,178400,3 years,3 years,RENT,ND,North Dakota,OK
LN002942,C,C2,OK,major_purchase,60,18600,18600,OK,12.64,12.64,OK,419.79,3/9/2022,4/12/2022,OK,Current,10494.75,6821.59,3673.16,0,689,OK,689,29.52,29.52,OK,242100,< 1 year,< 1 year,MORTGAGE,GA,Georgia,OK
LN000233,D,D1,OK,vacation,60,16700,16700,OK,20.92,20.92,OK,451.04,10/13/2022,11/17/2022,OK,Charged Off,6906.65,4834.65,2071.99,11865.35,603,OK,603,30.67,30.67,OK,183700,2 years,2 years,MORTGAGE,MS,Mississippi,OK
LN000067,C,C3,OK,debt_consolidation,36,3800,3800,OK,13.67,13.67,OK,129.27,9/8/2021,10/11/2021,OK,Charged Off,700.37,490.26,210.11,3309.74,685,OK,685,27.64,27.64,OK,98700,2 years,2 years,RENT,MO,Missouri,OK
LN003244,C,C5,OK,credit_card,60,5100,5100,OK,15.15,15.15,OK,121.73,4/18/2023,5/16/2023,OK,Fully Paid,7438.2,5100,2338.2,0,722,OK,722,24.53,24.53,OK,110100,< 1 year,< 1 year,MORTGAGE,PA,Pennsylvania,OK
LN002073,G,G4,OK,vacation,36,29700,29700,OK,33.51,33.51,OK,1318.58,9/28/2023,10/30/2023,OK,Charged Off,9926.35,6948.44,2977.91,22751.56,699,OK,699,5.48,5.48,OK,125900,4 years,4 years,RENT,AR,Arkansas,OK
LN002193,F,F5,OK,renewable_energy,60,9300,9300,OK,30.6,30.6,OK,304.32,12/2/2023,12/31/2023,OK,Fully Paid,18122.87,9300,8822.87,0,803,OK,803,7.68,7.68,OK,100700,1 year,1 year,MORTGAGE,MS,Mississippi,OK
LN000537,C,C3,OK,small_business,36,38800,38800,OK,14.46,14.46,OK,1334.78,7/3/2021,8/1/2021,OK,Charged Off,3381.83,2367.28,1014.55,36432.72,591,OK,591,21.7,21.7,OK,151800,6 years,6 years,MORTGAGE,MO,Missouri,OK
LN000126,B,B4,OK,credit_card,60,9000,9000,OK,10.04,10.04,OK,191.4,12/21/2021,1/25/2022,OK,Charged Off,2133.95,1493.76,640.18,7506.24,616,OK,616,17.5,17.5,OK,155700,8 years,8 years,MORTGAGE,MT,Montana,OK
LN002134,D,D1,OK,home_improvement,36,8600,8600,OK,21.53,21.53,OK,326.35,6/12/2021,7/13/2021,OK,Current,1305.4,848.51,456.89,0,673,OK,673,20.45,20.45,OK,141000,4 years,4 years,MORTGAGE,KS,Kansas,OK
LN001255,B,B5,OK,wedding,60,38400,38400,OK,-11.92,,NEGATIVE_RATE,852.64,9/8/2023,10/7/2023,OK,Charged Off,20952.72,14666.9,6285.82,23733.1,681,OK,681,35.57,35.57,OK,124400,7 years,7 years,MORTGAGE,ON,,INVALID_STATE
LN002970,B,B1,OK,vacation,36,,,FLAGGED,10.91,10.91,OK,166.75,10/5/2023,9/29/2023,DATE_SEQUENCE_ERROR,Fully Paid,6113.82,5100,1013.82,0,761,OK,761,34.7,34.7,OK,27400,< 1 year,< 1 year,OWN,NM,New Mexico,OK
LN001977,A,A1,OK,wedding,36,33800,33800,OK,6.64,6.64,OK,1038.09,4/19/2023,5/19/2023,OK,Current,22837.98,14844.69,7993.29,0,680,OK,680,44.07,44.07,OK,155400,5 years,5 years,RENT,SD,South Dakota,OK
LN002943,B,B4,OK,renewable_energy,36,27800,27800,OK,8.72,8.72,OK,880.41,4/21/2021,5/22/2021,OK,Current,19369.02,12589.86,6779.16,0,791,OK,791,34.48,34.48,OK,32500,1 year,1 year,MORTGAGE,NM,New Mexico,OK
LN002848,B,B5,OK,moving,60,30700,30700,OK,10.72,10.72,OK,663.21,9/20/2022,10/22/2022,OK,Current,24538.77,15950.2,8588.57,0,,NULL,,30.61,30.61,OK,212500,8 years,8 years,MORTGAGE,GA,Georgia,OK
LN002076,A,A3,OK,major_purchase,60,22600,22600,OK,6.34,6.34,OK,440.5,9/8/2022,10/9/2022,OK,Fully Paid,26605.05,22600,4005.05,0,712,OK,712,17.12,17.12,OK,191700,10+ years,10+ years,MORTGAGE,MS,Mississippi,OK
LN000485,C,C1,OK,medical,36,7900,7900,OK,12.62,12.62,OK,264.74,7/23/2023,8/24/2023,OK,Current,3706.36,2409.13,1297.23,0,744,OK,744,39.1,39.1,OK,224000,9 years,9 years,RENT,CO,Colorado,OK
LN001655,E,E3,OK,renewable_energy,36,4600,4600,OK,24.37,24.37,OK,181.37,7/18/2022,8/20/2022,OK,Fully Paid,6426.55,4600,1826.55,0,624,OK,624,40.67,40.67,OK,148900,3 years,3 years,MORTGAGE,PA,Pennsylvania,OK
LN003207,C,C3,OK,vacation,36,12500,12500,OK,15.72,15.72,OK,437.74,4/20/2023,5/21/2023,OK,Fully Paid,15734.16,12500,3234.16,0,766,OK,766,17.81,17.81,OK,139400,8 years,8 years,MORTGAGE,CO,Colorado,OK
LN002719,A,A5,OK,moving,60,13100,13100,OK,5.87,5.87,OK,252.47,4/1/2022,4/29/2022,OK,Fully Paid,14999.12,13100,1899.12,0,787,OK,787,29.1,29.1,OK,149700,5 years,5 years,RENT,WA,Washington,OK
LN002878,F,F1,OK,credit_card,60,24100,24100,OK,28.35,28.35,OK,755.47,9/26/2023,10/27/2023,OK,Current,33996.15,22097.5,11898.65,0,713,OK,713,30.26,30.26,OK,60900,5 years,5 years,RENT,KS,Kansas,OK
LN001775,D,D1,OK,small_business,60,26200,26200,OK,20.62,20.62,OK,703.21,10/19/2023,11/23/2023,OK,Current,7735.31,5027.95,2707.36,0,675,OK,675,9.65,9.65,OK,237800,3 years,3 years,MORTGAGE,NJ,New Jersey,OK
LN002411,C,C5,OK,car,60,,,FLAGGED,13.26,13.26,OK,695.75,7/13/2022,8/15/2022,OK,Fully Paid,40972.84,30400,10572.84,0,740,OK,740,8.05,8.05,OK,220900,6 years,6 years,RENT,TN,Tennessee,OK
LN000919,B,B4,OK,major_purchase,60,9600,9600,OK,9.63,9.63,OK,202.23,1/12/2023,2/10/2023,OK,Fully Paid,12041.84,9600,2441.84,0,709,OK,709,33.01,33.01,OK,146300,8 years,8 years,OWN,MT,Montana,OK
LN001647,D,D5,OK,renewable_energy,36,6300,6300,OK,18.65,18.65,OK,229.82,9/29/2021,10/31/2021,OK,Charged Off,1491.14,1043.8,447.34,5256.2,644,OK,644,5.65,5.65,OK,54900,2 years,2 years,OWN,WV,West Virginia,OK
LN001027,D,D3,OK,educational,36,17400,17400,OK,18.02,18.02,OK,629.23,1/4/2021,2/8/2021,OK,Charged Off,2529.59,1770.71,758.88,15629.29,765,OK,765,33.91,33.91,OK,144300,7 years,7 years,RENT,SD,South Dakota,OK
LN001031,C,C3,OK,home_improvement,60,,,FLAGGED,15.25,15.25,OK,932.93,10/2/2021,11/2/2021,OK,Fully Paid,56334.71,39000,17334.71,0,595,OK,595,5.39,5.39,OK,163200,10+ years,10+ years,MORTGAGE,ME,Maine,OK
LN000883,B,B4,OK,debt_consolidation,60,4000,4000,OK,11.7,11.7,OK,88.37,1/11/2021,2/13/2021,OK,Fully Paid,5288.88,4000,1288.88,0,588,OK,588,43.39,43.39,OK,158900,9 years,9 years,OWN,OR,Oregon,OK
LN002666,A,A3,OK,moving,60,22900,22900,OK,6.6,6.6,OK,449.14,3/5/2021,4/2/2021,OK,Current,10779.36,7006.58,3772.78,0,634,OK,634,44.24,44.24,OK,80900,10+ years,10+ years,MORTGAGE,NV,Nevada,OK
LN000365,C,C5,OK,renewable_energy,60,22300,22300,OK,13.46,13.46,OK,512.66,2/26/2022,3/28/2022,OK,Charged Off,4946.37,3462.46,1483.91,18837.54,734,OK,734,18.17,18.17,OK,247000,1 year,1 year,MORTGAGE,PA,Pennsylvania,OK
LN002126,G,G3,OK,moving,60,24000,24000,OK,34.03,34.03,OK,836.92,12/6/2023,1/6/2024,OK,Late (31-120 Days),6695.36,4686.75,2008.61,0,664,OK,664,21.67,21.67,OK,54500,4 years,4 years,OWN,IN,Indiana,OK
LN000028,A,A3,OK,debt_consolidation,36,23200,23200,OK,6.04,6.04,OK,706.21,4/16/2021,5/19/2021,OK,Charged Off,13718.85,9603.19,4115.65,13596.81,609,OK,609,20.41,20.41,OK,102800,3 years,3 years,MORTGAGE,AL,Alabama,OK
LN000474,C,C1,OK,debt_consolidation,36,34700,34700,OK,15.94,15.94,OK,1218.92,8/15/2021,9/16/2021,OK,Late (31-120 Days),3656.76,2559.73,1097.03,0,705,OK,705,22.23,22.23,OK,152900,8 years,8 years,OWN,DE,Delaware,OK
LN000526,B,B4,OK,major_purchase,60,13500,13500,OK,9.03,9.03,OK,280.43,4/6/2023,5/10/2023,OK,Current,3084.73,2005.07,1079.66,0,785,OK,785,22.15,22.15,OK,192600,10+ years,10+ years,MORTGAGE,ND,North Dakota,OK
LN000726,D,D5,OK,renewable_energy,36,24600,24600,OK,21.38,21.38,OK,931.61,12/30/2023,1/28/2024,OK,Fully Paid,34066.65,24600,9466.65,0,627,OK,627,15.67,15.67,OK,220000,7 years,7 years,OWN,KY,Kentucky,OK
LN000056,G,G5,OK,wedding,60,35400,35400,OK,35.29,35.29,OK,1262.94,10/29/2022,11/26/2022,OK,Current,17681.16,11492.75,6188.41,0,700,OK,700,25.76,25.76,OK,206100,10+ years,10+ years,RENT,PA,Pennsylvania,OK
LN000639,B,B4,OK,home_improvement,36,38900,38900,OK,10.87,10.87,OK,1271.14,8/8/2022,9/11/2022,OK,Charged Off,4674.41,3272.09,1402.32,35627.91,582,OK,582,32.47,32.47,OK,88600,7 years,7 years,RENT,OR,Oregon,OK
LN000303,D,D3,OK,credit_card,36,32000,32000,OK,21.96,21.96,OK,1221.43,7/3/2023,8/7/2023,OK,Fully Paid,44552.54,32000,12552.54,0,733,OK,733,10.71,10.71,OK,99400,,MISSING,OWN,HI,Hawaii,OK
LN003126,C,C2,OK,home_improvement,60,26900,26900,OK,14.28,14.28,OK,629.83,3/26/2022,4/24/2022,OK,Current,31491.5,20469.48,11022.02,0,690,OK,690,6.34,6.34,OK,170000,9 years,9 years,MORTGAGE,PA,Pennsylvania,OK
LN001277,D,D4,OK,major_purchase,36,,,FLAGGED,19.25,19.25,OK,176.56,1/6/2022,2/7/2022,OK,Current,4590.56,2983.86,1606.7,0,648,OK,648,41.65,41.65,OK,68100,9 years,9 years,RENT,ME,Maine,OK
LN003410,E,E1,OK,educational,36,7500,7500,OK,26.8,26.8,OK,305.38,7/3/2023,8/5/2023,OK,Late (31-120 Days),3664.56,2565.19,1099.37,0,637,OK,637,14.42,14.42,OK,81600,2 years,2 years,MORTGAGE,MD,Maryland,OK
LN000625,A,A3,OK,small_business,60,10900,10900,OK,7.1,7.1,OK,216.35,8/10/2022,9/13/2022,OK,Fully Paid,12889.31,10900,1989.31,0,782,OK,782,28.22,28.22,OK,47100,10+ years,10+ years,MORTGAGE,NJ,New Jersey,OK
LN002056,A,A3,OK,medical,36,35300,35300,OK,5.18,5.18,OK,1060.83,6/8/2022,7/6/2022,OK,Charged Off,7415.73,5191.01,2224.72,30108.99,660,OK,660,11.3,11.3,OK,150800,6 years,6 years,RENT,AK,Alaska,OK
LN001281,F,F3,OK,debt_consolidation,36,4000,4000,OK,30.65,30.65,OK,171.23,3/14/2021,4/11/2021,OK,Fully Paid,6182.62,4000,2182.62,0,580,OK,580,29.42,29.42,OK,214900,10+ years,10+ years,RENT,TX,Texas,OK
LN001050,A,A1,OK,home_improvement,60,29700,29700,OK,5.81,5.81,OK,571.56,2/17/2021,3/17/2021,OK,Charged Off,11787.07,8250.95,3536.12,21449.05,,BELOW_MIN,247,5.97,5.97,OK,190200,3 years,3 years,MORTGAGE,MN,Minnesota,OK
LN000337,B,B3,OK,vacation,60,24700,24700,OK,10.94,10.94,OK,536.3,9/1/2021,9/29/2021,OK,Fully Paid,32620.19,24700,7920.19,0,617,OK,617,7.24,7.24,OK,185700,< 1 year,< 1 year,OWN,IL,Illinois,OK
LN000048,D,D3,OK,credit_card,60,40000,40000,OK,20.45,20.45,OK,1069.8,11/1/2021,12/2/2021,OK,Fully Paid,64147.43,40000,24147.43,0,765,OK,765,28.58,28.58,OK,239800,6 years,6 years,OTHER,IL,Illinois,OK
LN000107,B,B3,OK,credit_card,60,34200,34200,OK,9.67,9.67,OK,721.11,5/3/2021,6/2/2021,OK,Fully Paid,42897.76,34200,8697.76,0,792,OK,792,23.9,23.9,OK,81800,8 years,8 years,OWN,SC,South Carolina,OK
LN002398,C,C1,OK,major_purchase,60,,,FLAGGED,16.31,16.31,OK,641.46,1/16/2022,2/16/2022,OK,Default,6414.6,4490.22,1924.38,0,641,OK,641,6.22,6.22,OK,53300,10+ years,10+ years,MORTGAGE,WA,Washington,OK
LN001080,C,C1,OK,educational,36,34600,34600,OK,16.24,16.24,OK,1220.54,8/24/2021,9/28/2021,OK,Charged Off,10442.95,7310.06,3132.89,27289.94,662,OK,662,30.7,30.7,OK,106500,10+ years,10+ years,RENT,IL,Illinois,OK
LN002287,D,D5,OK,major_purchase,36,5900,5900,OK,18.95,18.95,OK,216.12,10/10/2022,11/11/2022,OK,Charged Off,1996.8,1397.76,599.04,4502.24,741,OK,741,21.03,21.03,OK,217200,10+ years,10+ years,MORTGAGE,MO,Missouri,OK
LN002262,D,D5,OK,medical,36,22200,22200,OK,18.46,18.46,OK,807.72,12/30/2021,2/1/2022,OK,Current,7269.48,4725.16,2544.32,0,583,OK,583,16.42,16.42,OK,226000,9 years,9 years,MORTGAGE,NE,Nebraska,OK
LN001145,F,F4,OK,renewable_energy,36,8200,8200,OK,31.11,31.11,OK,353.11,2/9/2022,3/15/2022,OK,Fully Paid,12737,8200,4537,0,797,OK,797,36.36,36.36,OK,191300,6 years,6 years,RENT,UT,Utah,OK
LN002857,A,A3,OK,vacation,60,30700,30700,OK,6.49,6.49,OK,600.54,8/25/2023,9/22/2023,OK,Fully Paid,36333.77,30700,5633.77,0,806,OK,806,25.94,25.94,OK,40200,6 years,6 years,MORTGAGE,TN,Tennessee,OK
LN002297,B,B4,OK,moving,60,39600,39600,OK,11.32,11.32,OK,867.33,6/15/2023,7/16/2023,OK,Current,22550.58,14657.88,7892.7,0,709,OK,709,23.94,23.94,OK,140600,9 years,9 years,MORTGAGE,FL,Florida,OK
LN001837,D,D4,OK,educational,36,22300,22300,OK,17.68,17.68,OK,802.62,1/11/2021,2/10/2021,OK,Charged Off,2435.37,1704.76,730.61,20595.24,696,OK,696,12.99,12.99,OK,206100,3 years,3 years,RENT,FL,Florida,OK
LN001754,B,B2,OK,medical,60,17400,17400,OK,-10.74,,NEGATIVE_RATE,376.07,12/10/2021,1/9/2022,OK,Charged Off,3036.26,2125.38,910.88,15274.62,651,OK,651,5.81,5.81,OK,82200,6 years,6 years,RENT,VT,Vermont,OK
LN001102,G,G5,OK,vacation,60,5700,5700,OK,33.36,33.36,OK,196.35,5/14/2021,6/14/2021,OK,Current,1570.8,1021.02,549.78,0,786,OK,786,15.01,15.01,OK,244900,,MISSING,MORTGAGE,KS,Kansas,OK
LN001969,F,F4,OK,wedding,60,14800,14800,OK,29.8,29.8,OK,477.01,9/28/2021,11/2/2021,OK,Charged Off,6443.93,4510.75,1933.18,10289.25,625,OK,625,42.77,42.77,OK,153000,3 years,3 years,RENT,VA,Virginia,OK
LN002785,B,B5,OK,major_purchase,60,19500,19500,OK,9.64,9.64,OK,410.87,5/27/2023,7/1/2023,OK,Current,24241.33,15756.86,8484.47,0,677,OK,677,24.58,24.58,OK,156100,8 years,8 years,OWN,OK,Oklahoma,OK
LN003289,A,A3,OK,car,36,,,FLAGGED,5.5,5.5,OK,274.78,5/30/2022,6/29/2022,OK,Late (31-120 Days),1099.12,769.38,329.74,0,630,OK,630,25.88,25.88,OK,58800,2 years,2 years,MORTGAGE,MA,Massachusetts,OK
LN000524,E,E1,OK,moving,36,6300,6300,OK,23.25,23.25,OK,244.69,5/5/2023,6/3/2023,OK,Current,6361.94,4135.26,2226.68,0,620,OK,620,34.13,34.13,OK,205800,8 years,8 years,OWN,CT,Connecticut,OK
LN002281,D,D1,OK,debt_consolidation,60,37000,37000,OK,18.93,18.93,OK,958.38,9/23/2021,10/22/2021,OK,Charged Off,10082.82,7057.97,3024.85,29942.03,720,OK,720,6.94,6.94,OK,143000,,MISSING,RENT,CO,Colorado,OK
LN002693,E,E3,OK,debt_consolidation,36,9800,9800,OK,-26.33,,NEGATIVE_RATE,396.57,9/23/2022,10/27/2022,OK,Late (31-120 Days),2379.42,1665.59,713.83,0,678,OK,678,16.69,16.69,OK,111100,3 years,3 years,RENT,UT,Utah,OK
LN002582,B,B3,OK,debt_consolidation,36,27100,27100,OK,9.31,9.31,OK,865.69,4/27/2023,5/30/2023,OK,Current,2597.07,1688.1,908.97,0,601,OK,601,24.9,24.9,OK,91900,5 years,5 years,OWN,RI,Rhode Island,OK
LN003125,A,A1,OK,major_purchase,36,17400,17400,OK,7.05,7.05,OK,537.66,1/12/2022,2/10/2022,OK,Late (31-120 Days),2688.3,1881.81,806.49,0,,ABOVE_MAX,978,229.88,,DTI_IMPOSSIBLE,151200,2 years,2 years,MORTGAGE,MT,Montana,OK
LN000604,A,A1,OK,credit_card,36,29900,29900,OK,5.49,5.49,OK,902.72,4/10/2023,5/14/2023,OK,Default,10832.64,7582.85,3249.79,0,669,OK,669,25.38,25.38,OK,225100,7 years,7 years,RENT,AR,Arkansas,OK
LN001490,B,B3,OK,moving,60,5200,5200,OK,10.22,10.22,OK,111.05,2/16/2021,3/22/2021,OK,Charged Off,726.7,508.69,218.01,4691.31,661,OK,661,35.27,35.27,OK,76600,9 years,9 years,MORTGAGE,ID,Idaho,OK
LN002811,A,A2,OK,small_business,36,10400,10400,OK,5.87,5.87,OK,315.78,4/10/2021,5/10/2021,OK,Current,10420.74,6773.48,3647.26,0,606,OK,606,44.23,44.23,OK,102100,6 years,6 years,RENT,AR,Arkansas,OK
LN002921,C,C1,OK,medical,36,36600,36600,OK,14.38,14.38,OK,1257.67,4/9/2021,5/12/2021,OK,Current,10061.36,6539.88,3521.48,0,709,OK,709,9.48,9.48,OK,68700,9 years,9 years,RENT,ID,Idaho,OK
LN000061,G,G2,OK,vacation,36,20600,20600,OK,32.76,32.76,OK,905.93,12/19/2023,1/18/2024,OK,Current,18118.6,11777.09,6341.51,0,777,OK,777,36.6,36.6,OK,194900,3 years,3 years,MORTGAGE,LA,Louisiana,OK
LN003296,D,D3,OK,home_improvement,60,6000,6000,OK,18.34,18.34,OK,153.47,8/8/2023,9/8/2023,OK,Current,6752.68,4389.24,2363.44,0,677,OK,677,39.78,39.78,OK,41900,6 years,6 years,MORTGAGE,OR,Oregon,OK
LN000672,B,B4,OK,renewable_energy,36,14500,14500,OK,-11.34,,NEGATIVE_RATE,477.05,7/31/2023,8/29/2023,OK,Current,5724.6,3720.99,2003.61,0,779,OK,779,31.23,31.23,OK,156100,1 year,1 year,OWN,NM,New Mexico,OK
LN000093,C,C1,OK,medical,36,,,FLAGGED,14.6,14.6,OK,741.1,5/17/2023,6/20/2023,OK,Current,17786.4,11561.16,6225.24,0,636,OK,636,18.32,18.32,OK,93800,< 1 year,< 1 year,MORTGAGE,ND,North Dakota,OK
LN000667,A,A4,OK,debt_consolidation,36,1600,1600,OK,7.29,7.29,OK,49.62,5/16/2023,6/13/2023,OK,Fully Paid,1805.62,1600,205.62,0,648,OK,648,10.71,10.71,OK,30500,9 years,9 years,RENT,CT,Connecticut,OK
LN001888,B,B4,OK,car,60,27200,27200,OK,11.11,11.11,OK,592.89,11/19/2021,12/21/2021,OK,Fully Paid,35148.76,27200,7948.76,0,656,OK,656,31.98,31.98,OK,245600,6 years,6 years,MORTGAGE,KY,Kentucky,OK
LN000281,A,A2,OK,small_business,36,35900,35900,OK,5.22,5.22,OK,1079.5,2/25/2023,3/27/2023,OK,Current,10795,7016.75,3778.25,0,676,OK,676,6.63,6.63,OK,139300,6 years,6 years,RENT,PA,Pennsylvania,OK
LN001720,C,C2,OK,major_purchase,60,8300,8300,OK,15.49,15.49,OK,199.6,3/5/2023,4/4/2023,OK,Fully Paid,12073.02,8300,3773.02,0,668,OK,668,35.03,35.03,OK,109000,10+ years,10+ years,RENT,CT,Connecticut,OK
LN000360,B,B4,OK,debt_consolidation,36,38800,38800,OK,10.38,10.38,OK,1258.9,4/21/2022,5/22/2022,OK,Charged Off,17952.58,12566.81,5385.77,26233.19,720,OK,720,24.32,24.32,OK,82800,7 years,7 years,MORTGAGE,MO,Missouri,OK
LN000900,D,D4,OK,renewable_energy,36,11100,11100,OK,21.9,21.9,OK,423.34,9/21/2022,10/19/2022,OK,Fully Paid,14956.23,11100,3856.23,0,,NULL,,14.51,14.51,OK,187500,3 years,3 years,MORTGAGE,NM,New Mexico,OK
LN001936,G,G3,OK,debt_consolidation,60,2100,2100,OK,33.03,33.03,OK,71.9,12/24/2023,1/22/2024,OK,Current,3523.1,2290.01,1233.08,0,729,OK,729,25.2,25.2,OK,203400,4 years,4 years,MORTGAGE,IN,Indiana,OK
LN001995,E,E4,OK,debt_consolidation,36,15300,15300,OK,23.51,23.51,OK,596.33,3/12/2023,4/14/2023,OK,Late (31-120 Days),6559.63,4591.74,1967.89,0,795,OK,795,33.58,33.58,OK,211300,7 years,7 years,MORTGAGE,IA,Iowa,OK
LN002769,D,D1,OK,home_improvement,60,34700,34700,OK,21.02,21.02,OK,939.14,9/9/2023,10/12/2023,OK,Fully Paid,55446.39,34700,20746.39,0,816,OK,816,16.28,16.28,OK,151500,4 years,4 years,RENT,VA,Virginia,OK
LN000761,F,F1,OK,major_purchase,60,22300,22300,OK,29.89,29.89,OK,719.97,4/8/2023,5/7/2023,OK,Late (31-120 Days),5759.76,4031.83,1727.93,0,613,OK,613,15.82,15.82,OK,42000,1 year,1 year,OWN,IA,Iowa,OK
LN002159,B,B1,OK,major_purchase,36,32500,32500,OK,11.03,11.03,OK,1064.47,9/12/2022,10/11/2022,OK,Fully Paid,38456.16,32500,5956.16,0,588,OK,588,25.62,25.62,OK,111600,10+ years,10+ years,MORTGAGE,NC,North Carolina,OK
LN003142,B,B5,OK,debt_consolidation,36,30400,30400,OK,9.48,9.48,OK,973.52,1/23/2021,2/27/2021,OK,Fully Paid,34464.46,30400,4064.46,0,760,OK,760,44.34,44.34,OK,86600,6 years,6 years,OTHER,KY,Kentucky,OK
LN000043,E,E5,OK,debt_consolidation,36,22900,22900,OK,25.48,25.48,OK,916.32,9/7/2021,10/6/2021,OK,Charged Off,5442.81,3809.97,1632.84,19090.03,797,OK,797,21.8,21.8,OK,225700,1 year,1 year,MORTGAGE,SD,South Dakota,OK
LN002174,B,B3,OK,educational,60,18700,18700,OK,10.68,10.68,OK,403.61,10/14/2023,11/16/2023,OK,Charged Off,4809.45,3366.61,1442.83,15333.39,670,OK,670,22.32,22.32,OK,146400,< 1 year,< 1 year,MORTGAGE,HI,Hawaii,OK
LN000205,B,B3,OK,home_improvement,60,14700,14700,OK,11.07,11.07,OK,320.13,6/16/2022,7/15/2022,OK,Current,1280.52,832.34,448.18,0,665,OK,665,37.28,37.28,OK,136400,5 years,5 years,RENT,OR,Oregon,OK
LN001474,B,B4,OK,home_improvement,36,1400,1400,OK,9.09,9.09,OK,44.58,10/9/2023,11/8/2023,OK,Fully Paid,1619.44,1400,219.44,0,755,OK,755,42.55,42.55,OK,85700,10+ years,10+ years,RENT,MI,Michigan,OK
LN002101,G,G5,OK,home_improvement,36,12400,12400,OK,35.85,35.85,OK,566.91,8/17/2022,9/16/2022,OK,Current,2834.55,1842.46,992.09,0,807,OK,807,23.87,23.87,OK,238600,5 years,5 years,RENT,SD,South Dakota,OK
LN002594,B,B2,OK,medical,60,1100,1100,OK,11.79,11.79,OK,24.35,3/27/2022,4/26/2022,OK,Fully Paid,1437.88,1100,337.88,0,688,OK,688,12.78,12.78,OK,135600,9 years,9 years,RENT,VT,Vermont,OK
LN000069,F,F5,OK,small_business,60,22700,22700,OK,30.26,30.26,OK,738.05,12/12/2021,1/16/2022,OK,Current,11070.75,7195.99,3874.76,0,678,OK,678,39.13,39.13,OK,68600,2 years,2 years,MORTGAGE,OR,Oregon,OK
LN001876,C,C3,OK,major_purchase,36,11600,11600,OK,15.39,15.39,OK,404.34,12/17/2022,1/18/2023,OK,Fully Paid,14319.74,11600,2719.74,0,679,OK,679,13.71,13.71,OK,46500,6 years,6 years,RENT,WY,Wyoming,OK
LN003417,A,A5,OK,credit_card,36,27900,27900,OK,5.51,5.51,OK,842.59,10/7/2021,11/11/2021,OK,Current,14324.03,9310.62,5013.41,0,655,OK,655,37.95,37.95,OK,214900,3 years,3 years,OWN,ND,North Dakota,OK
LN002232,B,B4,OK,small_business,36,37400,37400,OK,10.77,10.77,OK,1220.36,1/23/2022,2/21/2022,OK,Default,10983.24,7688.27,3294.97,0,641,OK,641,7.41,7.41,OK,212300,4 years,4 years,RENT,WA,Washington,OK
LN000138,D,D2,OK,medical,60,14800,14800,OK,21.67,21.67,OK,405.99,4/13/2023,5/15/2023,OK,Fully Paid,24472.11,14800,9672.11,0,730,OK,730,193.43,,DTI_IMPOSSIBLE,45700,7 years,7 years,OWN,SD,South Dakota,OK
LN000797,E,E4,OK,vacation,36,34900,34900,OK,24.41,24.41,OK,1376.75,3/30/2022,4/29/2022,OK,Charged Off,7866.4,5506.48,2359.92,29393.52,609,OK,609,18.9,18.9,OK,188000,8 years,8 years,MORTGAGE,NM,New Mexico,OK
LN002181,A,A2,OK,vacation,36,37500,37500,OK,7.3,7.3,OK,1163.04,3/26/2021,4/23/2021,OK,Fully Paid,41388.72,37500,3888.72,0,715,OK,715,19.26,19.26,OK,217400,2 years,2 years,MORTGAGE,WY,Wyoming,OK
LN002129,B,B2,OK,medical,36,31000,31000,OK,10.61,10.61,OK,1009.18,1/8/2023,2/7/2023,OK,Default,6055.08,4238.56,1816.52,0,754,OK,754,35.63,35.63,OK,101700,2 years,2 years,MORTGAGE,FL,Florida,OK
LN000759,A,A5,OK,medical,60,,,FLAGGED,6.5,6.5,OK,630.03,7/25/2021,8/28/2021,OK,Current,23311.11,15152.22,8158.89,0,758,OK,758,40.67,40.67,OK,217900,10+ years,10+ years,OTHER,TN,Tennessee,OK
LN000542,B,B3,OK,credit_card,36,6000,6000,OK,10.4,10.4,OK,194.73,11/22/2023,12/24/2023,OK,Fully Paid,6941.73,6000,941.73,0,602,OK,602,11.17,11.17,OK,191800,7 years,7 years,RENT,MA,Massachusetts,OK
LN001020,A,A4,OK,moving,60,28700,28700,OK,7.58,7.58,OK,576.18,4/18/2023,5/17/2023,OK,Fully Paid,34054.94,28700,5354.94,0,710,OK,710,10.82,10.82,OK,52800,5 years,5 years,OTHER,CA,California,OK
LN002744,B,B5,OK,wedding,60,36700,36700,OK,10.41,10.41,OK,787.19,4/26/2023,5/30/2023,OK,Current,18105.37,11768.49,6336.88,0,723,OK,723,20.89,20.89,OK,86600,10+ years,10+ years,RENT,NV,Nevada,OK
LN000166,F,F5,OK,wedding,60,10100,10100,OK,31.22,31.22,OK,334.38,3/19/2021,4/21/2021,OK,Fully Paid,19827.79,10100,9727.79,0,616,OK,616,35.09,35.09,OK,188100,10+ years,10+ years,RENT,OR,Oregon,OK
LN000249,A,A4,OK,small_business,36,22400,22400,OK,6.21,6.21,OK,683.58,1/5/2023,2/2/2023,OK,Charged Off,13375.37,9362.76,4012.61,13037.24,,NULL,,139.35,,DTI_IMPOSSIBLE,116000,7 years,7 years,MORTGAGE,NM,New Mexico,OK
LN001332,F,F1,OK,major_purchase,60,23800,23800,OK,27.87,27.87,OK,739.17,7/1/2021,8/2/2021,OK,Fully Paid,43834.17,23800,20034.17,0,788,OK,788,43.78,43.78,OK,139400,8 years,8 years,RENT,NC,North Carolina,OK
LN002018,D,D1,OK,wedding,36,4700,4700,OK,19.86,19.86,OK,174.33,6/13/2021,7/11/2021,OK,Fully Paid,6291.53,4700,1591.53,0,,NULL,,33.95,33.95,OK,169500,1 year,1 year,RENT,GA,Georgia,OK
LN000447,C,C3,OK,wedding,36,16600,16600,OK,13.19,13.19,OK,560.84,2/26/2023,3/30/2023,OK,Fully Paid,20086.79,16600,3486.79,0,653,OK,653,35.79,35.79,OK,44300,1 year,1 year,RENT,HI,Hawaii,OK
LN002483,C,C3,OK,wedding,36,,,FLAGGED,14.21,14.21,OK,569.04,12/21/2021,1/18/2022,OK,Fully Paid,20082.87,16600,3482.87,0,725,OK,725,26.28,26.28,OK,234300,10+ years,10+ years,RENT,OH,Ohio,OK
LN001359,A,A5,OK,home_improvement,36,35500,35500,OK,5.62,5.62,OK,1073.88,8/15/2023,9/16/2023,OK,Fully Paid,38007.67,35500,2507.67,0,660,OK,660,29.56,29.56,OK,239800,7 years,7 years,MORTGAGE,OR,Oregon,OK
LN002146,E,E1,OK,car,36,32400,32400,OK,24.81,24.81,OK,1284.96,7/17/2023,8/21/2023,OK,Default,3854.88,2698.42,1156.46,0,719,OK,719,17.25,17.25,OK,188300,5 years,5 years,MORTGAGE,FL,Florida,OK
LN001330,A,A3,OK,renewable_energy,36,,,FLAGGED,5.74,5.74,OK,333.35,4/24/2023,5/24/2023,OK,Late (31-120 Days),666.7,466.69,200.01,0,657,OK,657,36.07,36.07,OK,151500,2 years,2 years,MORTGAGE,NH,New Hampshire,OK
LN003490,E,E4,OK,wedding,60,,,FLAGGED,26.02,26.02,OK,395.37,9/3/2022,10/7/2022,OK,Fully Paid,23873.41,13200,10673.41,0,811,OK,811,7.78,7.78,OK,102500,3 years,3 years,MORTGAGE,NH,New Hampshire,OK
LN002151,D,D4,OK,vacation,60,6200,6200,OK,18.84,18.84,OK,160.29,2/19/2022,3/19/2022,OK,Charged Off,2522.63,1765.84,756.79,4434.16,765,OK,765,42.96,42.96,OK,218000,9 years,9 years,RENT,IA,Iowa,OK
LN000435,D,D3,OK,small_business,36,7500,7500,OK,17.16,17.16,OK,267.99,7/21/2022,8/18/2022,OK,Fully Paid,9497.56,7500,1997.56,0,699,OK,699,23.34,23.34,OK,95100,8 years,8 years,RENT,ME,Maine,OK
LN002123,D,D5,OK,educational,60,16200,16200,OK,20.91,20.91,OK,437.44,1/13/2021,2/15/2021,OK,Charged Off,8834.84,6184.39,2650.45,10015.61,748,OK,748,15.11,15.11,OK,151800,3 years,3 years,MORTGAGE,AZ,Arizona,OK
LN000578,A,A2,OK,wedding,60,16600,16600,OK,-7.83,,NEGATIVE_RATE,335.24,6/13/2022,7/11/2022,OK,Charged Off,6845.28,4791.7,2053.58,11808.3,670,OK,670,18.59,18.59,OK,196600,4 years,4 years,MORTGAGE,WI,Wisconsin,OK
LN002862,D,D3,OK,small_business,36,16100,16100,OK,19.96,19.96,OK,598.01,3/27/2022,4/27/2022,OK,Charged Off,9223.67,6456.57,2767.1,9643.43,808,OK,808,16.83,16.83,OK,175600,3 years,3 years,MORTGAGE,NC,North Carolina,OK
LN003288,A,A2,OK,wedding,36,,,FLAGGED,7.43,7.43,OK,540.69,7/21/2023,8/25/2023,OK,Current,17302.08,11246.35,6055.73,0,630,OK,630,26.76,26.76,OK,99600,7 years,7 years,RENT,NC,North Carolina,OK
LN002449,E,E4,OK,debt_consolidation,60,11100,11100,OK,26.48,26.48,OK,335.5,5/5/2021,6/4/2021,OK,Fully Paid,20392.12,11100,9292.12,0,608,OK,608,10.6,10.6,OK,57800,5 years,5 years,MORTGAGE,ND,North Dakota,OK
LN001849,A,A4,OK,educational,60,,,FLAGGED,6.68,6.68,OK,263.32,5/4/2021,6/1/2021,OK,Late (31-120 Days),3159.84,2211.89,947.95,0,820,OK,820,17.39,17.39,OK,166800,10+ years,10+ years,RENT,MA,Massachusetts,OK
LN000763,C,C4,OK,car,60,23000,23000,OK,-15.31,,NEGATIVE_RATE,550.92,4/12/2023,5/12/2023,OK,Fully Paid,32550.11,23000,9550.11,0,737,OK,737,44.3,44.3,OK,175600,4 years,4 years,RENT,AR,Arkansas,OK
LN000389,F,F2,OK,medical,36,,,FLAGGED,30.43,30.43,OK,1097.07,10/26/2023,11/27/2023,OK,Current,13164.84,8557.15,4607.69,0,776,OK,776,39.87,39.87,OK,236400,7 years,7 years,RENT,WA,Washington,OK
LN000236,A,A5,OK,moving,60,35600,35600,OK,7.95,7.95,OK,720.99,5/12/2021,6/11/2021,OK,Fully Paid,43704.43,35600,8104.43,0,624,OK,624,42.96,42.96,OK,93400,10+ years,10+ years,MORTGAGE,FL,Florida,OK
LN003123,B,B3,OK,medical,36,36400,36400,OK,11.74,11.74,OK,1204.49,11/9/2021,12/12/2021,OK,Current,31316.74,20355.88,10960.86,0,685,OK,685,24.81,24.81,OK,153800,6 years,6 years,OWN,HI,Hawaii,OK
LN001985,D,D4,OK,small_business,36,32300,32300,OK,17.42,17.42,OK,1158.35,2/23/2021,3/23/2021,OK,Fully Paid,42378.16,32300,10078.16,0,772,OK,772,14.23,14.23,OK,33300,4 years,4 years,MORTGAGE,OR,Oregon,OK
LN000268,E,E1,OK,vacation,36,17900,17900,OK,26.87,26.87,OK,729.52,12/17/2023,1/14/2024,OK,Charged Off,6314.63,4420.24,1894.39,13479.76,676,OK,676,21.13,21.13,OK,121200,< 1 year,< 1 year,OWN,OR,Oregon,OK
LN000771,E,E1,OK,credit_card,36,37900,37900,OK,26.7,26.7,OK,1541.18,10/29/2022,11/30/2022,OK,Current,49317.76,32056.54,17261.22,0,688,OK,688,27.9,27.9,OK,237500,3 years,3 years,MORTGAGE,NJ,New Jersey,OK
LN002166,D,D3,OK,renewable_energy,36,10200,10200,OK,17.4,17.4,OK,365.69,8/29/2023,10/2/2023,OK,Fully Paid,12997.99,10200,2797.99,0,666,OK,666,26.41,26.41,OK,136100,3 years,3 years,RENT,ID,Idaho,OK
LN000438,A,A5,OK,car,36,36600,36600,OK,7.46,7.46,OK,1137.82,7/18/2023,8/22/2023,OK,Charged Off,3502.63,2451.84,1050.79,34148.16,772,OK,772,5.5,5.5,OK,191500,10+ years,10+ years,RENT,ME,Maine,OK
LN000674,D,D3,OK,home_improvement,60,34400,34400,OK,21.61,21.61,OK,942.48,12/1/2021,11/22/2021,DATE_SEQUENCE_ERROR,Fully Paid,56542.25,34400,22142.25,0,716,OK,716,24.7,24.7,OK,244600,9 years,9 years,RENT,PA,Pennsylvania,OK
LN000250,F,F3,OK,moving,36,9700,9700,OK,30.86,30.86,OK,416.36,11/25/2021,12/25/2021,OK,Fully Paid,14971.44,9700,5271.44,0,,NULL,,15.35,15.35,OK,99900,10+ years,10+ years,MORTGAGE,TN,Tennessee,OK
LN002202,C,C5,OK,debt_consolidation,36,4500,4500,OK,15.18,15.18,OK,156.39,2/2/2021,3/5/2021,OK,Fully Paid,5734.58,4500,1234.58,0,766,OK,766,37.67,37.67,OK,109700,1 year,1 year,MORTGAGE,IA,Iowa,OK
LN001575,E,E4,OK,home_improvement,36,35600,35600,OK,26.53,26.53,OK,1444.42,1/12/2022,2/9/2022,OK,Charged Off,20253.84,14177.69,6076.15,21422.31,728,OK,728,28.25,28.25,OK,233400,,MISSING,RENT,OR,Oregon,OK
LN002143,D,D1,OK,credit_card,60,,,FLAGGED,19.11,19.11,OK,247.01,12/20/2023,1/17/2024,OK,Late (31-120 Days),1235.05,864.53,370.51,0,,BELOW_MIN,125,33.15,33.15,OK,174700,5 years,5 years,RENT,WV,West Virginia,OK
LN002082,A,A2,OK,major_purchase,36,7400,7400,OK,5.36,5.36,OK,222.98,4/2/2022,5/1/2022,OK,Fully Paid,7975.58,7400,575.58,0,680,OK,680,32.9,32.9,OK,101900,10+ years,10+ years,RENT,KY,Kentucky,OK
LN003137,D,D2,OK,major_purchase,60,28300,28300,OK,18.25,18.25,OK,722.49,12/29/2021,1/28/2022,OK,Fully Paid,43171.71,28300,14871.71,0,596,OK,596,21.32,21.32,OK,122600,2 years,2 years,RENT,WA,Washington,OK
LN003286,B,B5,OK,wedding,60,24400,24400,OK,10.53,10.53,OK,524.81,10/13/2021,11/15/2021,OK,Fully Paid,30945.88,24400,6545.88,0,650,OK,650,5.14,5.14,OK,102500,< 1 year,< 1 year,OWN,RI,Rhode Island,OK
LN000449,D,D3,OK,major_purchase,36,23900,23900,OK,19.7,19.7,OK,884.56,6/28/2023,6/23/2023,DATE_SEQUENCE_ERROR,Charged Off,2791.99,1954.39,837.6,21945.61,586,OK,586,21.18,21.18,OK,229500,8 years,8 years,MORTGAGE,MA,Massachusetts,OK
LN001470,G,G3,OK,educational,60,28400,28400,OK,35.54,35.54,OK,1017.76,2/27/2022,3/31/2022,OK,Charged Off,8104.73,5673.31,2431.42,22726.69,804,OK,804,41.33,41.33,OK,235400,7 years,7 years,RENT,NJ,New Jersey,OK
LN000717,A,A4,OK,home_improvement,60,31200,31200,OK,6.15,6.15,OK,605.36,2/13/2021,3/13/2021,OK,Fully Paid,36530.33,31200,5330.33,0,799,OK,799,28.03,28.03,OK,26900,10+ years,10+ years,RENT,MT,Montana,OK
LN003106,D,D2,OK,renewable_energy,60,27300,27300,OK,20.14,20.14,OK,725.41,3/11/2022,4/12/2022,OK,Default,8704.92,6093.44,2611.48,0,734,OK,734,31.95,31.95,OK,166600,4 years,4 years,MORTGAGE,SD,South Dakota,OK
LN003133,A,A5,OK,home_improvement,36,24900,24900,OK,5.62,5.62,OK,753.23,10/28/2022,12/1/2022,OK,Fully Paid,27592.82,24900,2692.82,0,719,OK,719,23.3,23.3,OK,202700,10+ years,10+ years,RENT,OR,Oregon,OK
LN002049,B,B4,OK,moving,60,30900,30900,OK,10.7,10.7,OK,667.23,12/31/2021,2/2/2022,OK,Fully Paid,39641.95,30900,8741.95,0,652,OK,652,29.3,29.3,OK,108700,4 years,4 years,MORTGAGE,KY,Kentucky,OK
LN001902,B,B5,OK,renewable_energy,36,39800,39800,OK,9.53,9.53,OK,1275.47,4/6/2023,5/9/2023,OK,Fully Paid,46593.23,39800,6793.23,0,761,OK,761,24.59,24.59,OK,168400,5 years,5 years,MORTGAGE,AR,Arkansas,OK
LN002988,A,A1,OK,educational,60,1100,1100,OK,6.48,6.48,OK,21.51,3/16/2021,4/13/2021,OK,Default,258.12,180.68,77.44,0,675,OK,675,228.53,,DTI_IMPOSSIBLE,200200,6 years,6 years,MORTGAGE,IN,Indiana,OK
LN001169,C,C5,OK,debt_consolidation,36,10500,10500,OK,15.23,15.23,OK,365.17,1/9/2021,2/9/2021,OK,Fully Paid,13248.92,10500,2748.92,0,806,OK,806,6.2,6.2,OK,172600,8 years,8 years,RENT,WA,Washington,OK
LN000083,D,D5,OK,educational,60,23000,23000,OK,19.26,19.26,OK,599.93,10/2/2022,11/2/2022,OK,Fully Paid,36467.23,23000,13467.23,0,682,OK,682,21.64,21.64,OK,63900,3 years,3 years,RENT,KY,Kentucky,OK
LN002899,A,A2,OK,credit_card,36,,,FLAGGED,5.31,5.31,OK,189.69,8/29/2021,9/27/2021,OK,Fully Paid,6748.94,6300,448.94,0,607,OK,607,6.18,6.18,OK,159400,2 years,2 years,MORTGAGE,UT,Utah,OK
LN002725,B,B4,OK,educational,36,4400,4400,OK,10.44,10.44,OK,142.89,9/14/2023,10/14/2023,OK,Current,1428.9,928.79,500.12,0,622,OK,622,38.98,38.98,OK,243700,5 years,5 years,MORTGAGE,HI,Hawaii,OK
LN001461,C,C4,OK,educational,60,3800,3800,OK,16.24,16.24,OK,92.89,1/26/2022,2/25/2022,OK,Current,464.45,301.89,162.56,0,732,OK,732,18.41,18.41,OK,121800,4 years,4 years,MORTGAGE,WA,Washington,OK
LN001894,C,C5,OK,moving,60,14200,14200,OK,14.33,14.33,OK,332.84,10/25/2022,11/28/2022,OK,Current,10650.88,6923.07,3727.81,0,759,OK,759,39.13,39.13,OK,34100,10+ years,10+ years,MORTGAGE,NV,Nevada,OK
LN001669,A,A2,OK,home_improvement,36,35700,35700,OK,7.48,7.48,OK,1110.16,8/11/2022,9/8/2022,OK,Fully Paid,40465.41,35700,4765.41,0,775,OK,775,44.14,44.14,OK,154500,9 years,9 years,MORTGAGE,VA,Virginia,OK
LN002757,D,D4,OK,small_business,60,21300,21300,OK,18.35,18.35,OK,544.94,12/21/2022,12/20/2022,DATE_SEQUENCE_ERROR,Charged Off,2753.93,1927.75,826.18,19372.25,,NULL,,33.26,33.26,OK,157200,2 years,2 years,MORTGAGE,WY,Wyoming,OK
LN002001,A,A4,OK,car,60,38300,38300,OK,6.79,6.79,OK,754.6,6/6/2021,7/10/2021,OK,Fully Paid,45311.14,38300,7011.14,0,818,OK,818,21.39,21.39,OK,249400,5 years,5 years,MORTGAGE,NH,New Hampshire,OK
LN000476,B,B3,OK,major_purchase,36,31200,31200,OK,8.66,8.66,OK,987.22,9/17/2023,10/20/2023,OK,Fully Paid,35884.03,31200,4684.03,0,586,OK,586,35.61,35.61,OK,164700,4 years,4 years,OWN,MN,Minnesota,OK
LN000518,G,G1,OK,vacation,36,27200,27200,OK,34.36,34.36,OK,1220.59,3/31/2021,5/5/2021,OK,Fully Paid,43169.11,27200,15969.11,0,584,OK,584,21.88,21.88,OK,154300,6 years,6 years,RENT,TN,Tennessee,OK
LN000405,D,D5,OK,vacation,60,,,FLAGGED,20.56,20.56,OK,351.16,5/21/2023,6/22/2023,OK,Fully Paid,21108.51,13100,8008.51,0,673,OK,673,6.34,6.34,OK,40500,6 years,6 years,MORTGAGE,DE,Delaware,OK
LN000385,F,F4,OK,vacation,60,34000,34000,OK,28.04,28.04,OK,1059.44,3/17/2022,4/16/2022,OK,Current,61447.52,39940.89,21506.63,0,717,OK,717,40.84,40.84,OK,214400,9 years,9 years,OWN,WV,West Virginia,OK
LN003211,E,E2,OK,debt_consolidation,36,18800,18800,OK,24.78,24.78,OK,745.3,10/20/2022,11/18/2022,OK,Charged Off,10843.99,7590.79,3253.2,11209.21,679,OK,679,43.27,43.27,OK,126600,10+ years,10+ years,OWN,AR,Arkansas,OK
LN002153,F,F5,OK,debt_consolidation,36,,,FLAGGED,27.7,27.7,OK,1030.04,3/3/2021,4/1/2021,OK,Charged Off,11382.5,7967.75,3414.75,17032.25,587,OK,587,34.06,34.06,OK,29800,4 years,4 years,RENT,TX,Texas,OK
LN001634,D,D4,OK,medical,60,7800,7800,OK,18.05,18.05,OK,198.28,7/31/2023,9/3/2023,OK,Fully Paid,11677.86,7800,3877.86,0,802,OK,802,27.43,27.43,OK,79600,3 years,3 years,MORTGAGE,MT,Montana,OK
LN003430,A,A4,OK,small_business,60,31500,31500,OK,7.61,7.61,OK,632.84,4/10/2023,5/11/2023,OK,Current,21516.56,13985.76,7530.8,0,818,OK,818,16.72,16.72,OK,246400,8 years,8 years,RENT,NY,New York,OK
LN000689,A,A3,OK,moving,60,17000,17000,OK,6.12,6.12,OK,329.61,9/11/2021,10/15/2021,OK,Charged Off,3307.44,2315.21,992.23,14684.79,804,OK,804,44.65,44.65,OK,42400,7 years,7 years,MORTGAGE,WV,West Virginia,OK
LN001241,A,A1,OK,wedding,36,31600,31600,OK,7.04,7.04,OK,976.29,3/3/2021,3/31/2021,OK,Current,32217.57,20941.42,11276.15,0,672,OK,672,14.86,14.86,OK,181200,10+ years,10+ years,RENT,DE,Delaware,OK
LN000063,F,F2,OK,educational,36,20600,20600,OK,28.43,28.43,OK,856.88,9/2/2022,10/6/2022,OK,Fully Paid,31149.62,20600,10549.62,0,760,OK,760,41.54,41.54,OK,181100,4 years,4 years,MORTGAGE,TN,Tennessee,OK
LN000853,A,A2,OK,educational,60,29100,29100,OK,6.23,6.23,OK,565.7,3/16/2021,4/16/2021,OK,Fully Paid,34076.75,29100,4976.75,0,661,OK,661,35.82,35.82,OK,68200,,MISSING,MORTGAGE,SD,South Dakota,OK
LN003298,D,D1,OK,major_purchase,36,22000,22000,OK,17.89,17.89,OK,794.14,11/23/2021,12/25/2021,OK,Default,2382.42,1667.69,714.73,0,688,OK,688,31.39,31.39,OK,207500,4 years,4 years,MORTGAGE,AK,Alaska,OK
LN003253,C,C3,OK,vacation,36,3700,3700,OK,16.28,16.28,OK,130.59,12/28/2023,1/28/2024,OK,Fully Paid,4632.04,3700,932.04,0,717,OK,717,29.13,29.13,OK,63700,10+ years,10+ years,MORTGAGE,AZ,Arizona,OK
LN001263,D,D5,OK,vacation,36,13000,13000,OK,18.19,18.19,OK,471.22,4/24/2021,5/23/2021,OK,Fully Paid,16701.14,13000,3701.14,0,745,OK,745,31.38,31.38,OK,229700,< 1 year,< 1 year,MORTGAGE,HI,Hawaii,OK
LN000224,A,A5,OK,medical,60,18400,18400,OK,7.15,7.15,OK,365.65,3/30/2023,5/2/2023,OK,Fully Paid,21629.85,18400,3229.85,0,760,OK,760,41.69,41.69,OK,70400,10+ years,10+ years,MORTGAGE,CA,California,OK
LN002194,C,C3,OK,major_purchase,36,11400,11400,OK,12.66,12.66,OK,382.25,2/28/2021,3/30/2021,OK,Charged Off,2988.45,2091.91,896.53,9308.09,739,OK,739,40.27,40.27,OK,214700,2 years,2 years,OWN,WY,Wyoming,OK
LN000374,A,A5,OK,educational,60,24200,24200,OK,5.27,5.27,OK,459.68,1/4/2023,2/6/2023,OK,Current,22064.64,14342.02,7722.62,0,783,OK,783,11.56,11.56,OK,75600,1 year,1 year,MORTGAGE,SD,South Dakota,OK
LN001825,B,B4,OK,moving,60,11600,11600,OK,9.77,9.77,OK,245.16,9/27/2023,10/29/2023,OK,Fully Paid,14634.69,11600,3034.69,0,645,OK,645,18.21,18.21,OK,51800,3 years,3 years,MORTGAGE,OK,Oklahoma,OK
LN003035,A,A4,OK,wedding,36,14000,14000,OK,7.22,7.22,OK,433.69,9/18/2022,10/16/2022,OK,Charged Off,5485.64,3839.95,1645.69,10160.05,782,OK,782,34.7,34.7,OK,123900,5 years,5 years,MORTGAGE,NY,New York,OK
LN003442,B,B2,OK,vacation,36,21000,21000,OK,11.48,11.48,OK,692.3,3/15/2022,4/13/2022,OK,Fully Paid,25056.9,21000,4056.9,0,626,OK,626,39.08,39.08,OK,194800,5 years,5 years,RENT,ND,North Dakota,OK
LN003163,B,B2,OK,car,36,25700,25700,OK,11.84,11.84,OK,851.65,6/18/2023,7/23/2023,OK,Current,12774.75,8303.59,4471.16,0,770,OK,770,10.14,10.14,OK,79300,3 years,3 years,MORTGAGE,NM,New Mexico,OK
LN003217,D,D4,OK,educational,36,39500,39500,OK,18.11,18.11,OK,1430.2,12/5/2022,1/7/2023,OK,Fully Paid,51747.7,39500,12247.7,0,678,OK,678,6.36,6.36,OK,90900,10+ years,10+ years,MORTGAGE,TX,Texas,OK
LN000010,A,A2,OK,moving,60,28100,28100,OK,7.76,7.76,OK,566.54,2/2/2021,3/7/2021,OK,Charged Off,3133.92,2193.74,940.18,25906.26,672,OK,672,40.15,40.15,OK,150900,2 years,2 years,RENT,OR,Oregon,OK
LN002498,A,A5,OK,medical,60,24900,24900,OK,6.35,6.35,OK,485.45,10/1/2021,11/1/2021,OK,Fully Paid,28696.13,24900,3796.13,0,701,OK,701,44.56,44.56,OK,137700,10+ years,10+ years,MORTGAGE,ND,North Dakota,OK
LN001945,C,C3,OK,educational,36,17600,17600,OK,15.82,15.82,OK,617.2,12/8/2022,1/12/2023,OK,Fully Paid,21845.34,17600,4245.34,0,671,OK,671,30.45,30.45,OK,58200,10+ years,10+ years,RENT,MN,Minnesota,OK
LN001839,C,C4,OK,car,36,31100,31100,OK,14.99,14.99,OK,1077.94,4/28/2021,5/26/2021,OK,Charged Off,5558.28,3890.8,1667.48,27209.2,734,OK,734,38.29,38.29,OK,123500,< 1 year,< 1 year,MORTGAGE,SC,South Carolina,OK
LN000709,E,E2,OK,small_business,36,10100,10100,OK,25.47,25.47,OK,404.09,11/12/2021,12/10/2021,OK,Fully Paid,14455.77,10100,4355.77,0,668,OK,668,24.36,24.36,OK,248800,< 1 year,< 1 year,OWN,KY,Kentucky,OK
LN000256,C,C2,OK,credit_card,60,16200,16200,OK,16.29,16.29,OK,396.45,12/26/2023,1/30/2024,OK,Current,16254.45,10565.39,5689.06,0,714,OK,714,18.51,18.51,OK,79800,3 years,3 years,MORTGAGE,MN,Minnesota,OK
LN001618,F,F2,OK,credit_card,36,4200,4200,OK,28.66,28.66,OK,175.23,11/18/2022,12/17/2022,OK,Current,4205.52,2733.59,1471.93,0,766,OK,766,14.76,14.76,OK,136500,4 years,4 years,MORTGAGE,MO,Missouri,OK
LN000390,A,A4,OK,educational,60,,,FLAGGED,5.01,5.01,OK,130.24,1/11/2023,2/8/2023,OK,Current,5339.84,3470.9,1868.94,0,,NULL,,184.16,,DTI_IMPOSSIBLE,216200,10+ years,10+ years,RENT,WY,Wyoming,OK
LN001582,B,B2,OK,vacation,60,6800,6800,OK,10.17,10.17,OK,145.05,9/24/2023,10/24/2023,OK,Fully Paid,8632.8,6800,1832.8,0,694,OK,694,40.19,40.19,OK,108300,< 1 year,< 1 year,MORTGAGE,AZ,Arizona,OK
LN000925,E,E5,OK,medical,60,37700,37700,OK,25.66,25.66,OK,1121.18,12/9/2022,1/9/2023,OK,Charged Off,13792.26,9654.58,4137.68,28045.42,593,OK,593,23.41,23.41,OK,204300,,MISSING,OWN,HI,Hawaii,OK
LN003327,G,G4,OK,car,36,20000,20000,OK,32.09,32.09,OK,872.09,2/11/2021,3/11/2021,OK,Fully Paid,31804.29,20000,11804.29,0,666,OK,666,30.67,30.67,OK,106500,8 years,8 years,RENT,NH,New Hampshire,OK
LN002835,B,B4,OK,debt_consolidation,60,26600,26600,OK,11.89,11.89,OK,590.22,10/11/2021,11/14/2021,OK,Default,5311.98,3718.39,1593.59,0,813,OK,813,27.44,27.44,OK,116200,10+ years,10+ years,RENT,SD,South Dakota,OK
LN002509,F,F2,OK,vacation,36,4700,4700,OK,31.37,31.37,OK,203.07,8/21/2023,9/22/2023,OK,Charged Off,2506.74,1754.72,752.02,2945.28,608,OK,608,22.25,22.25,OK,133900,4 years,4 years,MORTGAGE,ND,North Dakota,OK
LN002037,B,B1,OK,vacation,60,19700,19700,OK,11.82,11.82,OK,436.43,3/4/2023,4/6/2023,OK,Charged Off,6387.94,4471.56,1916.38,15228.44,785,OK,785,28.51,28.51,OK,134200,7 years,7 years,MORTGAGE,LA,Louisiana,OK
LN003359,B,B2,OK,small_business,36,32500,32500,OK,11.64,11.64,OK,1073.89,3/7/2023,4/8/2023,OK,Current,3221.67,2094.09,1127.58,0,657,OK,657,32.96,32.96,OK,236100,5 years,5 years,MORTGAGE,SD,South Dakota,OK
LN001225,C,C3,OK,renewable_energy,36,4600,4600,OK,16.38,16.38,OK,162.59,4/26/2023,5/30/2023,OK,Late (31-120 Days),812.95,569.06,243.88,0,716,OK,716,10.53,10.53,OK,74200,5 years,5 years,MORTGAGE,MN,Minnesota,OK
LN002550,A,A5,OK,medical,36,39400,39400,OK,6.12,6.12,OK,1200.77,6/23/2021,7/21/2021,OK,Fully Paid,43379.88,39400,3979.88,0,810,OK,810,7.4,7.4,OK,198200,2 years,2 years,OTHER,MI,Michigan,OK
LN001947,B,B2,OK,car,36,39900,39900,OK,8.92,8.92,OK,1267.32,12/23/2023,1/21/2024,OK,Current,43088.88,28007.77,15081.11,0,688,OK,688,15.29,15.29,OK,116700,3 years,3 years,OWN,MA,Massachusetts,OK
LN000740,B,B4,OK,car,36,6000,6000,OK,11.63,11.63,OK,198.23,12/31/2021,2/1/2022,OK,Charged Off,871.9,610.33,261.57,5389.67,691,OK,691,32.16,32.16,OK,157000,9 years,9 years,RENT,WY,Wyoming,OK
LN000041,E,E5,OK,home_improvement,36,25200,25200,OK,25.51,25.51,OK,1008.76,2/10/2023,3/13/2023,OK,Charged Off,4811.54,3368.08,1443.46,21831.92,674,OK,674,11.71,11.71,OK,71900,9 years,9 years,RENT,MD,Maryland,OK
LN000869,A,A5,OK,small_business,36,5600,5600,OK,7.23,7.23,OK,173.5,6/9/2021,7/8/2021,OK,Late (31-120 Days),520.5,364.35,156.15,0,713,OK,713,17.11,17.11,OK,110000,2 years,2 years,MORTGAGE,PA,Pennsylvania,OK
LN002780,A,A1,OK,wedding,36,39000,39000,OK,6,6,OK,1186.46,4/21/2022,5/21/2022,OK,Current,22542.74,14652.78,7889.96,0,632,OK,632,35.35,35.35,OK,121200,3 years,3 years,MORTGAGE,NJ,New Jersey,OK
LN000540,A,A5,OK,moving,36,3700,3700,OK,7.87,7.87,OK,115.72,5/6/2021,6/6/2021,OK,Current,4050.2,2632.63,1417.57,0,809,OK,809,5.75,5.75,OK,242800,2 years,2 years,RENT,IN,Indiana,OK
LN002746,B,B5,OK,small_business,36,,,FLAGGED,8.73,8.73,OK,383.26,9/13/2023,10/13/2023,OK,Charged Off,1921.93,1345.35,576.58,10754.65,775,OK,775,39.73,39.73,OK,161900,5 years,5 years,RENT,CA,California,OK
LN003317,A,A2,OK,educational,60,8500,8500,OK,-7.46,,NEGATIVE_RATE,170.16,7/4/2021,8/4/2021,OK,Fully Paid,10179.41,8500,1679.41,0,700,OK,700,24.91,24.91,OK,236600,2 years,2 years,RENT,NJ,New Jersey,OK
LN002724,B,B5,OK,vacation,36,,,FLAGGED,9.37,9.37,OK,703.39,7/4/2022,8/2/2022,OK,Fully Paid,25082.69,22000,3082.69,0,799,OK,799,18.27,18.27,OK,196800,5 years,5 years,MORTGAGE,GA,Georgia,OK
LN001372,F,F2,OK,home_improvement,60,,,FLAGGED,31.28,31.28,OK,1067.24,5/9/2022,6/12/2022,OK,Fully Paid,63217.77,32200,31017.77,0,772,OK,772,18.47,18.47,OK,90300,2 years,2 years,RENT,GA,Georgia,OK
LN001146,A,A3,OK,credit_card,60,20500,20500,OK,6.72,6.72,OK,403.22,3/1/2023,4/3/2023,OK,Fully Paid,23779.79,20500,3279.79,0,792,OK,792,13.67,13.67,OK,222300,9 years,9 years,RENT,UT,Utah,OK
LN001032,C,C2,OK,medical,60,30200,30200,OK,15.51,15.51,OK,726.57,7/10/2021,8/12/2021,OK,Current,8718.84,5667.25,3051.59,0,585,OK,585,241.68,,DTI_IMPOSSIBLE,154700,8 years,8 years,RENT,MO,Missouri,OK
LN000373,D,D2,OK,vacation,60,24100,24100,OK,17.45,17.45,OK,604.79,3/23/2023,4/21/2023,OK,Fully Paid,36411.43,24100,12311.43,0,808,OK,808,32.84,32.84,OK,80400,4 years,4 years,RENT,AK,Alaska,OK
LN000668,C,C3,OK,educational,36,8100,8100,OK,14.42,14.42,OK,278.49,9/4/2021,10/9/2021,OK,Current,6126.78,3982.41,2144.37,0,664,OK,664,24.16,24.16,OK,124800,< 1 year,< 1 year,MORTGAGE,SD,South Dakota,OK
LN000358,B,B3,OK,major_purchase,36,2200,2200,OK,11.19,11.19,OK,72.22,10/18/2021,11/17/2021,OK,Default,722.2,505.54,216.66,0,790,OK,790,44.61,44.61,OK,206100,7 years,7 years,OWN,IA,Iowa,OK
LN000968,A,A1,OK,debt_consolidation,60,11200,11200,OK,7.75,7.75,OK,225.76,8/26/2023,9/24/2023,OK,Fully Paid,13663.86,11200,2463.86,0,603,OK,603,5.15,5.15,OK,120400,2 years,2 years,MORTGAGE,MO,Missouri,OK
LN002832,F,F1,OK,vacation,36,38300,38300,OK,-28.38,,NEGATIVE_RATE,1592.1,11/21/2022,12/24/2022,OK,Fully Paid,57918.97,38300,19618.97,0,655,OK,655,39.85,39.85,OK,100300,3 years,3 years,MORTGAGE,SC,South Carolina,OK
LN002784,A,A1,OK,home_improvement,36,12700,12700,OK,6.1,6.1,OK,386.93,12/11/2021,1/14/2022,OK,Charged Off,6290.53,4403.37,1887.16,8296.63,780,OK,780,44.58,44.58,OK,45600,2 years,2 years,RENT,IL,Illinois,OK
LN001354,E,E3,OK,small_business,36,27200,27200,OK,25.52,25.52,OK,1088.96,6/13/2023,7/16/2023,OK,Fully Paid,38614.03,27200,11414.03,0,591,OK,591,11.34,11.34,OK,53300,4 years,4 years,RENT,MN,Minnesota,OK
LN001036,A,A5,OK,wedding,36,23600,23600,OK,6.82,6.82,OK,726.76,5/15/2023,6/17/2023,OK,Fully Paid,25721.05,23600,2121.05,0,794,OK,794,32.96,32.96,OK,179600,2 years,2 years,OWN,IN,Indiana,OK
LN000471,B,B5,OK,car,60,27100,27100,OK,9.48,9.48,OK,568.89,3/22/2022,4/26/2022,OK,Fully Paid,33793.01,27100,6693.01,0,707,OK,707,14.23,14.23,OK,80100,< 1 year,< 1 year,MORTGAGE,CA,California,OK
LN003104,A,A2,OK,home_improvement,36,20200,20200,OK,7.93,7.93,OK,632.34,3/15/2021,4/13/2021,OK,Current,1897.02,1233.06,663.96,0,683,OK,683,34.77,34.77,OK,70900,10+ years,10+ years,MORTGAGE,AZ,Arizona,OK
LN001397,E,E1,OK,vacation,60,23800,23800,OK,23.19,23.19,OK,673.53,3/7/2023,4/10/2023,OK,Charged Off,8966.26,6276.38,2689.88,17523.62,736,OK,736,16.11,16.11,OK,240700,1 year,1 year,RENT,VT,Vermont,OK
LN003140,C,C1,OK,moving,60,10400,10400,OK,15.65,15.65,OK,250.98,10/5/2023,11/3/2023,OK,Fully Paid,15102.27,10400,4702.27,0,643,OK,643,28.74,28.74,OK,125300,9 years,9 years,OWN,ND,North Dakota,OK
LN001550,A,A2,OK,debt_consolidation,60,14600,14600,OK,6.19,6.19,OK,283.55,11/29/2022,12/29/2022,OK,Current,14744.6,9583.99,5160.61,0,623,OK,623,19.5,19.5,OK,113700,10+ years,10+ years,MORTGAGE,MA,Massachusetts,OK
LN001257,E,E2,OK,debt_consolidation,36,37500,37500,OK,25.36,25.36,OK,1498.14,6/5/2023,7/3/2023,OK,Fully Paid,54999.47,37500,17499.47,0,638,OK,638,18,18,OK,248300,5 years,5 years,RENT,SC,South Carolina,OK
LN002095,E,E1,OK,renewable_energy,60,36700,36700,OK,26.5,26.5,OK,1109.7,7/4/2021,8/8/2021,OK,Charged Off,20588.3,14411.81,6176.49,22288.19,593,OK,593,11.87,11.87,OK,170900,6 years,6 years,MORTGAGE,AK,Alaska,OK
LN001556,B,B1,OK,moving,36,25800,25800,OK,10.81,10.81,OK,842.34,5/15/2023,6/17/2023,OK,Fully Paid,30203.23,25800,4403.23,0,816,OK,816,32.4,32.4,OK,196200,10+ years,10+ years,RENT,NV,Nevada,OK
LN003098,D,D3,OK,medical,36,11500,11500,OK,18.81,18.81,OK,420.44,12/28/2023,1/26/2024,OK,Default,5045.28,3531.7,1513.58,0,627,OK,627,21.85,21.85,OK,158300,10+ years,10+ years,RENT,OR,Oregon,OK
LN001251,F,F3,OK,vacation,36,37700,37700,OK,29.13,29.13,OK,1582.51,7/9/2022,8/10/2022,OK,Current,47475.3,30858.95,16616.35,0,599,OK,599,10.89,10.89,OK,70400,,MISSING,RENT,ND,North Dakota,OK
LN001700,A,A1,OK,small_business,36,17400,17400,OK,5.86,5.86,OK,528.24,5/15/2022,6/19/2022,OK,Charged Off,5037.23,3526.06,1511.17,13873.94,604,OK,604,25.55,25.55,OK,46200,7 years,7 years,MORTGAGE,NC,North Carolina,OK
LN001253,A,A2,OK,credit_card,60,36500,36500,OK,7.25,7.25,OK,727.06,8/30/2022,10/2/2022,OK,Current,18903.56,12287.31,6616.25,0,784,OK,784,35.1,35.1,OK,134900,< 1 year,< 1 year,MORTGAGE,NV,Nevada,OK
LN003318,C,C1,OK,vacation,36,36300,36300,OK,16.06,16.06,OK,1277.28,4/17/2023,5/19/2023,OK,Default,11495.52,8046.86,3448.66,0,736,OK,736,36.7,36.7,OK,171800,1 year,1 year,MORTGAGE,IA,Iowa,OK
LN003338,A,A5,OK,debt_consolidation,36,15600,15600,OK,7.8,7.8,OK,487.41,1/12/2022,2/11/2022,OK,Current,11697.84,7603.6,4094.24,0,620,OK,620,38.88,38.88,OK,145900,4 years,4 years,MORTGAGE,CO,Colorado,OK
LN000080,D,D5,OK,credit_card,60,25300,25300,OK,19.24,19.24,OK,659.64,9/27/2021,10/30/2021,OK,Charged Off,2782.49,1947.74,834.75,23352.26,708,OK,708,13.86,13.86,OK,42700,8 years,8 years,MORTGAGE,TX,Texas,OK
LN001173,G,G4,OK,home_improvement,60,18500,18500,OK,33.56,33.56,OK,639.61,10/7/2021,11/6/2021,OK,Fully Paid,38513.41,18500,20013.41,0,802,OK,802,32.78,32.78,OK,165600,5 years,5 years,MORTGAGE,MS,Mississippi,OK
LN000815,E,E3,OK,moving,36,,,FLAGGED,23.41,23.41,OK,1350.65,9/18/2022,10/18/2022,OK,Fully Paid,48071.9,34700,13371.9,0,625,OK,625,15.52,15.52,OK,66900,1 year,1 year,OWN,TN,Tennessee,OK
LN001853,A,A5,OK,educational,36,38400,38400,OK,5.23,5.23,OK,1154.85,7/23/2021,8/26/2021,OK,Charged Off,17203.8,12042.66,5161.14,26357.34,743,OK,743,21.44,21.44,OK,195100,10+ years,10+ years,RENT,OR,Oregon,OK
LN002221,G,G4,OK,educational,60,11600,11600,OK,33.56,33.56,OK,401.05,4/27/2021,5/28/2021,OK,Charged Off,4778.81,3345.17,1433.64,8254.83,803,OK,803,7.21,7.21,OK,158000,10+ years,10+ years,MORTGAGE,AK,Alaska,OK
LN003149,B,B4,OK,vacation,60,8900,8900,OK,8.92,8.92,OK,184.4,8/9/2023,9/13/2023,OK,Current,2581.6,1678.04,903.56,0,738,OK,738,18.31,18.31,OK,248800,10+ years,10+ years,MORTGAGE,WI,Wisconsin,OK
LN002106,A,A2,OK,renewable_energy,36,8200,8200,OK,7.63,7.63,OK,255.56,11/1/2023,12/3/2023,OK,Fully Paid,9184.3,8200,984.3,0,786,OK,786,13.19,13.19,OK,71900,10+ years,10+ years,MORTGAGE,GA,Georgia,OK
LN000134,C,C5,OK,car,36,35800,35800,OK,13.47,13.47,OK,1214.36,11/2/2023,12/1/2023,OK,Fully Paid,43613.86,35800,7813.86,0,687,OK,687,11.06,11.06,OK,108500,4 years,4 years,MORTGAGE,NM,New Mexico,OK
LN001141,D,D4,OK,credit_card,60,16100,16100,OK,17.73,17.73,OK,406.47,3/28/2023,4/30/2023,OK,Charged Off,6443.66,4510.56,1933.1,11589.44,725,OK,725,14.93,14.93,OK,160300,6 years,6 years,RENT,WY,Wyoming,OK
LN000934,E,E3,OK,small_business,36,35900,35900,OK,23.31,23.31,OK,1395.49,5/25/2021,6/24/2021,OK,Late (31-120 Days),11163.92,7814.74,3349.18,0,629,OK,629,29.14,29.14,OK,163100,10+ years,10+ years,MORTGAGE,OK,Oklahoma,OK
LN000929,C,C2,OK,educational,36,31700,31700,OK,15.59,15.59,OK,1108.07,3/13/2023,4/12/2023,OK,Current,4432.28,2880.98,1551.3,0,746,OK,746,42.15,42.15,OK,73900,3 years,3 years,RENT,MT,Montana,OK
LN000824,F,F2,OK,wedding,60,19700,19700,OK,29.57,29.57,OK,632.17,6/17/2023,7/21/2023,OK,Fully Paid,38184.67,19700,18484.67,0,595,OK,595,7.6,7.6,OK,230400,,MISSING,RENT,ID,Idaho,OK
LN001532,D,D2,OK,vacation,60,39800,39800,OK,19.47,19.47,OK,1042.75,9/30/2023,10/29/2023,OK,Fully Paid,62746.67,39800,22946.67,0,790,OK,790,20.5,20.5,OK,167500,7 years,7 years,RENT,WY,Wyoming,OK
LN001215,A,A1,OK,wedding,36,18800,18800,OK,6.6,6.6,OK,577.06,3/7/2023,4/9/2023,OK,Charged Off,8213.24,5749.27,2463.97,13050.73,732,OK,732,15.15,15.15,OK,37100,2 years,2 years,MORTGAGE,MI,Michigan,OK
LN000505,F,F2,OK,vacation,60,17800,17800,OK,27.6,27.6,OK,549.93,1/30/2021,2/28/2021,OK,Fully Paid,33115.03,17800,15315.03,0,607,OK,607,38.48,38.48,OK,87900,< 1 year,< 1 year,OWN,VA,Virginia,OK
LN002396,F,F1,OK,renewable_energy,60,5900,5900,OK,30.65,30.65,OK,193.25,10/31/2022,11/28/2022,OK,Current,9662.5,6280.62,3381.88,0,649,OK,649,22.63,22.63,OK,70500,9 years,9 years,RENT,VT,Vermont,OK
LN001997,A,A1,OK,small_business,36,28300,28300,OK,7.58,7.58,OK,881.35,10/17/2022,11/18/2022,OK,Current,27321.85,17759.2,9562.65,0,765,OK,765,37.08,37.08,OK,72900,6 years,6 years,OTHER,MO,Missouri,OK
LN002435,F,F3,OK,car,36,21100,21100,OK,-29.41,,NEGATIVE_RATE,888.92,7/8/2023,8/6/2023,OK,Current,11555.96,7511.37,4044.59,0,582,OK,582,44.8,44.8,OK,153200,2 years,2 years,MORTGAGE,WI,Wisconsin,OK
LN001959,E,E5,OK,debt_consolidation,36,,,FLAGGED,23.97,23.97,OK,764.73,8/2/2022,9/3/2022,OK,Current,12235.68,7953.19,4282.49,0,743,OK,743,38.41,38.41,OK,116100,10+ years,10+ years,OWN,NM,New Mexico,OK
LN001385,B,B4,OK,debt_consolidation,36,27500,27500,OK,10.25,10.25,OK,890.58,5/31/2021,7/3/2021,OK,Fully Paid,32015.51,27500,4515.51,0,785,OK,785,11.65,11.65,OK,178200,6 years,6 years,RENT,NC,North Carolina,OK
LN000895,F,F3,OK,wedding,36,2300,2300,OK,28.83,28.83,OK,96.17,8/6/2021,9/10/2021,OK,Fully Paid,3513.64,2300,1213.64,0,813,OK,813,21.31,21.31,OK,245900,4 years,4 years,MORTGAGE,ND,North Dakota,OK
LN000829,A,A5,OK,car,36,,,FLAGGED,5.63,5.63,OK,910.66,10/8/2022,11/11/2022,OK,Fully Paid,33191.47,30100,3091.47,0,,NULL,,16.55,16.55,OK,165100,7 years,7 years,OWN,WV,West Virginia,OK
LN002524,E,E4,OK,car,36,13800,13800,OK,24.66,24.66,OK,546.21,3/11/2021,4/14/2021,OK,Fully Paid,19547.77,13800,5747.77,0,582,OK,582,25.01,25.01,OK,165000,10+ years,10+ years,RENT,NV,Nevada,OK
LN001684,C,C2,OK,wedding,60,35200,35200,OK,13.09,13.09,OK,802.53,12/19/2023,1/23/2024,OK,Fully Paid,48169.22,35200,12969.22,0,723,OK,723,35.96,35.96,OK,110300,8 years,8 years,RENT,CO,Colorado,OK
LN003082,A,A2,OK,home_improvement,36,34600,34600,OK,5.62,5.62,OK,1046.65,2/21/2023,3/25/2023,OK,Current,19886.35,12926.13,6960.22,0,753,OK,753,15.75,15.75,OK,78800,6 years,6 years,MORTGAGE,MO,Missouri,OK
LN003062,D,D4,OK,wedding,60,,,FLAGGED,18.38,18.38,OK,58.88,10/21/2021,11/25/2021,OK,Charged Off,499.39,349.57,149.82,1950.43,767,OK,767,17.21,17.21,OK,132200,< 1 year,< 1 year,RENT,OH,Ohio,OK
LN000653,G,G2,OK,car,36,11200,11200,OK,32.36,32.36,OK,490.05,10/27/2023,11/24/2023,OK,Fully Paid,17659.42,11200,6459.42,0,,NULL,,30.33,30.33,OK,119700,2 years,2 years,OWN,AR,Arkansas,OK
LN000173,F,F3,OK,wedding,36,17800,17800,OK,29.26,29.26,OK,748.44,6/2/2022,7/6/2022,OK,Current,8232.84,5351.35,2881.49,0,656,OK,656,17.83,17.83,OK,107200,,MISSING,RENT,MT,Montana,OK
LN000039,A,A4,OK,wedding,36,2300,2300,OK,5.25,5.25,OK,69.19,8/1/2023,9/4/2023,OK,Fully Paid,2487.02,2300,187.02,0,592,OK,592,15.41,15.41,OK,159000,2 years,2 years,RENT,WI,Wisconsin,OK
LN003432,F,F5,OK,medical,36,9400,9400,OK,28.09,28.09,OK,389.27,7/22/2023,8/26/2023,OK,Charged Off,698.7,489.09,209.61,8910.91,653,OK,653,36.83,36.83,OK,37200,4 years,4 years,RENT,ID,Idaho,OK
LN000714,G,G5,OK,major_purchase,36,6800,6800,OK,32.72,32.72,OK,298.89,7/2/2022,8/4/2022,OK,Charged Off,1035.32,724.72,310.6,6075.28,642,OK,642,7.91,7.91,OK,177200,4 years,4 years,MORTGAGE,DE,Delaware,OK
LN000091,C,C2,OK,car,36,12700,12700,OK,14.5,14.5,OK,437.15,4/30/2021,6/2/2021,OK,Fully Paid,15965.13,12700,3265.13,0,590,OK,590,22.45,22.45,OK,213300,10+ years,10+ years,MORTGAGE,OR,Oregon,OK
LN001206,E,E1,OK,medical,60,7000,7000,OK,-23.14,,NEGATIVE_RATE,197.9,12/6/2021,1/6/2022,OK,Charged Off,1732.21,1212.55,519.66,5787.45,663,OK,663,26.59,26.59,OK,183600,3 years,3 years,MORTGAGE,IN,Indiana,OK
LN002959,D,D3,OK,debt_consolidation,60,22200,22200,OK,17.39,17.39,OK,556.39,12/2/2021,1/5/2022,OK,Fully Paid,33846.06,22200,11646.06,0,731,OK,731,22.05,22.05,OK,190000,< 1 year,< 1 year,MORTGAGE,MA,Massachusetts,OK
LN001828,C,C5,OK,vacation,36,27000,27000,OK,16.1,16.1,OK,950.57,7/12/2021,8/13/2021,OK,Fully Paid,34594.4,27000,7594.4,0,746,OK,746,21.34,21.34,OK,114400,,MISSING,MORTGAGE,MD,Maryland,OK
LN001156,C,C3,OK,small_business,36,38100,38100,OK,16.34,16.34,OK,1345.89,6/16/2022,7/19/2022,OK,Fully Paid,49157.74,38100,11057.74,0,655,OK,655,25.41,25.41,OK,63700,4 years,4 years,RENT,AR,Arkansas,OK
LN000217,D,D1,OK,wedding,36,4800,4800,OK,17.11,17.11,OK,171.4,9/1/2022,9/30/2022,OK,Fully Paid,6206.43,4800,1406.43,0,787,OK,787,10.15,10.15,OK,160800,1 year,1 year,MORTGAGE,AR,Arkansas,OK
LN000511,A,A2,OK,renewable_energy,60,13700,13700,OK,6.57,6.57,OK,268.51,8/20/2021,9/21/2021,OK,Charged Off,4836.74,3385.72,1451.02,10314.28,814,OK,814,6.8,6.8,OK,69000,,MISSING,OWN,NJ,New Jersey,OK
LN001681,A,A1,OK,wedding,60,24000,24000,OK,6.85,6.85,OK,473.53,7/6/2022,8/3/2022,OK,Current,5682.36,3693.53,1988.83,0,639,OK,639,30.55,30.55,OK,148900,9 years,9 years,MORTGAGE,MN,Minnesota,OK
LN000500,B,B4,OK,renewable_energy,36,29600,29600,OK,8.64,8.64,OK,936.32,5/20/2021,6/19/2021,OK,Fully Paid,33712.57,29600,4112.57,0,818,OK,818,18.57,18.57,OK,216700,1 year,1 year,RENT,ND,North Dakota,OK
LN002965,A,A1,OK,wedding,36,17900,17900,OK,6.06,6.06,OK,545.04,3/5/2022,4/9/2022,OK,Fully Paid,19362.75,17900,1462.75,0,705,OK,705,34.52,34.52,OK,181200,10+ years,10+ years,RENT,AZ,Arizona,OK
LN001857,D,D3,OK,major_purchase,36,19600,19600,OK,19.1,19.1,OK,719.45,4/9/2023,5/14/2023,OK,Fully Paid,25791.86,19600,6191.86,0,666,OK,666,20.58,20.58,OK,72000,6 years,6 years,OWN,NY,New York,OK
LN001389,B,B1,OK,home_improvement,36,17100,17100,OK,11.15,11.15,OK,561.05,6/1/2021,7/5/2021,OK,Fully Paid,19991.27,17100,2891.27,0,751,OK,751,33.81,33.81,OK,88100,7 years,7 years,RENT,BC,,INVALID_STATE
LN001520,D,D2,OK,vacation,60,37100,37100,OK,-18.03,,NEGATIVE_RATE,942.7,12/12/2022,1/14/2023,OK,Fully Paid,56671.71,37100,19571.71,0,815,OK,815,21.04,21.04,OK,196000,7 years,7 years,RENT,FL,Florida,OK
LN002387,A,A2,OK,credit_card,60,23700,23700,OK,5.85,5.85,OK,456.54,8/12/2023,9/10/2023,OK,Fully Paid,27310.21,23700,3610.21,0,669,OK,669,20.93,20.93,OK,42700,2 years,2 years,RENT,CO,Colorado,OK
LN003262,A,A3,OK,moving,60,1100,1100,OK,7.6,7.6,OK,22.09,9/1/2021,10/4/2021,OK,Current,684.79,445.11,239.68,0,605,OK,605,44.79,44.79,OK,116400,7 years,7 years,MORTGAGE,LA,Louisiana,OK
LN002077,F,F2,OK,wedding,60,,,FLAGGED,30.6,30.6,OK,834.43,8/31/2021,8/23/2021,DATE_SEQUENCE_ERROR,Current,40887.07,26576.6,14310.47,0,639,OK,639,19.41,19.41,OK,25500,10+ years,10+ years,MORTGAGE,MD,Maryland,OK
LN001541,G,G4,OK,medical,36,24500,24500,OK,33.24,33.24,OK,1084.02,7/15/2023,8/17/2023,OK,Fully Paid,38346.57,24500,13846.57,0,583,OK,583,20.36,20.36,OK,134800,7 years,7 years,MORTGAGE,NH,New Hampshire,OK
LN001218,C,C4,OK,credit_card,60,2900,2900,OK,12.58,12.58,OK,65.36,9/16/2021,10/18/2021,OK,Charged Off,1012.49,708.74,303.75,2191.26,721,OK,721,7.72,7.72,OK,135400,6 years,6 years,RENT,TX,Texas,OK
LN002682,B,B4,OK,vacation,60,12800,12800,OK,10.4,10.4,OK,274.49,7/2/2021,8/4/2021,OK,Fully Paid,16443.01,12800,3643.01,0,653,OK,653,34.44,34.44,OK,227500,10+ years,10+ years,MORTGAGE,AR,Arkansas,OK
LN003436,E,E3,OK,medical,36,2600,2600,OK,23.25,23.25,OK,100.98,4/24/2022,5/28/2022,OK,Charged Off,1386.57,970.6,415.97,1629.4,664,OK,664,5.42,5.42,OK,156600,4 years,4 years,MORTGAGE,HI,Hawaii,OK
LN001417,C,C5,OK,debt_consolidation,36,25500,25500,OK,16.16,16.16,OK,898.52,12/28/2022,1/25/2023,OK,Current,29651.16,19273.25,10377.91,0,621,OK,621,21.58,21.58,OK,39300,< 1 year,< 1 year,MORTGAGE,IN,Indiana,OK
LN002218,C,C2,OK,car,36,14000,14000,OK,16.2,16.2,OK,493.58,11/25/2022,12/26/2022,OK,Charged Off,1389.19,972.43,416.76,13027.57,648,OK,648,37.28,37.28,OK,106200,3 years,3 years,MORTGAGE,LA,Louisiana,OK
LN003014,B,B4,OK,major_purchase,36,33800,33800,OK,10.44,10.44,OK,1097.63,8/22/2022,9/23/2022,OK,Fully Paid,39754.65,33800,5954.65,0,600,OK,600,33.24,33.24,OK,90900,4 years,4 years,OWN,SD,South Dakota,OK
LN001677,B,B5,OK,educational,60,10700,10700,OK,9.68,9.68,OK,225.66,9/16/2022,10/21/2022,OK,Fully Paid,13532.47,10700,2832.47,0,640,OK,640,34.59,34.59,OK,94900,10+ years,10+ years,MORTGAGE,IN,Indiana,OK
LN001198,D,D4,OK,debt_consolidation,60,39400,39400,OK,20.95,20.95,OK,1064.79,6/30/2023,7/28/2023,OK,Fully Paid,63320.41,39400,23920.41,0,657,OK,657,14.45,14.45,OK,183800,7 years,7 years,MORTGAGE,OR,Oregon,OK
LN001543,A,A5,OK,renewable_energy,60,13800,13800,OK,6.15,6.15,OK,267.76,1/16/2022,2/15/2022,OK,Current,15797.84,10268.6,5529.24,0,738,OK,738,22.03,22.03,OK,208700,9 years,9 years,RENT,AL,Alabama,OK
LN002540,C,C5,OK,renewable_energy,60,29900,29900,OK,14.93,14.93,OK,710.22,5/18/2022,6/22/2022,OK,Fully Paid,42212.63,29900,12312.63,0,581,OK,581,17.09,17.09,OK,107800,1 year,1 year,MORTGAGE,AL,Alabama,OK
LN000954,C,C2,OK,medical,60,30100,30100,OK,13.28,13.28,OK,689.19,5/31/2023,7/3/2023,OK,Late (31-120 Days),6202.71,4341.9,1860.81,0,800,OK,800,35.56,35.56,OK,192200,4 years,4 years,RENT,MT,Montana,OK
LN002636,A,A4,OK,educational,36,,,FLAGGED,6.49,6.49,OK,1026.59,11/11/2023,12/13/2023,OK,Current,30797.7,20018.51,10779.19,0,590,OK,590,31.92,31.92,OK,68300,4 years,4 years,RENT,MD,Maryland,OK
LN000751,C,C4,OK,educational,60,8100,8100,OK,13.61,13.61,OK,186.84,12/20/2021,1/21/2022,OK,Late (31-120 Days),373.68,261.58,112.1,0,814,OK,814,38.57,38.57,OK,223100,4 years,4 years,OWN,TX,Texas,OK
LN002706,B,B1,OK,vacation,60,,,FLAGGED,8.51,8.51,OK,595.12,2/18/2021,3/20/2021,OK,Fully Paid,35607.38,29000,6607.38,0,665,OK,665,43.59,43.59,OK,159100,8 years,8 years,OWN,IA,Iowa,OK
LN000235,G,G5,OK,medical,36,,,FLAGGED,35.27,35.27,OK,944.09,9/15/2021,10/19/2021,OK,Default,10384.99,7269.49,3115.5,0,,ABOVE_MAX,908,42.45,42.45,OK,121500,5 years,5 years,RENT,VA,Virginia,OK
LN000733,C,C3,OK,moving,36,25900,25900,OK,13.51,13.51,OK,879.05,9/30/2023,11/4/2023,OK,Fully Paid,31459.25,25900,5559.25,0,761,OK,761,18.35,18.35,OK,237100,9 years,9 years,MORTGAGE,RI,Rhode Island,OK
LN003455,D,D5,OK,credit_card,60,31500,31500,OK,18.9,18.9,OK,815.4,4/1/2022,5/5/2022,OK,Charged Off,8608.48,6025.94,2582.54,25474.06,769,OK,769,12.35,12.35,OK,105800,4 years,4 years,OTHER,OR,Oregon,OK
LN001157,B,B2,OK,renewable_energy,36,6200,6200,OK,9.89,9.89,OK,199.74,4/29/2022,5/28/2022,OK,Late (31-120 Days),1597.92,1118.54,479.38,0,769,OK,769,36.64,36.64,OK,235200,2 years,2 years,RENT,AL,Alabama,OK
LN003081,E,E3,OK,vacation,60,19600,19600,OK,26.3,26.3,OK,590.32,9/15/2023,10/20/2023,OK,Current,15938.64,10360.12,5578.52,0,649,OK,649,37.26,37.26,OK,161000,1 year,1 year,MORTGAGE,MO,Missouri,OK
LN002446,D,D2,OK,major_purchase,36,18200,18200,OK,17.5,17.5,OK,653.42,4/18/2023,5/19/2023,OK,Current,15028.66,9768.63,5260.03,0,736,OK,736,7.69,7.69,OK,145400,1 year,1 year,OWN,TX,Texas,OK
LN001210,G,G5,OK,renewable_energy,36,22600,22600,OK,35.57,35.57,OK,1029.64,7/13/2022,8/14/2022,OK,Current,26770.64,17400.92,9369.72,0,693,OK,693,28.6,28.6,OK,167500,4 years,4 years,OWN,ID,Idaho,OK
LN001066,C,C5,OK,small_business,60,,,FLAGGED,16.08,16.08,OK,285.02,10/28/2021,11/25/2021,OK,Fully Paid,17026.5,11700,5326.5,0,668,OK,668,7.64,7.64,OK,37800,10+ years,10+ years,MORTGAGE,MO,Missouri,OK
LN002157,B,B3,OK,debt_consolidation,60,35800,35800,OK,11.48,11.48,OK,786.98,4/20/2022,5/19/2022,OK,Late (31-120 Days),3147.92,2203.54,944.38,0,641,OK,641,23.34,23.34,OK,119100,10+ years,10+ years,MORTGAGE,WI,Wisconsin,OK
LN001063,A,A5,OK,medical,60,2600,2600,OK,6.18,6.18,OK,50.48,3/30/2021,5/2/2021,OK,Current,2372.56,1542.16,830.4,0,701,OK,701,37.41,37.41,OK,171900,,MISSING,RENT,ON,,INVALID_STATE
LN002617,F,F5,OK,small_business,36,39900,39900,OK,30.89,30.89,OK,1713.33,3/30/2023,5/3/2023,OK,Fully Paid,60846.24,39900,20946.24,0,781,OK,781,29.97,29.97,OK,228300,3 years,3 years,MORTGAGE,OR,Oregon,OK
LN001168,C,C5,OK,wedding,60,,,FLAGGED,14.49,14.49,OK,630.42,10/18/2022,11/17/2022,OK,Current,6934.62,4507.5,2427.12,0,661,OK,661,25.64,25.64,OK,105300,5 years,5 years,MORTGAGE,TN,Tennessee,OK
LN002939,E,E1,OK,medical,36,22600,22600,OK,26.15,26.15,OK,912.37,11/17/2023,12/15/2023,OK,Current,12773.18,8302.57,4470.61,0,779,OK,779,23.59,23.59,OK,150400,3 years,3 years,RENT,WY,Wyoming,OK
LN003054,A,A1,OK,car,36,21300,21300,OK,6.81,6.81,OK,655.83,8/19/2022,9/19/2022,OK,Charged Off,11257.79,7880.45,3377.34,13419.55,594,OK,594,18.27,18.27,OK,49000,3 years,3 years,RENT,TX,Texas,OK
LN000885,A,A4,OK,small_business,36,38800,38800,OK,5.46,5.46,OK,1170.9,9/13/2023,10/16/2023,OK,Fully Paid,42401.67,38800,3601.67,0,666,OK,666,23.16,23.16,OK,202100,10+ years,10+ years,OWN,ME,Maine,OK
LN000144,B,B2,OK,vacation,60,17800,17800,OK,9.56,9.56,OK,374.36,8/13/2023,9/10/2023,OK,Fully Paid,22335.41,17800,4535.41,0,640,OK,640,7.48,7.48,OK,73400,,MISSING,RENT,UT,Utah,OK
LN002042,F,F3,OK,educational,36,17100,17100,OK,28.03,28.03,OK,707.59,8/14/2023,9/11/2023,OK,Charged Off,9691.45,6784.02,2907.43,10315.98,660,OK,660,6.66,6.66,OK,88000,< 1 year,< 1 year,MORTGAGE,TX,Texas,OK
LN000851,A,A5,OK,major_purchase,36,39400,39400,OK,5.95,5.95,OK,1197.73,8/13/2023,9/17/2023,OK,Fully Paid,43333.63,39400,3933.63,0,622,OK,622,29.97,29.97,OK,201700,4 years,4 years,MORTGAGE,WI,Wisconsin,OK
LN002783,F,F5,OK,wedding,36,14500,14500,OK,31.49,31.49,OK,627.44,10/13/2021,11/16/2021,OK,Late (31-120 Days),4392.08,3074.46,1317.62,0,,NULL,,35.52,35.52,OK,136800,5 years,5 years,MORTGAGE,WV,West Virginia,OK
LN000718,A,A5,OK,moving,36,34000,34000,OK,-5.05,,NEGATIVE_RATE,1019.77,4/18/2022,5/23/2022,OK,Fully Paid,37155.95,34000,3155.95,0,765,OK,765,17.04,17.04,OK,154900,8 years,8 years,OWN,OK,Oklahoma,OK
LN003409,C,C1,OK,wedding,60,,,FLAGGED,13.76,13.76,OK,613.32,9/20/2023,10/23/2023,OK,Current,6746.52,4385.24,2361.28,0,591,OK,591,8.81,8.81,OK,83900,10+ years,10+ years,MORTGAGE,NM,New Mexico,OK
LN002503,B,B2,OK,debt_consolidation,36,27200,27200,OK,10.69,10.69,OK,886.51,6/20/2022,7/24/2022,OK,Charged Off,6589.25,4612.47,1976.77,22587.53,759,OK,759,125.46,,DTI_IMPOSSIBLE,157900,3 years,3 years,OWN,AL,Alabama,OK
LN000265,B,B5,OK,vacation,60,35700,35700,OK,10.03,10.03,OK,759.05,7/2/2023,8/5/2023,OK,Current,31880.1,20722.06,11158.03,0,587,OK,587,39.5,39.5,OK,78500,5 years,5 years,OWN,NE,Nebraska,OK
LN000076,B,B5,OK,car,36,38200,38200,OK,9.04,9.04,OK,1215.46,3/9/2022,4/12/2022,OK,Current,41325.64,26861.67,14463.97,0,737,OK,737,21.32,21.32,OK,139500,< 1 year,< 1 year,RENT,NH,New Hampshire,OK
LN002493,C,C5,OK,home_improvement,36,34200,34200,OK,13.67,13.67,OK,1163.4,10/3/2023,11/5/2023,OK,Charged Off,4902.21,3431.55,1470.66,30768.45,818,OK,818,26.04,26.04,OK,80200,5 years,5 years,MORTGAGE,NE,Nebraska,OK
LN000396,A,A4,OK,vacation,60,15400,15400,OK,7.3,7.3,OK,307.12,11/10/2021,12/10/2021,OK,Charged Off,4206.16,2944.31,1261.85,12455.69,762,OK,762,36.87,36.87,OK,158400,6 years,6 years,RENT,MD,Maryland,OK
LN003048,A,A1,OK,vacation,36,6300,6300,OK,5.82,5.82,OK,191.14,7/13/2023,8/15/2023,OK,Fully Paid,7005.25,6300,705.25,0,599,OK,599,29.77,29.77,OK,189800,8 years,8 years,MORTGAGE,AL,Alabama,OK
LN002225,E,E4,OK,educational,60,19100,19100,OK,26.3,26.3,OK,575.26,10/23/2021,11/22/2021,OK,Charged Off,2725.68,1907.98,817.7,17192.02,581,OK,581,43.69,43.69,OK,70900,,MISSING,MORTGAGE,VA,Virginia,OK
LN003358,E,E5,OK,medical,36,34200,34200,OK,26,26,OK,1377.94,9/7/2021,10/8/2021,OK,Fully Paid,50246.69,34200,16046.69,0,738,OK,738,32.57,32.57,OK,215900,10+ years,10+ years,RENT,MA,Massachusetts,OK
LN000397,C,C4,OK,wedding,36,32700,32700,OK,13.47,13.47,OK,1109.21,4/16/2022,5/16/2022,OK,Default,7764.47,5435.13,2329.34,0,596,OK,596,18.63,18.63,OK,201500,9 years,9 years,OWN,MI,Michigan,OK
LN001366,A,A1,OK,medical,60,24600,24600,OK,6,6,OK,475.59,10/26/2021,11/29/2021,OK,Current,17121.24,11128.81,5992.43,0,760,OK,760,28.8,28.8,OK,102900,,MISSING,RENT,UT,Utah,OK
LN002992,C,C2,OK,car,36,36400,36400,OK,13.28,13.28,OK,1231.37,2/27/2022,3/31/2022,OK,Late (31-120 Days),7388.22,5171.75,2216.47,0,757,OK,757,43.76,43.76,OK,139600,4 years,4 years,OWN,WI,Wisconsin,OK
LN001904,D,D2,OK,medical,36,4600,4600,OK,20.37,20.37,OK,171.82,3/31/2021,4/30/2021,OK,Fully Paid,6153.55,4600,1553.55,0,753,OK,753,21.87,21.87,OK,220200,8 years,8 years,MORTGAGE,AR,Arkansas,OK
LN000596,B,B4,OK,medical,60,4000,4000,OK,8.98,8.98,OK,82.99,8/22/2023,9/26/2023,OK,Fully Paid,4910.02,4000,910.02,0,632,OK,632,30.68,30.68,OK,122500,10+ years,10+ years,MORTGAGE,NH,New Hampshire,OK
LN002110,A,A3,OK,debt_consolidation,36,1900,1900,OK,6.96,6.96,OK,58.63,7/11/2023,8/14/2023,OK,Current,1700.27,1105.18,595.09,0,,NULL,,34.23,34.23,OK,104900,1 year,1 year,MORTGAGE,VA,Virginia,OK
LN001297,A,A3,OK,home_improvement,60,11900,11900,OK,6.29,6.29,OK,231.67,10/24/2023,11/25/2023,OK,Fully Paid,13923.98,11900,2023.98,0,740,OK,740,29.54,29.54,OK,63400,,MISSING,OTHER,MI,Michigan,OK
LN001822,A,A2,OK,home_improvement,36,10600,10600,OK,6.22,6.22,OK,323.53,8/9/2022,9/9/2022,OK,Current,1294.12,841.18,452.94,0,678,OK,678,11.73,11.73,OK,42100,< 1 year,< 1 year,MORTGAGE,SD,South Dakota,OK
LN000873,B,B4,OK,credit_card,60,10300,10300,OK,10.21,10.21,OK,219.91,7/5/2021,8/7/2021,OK,Late (31-120 Days),1979.19,1385.43,593.76,0,700,OK,700,24.83,24.83,OK,98200,< 1 year,< 1 year,OWN,MD,Maryland,OK
LN003107,C,C4,OK,home_improvement,36,1100,1100,OK,13.53,13.53,OK,37.34,12/23/2021,1/27/2022,OK,Fully Paid,1318.96,1100,218.96,0,638,OK,638,20.34,20.34,OK,164000,2 years,2 years,OWN,WI,Wisconsin,OK
LN003491,D,D5,OK,car,36,29900,29900,OK,20.51,20.51,OK,1118.98,12/17/2023,1/16/2024,OK,Fully Paid,39504.46,29900,9604.46,0,620,OK,620,14.26,14.26,OK,132400,10+ years,10+ years,RENT,IA,Iowa,OK
LN002327,F,C1,GRADE_MISMATCH,home_improvement,36,8600,8600,OK,29.46,29.46,OK,362.54,3/14/2022,4/18/2022,OK,Current,9063.5,5891.28,3172.22,0,732,OK,732,20.75,20.75,OK,133000,8 years,8 years,OWN,TN,Tennessee,OK
LN001549,B,B5,OK,major_purchase,60,19300,19300,OK,11.07,11.07,OK,420.3,10/12/2023,11/12/2023,OK,Current,15551.1,10108.22,5442.89,0,623,OK,623,43.91,43.91,OK,156300,7 years,7 years,MORTGAGE,NM,New Mexico,OK
LN000037,B,B5,OK,educational,36,30400,30400,OK,9.83,9.83,OK,978.5,6/27/2023,7/25/2023,OK,Late (31-120 Days),4892.5,3424.75,1467.75,0,772,OK,772,20.6,20.6,OK,196600,5 years,5 years,MORTGAGE,RI,Rhode Island,OK
LN002711,D,D3,OK,wedding,36,17100,17100,OK,17.59,17.59,OK,614.69,6/14/2021,7/14/2021,OK,Late (31-120 Days),4917.52,3442.26,1475.26,0,704,OK,704,11.82,11.82,OK,49300,6 years,6 years,OWN,ME,Maine,OK
LN003024,D,D2,OK,medical,36,6000,6000,OK,19,19,OK,219.94,6/21/2021,7/23/2021,OK,Current,879.76,571.84,307.92,0,813,OK,813,31.35,31.35,OK,79800,6 years,6 years,OWN,VA,Virginia,OK
LN002144,F,F4,OK,car,36,30000,30000,OK,29.17,29.17,OK,1259.95,9/5/2021,10/3/2021,OK,Current,23939.05,15560.38,8378.67,0,692,OK,692,11.23,11.23,OK,130200,10+ years,10+ years,OTHER,ID,Idaho,OK
LN003060,E,E4,OK,small_business,60,33800,33800,OK,26.23,26.23,OK,1016.6,5/24/2022,6/22/2022,OK,Current,31514.6,20484.49,11030.11,0,600,OK,600,21.81,21.81,OK,158500,< 1 year,< 1 year,RENT,SD,South Dakota,OK
LN000978,E,E4,OK,vacation,36,16700,16700,OK,25.34,25.34,OK,667,11/2/2023,12/5/2023,OK,Current,20010,13006.5,7003.5,0,736,OK,736,9.87,9.87,OK,78000,5 years,5 years,RENT,MS,Mississippi,OK
LN001572,C,C3,OK,medical,36,17800,17800,OK,15.21,15.21,OK,618.87,12/4/2022,1/1/2023,OK,Fully Paid,22503.39,17800,4703.39,0,726,OK,726,21.59,21.59,OK,149700,,MISSING,RENT,NC,North Carolina,OK
LN001123,E,E1,OK,home_improvement,36,12700,12700,OK,25.75,25.75,OK,510,6/15/2023,7/18/2023,OK,Fully Paid,18494.53,12700,5794.53,0,655,OK,655,12.67,12.67,OK,34500,7 years,7 years,OWN,MD,Maryland,OK
LN002787,A,A4,OK,credit_card,36,36700,36700,OK,6.92,6.92,OK,1131.85,3/16/2023,4/16/2023,OK,Current,20373.3,13242.65,7130.65,0,607,OK,607,35.84,35.84,OK,186700,2 years,2 years,MORTGAGE,NH,New Hampshire,OK
LN002240,B,B4,OK,home_improvement,36,21200,21200,OK,9.76,9.76,OK,681.68,9/13/2023,10/15/2023,OK,Fully Paid,24636.76,21200,3436.76,0,621,OK,621,25.09,25.09,OK,207900,10+ years,10+ years,RENT,NM,New Mexico,OK
LN002968,B,B5,OK,renewable_energy,36,16000,16000,OK,9.02,9.02,OK,508.94,2/5/2021,3/5/2021,OK,Charged Off,4162.94,2914.06,1248.88,13085.94,717,OK,717,8.14,8.14,OK,29300,< 1 year,< 1 year,OWN,KY,Kentucky,OK
LN002505,G,G1,OK,moving,60,,,FLAGGED,35.07,35.07,OK,557.9,10/21/2021,11/20/2021,OK,Fully Paid,33866.62,15700,18166.62,0,815,OK,815,14.04,14.04,OK,135700,8 years,8 years,RENT,AZ,Arizona,OK
LN001893,C,C5,OK,major_purchase,36,29100,29100,OK,14.53,14.53,OK,1002.08,3/30/2023,5/4/2023,OK,Fully Paid,35749.88,29100,6649.88,0,652,OK,652,34.58,34.58,OK,189600,7 years,7 years,OWN,NV,Nevada,OK
LN000676,F,F3,OK,home_improvement,36,8300,8300,OK,30.84,30.84,OK,356.18,10/29/2022,12/2/2022,OK,Fully Paid,12990.62,8300,4690.62,0,594,OK,594,34.88,34.88,OK,73000,10+ years,10+ years,MORTGAGE,MO,Missouri,OK
LN002809,F,F1,OK,wedding,36,,,FLAGGED,30.52,30.52,OK,1239.37,7/4/2023,8/8/2023,OK,Fully Paid,44604.43,29000,15604.43,0,802,OK,802,31.75,31.75,OK,115400,,MISSING,RENT,RI,Rhode Island,OK
LN000729,C,C2,OK,credit_card,36,15100,15100,OK,13.41,13.41,OK,511.77,2/14/2021,3/20/2021,OK,Fully Paid,18129.9,15100,3029.9,0,767,OK,767,37.96,37.96,OK,134800,5 years,5 years,RENT,IN,Indiana,OK
LN000413,D,D1,OK,credit_card,60,33600,33600,OK,18.77,18.77,OK,867.36,1/7/2023,2/10/2023,OK,Current,38163.84,24806.5,13357.34,0,799,OK,799,15.9,15.9,OK,135700,3 years,3 years,RENT,TN,Tennessee,OK
LN001517,B,B3,OK,renewable_energy,36,33800,33800,OK,11.13,11.13,OK,1108.65,9/20/2022,10/25/2022,OK,Current,6651.9,4323.73,2328.16,0,635,OK,635,8.91,8.91,OK,155200,3 years,3 years,RENT,AK,Alaska,OK
LN001650,A,A5,OK,debt_consolidation,36,4900,4900,OK,7.96,7.96,OK,153.46,12/25/2021,1/25/2022,OK,Current,2915.74,1895.23,1020.51,0,727,OK,727,30.7,30.7,OK,189100,3 years,3 years,MORTGAGE,OR,Oregon,OK
LN000826,F,F2,OK,educational,36,17200,17200,OK,29.86,29.86,OK,728.85,6/26/2022,7/24/2022,OK,Current,2186.55,1421.26,765.29,0,635,OK,635,30.52,30.52,OK,213500,1 year,1 year,MORTGAGE,KS,Kansas,OK
LN000617,G,G4,OK,home_improvement,60,6900,6900,OK,33.93,33.93,OK,240.18,3/28/2023,4/28/2023,OK,Fully Paid,14220.83,6900,7320.83,0,748,OK,748,33,33,OK,68200,4 years,4 years,MORTGAGE,HI,Hawaii,OK
LN000115,C,C3,OK,credit_card,36,34800,34800,OK,13.68,13.68,OK,1183.98,9/26/2023,10/31/2023,OK,Current,35519.4,23087.61,12431.79,0,622,OK,622,32.59,32.59,OK,168900,5 years,5 years,MORTGAGE,MN,Minnesota,OK
LN000418,G,G3,OK,home_improvement,36,26100,26100,OK,35.92,35.92,OK,1194.29,6/4/2022,7/5/2022,OK,Current,16720.06,10868.04,5852.02,0,745,OK,745,24.68,24.68,OK,83900,6 years,6 years,OWN,SC,South Carolina,OK
LN001626,A,A2,OK,wedding,60,19900,19900,OK,-5.45,,NEGATIVE_RATE,379.65,3/7/2021,4/11/2021,OK,Current,2277.9,1480.64,797.26,0,660,OK,660,32.98,32.98,OK,180600,< 1 year,< 1 year,MORTGAGE,NE,Nebraska,OK
LN002653,A,A3,OK,educational,36,36200,36200,OK,6.34,6.34,OK,1106.86,12/6/2021,1/8/2022,OK,Fully Paid,40373.68,36200,4173.68,0,729,OK,729,30.25,30.25,OK,44400,9 years,9 years,MORTGAGE,WA,Washington,OK
LN000090,C,C3,OK,debt_consolidation,36,31600,31600,OK,12.72,12.72,OK,1060.47,2/21/2021,3/24/2021,OK,Fully Paid,37735.95,31600,6135.95,0,615,OK,615,35.57,35.57,OK,143500,3 years,3 years,RENT,WV,West Virginia,OK
LN002897,B,B5,OK,home_improvement,60,17800,17800,OK,9.29,9.29,OK,372.01,3/3/2021,3/31/2021,OK,Current,14508.39,9430.45,5077.94,0,673,OK,673,19.36,19.36,OK,249200,5 years,5 years,MORTGAGE,VA,Virginia,OK
LN003136,C,C1,OK,medical,60,38200,38200,OK,14.4,14.4,OK,896.79,9/1/2023,10/1/2023,OK,Late (31-120 Days),2690.37,1883.26,807.11,0,742,OK,742,24.5,24.5,OK,67200,6 years,6 years,RENT,IN,Indiana,OK
LN002083,B,B4,OK,medical,60,28300,28300,OK,10.93,10.93,OK,614.32,6/16/2021,7/21/2021,OK,Fully Paid,37505.96,28300,9205.96,0,749,OK,749,44.09,44.09,OK,159200,4 years,4 years,RENT,AB,,INVALID_STATE
LN000754,A,A1,OK,vacation,60,32000,32000,OK,6.89,6.89,OK,631.98,7/17/2022,8/14/2022,OK,Late (31-120 Days),3791.88,2654.32,1137.56,0,607,OK,607,32.95,32.95,OK,179600,,MISSING,MORTGAGE,OK,Oklahoma,OK
LN002547,F,F2,OK,home_improvement,36,37100,37100,OK,29.07,29.07,OK,1556.12,1/24/2023,2/26/2023,OK,Charged Off,2790.74,1953.52,837.22,35146.48,763,OK,763,16.04,16.04,OK,127900,2 years,2 years,RENT,IN,Indiana,OK
LN001631,C,C4,OK,car,60,16300,16300,OK,15.89,15.89,OK,395.43,12/8/2021,1/11/2022,OK,Charged Off,4667.13,3266.99,1400.14,13033.01,679,OK,679,40.41,40.41,OK,121200,2 years,2 years,RENT,RI,Rhode Island,OK
LN002445,C,C4,OK,home_improvement,60,13100,13100,OK,14.69,14.69,OK,309.52,3/24/2023,4/21/2023,OK,Current,12380.8,8047.52,4333.28,0,671,OK,671,7.92,7.92,OK,130300,6 years,6 years,MORTGAGE,LA,Louisiana,OK
LN000285,B,B1,OK,car,36,38000,38000,OK,9.49,9.49,OK,1217.07,6/19/2022,7/22/2022,OK,Charged Off,12532.57,8772.8,3759.77,29227.2,704,OK,704,219.57,,DTI_IMPOSSIBLE,103800,3 years,3 years,RENT,CT,Connecticut,OK
LN001067,A,A4,OK,vacation,60,,,FLAGGED,-7.35,,NEGATIVE_RATE,425.29,11/24/2022,12/27/2022,OK,Charged Off,10621.88,7435.32,3186.56,13864.68,770,OK,770,43.67,43.67,OK,197900,7 years,7 years,MORTGAGE,WI,Wisconsin,OK
LN001192,D,D3,OK,renewable_energy,60,4800,4800,OK,20.2,20.2,OK,127.71,4/2/2022,5/3/2022,OK,Charged Off,619.82,433.87,185.95,4366.13,809,OK,809,11.66,11.66,OK,173900,8 years,8 years,RENT,OR,Oregon,OK
LN001441,A,A4,OK,debt_consolidation,60,7200,7200,OK,5.37,5.37,OK,137.1,7/11/2021,8/11/2021,OK,Current,1096.8,712.92,383.88,0,582,OK,582,14.94,14.94,OK,243100,1 year,1 year,MORTGAGE,NM,New Mexico,OK
LN003363,D,D4,OK,home_improvement,36,35500,35500,OK,20.31,20.31,OK,1324.92,7/4/2021,8/7/2021,OK,Charged Off,19787.47,13851.23,5936.24,21648.77,624,OK,624,42.43,42.43,OK,56100,5 years,5 years,RENT,NJ,New Jersey,OK
LN003361,A,A3,OK,vacation,36,10900,10900,OK,6.44,6.44,OK,333.78,3/15/2023,4/13/2023,OK,Fully Paid,11971.21,10900,1071.21,0,,NULL,,40.33,40.33,OK,89200,< 1 year,< 1 year,OWN,MO,Missouri,OK
LN002739,A,A5,OK,vacation,36,7900,7900,OK,5.46,5.46,OK,238.41,11/29/2021,12/27/2021,OK,Current,7152.3,4648.99,2503.3,0,678,OK,678,22.56,22.56,OK,191200,10+ years,10+ years,RENT,AL,Alabama,OK
LN003247,B,B5,OK,small_business,36,25700,25700,OK,9.45,9.45,OK,822.65,5/28/2023,6/29/2023,OK,Fully Paid,29075.35,25700,3375.35,0,802,OK,802,11.97,11.97,OK,100300,6 years,6 years,MORTGAGE,MT,Montana,OK
LN001569,A,A4,OK,renewable_energy,60,,,FLAGGED,6.16,6.16,OK,576.4,6/20/2023,7/22/2023,OK,Default,3458.4,2420.88,1037.52,0,685,OK,685,35.12,35.12,OK,200400,< 1 year,< 1 year,MORTGAGE,IA,Iowa,OK
LN002428,F,F5,OK,credit_card,36,32300,32300,OK,27.9,27.9,OK,1334.3,5/30/2021,7/2/2021,OK,Current,17345.9,11274.84,6071.07,0,724,OK,724,7.38,7.38,OK,159800,2 years,2 years,MORTGAGE,PA,Pennsylvania,OK
LN002738,A,A2,OK,car,60,21000,21000,OK,7.08,7.08,OK,416.62,9/9/2022,10/8/2022,OK,Fully Paid,25292.71,21000,4292.71,0,669,OK,669,6.31,6.31,OK,100600,4 years,4 years,RENT,KY,Kentucky,OK
LN003085,D,D4,OK,moving,36,26300,26300,OK,20.97,20.97,OK,990.45,5/26/2023,6/24/2023,OK,Current,17828.1,11588.26,6239.83,0,687,OK,687,31.04,31.04,OK,30100,4 years,4 years,MORTGAGE,TN,Tennessee,OK
LN001688,F,F2,OK,credit_card,36,5800,5800,OK,29.12,29.12,OK,243.43,3/7/2022,4/5/2022,OK,Current,5112.03,3322.82,1789.21,0,808,OK,808,44.94,44.94,OK,118300,9 years,9 years,RENT,LA,Louisiana,OK
LN000852,G,G5,OK,educational,36,13000,13000,OK,33.5,33.5,OK,577.08,2/9/2021,3/11/2021,OK,Fully Paid,21147.85,13000,8147.85,0,611,OK,611,8.88,8.88,OK,114400,2 years,2 years,RENT,ME,Maine,OK
LN002208,A,A3,OK,wedding,60,21600,21600,OK,7.74,7.74,OK,435.29,4/18/2022,5/22/2022,OK,Fully Paid,26226.67,21600,4626.67,0,800,OK,800,33.63,33.63,OK,126500,2 years,2 years,OWN,AK,Alaska,OK
LN000896,A,A1,OK,debt_consolidation,36,12400,12400,OK,5.28,5.28,OK,373.2,2/25/2022,3/26/2022,OK,Fully Paid,13422.14,12400,1022.14,0,686,OK,686,39.25,39.25,OK,244800,5 years,5 years,MORTGAGE,SD,South Dakota,OK
LN000497,B,B4,OK,car,36,11500,11500,OK,10.6,10.6,OK,374.32,3/19/2022,4/20/2022,OK,Current,5614.8,3649.62,1965.18,0,687,OK,687,178.97,,DTI_IMPOSSIBLE,84700,< 1 year,< 1 year,OTHER,KS,Kansas,OK
LN002306,B,B1,OK,educational,36,26900,26900,OK,8.82,8.82,OK,853.16,3/22/2021,4/26/2021,OK,Charged Off,2139.3,1497.51,641.79,25402.49,761,OK,761,44.84,44.84,OK,78500,1 year,1 year,MORTGAGE,GA,Georgia,OK
LN001783,D,D1,OK,moving,60,12000,12000,OK,21.76,21.76,OK,329.79,11/11/2023,12/9/2023,OK,Fully Paid,19896.67,12000,7896.67,0,595,OK,595,16.27,16.27,OK,136300,2 years,2 years,RENT,MO,Missouri,OK
LN000336,C,C3,OK,debt_consolidation,36,28300,28300,OK,12.59,12.59,OK,947.96,7/29/2023,8/27/2023,OK,Fully Paid,33614.72,28300,5314.72,0,692,OK,692,34.08,34.08,OK,120300,1 year,1 year,RENT,IN,Indiana,OK
LN002840,A,A3,OK,small_business,60,19900,19900,OK,5.56,5.56,OK,380.66,5/1/2022,6/2/2022,OK,Fully Paid,22698,19900,2798,0,748,OK,748,25.01,25.01,OK,83700,6 years,6 years,MORTGAGE,WV,West Virginia,OK
LN000516,E,E5,OK,medical,36,24700,24700,OK,23.17,23.17,OK,958.32,6/30/2023,6/22/2023,DATE_SEQUENCE_ERROR,Fully Paid,34038.75,24700,9338.75,0,619,OK,619,34.55,34.55,OK,207300,10+ years,10+ years,OWN,NH,New Hampshire,OK
LN001349,C,C3,OK,major_purchase,36,1800,1800,OK,14.78,14.78,OK,62.2,5/21/2022,6/19/2022,OK,Charged Off,462.22,323.55,138.67,1476.45,634,OK,634,28.64,28.64,OK,209600,6 years,6 years,RENT,ID,Idaho,OK
LN001016,C,C5,OK,educational,36,28800,28800,OK,12.93,12.93,OK,969.42,9/24/2021,10/29/2021,OK,Fully Paid,34810.18,28800,6010.18,0,759,OK,759,21.89,21.89,OK,51600,1 year,1 year,MORTGAGE,TX,Texas,OK
LN002817,B,B2,OK,vacation,36,18600,18600,OK,9.51,9.51,OK,595.9,12/20/2023,1/20/2024,OK,Fully Paid,21556.36,18600,2956.36,0,751,OK,751,8.14,8.14,OK,168800,4 years,4 years,RENT,NJ,New Jersey,OK
LN003365,C,C4,OK,wedding,36,24300,24300,OK,14.65,14.65,OK,838.21,12/13/2022,1/12/2023,OK,Fully Paid,29952.8,24300,5652.8,0,618,OK,618,28.91,28.91,OK,47500,10+ years,10+ years,RENT,SC,South Carolina,OK
LN002810,A,A1,OK,debt_consolidation,36,1600,1600,OK,5.96,5.96,OK,48.65,12/25/2021,1/27/2022,OK,Current,1508.15,980.3,527.85,0,638,OK,638,20.19,20.19,OK,174200,3 years,3 years,RENT,OR,Oregon,OK
LN003079,E,E3,OK,vacation,36,18200,18200,OK,25.91,25.91,OK,732.42,6/6/2022,7/10/2022,OK,Fully Paid,26353.99,18200,8153.99,0,640,OK,640,44.49,44.49,OK,245000,5 years,5 years,OWN,VT,Vermont,OK
LN001782,F,F2,OK,major_purchase,36,34400,34400,OK,31.38,31.38,OK,1486.46,6/15/2023,7/13/2023,OK,Fully Paid,54366.45,34400,19966.45,0,654,OK,654,20.66,20.66,OK,219600,3 years,3 years,MORTGAGE,VA,Virginia,OK
LN002570,A,A1,OK,wedding,36,5000,5000,OK,5.5,5.5,OK,150.98,1/31/2023,2/28/2023,OK,Fully Paid,5353.14,5000,353.14,0,732,OK,732,41.61,41.61,OK,223200,2 years,2 years,MORTGAGE,ID,Idaho,OK
LN001786,A,A4,OK,renewable_energy,36,32000,32000,OK,6.58,6.58,OK,981.93,11/11/2021,12/12/2021,OK,Charged Off,3409.82,2386.87,1022.95,29613.13,603,OK,603,9.27,9.27,OK,236300,10+ years,10+ years,OWN,ND,North Dakota,OK
LN002071,A,A2,OK,car,60,24000,24000,OK,6.05,6.05,OK,464.55,5/29/2022,6/27/2022,OK,Current,17652.9,11474.39,6178.52,0,591,OK,591,18.91,18.91,OK,187400,2 years,2 years,MORTGAGE,AZ,Arizona,OK
LN000357,C,C5,OK,medical,36,38600,38600,OK,14.6,14.6,OK,1330.53,11/20/2023,12/21/2023,OK,Fully Paid,48429.36,38600,9829.36,0,662,OK,662,32.39,32.39,OK,61600,1 year,1 year,OWN,MS,Mississippi,OK
LN003422,A,A1,OK,vacation,36,33400,33400,OK,6.6,6.6,OK,1025.2,4/20/2021,5/24/2021,OK,Fully Paid,37531.82,33400,4131.82,0,683,OK,683,17.32,17.32,OK,88700,8 years,8 years,MORTGAGE,IN,Indiana,OK
LN001313,E,D4,GRADE_MISMATCH,credit_card,36,19400,19400,OK,25.1,25.1,OK,772.37,11/3/2023,12/4/2023,OK,Current,8496.07,5522.45,2973.62,0,768,OK,768,30.09,30.09,OK,30300,,MISSING,MORTGAGE,AR,Arkansas,OK
LN001636,D,D1,OK,home_improvement,36,10300,10300,OK,17.11,17.11,OK,367.79,5/24/2021,6/22/2021,OK,Fully Paid,13500.79,10300,3200.79,0,596,OK,596,21.93,21.93,OK,102300,2 years,2 years,MORTGAGE,ND,North Dakota,OK
LN000551,B,B2,OK,educational,60,7300,7300,OK,10.12,10.12,OK,155.53,1/26/2023,2/26/2023,OK,Charged Off,1254.41,878.09,376.32,6421.91,585,OK,585,35.34,35.34,OK,171500,2 years,2 years,MORTGAGE,SD,South Dakota,OK
LN002389,D,D4,OK,educational,36,24200,24200,OK,20.62,20.62,OK,907.02,12/23/2021,1/21/2022,OK,Fully Paid,33161.14,24200,8961.14,0,671,OK,671,41.14,41.14,OK,203800,6 years,6 years,RENT,PA,Pennsylvania,OK
LN002480,C,C3,OK,debt_consolidation,36,10800,10800,OK,13.03,13.03,OK,364.05,1/19/2022,2/21/2022,OK,Charged Off,4063.38,2844.37,1219.01,7955.63,791,OK,791,18.91,18.91,OK,47900,7 years,7 years,MORTGAGE,WV,West Virginia,OK
LN002522,F,F3,OK,car,36,25700,25700,OK,27.78,27.78,OK,1059.99,12/28/2022,1/29/2023,OK,Fully Paid,38847.45,25700,13147.45,0,746,OK,746,32.83,32.83,OK,184900,< 1 year,< 1 year,RENT,OK,Oklahoma,OK
LN002266,A,A5,OK,renewable_energy,36,35400,35400,OK,6.17,6.17,OK,1079.67,1/2/2022,2/5/2022,OK,Current,14035.71,9123.21,4912.5,0,647,OK,647,42.21,42.21,OK,147100,,MISSING,RENT,KY,Kentucky,OK
LN002960,E,E3,OK,medical,36,37900,37900,OK,22.69,22.69,OK,1460.98,1/24/2023,2/25/2023,OK,Current,11687.84,7597.1,4090.74,0,596,OK,596,38.2,38.2,OK,37600,10+ years,10+ years,RENT,MD,Maryland,OK
LN001228,B,B2,OK,wedding,60,29600,29600,OK,11.66,11.66,OK,653.36,4/12/2023,5/12/2023,OK,Charged Off,13725.11,9607.58,4117.53,19992.42,,NULL,,42.73,42.73,OK,220400,7 years,7 years,RENT,AZ,Arizona,OK
LN003212,E,E3,OK,moving,60,33600,33600,OK,26.95,26.95,OK,1024.98,1/10/2021,2/7/2021,OK,Charged Off,14456.6,10119.62,4336.98,23480.38,762,OK,762,22.17,22.17,OK,57300,1 year,1 year,MORTGAGE,NC,North Carolina,OK
LN000958,E,E3,OK,major_purchase,36,8700,8700,OK,26.81,26.81,OK,354.29,8/11/2022,9/12/2022,OK,Current,9211.54,5987.5,3224.04,0,739,OK,739,41.37,41.37,OK,207900,5 years,5 years,MORTGAGE,ME,Maine,OK
LN001774,A,A5,OK,credit_card,36,34600,34600,OK,6.11,6.11,OK,1054.32,1/17/2022,2/14/2022,OK,Fully Paid,38391.89,34600,3791.89,0,654,OK,654,40.72,40.72,OK,214000,6 years,6 years,MORTGAGE,VT,Vermont,OK
LN002142,A,A1,OK,major_purchase,36,29600,29600,OK,5.97,5.97,OK,900.09,9/11/2022,10/16/2022,OK,Current,10801.08,7020.7,3780.38,0,595,OK,595,21.01,21.01,OK,86700,1 year,1 year,MORTGAGE,VT,Vermont,OK
LN001009,C,C3,OK,renewable_energy,36,36700,36700,OK,14.89,14.89,OK,1270.24,7/17/2023,8/19/2023,OK,Fully Paid,45195.35,36700,8495.35,0,689,OK,689,29.77,29.77,OK,220900,7 years,7 years,MORTGAGE,UT,Utah,OK
LN001093,B,B5,OK,renewable_energy,36,34900,34900,OK,9.21,9.21,OK,1113.22,6/29/2023,7/29/2023,OK,Fully Paid,39840.56,34900,4940.56,0,802,OK,802,31.63,31.63,OK,124400,5 years,5 years,MORTGAGE,NV,Nevada,OK
LN003204,A,A3,OK,car,60,13900,13900,OK,7.96,7.96,OK,281.58,3/25/2022,4/29/2022,OK,Fully Paid,16814.23,13900,2914.23,0,782,OK,782,20.74,20.74,OK,201100,5 years,5 years,MORTGAGE,NY,New York,OK
LN002745,A,A4,OK,renewable_energy,36,35000,35000,OK,6.04,6.04,OK,1065.4,8/2/2021,9/4/2021,OK,Fully Paid,38815.17,35000,3815.17,0,730,OK,730,39.9,39.9,OK,207900,7 years,7 years,RENT,PA,Pennsylvania,OK
LN000997,B,B4,OK,educational,36,9100,9100,OK,8.84,8.84,OK,288.7,2/10/2022,3/15/2022,OK,Fully Paid,10264.65,9100,1164.65,0,688,OK,688,34.67,34.67,OK,177700,< 1 year,< 1 year,OWN,AK,Alaska,OK
LN001680,G,G1,OK,home_improvement,60,34100,34100,OK,35.17,35.17,OK,1213.93,3/22/2021,4/19/2021,OK,Fully Paid,72939.97,34100,38839.97,0,693,OK,693,9.55,9.55,OK,186100,9 years,9 years,MORTGAGE,RI,Rhode Island,OK
LN000154,B,B3,OK,small_business,36,31200,31200,OK,11.58,11.58,OK,1030.04,7/21/2022,8/20/2022,OK,Current,30901.2,20085.78,10815.42,0,722,OK,722,24.82,24.82,OK,166000,10+ years,10+ years,MORTGAGE,AB,,INVALID_STATE
LN003340,C,C5,OK,vacation,36,9100,9100,OK,15.32,15.32,OK,316.88,2/24/2022,3/26/2022,OK,Current,9189.52,5973.19,3216.33,0,672,OK,672,27.09,27.09,OK,114500,6 years,6 years,RENT,VT,Vermont,OK
LN002838,B,B4,OK,educational,60,16800,16800,OK,10.21,10.21,OK,358.69,3/12/2021,4/14/2021,OK,Fully Paid,21142.56,16800,4342.56,0,724,OK,724,30.9,30.9,OK,209800,1 year,1 year,MORTGAGE,TN,Tennessee,OK
LN000581,A,A2,OK,credit_card,60,20700,20700,OK,5.85,5.85,OK,398.75,10/21/2021,11/21/2021,OK,Fully Paid,23948.35,20700,3248.35,0,696,OK,696,7.3,7.3,OK,237300,< 1 year,< 1 year,RENT,NE,Nebraska,OK
LN001471,B,B1,OK,debt_consolidation,36,14700,14700,OK,9.59,9.59,OK,471.5,12/2/2023,1/3/2024,OK,Fully Paid,17143.2,14700,2443.2,0,692,OK,692,37.83,37.83,OK,61200,10+ years,10+ years,RENT,AZ,Arizona,OK
LN000704,E,E5,OK,car,36,33500,33500,OK,24.26,24.26,OK,1318.88,3/20/2021,4/19/2021,OK,Fully Paid,47134.27,33500,13634.27,0,620,OK,620,22.5,22.5,OK,65700,8 years,8 years,RENT,DE,Delaware,OK
LN001213,C,C2,OK,wedding,36,37800,37800,OK,12.93,12.93,OK,1272.36,9/19/2023,10/22/2023,OK,Current,40715.52,26465.09,14250.43,0,601,OK,601,12.82,12.82,OK,42300,4 years,4 years,RENT,AR,Arkansas,OK
LN000897,A,A4,OK,vacation,60,14100,14100,OK,5.38,5.38,OK,268.55,6/13/2022,7/16/2022,OK,Default,2954.05,2067.84,886.22,0,763,OK,763,8.86,8.86,OK,226800,,MISSING,MORTGAGE,IL,Illinois,OK
LN000488,B,B1,OK,home_improvement,36,15000,15000,OK,10.04,10.04,OK,484.29,3/29/2023,4/30/2023,OK,Current,2905.74,1888.73,1017.01,0,705,OK,705,26.34,26.34,OK,71200,3 years,3 years,OWN,UT,Utah,OK
LN000560,D,D4,OK,car,36,22900,22900,OK,21.4,21.4,OK,867.47,1/15/2022,2/13/2022,OK,Fully Paid,31775.53,22900,8875.53,0,780,OK,780,6.04,6.04,OK,236800,3 years,3 years,RENT,CT,Connecticut,OK
LN001142,C,C3,OK,wedding,60,10900,10900,OK,16.31,16.31,OK,266.87,8/24/2021,9/24/2021,OK,Fully Paid,16229.44,10900,5329.44,0,786,OK,786,37.77,37.77,OK,145500,9 years,9 years,MORTGAGE,NV,Nevada,OK
LN001120,A,A3,OK,renewable_energy,36,,,FLAGGED,6.5,6.5,OK,772.35,6/3/2023,7/4/2023,OK,Charged Off,6500.3,4550.21,1950.09,20649.79,775,OK,775,12.51,12.51,OK,51200,4 years,4 years,RENT,UT,Utah,OK
LN002850,G,G1,OK,renewable_energy,36,21700,21700,OK,34.6,34.6,OK,976.72,3/9/2022,4/13/2022,OK,Current,15627.52,10157.89,5469.63,0,775,OK,775,12.47,12.47,OK,103300,< 1 year,< 1 year,RENT,VA,Virginia,OK
LN000513,B,B5,OK,educational,36,,,FLAGGED,10.07,10.07,OK,1140.19,4/13/2023,5/15/2023,OK,Fully Paid,41733.33,35300,6433.33,0,787,OK,787,12.49,12.49,OK,100800,< 1 year,< 1 year,OTHER,KY,Kentucky,OK
LN000634,D,D5,OK,medical,60,34900,34900,OK,21.1,21.1,OK,946.13,4/20/2021,5/21/2021,OK,Fully Paid,55954.13,34900,21054.13,0,799,OK,799,38.31,38.31,OK,79900,6 years,6 years,RENT,MN,Minnesota,OK
LN001665,D,D3,OK,credit_card,36,9100,9100,OK,18.22,18.22,OK,329.99,6/26/2022,7/27/2022,OK,Fully Paid,12065.68,9100,2965.68,0,587,OK,587,34.47,34.47,OK,172600,8 years,8 years,RENT,SC,South Carolina,OK
LN001013,A,A3,OK,educational,36,28400,28400,OK,6.96,6.96,OK,876.39,10/16/2022,11/13/2022,OK,Fully Paid,31067.54,28400,2667.54,0,712,OK,712,24.64,24.64,OK,210000,3 years,3 years,RENT,ME,Maine,OK
LN001932,A,A1,OK,debt_consolidation,36,12700,12700,OK,5.42,5.42,OK,383.03,9/25/2022,10/28/2022,OK,Charged Off,5944.04,4160.83,1783.21,8539.17,721,OK,721,30.09,30.09,OK,45100,8 years,8 years,RENT,AK,Alaska,OK
LN001151,D,D2,OK,debt_consolidation,60,12200,12200,OK,20.19,20.19,OK,324.52,6/22/2021,7/24/2021,OK,Fully Paid,19467.52,12200,7267.52,0,693,OK,693,28.95,28.95,OK,185000,2 years,2 years,MORTGAGE,NH,New Hampshire,OK
LN002839,B,B3,OK,vacation,36,22700,22700,OK,8.63,8.63,OK,717.95,9/15/2023,10/17/2023,OK,Fully Paid,26298.84,22700,3598.84,0,791,OK,791,8.3,8.3,OK,128400,5 years,5 years,MORTGAGE,MI,Michigan,OK
LN003367,C,C2,OK,home_improvement,60,,,FLAGGED,12.95,12.95,OK,670.46,8/17/2023,9/19/2023,OK,Fully Paid,39571.21,29500,10071.21,0,734,OK,734,43.72,43.72,OK,209700,9 years,9 years,OWN,NM,New Mexico,OK
LN000117,A,A1,OK,medical,60,,,FLAGGED,6.09,6.09,OK,381.68,11/23/2021,12/21/2021,OK,Current,17557.28,11412.23,6145.05,0,695,OK,695,42.95,42.95,OK,177300,5 years,5 years,RENT,FL,Florida,OK
LN000741,A,A2,OK,car,36,16400,16400,OK,5.91,5.91,OK,498.25,1/4/2023,2/5/2023,OK,Charged Off,6487.44,4541.21,1946.23,11858.79,719,OK,719,12.33,12.33,OK,203900,1 year,1 year,OWN,VT,Vermont,OK
LN003314,D,D5,OK,credit_card,36,37800,37800,OK,21.31,21.31,OK,1430.14,1/6/2021,2/10/2021,OK,Late (31-120 Days),2860.28,2002.2,858.08,0,782,OK,782,28.49,28.49,OK,100600,5 years,5 years,OWN,MD,Maryland,OK
LN001975,A,A4,OK,medical,60,25100,25100,OK,7.43,7.43,OK,502.12,6/5/2023,7/7/2023,OK,Current,27114.48,17624.41,9490.07,0,597,OK,597,10.66,10.66,OK,232400,10+ years,10+ years,OWN,NV,Nevada,OK
LN001082,C,C1,OK,wedding,36,26300,26300,OK,14.71,14.71,OK,907.97,9/7/2021,10/10/2021,OK,Fully Paid,33093.32,26300,6793.32,0,781,OK,781,38.41,38.41,OK,154800,2 years,2 years,OWN,NV,Nevada,OK
LN001811,F,F2,OK,debt_consolidation,60,23100,23100,OK,29.49,29.49,OK,740.14,3/22/2022,4/22/2022,OK,Current,31085.88,20205.82,10880.06,0,708,OK,708,16.61,16.61,OK,82100,1 year,1 year,MORTGAGE,DE,Delaware,OK
LN000831,C,C5,OK,debt_consolidation,36,6300,6300,OK,15.02,15.02,OK,218.45,8/15/2023,9/12/2023,OK,Fully Paid,7856.49,6300,1556.49,0,666,OK,666,30.92,30.92,OK,66000,2 years,2 years,RENT,HI,Hawaii,OK
LN000120,D,D1,OK,moving,36,16300,16300,OK,21.26,21.26,OK,616.28,6/17/2021,7/17/2021,OK,Current,21569.8,14020.37,7549.43,0,637,OK,637,9.85,9.85,OK,107300,9 years,9 years,RENT,NY,New York,OK
LN000657,A,A2,OK,medical,60,6000,6000,OK,5.22,5.22,OK,113.83,3/23/2021,4/25/2021,OK,Fully Paid,6822.75,6000,822.75,0,774,OK,774,13.08,13.08,OK,87900,< 1 year,< 1 year,RENT,OK,Oklahoma,OK
LN003275,E,E1,OK,credit_card,60,32300,32300,OK,22.58,22.58,OK,902.77,6/4/2023,7/6/2023,OK,Fully Paid,54232.99,32300,21932.99,0,734,OK,734,119.25,,DTI_IMPOSSIBLE,174000,10+ years,10+ years,RENT,LA,Louisiana,OK
LN003225,D,D2,OK,wedding,60,6300,6300,OK,19.1,19.1,OK,163.77,3/11/2022,4/10/2022,OK,Charged Off,2356.69,1649.68,707.01,4650.32,722,OK,722,17.49,17.49,OK,133400,5 years,5 years,RENT,FL,Florida,OK
LN000636,B,B2,OK,educational,36,34600,34600,OK,10.77,10.77,OK,1128.99,9/6/2021,10/6/2021,OK,Fully Paid,40080.31,34600,5480.31,0,781,OK,781,22.35,22.35,OK,35600,10+ years,10+ years,RENT,LA,Louisiana,OK
LN000370,G,G2,OK,credit_card,36,23400,23400,OK,35.47,35.47,OK,1064.76,10/10/2023,11/14/2023,OK,Current,34072.32,22147.01,11925.31,0,807,OK,807,14.87,14.87,OK,190800,9 years,9 years,MORTGAGE,MO,Missouri,OK
LN000269,C,C4,OK,vacation,36,26400,26400,OK,15.48,15.48,OK,921.38,12/17/2022,1/14/2023,OK,Fully Paid,33053.37,26400,6653.37,0,722,OK,722,26.96,26.96,OK,62200,9 years,9 years,MORTGAGE,SD,South Dakota,OK
LN002704,B,B2,OK,renewable_energy,36,7200,7200,OK,10.25,10.25,OK,233.17,9/7/2021,10/6/2021,OK,Fully Paid,8419.27,7200,1219.27,0,661,OK,661,19.27,19.27,OK,52000,2 years,2 years,MORTGAGE,OK,Oklahoma,OK
LN002984,B,B1,OK,credit_card,60,28900,28900,OK,11.75,11.75,OK,639.22,8/28/2023,9/30/2023,OK,Late (31-120 Days),3835.32,2684.72,1150.6,0,656,OK,656,24.29,24.29,OK,247000,5 years,5 years,RENT,ME,Maine,OK
LN002871,B,B3,OK,credit_card,36,23100,23100,OK,9.34,9.34,OK,738.23,5/28/2023,6/27/2023,OK,Fully Paid,26299.68,23100,3199.68,0,587,OK,587,11,11,OK,101000,9 years,9 years,OTHER,WI,Wisconsin,OK
LN002915,C,C4,OK,moving,60,39200,39200,OK,13.55,13.55,OK,903,7/25/2021,8/27/2021,OK,Charged Off,22473.52,15731.46,6742.06,23468.54,,NULL,,44.96,44.96,OK,245600,9 years,9 years,MORTGAGE,NH,New Hampshire,OK
LN000047,B,B2,OK,small_business,60,19800,19800,OK,10.16,10.16,OK,422.25,4/21/2021,5/24/2021,OK,Charged Off,9113.24,6379.27,2733.97,13420.73,664,OK,664,19.07,19.07,OK,210800,3 years,3 years,RENT,DE,Delaware,OK
LN003331,C,C2,OK,small_business,60,21700,21700,OK,12.54,12.54,OK,488.65,12/19/2021,1/16/2022,OK,Charged Off,5232.37,3662.66,1569.71,18037.34,,ABOVE_MAX,895,25.81,25.81,OK,169800,1 year,1 year,OWN,CO,Colorado,OK
LN000992,F,F5,OK,home_improvement,36,,,FLAGGED,29.64,29.64,OK,367.62,4/19/2021,5/21/2021,OK,Fully Paid,13167.78,8700,4467.78,0,679,OK,679,11.39,11.39,OK,107500,8 years,8 years,RENT,IL,Illinois,OK
LN000877,E,E1,OK,car,36,21900,21900,OK,24.09,24.09,OK,860.23,9/21/2021,10/21/2021,OK,Default,4301.15,3010.8,1290.34,0,,NULL,,37.74,37.74,OK,107800,2 years,2 years,MORTGAGE,ME,Maine,OK
LN000774,D,D5,OK,medical,36,30600,30600,OK,21.69,21.69,OK,1163.73,8/26/2022,9/27/2022,OK,Late (31-120 Days),10473.57,7331.5,3142.07,0,660,OK,660,43.13,43.13,OK,205400,2 years,2 years,MORTGAGE,LA,Louisiana,OK
LN001220,C,C4,OK,renewable_energy,36,4300,4300,OK,13.29,13.29,OK,145.49,8/4/2021,9/8/2021,OK,Current,4219.21,2742.49,1476.72,0,677,OK,677,29.12,29.12,OK,144800,1 year,1 year,MORTGAGE,CT,Connecticut,OK
LN001127,C,C1,OK,moving,36,11100,11100,OK,13.46,13.46,OK,376.47,10/14/2023,11/12/2023,OK,Current,5647.05,3670.58,1976.47,0,706,OK,706,13.67,13.67,OK,190800,7 years,7 years,OTHER,AZ,Arizona,OK
LN000005,A,A3,OK,medical,60,,,FLAGGED,7.81,7.81,OK,744.85,3/17/2023,4/15/2023,OK,Current,9683.05,6293.98,3389.07,0,716,OK,716,34.17,34.17,OK,91900,5 years,5 years,RENT,SD,South Dakota,OK
LN003052,D,D1,OK,car,60,20200,20200,OK,21.75,21.75,OK,555.03,12/25/2022,1/27/2023,OK,Fully Paid,33751.31,20200,13551.31,0,698,OK,698,13.79,13.79,OK,30100,3 years,3 years,MORTGAGE,ME,Maine,OK
LN001596,F,F3,OK,wedding,60,5800,5800,OK,28.81,28.81,OK,183.43,5/17/2021,6/17/2021,OK,Default,1834.3,1284.01,550.29,0,601,OK,601,11.19,11.19,OK,76600,4 years,4 years,RENT,CA,California,OK
LN002312,F,F3,OK,renewable_energy,36,23000,23000,OK,29.78,29.78,OK,973.62,1/27/2023,2/24/2023,OK,Late (31-120 Days),6815.34,4770.74,2044.6,0,748,OK,748,43.66,43.66,OK,38200,10+ years,10+ years,OWN,99,,INVALID_STATE
LN003041,D,D5,OK,major_purchase,60,27700,27700,OK,20.35,20.35,OK,739.29,12/26/2022,1/30/2023,OK,Fully Paid,43479.12,27700,15779.12,0,610,OK,610,30.46,30.46,OK,158300,,MISSING,MORTGAGE,AR,Arkansas,OK
LN000022,F,F5,OK,home_improvement,36,31900,31900,OK,28.34,28.34,OK,1325.36,2/3/2023,3/8/2023,OK,Fully Paid,47969.16,31900,16069.16,0,647,OK,647,25.22,25.22,OK,127800,10+ years,10+ years,MORTGAGE,CO,Colorado,OK
LN002492,B,B4,OK,major_purchase,60,,,FLAGGED,8.78,8.78,OK,123.91,5/10/2023,6/13/2023,OK,Fully Paid,7309.54,6000,1309.54,0,611,OK,611,43.59,43.59,OK,168400,< 1 year,< 1 year,RENT,FL,Florida,OK
LN003051,A,A1,OK,car,36,32400,32400,OK,5.06,5.06,OK,971.93,6/20/2022,7/20/2022,OK,Fully Paid,34365.99,32400,1965.99,0,,NULL,,16.88,16.88,OK,199500,8 years,8 years,RENT,MD,Maryland,OK
LN001078,E,E3,OK,credit_card,36,20800,20800,OK,26.13,26.13,OK,839.49,4/22/2023,5/24/2023,OK,Current,6715.92,4365.35,2350.57,0,596,OK,596,11.49,11.49,OK,165100,2 years,2 years,MORTGAGE,OH,Ohio,OK
LN000838,C,C4,OK,credit_card,60,8000,8000,OK,14.5,14.5,OK,188.23,6/18/2021,7/16/2021,OK,Fully Paid,11264.62,8000,3264.62,0,666,OK,666,20.36,20.36,OK,98600,4 years,4 years,RENT,MO,Missouri,OK
LN000682,A,A2,OK,wedding,36,16800,16800,OK,-5.56,,NEGATIVE_RATE,507.75,6/21/2021,6/14/2021,DATE_SEQUENCE_ERROR,Current,2538.75,1650.19,888.56,0,641,OK,641,15.77,15.77,OK,43300,6 years,6 years,MORTGAGE,AZ,Arizona,OK
LN001716,B,B5,OK,major_purchase,36,,,FLAGGED,9.36,9.36,OK,732.06,1/8/2023,2/5/2023,OK,Fully Paid,25933.83,22900,3033.83,0,767,OK,767,26.54,26.54,OK,146200,6 years,6 years,MORTGAGE,KS,Kansas,OK
LN002353,C,C2,OK,major_purchase,36,24900,24900,OK,15.24,15.24,OK,866.1,6/13/2022,7/12/2022,OK,Fully Paid,30978.11,24900,6078.11,0,590,OK,590,14.75,14.75,OK,235200,1 year,1 year,OWN,WA,Washington,OK
LN002362,E,E1,OK,major_purchase,36,19600,19600,OK,24.01,24.01,OK,769.07,12/10/2022,1/10/2023,OK,Current,19226.75,12497.39,6729.36,0,671,OK,671,29.9,29.9,OK,162700,10+ years,10+ years,RENT,NV,Nevada,OK
LN002198,F,F3,OK,small_business,36,5400,5400,OK,29.71,29.71,OK,228.38,4/22/2023,5/21/2023,OK,Default,456.76,319.73,137.03,0,632,OK,632,37,37,OK,120500,3 years,3 years,OWN,MS,Mississippi,OK
LN001149,A,A1,OK,credit_card,60,40000,40000,OK,6.16,6.16,OK,776.29,4/3/2021,5/4/2021,OK,Fully Paid,46890.99,40000,6890.99,0,788,OK,788,29.48,29.48,OK,35400,< 1 year,< 1 year,RENT,ND,North Dakota,OK
LN000575,D,D3,OK,small_business,60,35900,35900,OK,21.23,21.23,OK,975.87,10/23/2021,11/23/2021,OK,Current,10734.57,6977.47,3757.1,0,798,OK,798,35.1,35.1,OK,247400,10+ years,10+ years,RENT,MD,Maryland,OK
LN000051,A,A2,OK,wedding,60,5300,5300,OK,7.98,7.98,OK,107.41,2/9/2022,3/10/2022,OK,Charged Off,1478.15,1034.7,443.44,4265.3,,BELOW_MIN,172,36.63,36.63,OK,117400,9 years,9 years,RENT,NH,New Hampshire,OK
LN000854,E,E3,OK,moving,36,21000,21000,OK,23.51,23.51,OK,818.5,11/22/2022,12/26/2022,OK,Charged Off,6408.21,4485.75,1922.46,16514.25,791,OK,791,41.98,41.98,OK,89200,10+ years,10+ years,RENT,ME,Maine,OK
LN001983,B,B5,OK,major_purchase,36,22500,22500,OK,10.79,10.79,OK,734.39,10/16/2022,11/14/2022,OK,Current,10281.46,6682.95,3598.51,0,604,OK,604,24.96,24.96,OK,42100,3 years,3 years,OWN,ND,North Dakota,OK
LN002775,B,B2,OK,vacation,36,22600,22600,OK,8.98,8.98,OK,718.46,4/15/2021,5/16/2021,OK,Charged Off,10849.49,7594.64,3254.85,15005.36,677,OK,677,40.33,40.33,OK,169600,3 years,3 years,MORTGAGE,99,,INVALID_STATE
LN001824,B,B1,OK,educational,60,26300,26300,OK,11.59,11.59,OK,579.59,10/22/2023,11/20/2023,OK,Current,29559.09,19213.41,10345.68,0,650,OK,650,17.2,17.2,OK,175500,10+ years,10+ years,MORTGAGE,NY,New York,OK
LN000834,A,A3,OK,debt_consolidation,60,,,FLAGGED,7.38,7.38,OK,335.68,5/15/2022,6/14/2022,OK,Current,10741.76,6982.14,3759.62,0,681,OK,681,11.61,11.61,OK,25300,7 years,7 years,RENT,ID,Idaho,OK
LN001116,E,E3,OK,car,36,,,FLAGGED,24.46,24.46,OK,1061.87,7/14/2023,8/11/2023,OK,Fully Paid,37537.47,26900,10637.47,0,749,OK,749,15.45,15.45,OK,125600,4 years,4 years,MORTGAGE,CO,Colorado,OK
LN001167,B,B4,OK,vacation,36,34600,34600,OK,9.15,9.15,OK,1102.69,3/9/2022,4/13/2022,OK,Fully Paid,40141.84,34600,5541.84,0,737,OK,737,7.54,7.54,OK,213900,,MISSING,OWN,MO,Missouri,OK
LN002519,C,C3,OK,moving,60,16700,16700,OK,12.77,12.77,OK,378.01,3/13/2023,4/12/2023,OK,Charged Off,4155.82,2909.07,1246.75,13790.93,639,OK,639,30.11,30.11,OK,127600,1 year,1 year,MORTGAGE,NC,North Carolina,OK
LN001907,B,B3,OK,moving,60,8000,8000,OK,10.56,10.56,OK,172.19,3/27/2021,4/27/2021,OK,Charged Off,2422.66,1695.86,726.8,6304.14,644,OK,644,40.13,40.13,OK,36200,10+ years,10+ years,MORTGAGE,NM,New Mexico,OK
LN000972,B,B2,OK,credit_card,36,26200,26200,OK,9.7,9.7,OK,841.71,3/11/2021,4/8/2021,OK,Current,25251.3,16413.35,8837.95,0,600,OK,600,31.96,31.96,OK,207600,< 1 year,< 1 year,MORTGAGE,CO,Colorado,OK
LN002702,B,B2,OK,moving,36,18700,18700,OK,9.43,9.43,OK,598.4,9/20/2022,10/22/2022,OK,Current,1795.2,1166.88,628.32,0,697,OK,697,8.05,8.05,OK,52700,7 years,7 years,RENT,NJ,New Jersey,OK
LN000400,C,C4,OK,wedding,36,11000,11000,OK,13.32,13.32,OK,372.33,5/24/2022,6/26/2022,OK,Fully Paid,13561.7,11000,2561.7,0,753,OK,753,17.18,17.18,OK,203000,8 years,8 years,MORTGAGE,CO,Colorado,OK
LN002560,C,C4,OK,renewable_energy,60,3500,3500,OK,16.3,16.3,OK,85.67,2/5/2023,3/12/2023,OK,Charged Off,773.1,541.17,231.93,2958.83,682,OK,682,22.24,22.24,OK,185600,4 years,4 years,RENT,OK,Oklahoma,OK
LN002369,B,B4,OK,moving,36,39700,39700,OK,9.94,9.94,OK,1279.89,9/5/2022,10/10/2022,OK,Charged Off,7410.25,5187.17,2223.07,34512.83,805,OK,805,15.92,15.92,OK,80300,8 years,8 years,OWN,MD,Maryland,OK
LN000020,B,B3,OK,credit_card,36,32800,32800,OK,11.99,11.99,OK,1089.27,1/8/2021,2/6/2021,OK,Fully Paid,38763.79,32800,5963.79,0,647,OK,647,10.3,10.3,OK,167900,10+ years,10+ years,MORTGAGE,MS,Mississippi,OK
LN000685,A,A2,OK,medical,60,34400,34400,OK,5.42,5.42,OK,655.81,1/3/2021,12/30/2020,DATE_SEQUENCE_ERROR,Default,5902.29,4131.6,1770.69,0,712,OK,712,44.69,44.69,OK,239300,10+ years,10+ years,RENT,FL,Florida,OK
LN000036,B,B5,OK,credit_card,36,12800,12800,OK,9.84,9.84,OK,412.06,8/27/2022,9/26/2022,OK,Current,2884.42,1874.87,1009.55,0,686,OK,686,21.3,21.3,OK,247200,5 years,5 years,RENT,NE,Nebraska,OK
LN002951,C,C4,OK,wedding,60,38500,38500,OK,14.54,14.54,OK,906.64,7/10/2021,8/11/2021,OK,Current,7253.12,4714.53,2538.59,0,785,OK,785,11.86,11.86,OK,240600,10+ years,10+ years,OWN,NC,North Carolina,OK
LN003395,E,E1,OK,wedding,36,18500,18500,OK,26.68,26.68,OK,752.09,8/6/2021,9/5/2021,OK,Late (31-120 Days),5264.63,3685.24,1579.39,0,788,OK,788,8.06,8.06,OK,75500,4 years,4 years,MORTGAGE,VA,Virginia,OK
LN002876,A,A4,OK,educational,36,30300,30300,OK,7.67,7.67,OK,944.89,8/19/2022,9/16/2022,OK,Current,26456.92,17197,9259.92,0,732,OK,732,17.85,17.85,OK,155000,7 years,7 years,OWN,NM,New Mexico,OK
LN000525,A,A3,OK,major_purchase,60,7200,7200,OK,7.55,7.55,OK,144.44,12/15/2022,1/19/2023,OK,Default,144.44,101.11,43.33,0,642,OK,642,38.39,38.39,OK,219000,3 years,3 years,OWN,CO,Colorado,OK
LN002456,E,E3,OK,car,36,1600,1600,OK,25.33,25.33,OK,63.9,8/21/2022,9/19/2022,OK,Fully Paid,2275.96,1600,675.96,0,673,OK,673,18.36,18.36,OK,211400,6 years,6 years,RENT,WA,Washington,OK
LN000921,E,E3,OK,wedding,36,5200,5200,OK,23.96,23.96,OK,203.9,12/23/2022,1/23/2023,OK,Charged Off,376.61,263.63,112.98,4936.37,720,OK,720,11.2,11.2,OK,137100,< 1 year,< 1 year,RENT,VT,Vermont,OK
LN001842,E,E1,OK,renewable_energy,36,8700,8700,OK,22.76,22.76,OK,335.69,12/19/2023,1/21/2024,OK,Current,6042.42,3927.57,2114.85,0,682,OK,682,16.91,16.91,OK,43900,10+ years,10+ years,RENT,ID,Idaho,OK
LN001891,A,A5,OK,renewable_energy,60,27700,27700,OK,7.42,7.42,OK,554,5/27/2021,6/29/2021,OK,Current,32686,21245.9,11440.1,0,815,OK,815,24.18,24.18,OK,28300,2 years,2 years,OWN,RI,Rhode Island,OK
LN000538,C,C5,OK,home_improvement,60,26800,26800,OK,15.05,15.05,OK,638.27,10/27/2022,12/1/2022,OK,Current,7659.24,4978.51,2680.73,0,801,OK,801,34.11,34.11,OK,61500,9 years,9 years,MORTGAGE,NE,Nebraska,OK
LN002807,A,A1,OK,renewable_energy,60,13900,13900,OK,7.88,7.88,OK,281.04,2/2/2023,3/6/2023,OK,Default,3372.48,2360.74,1011.74,0,733,OK,733,42.31,42.31,OK,51400,10+ years,10+ years,RENT,OR,Oregon,OK
LN001706,B,B5,OK,wedding,36,5800,5800,OK,11.94,11.94,OK,192.48,12/20/2023,1/23/2024,OK,Charged Off,1087.02,760.91,326.11,5039.09,797,OK,797,34.61,34.61,OK,82600,1 year,1 year,MORTGAGE,LA,Louisiana,OK
LN003111,B,B5,OK,credit_card,36,23000,23000,OK,10.83,10.83,OK,751.14,5/11/2023,5/2/2023,DATE_SEQUENCE_ERROR,Fully Paid,27404.51,23000,4404.51,0,687,OK,687,5.24,5.24,OK,146000,,MISSING,RENT,NV,Nevada,OK
LN000246,A,A2,OK,renewable_energy,36,1400,1400,OK,5.67,5.67,OK,42.38,2/23/2023,3/27/2023,OK,Current,847.6,550.94,296.66,0,688,OK,688,40.82,40.82,OK,167800,5 years,5 years,RENT,MD,Maryland,OK
LN000785,B,B3,OK,credit_card,36,18200,18200,OK,10.57,10.57,OK,592.15,10/27/2021,11/25/2021,OK,Default,592.15,414.5,177.64,0,598,OK,598,34.55,34.55,OK,170300,10+ years,10+ years,MORTGAGE,SD,South Dakota,OK
LN001410,C,C5,OK,wedding,36,15100,15100,OK,12.8,12.8,OK,507.33,7/18/2022,8/18/2022,OK,Current,17756.55,11541.76,6214.79,0,796,OK,796,17.09,17.09,OK,193300,5 years,5 years,RENT,NJ,New Jersey,OK
LN002538,D,F1,GRADE_MISMATCH,home_improvement,36,35400,35400,OK,19.69,19.69,OK,1310.01,4/19/2021,5/21/2021,OK,Fully Paid,46318.37,35400,10918.37,0,706,OK,706,17.56,17.56,OK,240800,,MISSING,RENT,LA,Louisiana,OK
LN000155,B,B4,OK,car,36,20200,20200,OK,9.14,9.14,OK,643.67,5/13/2021,6/17/2021,OK,Fully Paid,22917.55,20200,2717.55,0,799,OK,799,33.3,33.3,OK,214600,10+ years,10+ years,MORTGAGE,NE,Nebraska,OK
LN003010,D,D4,OK,moving,60,22800,22800,OK,18.71,18.71,OK,587.81,3/23/2021,4/22/2021,OK,Fully Paid,35047.96,22800,12247.96,0,798,OK,798,17.03,17.03,OK,132700,3 years,3 years,MORTGAGE,MT,Montana,OK
LN001687,A,A5,OK,major_purchase,36,34200,34200,OK,5.25,5.25,OK,1028.85,12/3/2023,1/7/2024,OK,Fully Paid,37678.47,34200,3478.47,0,817,OK,817,29.39,29.39,OK,198900,< 1 year,< 1 year,RENT,AL,Alabama,OK
LN002902,B,B1,OK,moving,60,29700,29700,OK,11.57,11.57,OK,654.22,1/24/2022,2/24/2022,OK,Charged Off,4253.06,2977.14,1275.92,26722.86,637,OK,637,42.99,42.99,OK,70700,4 years,4 years,MORTGAGE,OK,Oklahoma,OK
LN000626,D,D5,OK,home_improvement,36,25700,25700,OK,18.46,18.46,OK,935.06,4/14/2023,5/14/2023,OK,Fully Paid,34071.97,25700,8371.97,0,630,OK,630,34.41,34.41,OK,28700,4 years,4 years,MORTGAGE,CT,Connecticut,OK
LN002734,B,B4,OK,vacation,36,8500,8500,OK,10.18,10.18,OK,274.99,12/25/2021,1/22/2022,OK,Charged Off,5056.11,3539.28,1516.83,4960.72,805,OK,805,22.92,22.92,OK,216900,1 year,1 year,OWN,WV,West Virginia,OK
LN003449,A,A3,OK,wedding,36,20900,20900,OK,6.47,6.47,OK,640.28,5/22/2023,6/21/2023,OK,Current,21129.24,13734.01,7395.23,0,625,OK,625,12.41,12.41,OK,85400,1 year,1 year,RENT,MN,Minnesota,OK
LN001347,B,B4,OK,home_improvement,36,3900,3900,OK,10.28,10.28,OK,126.36,11/3/2023,12/5/2023,OK,Current,2148.12,1396.28,751.84,0,726,OK,726,38.13,38.13,OK,218900,7 years,7 years,RENT,MA,Massachusetts,OK
LN000570,B,B1,OK,renewable_energy,60,7400,7400,OK,11.48,11.48,OK,162.67,6/26/2023,6/23/2023,DATE_SEQUENCE_ERROR,Fully Paid,9596.78,7400,2196.78,0,700,OK,700,36.64,36.64,OK,51500,2 years,2 years,RENT,TN,Tennessee,OK
LN001759,D,D4,OK,credit_card,36,10400,10400,OK,21.21,21.21,OK,392.94,4/25/2023,5/29/2023,OK,Current,7858.8,5108.22,2750.58,0,759,OK,759,24.69,24.69,OK,235500,8 years,8 years,RENT,RI,Rhode Island,OK
LN001817,B,B5,OK,medical,60,19900,19900,OK,11.86,11.86,OK,441.26,12/18/2021,1/15/2022,OK,Fully Paid,26924.92,19900,7024.92,0,815,OK,815,33.42,33.42,OK,144100,1 year,1 year,OWN,WY,Wyoming,OK
LN002066,A,A5,OK,renewable_energy,36,1400,1400,OK,7.85,7.85,OK,43.77,10/14/2021,11/16/2021,OK,Late (31-120 Days),525.24,367.67,157.57,0,,ABOVE_MAX,892,14.26,14.26,OK,153900,7 years,7 years,OWN,PA,Pennsylvania,OK
LN000128,E,E5,OK,educational,36,,,FLAGGED,23.22,23.22,OK,1552.98,10/14/2023,11/18/2023,OK,Charged Off,8787.89,6151.52,2636.37,33848.48,585,OK,585,8.6,8.6,OK,186000,5 years,5 years,MORTGAGE,IN,Indiana,OK
LN002007,C,B1,GRADE_MISMATCH,medical,36,30600,30600,OK,15.03,15.03,OK,1061.21,8/21/2023,9/18/2023,OK,Fully Paid,37992.84,30600,7392.84,0,659,OK,659,41.18,41.18,OK,241800,9 years,9 years,RENT,NH,New Hampshire,OK
LN002976,A,A1,OK,car,60,9600,9600,OK,7.15,7.15,OK,190.77,3/27/2023,4/30/2023,OK,Current,6104.64,3968.02,2136.62,0,595,OK,595,14.06,14.06,OK,177200,10+ years,10+ years,MORTGAGE,SC,South Carolina,OK
LN000981,C,C4,OK,debt_consolidation,36,5800,5800,OK,14.04,14.04,OK,198.34,4/17/2021,5/17/2021,OK,Current,1586.72,1031.37,555.35,0,715,OK,715,24.64,24.64,OK,133900,< 1 year,< 1 year,RENT,IL,Illinois,OK
LN000191,B,B3,OK,medical,60,35600,35600,OK,9.87,9.87,OK,754.12,4/7/2022,5/7/2022,OK,Charged Off,7041.48,4929.04,2112.44,30670.96,686,OK,686,20.01,20.01,OK,55900,7 years,7 years,MORTGAGE,CO,Colorado,OK
LN001140,C,C2,OK,car,60,37100,37100,OK,14.79,14.79,OK,878.52,2/3/2021,3/9/2021,OK,Current,34262.28,22270.48,11991.8,0,,ABOVE_MAX,863,20.03,20.03,OK,146400,10+ years,10+ years,MORTGAGE,WI,Wisconsin,OK
LN000993,B,B3,OK,car,36,15600,15600,OK,10.08,10.08,OK,503.95,6/20/2022,7/25/2022,OK,Current,17638.25,11464.86,6173.39,0,777,OK,777,21.23,21.23,OK,100700,1 year,1 year,RENT,CT,Connecticut,OK
LN000700,G,G1,OK,credit_card,60,32500,32500,OK,35.73,35.73,OK,1168.67,8/19/2022,9/17/2022,OK,Charged Off,15062.12,10543.48,4518.64,21956.52,817,OK,817,26.79,26.79,OK,206900,5 years,5 years,MORTGAGE,TX,Texas,OK
LN003276,A,A4,OK,debt_consolidation,60,22400,22400,OK,6.69,6.69,OK,440.28,4/15/2023,5/16/2023,OK,Fully Paid,26275.19,22400,3875.19,0,671,OK,671,21.07,21.07,OK,233500,4 years,4 years,MORTGAGE,ND,North Dakota,OK
LN000607,C,C2,OK,car,36,22800,22800,OK,13.51,13.51,OK,773.83,6/21/2022,7/23/2022,OK,Charged Off,7826.34,5478.44,2347.9,17321.56,806,OK,806,20.31,20.31,OK,151100,8 years,8 years,MORTGAGE,WA,Washington,OK
LN000181,C,C4,OK,medical,60,33200,33200,OK,13.24,13.24,OK,759.49,3/9/2023,4/12/2023,OK,Fully Paid,46002.11,33200,12802.11,0,806,OK,806,12.89,12.89,OK,200900,4 years,4 years,MORTGAGE,IN,Indiana,OK
LN000302,A,A1,OK,home_improvement,36,9200,9200,OK,5.4,5.4,OK,277.39,8/20/2022,9/17/2022,OK,Late (31-120 Days),832.17,582.52,249.65,0,594,OK,594,11.65,11.65,OK,98700,5 years,5 years,OWN,OR,Oregon,OK
LN002545,C,C2,OK,educational,60,29900,29900,OK,12.78,12.78,OK,676.95,11/15/2023,12/15/2023,OK,Current,27754.95,18040.72,9714.23,0,801,OK,801,6.74,6.74,OK,209200,10+ years,10+ years,MORTGAGE,DE,Delaware,OK
LN003332,C,C4,OK,car,36,14600,14600,OK,16.08,16.08,OK,513.87,7/1/2023,7/29/2023,OK,Fully Paid,18709.53,14600,4109.53,0,653,OK,653,34.79,34.79,OK,188200,8 years,8 years,OWN,TN,Tennessee,OK
LN001061,D,D3,OK,renewable_energy,36,3000,3000,OK,17.83,17.83,OK,108.2,9/23/2023,10/25/2023,OK,Fully Paid,3823.36,3000,823.36,0,729,OK,729,8.29,8.29,OK,41100,6 years,6 years,MORTGAGE,IL,Illinois,OK
LN003383,E,E2,OK,renewable_energy,36,32100,32100,OK,24.72,24.72,OK,1271.54,11/26/2021,12/26/2021,OK,Fully Paid,46416.76,32100,14316.76,0,685,OK,685,6.33,6.33,OK,72700,,MISSING,RENT,SD,South Dakota,OK
LN003451,D,D3,OK,educational,60,4500,4500,OK,19.11,19.11,OK,117.01,2/1/2023,3/7/2023,OK,Fully Paid,7149.53,4500,2649.53,0,793,OK,793,28.72,28.72,OK,158100,10+ years,10+ years,RENT,PA,Pennsylvania,OK
LN002566,E,E5,OK,major_purchase,36,22800,22800,OK,-25.3,,NEGATIVE_RATE,910.15,5/26/2021,6/28/2021,OK,Fully Paid,32223.69,22800,9423.69,0,,BELOW_MIN,139,16.99,16.99,OK,44200,10+ years,10+ years,OTHER,IA,Iowa,OK
LN001070,B,B3,OK,renewable_energy,60,38700,38700,OK,11.1,11.1,OK,843.36,12/25/2023,1/26/2024,OK,Charged Off,20869.85,14608.89,6260.95,24091.11,731,OK,731,29.5,29.5,OK,105500,4 years,4 years,MORTGAGE,AZ,Arizona,OK
LN002206,A,A1,OK,car,60,11600,11600,OK,5.35,5.35,OK,220.77,1/25/2022,2/22/2022,OK,Current,9934.65,6457.52,3477.13,0,,BELOW_MIN,127,43.39,43.39,OK,231300,8 years,8 years,RENT,TX,Texas,OK
LN001244,G,G3,OK,educational,60,,,FLAGGED,33.74,33.74,OK,1123.88,5/10/2022,6/14/2022,OK,Fully Paid,66965.83,32400,34565.83,0,691,OK,691,15.49,15.49,OK,30800,9 years,9 years,MORTGAGE,MA,Massachusetts,OK
LN000017,B,B5,OK,renewable_energy,60,8900,8900,OK,9.16,9.16,OK,185.44,8/30/2021,9/30/2021,OK,Default,1854.4,1298.08,556.32,0,768,OK,768,26.69,26.69,OK,153400,< 1 year,< 1 year,MORTGAGE,NC,North Carolina,OK
LN003121,C,C4,OK,wedding,36,36200,36200,OK,15.98,15.98,OK,1272.33,9/8/2022,10/7/2022,OK,Current,30535.92,19848.35,10687.57,0,583,OK,583,38.78,38.78,OK,66500,,MISSING,RENT,MN,Minnesota,OK
LN000547,B,B3,OK,renewable_energy,36,18900,18900,OK,11.45,11.45,OK,622.8,11/15/2023,12/16/2023,OK,Charged Off,6249.86,4374.9,1874.96,14525.1,591,OK,591,11.46,11.46,OK,243700,6 years,6 years,RENT,MT,Montana,OK
LN000659,D,D2,OK,small_business,36,29900,29900,OK,17.3,17.3,OK,1070.49,2/28/2021,3/31/2021,OK,Current,29973.72,19482.92,10490.8,0,706,OK,706,32.39,32.39,OK,235300,10+ years,10+ years,RENT,WI,Wisconsin,OK
LN003240,B,B5,OK,vacation,36,34100,34100,OK,9.87,9.87,OK,1098.23,2/17/2023,3/18/2023,OK,Fully Paid,38854.82,34100,4754.82,0,,NULL,,44.12,44.12,OK,52700,10+ years,10+ years,OTHER,AR,Arkansas,OK
LN003068,D,D2,OK,home_improvement,60,32200,32200,OK,18.52,18.52,OK,826.8,8/16/2022,9/20/2022,OK,Fully Paid,49896.26,32200,17696.26,0,605,OK,605,29.4,29.4,OK,166800,10+ years,10+ years,MORTGAGE,ID,Idaho,OK
LN003281,E,E4,OK,wedding,36,,,FLAGGED,25.83,25.83,OK,245.22,1/24/2022,2/24/2022,OK,Fully Paid,8736.88,6100,2636.88,0,731,OK,731,8.14,8.14,OK,62200,10+ years,10+ years,OTHER,GA,Georgia,OK
LN001505,D,D5,OK,renewable_energy,60,13800,13800,OK,19.41,19.41,OK,361.1,5/5/2023,6/3/2023,OK,Charged Off,4372.4,3060.68,1311.72,10739.32,794,OK,794,14.07,14.07,OK,208200,10+ years,10+ years,MORTGAGE,CT,Connecticut,OK
LN000960,G,G2,OK,vacation,36,3000,3000,OK,32.54,32.54,OK,131.56,1/7/2023,2/10/2023,OK,Charged Off,936.85,655.79,281.06,2344.21,776,OK,776,5.8,5.8,OK,173400,10+ years,10+ years,MORTGAGE,ID,Idaho,OK
LN002927,B,B5,OK,credit_card,60,,,FLAGGED,11.7,11.7,OK,322.56,8/9/2021,9/10/2021,OK,Default,3225.6,2257.92,967.68,0,658,OK,658,5.8,5.8,OK,27000,6 years,6 years,RENT,MI,Michigan,OK
LN002332,C,C3,OK,debt_consolidation,36,24400,24400,OK,13.34,13.34,OK,826.13,10/11/2021,11/12/2021,OK,Fully Paid,29147.42,24400,4747.42,0,805,OK,805,20.45,20.45,OK,97300,9 years,9 years,MORTGAGE,AK,Alaska,OK
LN000798,E,E4,OK,wedding,36,,,FLAGGED,22.63,22.63,OK,500.72,10/20/2023,11/21/2023,OK,Charged Off,7012.15,4908.5,2103.64,8091.5,,BELOW_MIN,162,21.36,21.36,OK,157300,3 years,3 years,RENT,MT,Montana,OK
LN000226,D,D5,OK,major_purchase,36,31100,31100,OK,21.07,21.07,OK,1172.81,10/2/2022,11/5/2022,OK,Fully Paid,42539.5,31100,11439.5,0,612,OK,612,12.11,12.11,OK,25700,10+ years,10+ years,MORTGAGE,MT,Montana,OK
LN002075,C,C1,OK,credit_card,60,4700,4700,OK,14.27,14.27,OK,110.02,3/29/2022,5/2/2022,OK,Current,550.1,357.57,192.53,0,651,OK,651,29.64,29.64,OK,94700,10+ years,10+ years,RENT,ME,Maine,OK
LN001800,D,D1,OK,debt_consolidation,36,37200,37200,OK,21.14,21.14,OK,1404.19,1/3/2023,2/2/2023,OK,Fully Paid,49601.96,37200,12401.96,0,588,OK,588,10.38,10.38,OK,167800,6 years,6 years,MORTGAGE,TX,Texas,OK
LN002486,C,C5,OK,wedding,60,12300,12300,OK,13.07,13.07,OK,280.3,10/20/2021,11/21/2021,OK,Charged Off,3594.04,2515.83,1078.21,9784.17,616,OK,616,20.89,20.89,OK,80700,4 years,4 years,MORTGAGE,CT,Connecticut,OK
LN002278,F,F2,OK,educational,36,12700,12700,OK,31.17,31.17,OK,547.31,1/31/2023,3/6/2023,OK,Charged Off,6433.72,4503.6,1930.12,8196.4,598,OK,598,22.17,22.17,OK,225800,7 years,7 years,RENT,DE,Delaware,OK
LN002086,B,B5,OK,vacation,36,14200,14200,OK,11.26,11.26,OK,466.64,7/1/2023,7/30/2023,OK,Fully Paid,16522,14200,2322,0,639,OK,639,152.49,,DTI_IMPOSSIBLE,234700,1 year,1 year,MORTGAGE,ND,North Dakota,OK
LN002798,C,C3,OK,educational,36,22100,22100,OK,13.61,13.61,OK,751.15,8/10/2022,9/12/2022,OK,Fully Paid,26992.57,22100,4892.57,0,618,OK,618,40.87,40.87,OK,125500,1 year,1 year,RENT,DE,Delaware,OK
LN001046,E,E2,OK,credit_card,36,19800,19800,OK,26.29,26.29,OK,800.82,7/16/2022,8/14/2022,OK,Current,23223.78,15095.46,8128.32,0,677,OK,677,20.04,20.04,OK,178000,< 1 year,< 1 year,OWN,WI,Wisconsin,OK
LN000470,A,A2,OK,major_purchase,36,21600,21600,OK,5.37,5.37,OK,650.97,3/12/2021,4/15/2021,OK,Current,13019.4,8462.61,4556.79,0,775,OK,775,33.54,33.54,OK,136800,8 years,8 years,MORTGAGE,MT,Montana,OK
LN000955,A,A1,OK,moving,60,,,FLAGGED,7.71,7.71,OK,328.25,2/5/2022,3/11/2022,OK,Fully Paid,19472.19,16300,3172.19,0,721,OK,721,40.6,40.6,OK,182400,10+ years,10+ years,OWN,NH,New Hampshire,OK
LN002736,C,C4,OK,vacation,36,9500,9500,OK,15.89,15.89,OK,333.48,1/9/2021,2/13/2021,OK,Fully Paid,12119.69,9500,2619.69,0,659,OK,659,14.86,14.86,OK,54400,4 years,4 years,OTHER,IA,Iowa,OK
LN003457,A,A2,OK,credit_card,36,25000,25000,OK,7.29,7.29,OK,775.25,5/28/2023,6/29/2023,OK,Fully Paid,27512.83,25000,2512.83,0,799,OK,799,12.44,12.44,OK,148500,1 year,1 year,MORTGAGE,VA,Virginia,OK
LN000640,D,D1,OK,educational,60,19900,19900,OK,20.54,20.54,OK,533.23,10/28/2021,11/28/2021,OK,Current,15463.67,10051.39,5412.28,0,760,OK,760,23.31,23.31,OK,204700,10+ years,10+ years,MORTGAGE,NC,North Carolina,OK
LN003335,F,F5,OK,wedding,60,10800,10800,OK,30.17,30.17,OK,350.55,11/17/2022,12/22/2022,OK,Default,2103.3,1472.31,630.99,0,628,OK,628,40.07,40.07,OK,50900,5 years,5 years,RENT,OH,Ohio,OK
LN001219,G,C5,GRADE_MISMATCH,major_purchase,60,3100,3100,OK,33.02,33.02,OK,106.12,6/10/2021,7/8/2021,OK,Current,2334.64,1517.52,817.12,0,745,OK,745,38.21,38.21,OK,228500,10+ years,10+ years,RENT,RI,Rhode Island,OK
LN001159,E,E5,OK,vacation,36,22800,22800,OK,26.4,26.4,OK,923.49,4/6/2023,5/7/2023,OK,Current,16622.82,10804.83,5817.99,0,804,OK,804,9.6,9.6,OK,236000,2 years,2 years,MORTGAGE,MA,Massachusetts,OK
LN001416,C,C2,OK,debt_consolidation,60,19300,19300,OK,14.05,14.05,OK,449.58,4/1/2022,4/30/2022,OK,Charged Off,9109.4,6376.58,2732.82,12923.42,629,OK,629,38.02,38.02,OK,246700,7 years,7 years,MORTGAGE,ME,Maine,OK
LN003252,F,F4,OK,home_improvement,36,14700,14700,OK,30.62,30.62,OK,629.04,12/19/2022,1/16/2023,OK,Current,16355.04,10630.78,5724.26,0,787,OK,787,43.47,43.47,OK,223400,,MISSING,MORTGAGE,OH,Ohio,OK
LN001528,B,B5,OK,moving,36,14600,14600,OK,9.15,9.15,OK,465.3,10/12/2021,11/15/2021,OK,Fully Paid,16971.12,14600,2371.12,0,595,OK,595,21.89,21.89,OK,35300,10+ years,10+ years,OWN,WI,Wisconsin,OK
LN001301,E,E1,OK,debt_consolidation,36,24400,24400,OK,24.2,24.2,OK,959.85,6/9/2023,7/9/2023,OK,Fully Paid,33874.63,24400,9474.63,0,621,OK,621,30.32,30.32,OK,29500,< 1 year,< 1 year,RENT,MO,Missouri,OK
LN003438,A,B2,GRADE_MISMATCH,debt_consolidation,60,17300,17300,OK,7.26,7.26,OK,344.69,8/20/2023,9/20/2023,OK,Fully Paid,20421.75,17300,3121.75,0,683,OK,683,24.41,24.41,OK,54100,8 years,8 years,RENT,NY,New York,OK
LN002849,G,G3,OK,small_business,60,10900,10900,OK,35.15,35.15,OK,387.89,6/18/2023,7/19/2023,OK,Fully Paid,23130.57,10900,12230.57,0,806,OK,806,24.8,24.8,OK,190100,4 years,4 years,RENT,RI,Rhode Island,OK
LN001604,D,D1,OK,vacation,60,18900,18900,OK,17.31,17.31,OK,472.87,2/28/2023,4/3/2023,OK,Fully Paid,28458,18900,9558,0,749,OK,749,12.17,12.17,OK,43400,,MISSING,RENT,SC,South Carolina,OK
LN000161,D,D4,OK,home_improvement,60,28700,28700,OK,21.95,21.95,OK,791.85,3/19/2021,4/16/2021,OK,Charged Off,14679.7,10275.79,4403.91,18424.21,599,OK,599,42.81,42.81,OK,44800,8 years,8 years,OWN,SD,South Dakota,OK
LN001705,F,F1,OK,renewable_energy,36,8000,8000,OK,28.17,28.17,OK,331.64,6/27/2021,7/26/2021,OK,Fully Paid,12076.7,8000,4076.7,0,586,OK,586,21.15,21.15,OK,221700,< 1 year,< 1 year,RENT,KY,Kentucky,OK
LN000957,F,F3,OK,wedding,60,32300,32300,OK,29.62,29.62,OK,1037.49,1/16/2021,2/13/2021,OK,Current,54986.97,35741.53,19245.44,0,596,OK,596,8.43,8.43,OK,28500,10+ years,10+ years,MORTGAGE,MI,Michigan,OK
LN003235,C,C3,OK,debt_consolidation,60,1100,1100,OK,15.13,15.13,OK,26.24,3/11/2021,4/8/2021,OK,Current,1548.16,1006.3,541.86,0,773,OK,773,26.51,26.51,OK,90500,2 years,2 years,MORTGAGE,MT,Montana,OK
LN002870,A,A1,OK,wedding,60,1500,1500,OK,5.02,5.02,OK,28.32,11/22/2022,12/25/2022,OK,Fully Paid,1695.19,1500,195.19,0,787,OK,787,14.31,14.31,OK,171600,1 year,1 year,OWN,IA,Iowa,OK
LN003495,B,B5,OK,major_purchase,36,38000,38000,OK,9.66,9.66,OK,1220.1,7/18/2023,8/17/2023,OK,Fully Paid,43047.97,38000,5047.97,0,816,OK,816,9.48,9.48,OK,174100,7 years,7 years,RENT,MD,Maryland,OK
LN000878,E,E1,OK,major_purchase,36,20500,20500,OK,23.97,23.97,OK,803.95,9/26/2023,10/27/2023,OK,Current,28138.25,18289.86,9848.39,0,692,OK,692,39.26,39.26,OK,68700,< 1 year,< 1 year,RENT,WA,Washington,OK
LN001920,C,C1,OK,medical,36,11400,11400,OK,16.17,16.17,OK,401.75,7/13/2022,8/11/2022,OK,Charged Off,1748.12,1223.68,524.44,10176.32,616,OK,616,19.21,19.21,OK,178100,2 years,2 years,MORTGAGE,NE,Nebraska,OK
LN001885,F,F2,OK,car,60,35100,35100,OK,31.11,31.11,OK,1159.65,12/7/2021,1/5/2022,OK,Fully Paid,68743.03,35100,33643.03,0,678,OK,678,17.78,17.78,OK,134400,2 years,2 years,MORTGAGE,ID,Idaho,OK
LN002201,G,G1,OK,moving,36,28000,28000,OK,34.85,34.85,OK,1264.23,4/27/2023,5/31/2023,OK,Current,27813.06,18078.49,9734.57,0,787,OK,787,19.42,19.42,OK,102100,,MISSING,MORTGAGE,UT,Utah,OK
LN000099,E,E5,OK,debt_consolidation,60,34100,34100,OK,24.01,24.01,OK,981.19,11/29/2023,1/1/2024,OK,Fully Paid,59291.46,34100,25191.46,0,652,OK,652,15.08,15.08,OK,86500,3 years,3 years,MORTGAGE,GA,Georgia,OK
LN003393,C,C2,OK,major_purchase,60,23000,23000,OK,12.81,12.81,OK,521.09,5/5/2021,6/6/2021,OK,Fully Paid,30834.4,23000,7834.4,0,763,OK,763,35.53,35.53,OK,247000,5 years,5 years,RENT,AR,Arkansas,OK
LN002558,F,F2,OK,wedding,36,32000,32000,OK,30.05,30.05,OK,1359.33,3/10/2022,4/7/2022,OK,Fully Paid,49893.55,32000,17893.55,0,750,OK,750,42.77,42.77,OK,150100,6 years,6 years,MORTGAGE,OK,Oklahoma,OK
LN003184,A,A3,OK,renewable_energy,36,18000,18000,OK,7.95,7.95,OK,563.64,2/3/2021,3/8/2021,OK,Current,10709.16,6960.95,3748.21,0,791,OK,791,12.21,12.21,OK,201000,1 year,1 year,OTHER,TX,Texas,OK
LN000254,E,E5,OK,home_improvement,36,40000,40000,OK,26.01,26.01,OK,1611.84,5/17/2022,6/16/2022,OK,Current,48355.2,31430.88,16924.32,0,683,OK,683,22.16,22.16,OK,220500,4 years,4 years,RENT,IL,Illinois,OK
LN000104,F,F2,OK,major_purchase,60,30200,30200,OK,31.44,31.44,OK,1003.95,8/11/2022,9/15/2022,OK,Current,52205.4,33933.51,18271.89,0,677,OK,677,25.12,25.12,OK,196400,10+ years,10+ years,MORTGAGE,RI,Rhode Island,OK
LN001446,B,B1,OK,credit_card,36,13600,13600,OK,9.88,9.88,OK,438.07,6/7/2023,7/5/2023,OK,Current,15332.45,9966.09,5366.36,0,,NULL,,14.6,14.6,OK,224100,2 years,2 years,RENT,HI,Hawaii,OK
LN001444,A,A4,OK,credit_card,36,18800,18800,OK,6.53,6.53,OK,576.46,1/31/2023,3/6/2023,OK,Charged Off,3100.91,2170.64,930.27,16629.36,641,OK,641,36.94,36.94,OK,49700,8 years,8 years,MORTGAGE,OH,Ohio,OK
LN001649,C,C4,OK,credit_card,60,26600,26600,OK,14.61,14.61,OK,627.38,6/24/2021,7/24/2021,OK,Fully Paid,37681.74,26600,11081.74,0,719,OK,719,30.96,30.96,OK,48600,,MISSING,OWN,ME,Maine,OK
LN000587,E,E4,OK,vacation,36,11600,11600,OK,24.78,24.78,OK,459.87,5/24/2022,6/28/2022,OK,Fully Paid,16647.28,11600,5047.28,0,752,OK,752,34.99,34.99,OK,181100,3 years,3 years,RENT,IL,Illinois,OK
LN000628,D,D5,OK,car,60,33100,33100,OK,20.61,20.61,OK,888.22,8/25/2021,9/25/2021,OK,Fully Paid,52740.77,33100,19640.77,0,705,OK,705,128.02,,DTI_IMPOSSIBLE,95600,7 years,7 years,RENT,VT,Vermont,OK
LN001697,B,B2,OK,educational,60,18500,18500,OK,8.72,8.72,OK,381.52,5/30/2021,6/30/2021,OK,Current,20220.56,13143.36,7077.2,0,649,OK,649,36.18,36.18,OK,129700,10+ years,10+ years,RENT,GA,Georgia,OK
LN003192,G,G2,OK,moving,36,26400,26400,OK,33.49,33.49,OK,1171.78,9/6/2023,10/9/2023,OK,Current,36325.18,23611.37,12713.81,0,719,OK,719,32.66,32.66,OK,118900,6 years,6 years,MORTGAGE,WY,Wyoming,OK
LN002102,C,C4,OK,major_purchase,60,15800,15800,OK,14.68,14.68,OK,373.23,12/4/2022,1/3/2023,OK,Fully Paid,22368.66,15800,6568.66,0,581,OK,581,7.56,7.56,OK,208900,10+ years,10+ years,MORTGAGE,FL,Florida,OK
LN002200,A,A1,OK,home_improvement,36,9400,9400,OK,6.86,6.86,OK,289.64,3/10/2022,4/10/2022,OK,Charged Off,5608.63,3926.04,1682.59,5473.96,590,OK,590,115.91,,DTI_IMPOSSIBLE,150000,6 years,6 years,RENT,ND,North Dakota,OK
LN000404,D,D4,OK,vacation,60,36600,36600,OK,20.02,20.02,OK,970.08,9/13/2023,10/17/2023,OK,Current,31042.56,20177.66,10864.9,0,710,OK,710,21.96,21.96,OK,209300,4 years,4 years,RENT,NV,Nevada,OK
LN001155,A,A4,OK,medical,60,,,FLAGGED,5.95,5.95,OK,679.7,12/26/2022,1/30/2023,OK,Charged Off,12861.71,9003.2,3858.51,26196.8,668,OK,668,20.04,20.04,OK,102900,2 years,2 years,RENT,TX,Texas,OK
LN002256,B,B4,OK,small_business,36,35600,35600,OK,11.95,11.95,OK,1181.58,11/15/2022,12/16/2022,OK,Charged Off,6815.41,4770.79,2044.62,30829.21,666,OK,666,41.68,41.68,OK,143300,< 1 year,< 1 year,MORTGAGE,MN,Minnesota,OK
LN002864,G,G5,OK,medical,36,18900,18900,OK,33.44,33.44,OK,838.36,3/8/2021,4/10/2021,OK,Current,16767.2,10898.68,5868.52,0,792,OK,792,41.72,41.72,OK,247800,2 years,2 years,OWN,AZ,Arizona,OK
LN001683,E,E1,OK,car,36,7800,7800,OK,25.26,25.26,OK,311.2,11/3/2021,12/8/2021,OK,Fully Paid,11202.58,7800,3402.58,0,749,OK,749,13.33,13.33,OK,73700,4 years,4 years,MORTGAGE,MS,Mississippi,OK
LN002057,C,C3,OK,credit_card,36,30000,30000,OK,14.77,14.77,OK,1036.58,9/23/2021,10/27/2021,OK,Fully Paid,36975.76,30000,6975.76,0,773,OK,773,20.5,20.5,OK,234700,6 years,6 years,MORTGAGE,MN,Minnesota,OK
LN003063,A,A1,OK,wedding,60,32500,32500,OK,5.76,5.76,OK,624.7,3/9/2021,4/8/2021,OK,Charged Off,11717.82,8202.47,3515.35,24297.53,603,OK,603,44.99,44.99,OK,54700,7 years,7 years,MORTGAGE,NV,Nevada,OK
LN003413,A,A2,OK,vacation,36,34100,34100,OK,6.11,6.11,OK,1039.09,4/9/2021,5/13/2021,OK,Fully Paid,37261.12,34100,3161.12,0,613,OK,613,13.41,13.41,OK,97800,8 years,8 years,RENT,NC,North Carolina,OK
LN003109,B,B3,OK,major_purchase,36,29600,29600,OK,11.86,11.86,OK,981.17,5/17/2022,6/14/2022,OK,Fully Paid,35487.73,29600,5887.73,0,,BELOW_MIN,199,44.2,44.2,OK,168300,3 years,3 years,RENT,MA,Massachusetts,OK
LN000453,B,B4,OK,major_purchase,36,1600,1600,OK,9.5,9.5,OK,51.25,6/4/2022,7/7/2022,OK,Fully Paid,1840.98,1600,240.98,0,723,OK,723,124.71,,DTI_IMPOSSIBLE,206900,8 years,8 years,OWN,NH,New Hampshire,OK
LN002302,B,B2,OK,car,36,34600,34600,OK,10.79,10.79,OK,1129.32,9/22/2021,10/27/2021,OK,Current,9034.56,5872.46,3162.1,0,,ABOVE_MAX,874,36.61,36.61,OK,132800,2 years,2 years,MORTGAGE,DE,Delaware,OK
LN001328,B,B5,OK,educational,60,30300,30300,OK,9.66,9.66,OK,638.73,6/27/2021,7/29/2021,OK,Charged Off,15093.07,10565.15,4527.92,19734.85,627,OK,627,35.42,35.42,OK,83400,3 years,3 years,MORTGAGE,OR,Oregon,OK
LN002945,D,D1,OK,renewable_energy,60,30300,30300,OK,21.24,21.24,OK,823.81,5/30/2021,7/3/2021,OK,Late (31-120 Days),823.81,576.67,247.14,0,643,OK,643,7.73,7.73,OK,68800,,MISSING,MORTGAGE,RI,Rhode Island,OK
LN002050,B,B3,OK,wedding,36,23200,23200,OK,9.83,9.83,OK,746.75,11/13/2023,12/17/2023,OK,Charged Off,2032.5,1422.75,609.75,21777.25,723,OK,723,18.51,18.51,OK,226200,,MISSING,RENT,MD,Maryland,OK
LN000881,A,A2,OK,major_purchase,36,40000,40000,OK,6.98,6.98,OK,1234.72,10/5/2021,11/6/2021,OK,Current,13581.92,8828.25,4753.67,0,777,OK,777,35.8,35.8,OK,153500,10+ years,10+ years,RENT,WY,Wyoming,OK
LN003498,D,D2,OK,renewable_energy,36,27000,27000,OK,20.81,20.81,OK,1014.59,3/23/2021,4/20/2021,OK,Default,10145.9,7102.13,3043.77,0,696,OK,696,11.89,11.89,OK,164900,9 years,9 years,OWN,MN,Minnesota,OK
LN000624,D,D1,OK,home_improvement,60,38200,38200,OK,18.96,18.96,OK,990.09,5/11/2021,6/10/2021,OK,Default,8910.81,6237.57,2673.24,0,680,OK,680,18.5,18.5,OK,218900,10+ years,10+ years,MORTGAGE,MT,Montana,OK
LN002394,A,A3,OK,credit_card,36,12300,12300,OK,5.57,5.57,OK,371.8,12/1/2022,1/4/2023,OK,Current,6692.4,4350.06,2342.34,0,637,OK,637,44.22,44.22,OK,108100,8 years,8 years,RENT,NM,New Mexico,OK
LN003326,D,D5,OK,medical,36,27700,27700,OK,18.32,18.32,OK,1005.87,2/24/2022,3/24/2022,OK,Fully Paid,36700.3,27700,9000.3,0,,ABOVE_MAX,954,23,23,OK,139300,6 years,6 years,MORTGAGE,CO,Colorado,OK
LN001788,D,B1,GRADE_MISMATCH,major_purchase,60,28400,28400,OK,18.04,18.04,OK,721.79,1/14/2022,2/14/2022,OK,Fully Paid,43556.2,28400,15156.2,0,597,OK,597,28.52,28.52,OK,197800,3 years,3 years,MORTGAGE,OH,Ohio,OK
LN000263,F,F1,OK,home_improvement,60,9700,9700,OK,28.81,28.81,OK,306.78,2/9/2022,3/16/2022,OK,Default,1533.9,1073.73,460.17,0,804,OK,804,34.32,34.32,OK,177600,9 years,9 years,RENT,MT,Montana,OK
LN001635,F,F4,OK,car,60,31300,31300,OK,30.11,30.11,OK,1014.78,12/4/2023,1/5/2024,OK,Fully Paid,60822.01,31300,29522.01,0,640,OK,640,29.88,29.88,OK,90300,2 years,2 years,OWN,MI,Michigan,OK
LN001439,D,D5,OK,renewable_energy,60,37800,37800,OK,19.86,19.86,OK,998.53,8/21/2022,9/20/2022,OK,Current,30954.43,20120.38,10834.05,0,699,OK,699,28.08,28.08,OK,176700,3 years,3 years,MORTGAGE,NV,Nevada,OK
LN002199,C,C2,OK,medical,60,36100,36100,OK,14.99,14.99,OK,858.63,11/11/2023,12/11/2023,OK,Late (31-120 Days),6010.41,4207.29,1803.12,0,719,OK,719,21.64,21.64,OK,101000,5 years,5 years,RENT,FL,Florida,OK
LN001970,A,A3,OK,wedding,60,13100,13100,OK,6.99,6.99,OK,259.33,1/14/2022,2/17/2022,OK,Charged Off,5531.75,3872.22,1659.52,9227.78,670,OK,670,44.93,44.93,OK,200400,5 years,5 years,RENT,QQ,,INVALID_STATE
LN002521,A,A5,OK,debt_consolidation,36,36700,36700,OK,7.47,7.47,OK,1141.09,5/17/2022,6/17/2022,OK,Current,12551.99,8158.79,4393.2,0,749,OK,749,32.84,32.84,OK,143500,8 years,8 years,MORTGAGE,KY,Kentucky,OK
LN001803,E,E1,OK,medical,36,26300,26300,OK,25.62,25.62,OK,1054.33,2/27/2021,4/2/2021,OK,Charged Off,3430.55,2401.38,1029.16,23898.62,712,OK,712,10.68,10.68,OK,185900,5 years,5 years,RENT,PA,Pennsylvania,OK
LN000641,B,B4,OK,moving,60,12700,12700,OK,9.57,9.57,OK,267.16,12/2/2023,12/31/2023,OK,Late (31-120 Days),1870.12,1309.08,561.04,0,777,OK,777,17.51,17.51,OK,61900,7 years,7 years,RENT,KS,Kansas,OK
LN002386,A,A2,OK,home_improvement,36,29100,29100,OK,6.76,6.76,OK,895.33,4/22/2021,5/24/2021,OK,Fully Paid,32793.83,29100,3693.83,0,790,OK,790,23.4,23.4,OK,140700,10+ years,10+ years,RENT,GA,Georgia,OK
LN002599,A,A5,OK,moving,60,9800,9800,OK,5.76,5.76,OK,188.37,4/4/2023,5/5/2023,OK,Fully Paid,11370.83,9800,1570.83,0,739,OK,739,29.73,29.73,OK,228000,4 years,4 years,MORTGAGE,DE,Delaware,OK
LN003396,C,C5,OK,credit_card,60,33600,33600,OK,12.74,12.74,OK,760.04,8/7/2021,9/5/2021,OK,Fully Paid,45984.74,33600,12384.74,0,636,OK,636,44.09,44.09,OK,34300,1 year,1 year,OWN,MO,Missouri,OK
LN001960,D,D1,OK,major_purchase,60,29800,29800,OK,17.87,17.87,OK,754.62,3/8/2023,4/7/2023,OK,Current,42258.72,27468.17,14790.55,0,729,OK,729,15.63,15.63,OK,47000,5 years,5 years,MORTGAGE,VT,Vermont,OK
LN002977,A,A1,OK,car,36,20300,20300,OK,7.26,7.26,OK,629.22,9/18/2021,10/22/2021,OK,Current,7550.64,4907.92,2642.72,0,726,OK,726,21.23,21.23,OK,167200,6 years,6 years,RENT,WV,West Virginia,OK
LN000489,B,B3,OK,home_improvement,36,37600,37600,OK,9.79,9.79,OK,1209.54,8/21/2022,9/22/2022,OK,Fully Paid,44356.49,37600,6756.49,0,735,OK,735,6.39,6.39,OK,47300,,MISSING,MORTGAGE,KS,Kansas,OK
LN001844,D,D3,OK,medical,60,27600,27600,OK,21.25,21.25,OK,750.56,6/25/2022,7/26/2022,OK,Current,13510.08,8781.55,4728.53,0,691,OK,691,40.32,40.32,OK,177500,2 years,2 years,MORTGAGE,AZ,Arizona,OK
LN001735,F,F4,OK,wedding,36,37000,37000,OK,29.95,29.95,OK,1569.7,1/15/2023,2/17/2023,OK,Charged Off,14151.76,9906.23,4245.53,27093.77,709,OK,709,27.81,27.81,OK,115400,10+ years,10+ years,RENT,CT,Connecticut,OK
LN002912,B,B3,OK,vacation,60,16200,16200,OK,8.94,8.94,OK,335.81,11/3/2023,12/7/2023,OK,Charged Off,9111.25,6377.88,2733.38,9822.12,642,OK,642,10.9,10.9,OK,156500,< 1 year,< 1 year,OWN,MI,Michigan,OK
LN003220,A,A5,OK,educational,36,36000,36000,OK,6.89,6.89,OK,1109.77,1/17/2022,2/17/2022,OK,Fully Paid,40395.62,36000,4395.62,0,778,OK,778,16.65,16.65,OK,186100,1 year,1 year,MORTGAGE,UT,Utah,OK
LN000147,B,B5,OK,home_improvement,36,27600,27600,OK,10.05,10.05,OK,891.22,8/13/2022,9/13/2022,OK,Current,30301.48,19695.96,10605.52,0,603,OK,603,40.96,40.96,OK,207400,9 years,9 years,OWN,NC,North Carolina,OK
LN001535,G,G4,OK,debt_consolidation,36,28900,28900,OK,32.04,32.04,OK,1259.36,7/22/2023,8/20/2023,OK,Charged Off,14835.02,10384.51,4450.51,18515.49,623,OK,623,28.8,28.8,OK,92900,2 years,2 years,RENT,MS,Mississippi,OK
LN001987,D,D3,OK,moving,36,10600,10600,OK,18.99,18.99,OK,388.5,3/17/2022,4/16/2022,OK,Charged Off,3238.31,2266.82,971.49,8333.18,582,OK,582,23.49,23.49,OK,96700,1 year,1 year,RENT,KS,Kansas,OK
LN001370,D,D4,OK,moving,60,2600,2600,OK,19.76,19.76,OK,68.54,11/2/2023,12/5/2023,OK,Current,822.48,534.61,287.87,0,725,OK,725,39.41,39.41,OK,181200,8 years,8 years,MORTGAGE,GA,Georgia,OK
LN003003,C,C3,OK,moving,36,14000,14000,OK,14.17,14.17,OK,479.64,1/22/2023,2/24/2023,OK,Charged Off,7768.12,5437.68,2330.44,8562.32,697,OK,697,41.64,41.64,OK,80400,4 years,4 years,RENT,IN,Indiana,OK
LN002812,E,E4,OK,major_purchase,36,20000,20000,OK,26.45,26.45,OK,810.61,9/29/2021,10/30/2021,OK,Current,21075.86,13699.31,7376.55,0,736,OK,736,42.8,42.8,OK,153500,10+ years,10+ years,MORTGAGE,TX,Texas,OK
LN000660,C,C5,OK,car,36,14900,14900,OK,13.33,13.33,OK,504.41,6/13/2021,7/11/2021,OK,Fully Paid,17953.79,14900,3053.79,0,758,OK,758,5.35,5.35,OK,235000,5 years,5 years,MORTGAGE,ND,North Dakota,OK
LN001795,B,B3,OK,vacation,36,35700,35700,OK,11.88,11.88,OK,1183.71,2/1/2023,3/6/2023,OK,Current,39062.43,25390.58,13671.85,0,797,OK,797,37.87,37.87,OK,208100,10+ years,10+ years,RENT,SC,South Carolina,OK
LN002512,C,C2,OK,major_purchase,60,7000,7000,OK,13.06,13.06,OK,159.49,11/1/2021,10/27/2021,DATE_SEQUENCE_ERROR,Late (31-120 Days),478.47,334.93,143.54,0,598,OK,598,11.17,11.17,OK,127000,,MISSING,MORTGAGE,MI,Michigan,OK
LN000187,C,C1,OK,wedding,36,28800,28800,OK,15.79,15.79,OK,1009.54,8/1/2023,9/3/2023,OK,Charged Off,13427.49,9399.24,4028.25,19400.76,774,OK,774,33.76,33.76,OK,248700,2 years,2 years,OWN,WV,West Virginia,OK
LN003273,C,C2,OK,renewable_energy,36,26900,26900,OK,13.96,13.96,OK,918.86,5/20/2021,6/21/2021,OK,Current,20214.92,13139.7,7075.22,0,717,OK,717,19.55,19.55,OK,184100,< 1 year,< 1 year,MORTGAGE,GA,Georgia,OK
LN000609,E,E4,OK,moving,36,15700,15700,OK,25.8,25.8,OK,630.89,4/12/2021,5/12/2021,OK,Fully Paid,22427.14,15700,6727.14,0,614,OK,614,12.92,12.92,OK,99500,5 years,5 years,RENT,OR,Oregon,OK
LN002192,F,F3,OK,credit_card,36,32900,32900,OK,28.88,28.88,OK,1376.55,7/2/2022,8/1/2022,OK,Current,15142.05,9842.33,5299.72,0,769,OK,769,39.13,39.13,OK,175300,1 year,1 year,MORTGAGE,NJ,New Jersey,OK
LN002800,C,C1,OK,major_purchase,36,6500,6500,OK,12.51,12.51,OK,217.48,8/16/2021,9/19/2021,OK,Charged Off,2083.27,1458.29,624.98,5041.71,646,OK,646,15.15,15.15,OK,203200,< 1 year,< 1 year,RENT,OH,Ohio,OK
LN001931,B,B4,OK,home_improvement,60,20500,20500,OK,11.42,11.42,OK,450.03,3/27/2023,4/30/2023,OK,Default,450.03,315.02,135.01,0,715,OK,715,12.74,12.74,OK,135900,5 years,5 years,MORTGAGE,VA,Virginia,OK
LN003030,B,D5,GRADE_MISMATCH,renewable_energy,36,12400,12400,OK,9.5,9.5,OK,397.21,3/10/2023,4/11/2023,OK,Fully Paid,14423.52,12400,2023.52,0,699,OK,699,32.67,32.67,OK,235500,9 years,9 years,OWN,TN,Tennessee,OK
LN000198,D,D2,OK,car,60,23600,23600,OK,21.3,21.3,OK,642.45,2/25/2021,3/26/2021,OK,Late (31-120 Days),1927.35,1349.14,578.2,0,772,OK,772,9.93,9.93,OK,182200,4 years,4 years,OWN,FL,Florida,OK
LN002932,B,B4,OK,car,60,26400,26400,OK,11.46,11.46,OK,580.07,12/21/2021,1/18/2022,OK,Charged Off,6475.13,4532.59,1942.54,21867.41,,NULL,,39.29,39.29,OK,155400,6 years,6 years,RENT,MS,Mississippi,OK
LN002328,D,D4,OK,wedding,36,,,FLAGGED,20.17,20.17,OK,1147.31,4/4/2023,5/9/2023,OK,Current,28682.75,18643.79,10038.96,0,670,OK,670,101.1,,DTI_IMPOSSIBLE,122700,3 years,3 years,OWN,KY,Kentucky,OK
LN000294,D,D4,OK,small_business,60,,,FLAGGED,20.4,20.4,OK,208.39,10/14/2021,11/16/2021,OK,Current,6668.48,4334.51,2333.97,0,694,OK,694,19.35,19.35,OK,150100,5 years,5 years,RENT,TN,Tennessee,OK
LN000767,B,B4,OK,educational,60,25800,25800,OK,9.48,9.48,OK,541.6,4/25/2022,5/26/2022,OK,Late (31-120 Days),4874.4,3412.08,1462.32,0,639,OK,639,17.2,17.2,OK,111300,1 year,1 year,MORTGAGE,GA,Georgia,OK
LN000401,C,C5,OK,moving,36,7500,7500,OK,15.91,15.91,OK,263.34,4/29/2022,5/27/2022,OK,Fully Paid,9498.78,7500,1998.78,0,,ABOVE_MAX,908,5.03,5.03,OK,172100,1 year,1 year,RENT,AK,Alaska,OK
LN000123,F,F1,OK,credit_card,36,16500,16500,OK,-28.16,,NEGATIVE_RATE,683.93,5/2/2023,6/4/2023,OK,Late (31-120 Days),2735.72,1915,820.72,0,668,OK,668,42.9,42.9,OK,237500,10+ years,10+ years,MORTGAGE,KY,Kentucky,OK
LN003256,B,B3,OK,major_purchase,36,27000,27000,OK,9.95,9.95,OK,870.58,3/1/2022,4/3/2022,OK,Late (31-120 Days),7835.22,5484.65,2350.57,0,672,OK,672,5.98,5.98,OK,199500,,MISSING,RENT,NC,North Carolina,OK
LN000203,F,F2,OK,moving,36,31000,31000,OK,30.04,30.04,OK,1316.68,7/18/2023,8/16/2023,OK,Fully Paid,47281.95,31000,16281.95,0,796,OK,796,14.55,14.55,OK,125100,,MISSING,OWN,NJ,New Jersey,OK
LN000836,D,D2,OK,vacation,60,24700,24700,OK,20.53,20.53,OK,661.7,3/25/2022,4/23/2022,OK,Fully Paid,39413.54,24700,14713.54,0,819,OK,819,10.34,10.34,OK,158900,10+ years,10+ years,MORTGAGE,WA,Washington,OK
LN002295,D,D4,OK,vacation,36,28800,28800,OK,17.76,17.76,OK,1037.72,11/15/2021,12/17/2021,OK,Fully Paid,36832.8,28800,8032.8,0,817,OK,817,9.59,9.59,OK,242400,1 year,1 year,RENT,NY,New York,OK
LN001440,F,F5,OK,medical,36,20100,20100,OK,27.86,27.86,OK,829.89,6/9/2023,7/12/2023,OK,Current,3319.56,2157.71,1161.85,0,773,OK,773,33.88,33.88,OK,29800,8 years,8 years,MORTGAGE,IL,Illinois,OK
LN001734,B,B3,OK,major_purchase,36,17500,17500,OK,9.11,9.11,OK,557.39,6/11/2021,7/16/2021,OK,Current,3901.73,2536.12,1365.61,0,580,OK,580,10.56,10.56,OK,173800,3 years,3 years,MORTGAGE,CA,California,OK
LN001696,C,C2,OK,renewable_energy,36,36000,36000,OK,14.25,14.25,OK,1234.77,2/19/2021,3/23/2021,OK,Current,27164.94,17657.21,9507.73,0,735,OK,735,6.8,6.8,OK,113600,10+ years,10+ years,MORTGAGE,OK,Oklahoma,OK
LN001708,B,B3,OK,medical,36,6100,6100,OK,9.17,9.17,OK,194.46,11/24/2021,12/24/2021,OK,Fully Paid,7005.33,6100,905.33,0,609,OK,609,36.86,36.86,OK,89800,2 years,2 years,MORTGAGE,MI,Michigan,OK
LN003493,D,D5,OK,major_purchase,36,33700,33700,OK,20.91,20.91,OK,1268.09,12/5/2022,1/3/2023,OK,Fully Paid,46290.64,33700,12590.64,0,703,OK,703,14.06,14.06,OK,112200,10+ years,10+ years,RENT,MO,Missouri,OK
LN001154,B,B2,OK,medical,36,,,FLAGGED,8.88,8.88,OK,682.49,10/25/2021,11/23/2021,OK,Charged Off,3498.14,2448.7,1049.44,19051.3,810,OK,810,41.31,41.31,OK,66600,< 1 year,< 1 year,RENT,MO,Missouri,OK
LN001662,A,A5,OK,small_business,36,,,FLAGGED,7.62,7.62,OK,1068.83,8/24/2021,9/21/2021,OK,Current,8550.64,5557.92,2992.72,0,670,OK,670,41.45,41.45,OK,82300,3 years,3 years,RENT,AK,Alaska,OK
LN002433,D,D5,OK,credit_card,60,17000,17000,OK,17.96,17.96,OK,431.32,1/20/2023,2/19/2023,OK,Current,16390.16,10653.6,5736.56,0,747,OK,747,6.02,6.02,OK,63900,1 year,1 year,RENT,MA,Massachusetts,OK
LN003376,D,D2,OK,wedding,60,31500,31500,OK,21.4,21.4,OK,859.28,4/1/2022,4/29/2022,OK,Fully Paid,52358.55,31500,20858.55,0,779,OK,779,31.66,31.66,OK,175500,7 years,7 years,MORTGAGE,NY,New York,OK
LN001760,B,B4,OK,wedding,60,8300,8300,OK,9.29,9.29,OK,173.46,2/28/2023,4/1/2023,OK,Current,4336.5,2818.72,1517.77,0,766,OK,766,37.15,37.15,OK,113900,1 year,1 year,RENT,MO,Missouri,OK
LN000855,A,A3,OK,vacation,60,35900,35900,OK,7.72,7.72,OK,723.12,10/5/2023,11/8/2023,OK,Charged Off,10050.38,7035.27,3015.11,28864.73,687,OK,687,21.41,21.41,OK,36800,6 years,6 years,RENT,SC,South Carolina,OK
LN001590,A,A3,OK,medical,60,22700,22700,OK,5.77,5.77,OK,436.43,10/27/2023,11/25/2023,OK,Current,24003.65,15602.37,8401.28,0,692,OK,692,36.59,36.59,OK,139000,7 years,7 years,OTHER,MT,Montana,OK
LN002268,A,A3,OK,small_business,36,15800,15800,OK,6.15,6.15,OK,481.74,7/30/2023,8/27/2023,OK,Late (31-120 Days),4817.4,3372.18,1445.22,0,785,OK,785,7.34,7.34,OK,220300,4 years,4 years,OWN,NJ,New Jersey,OK
LN000642,F,F2,OK,wedding,36,,,FLAGGED,28.64,28.64,OK,1626.69,8/29/2022,10/3/2022,OK,Current,4880.07,3172.05,1708.02,0,688,OK,688,32.08,32.08,OK,80800,5 years,5 years,OWN,UT,Utah,OK
LN000002,A,A2,OK,educational,60,28900,28900,OK,6.26,6.26,OK,562.22,1/28/2021,3/4/2021,OK,Charged Off,14310.9,10017.63,4293.27,18882.37,581,OK,581,35.35,35.35,OK,90300,7 years,7 years,RENT,GA,Georgia,OK
LN002161,B,B4,OK,educational,36,5900,5900,OK,11.65,11.65,OK,194.98,4/15/2021,5/14/2021,OK,Current,1169.88,760.42,409.46,0,813,OK,813,33.05,33.05,OK,177300,9 years,9 years,MORTGAGE,OH,Ohio,OK
LN000699,C,C3,OK,credit_card,60,24400,24400,OK,14.21,14.21,OK,570.41,4/11/2022,5/11/2022,OK,Charged Off,3402.86,2382,1020.86,22018,691,OK,691,20.26,20.26,OK,204100,7 years,7 years,MORTGAGE,CT,Connecticut,OK
LN003000,E,E5,OK,renewable_energy,60,,,FLAGGED,26.44,26.44,OK,126.85,6/9/2022,7/9/2022,OK,Charged Off,318.45,222.91,95.53,3977.09,766,OK,766,39.62,39.62,OK,176300,2 years,2 years,MORTGAGE,MO,Missouri,OK
LN001637,B,B2,OK,medical,60,26300,26300,OK,10.81,10.81,OK,569.34,2/10/2022,3/12/2022,OK,Late (31-120 Days),569.34,398.54,170.8,0,784,OK,784,124.13,,DTI_IMPOSSIBLE,160700,9 years,9 years,MORTGAGE,MI,Michigan,OK
LN003185,E,E1,OK,vacation,60,27100,27100,OK,-22.88,,NEGATIVE_RATE,762.09,2/12/2022,3/15/2022,OK,Current,26673.15,17337.55,9335.6,0,652,OK,652,43.75,43.75,OK,211200,9 years,9 years,MORTGAGE,KS,Kansas,OK
LN001292,A,A2,OK,home_improvement,60,21700,21700,OK,7.15,7.15,OK,431.22,1/18/2022,2/20/2022,OK,Late (31-120 Days),2587.32,1811.12,776.2,0,789,OK,789,41.8,41.8,OK,134700,7 years,7 years,RENT,ID,Idaho,OK
LN003426,A,A3,OK,moving,36,14900,14900,OK,7.01,7.01,OK,460.14,5/27/2023,6/26/2023,OK,Fully Paid,16399.42,14900,1499.42,0,812,OK,812,15.58,15.58,OK,67300,10+ years,10+ years,RENT,AZ,Arizona,OK
LN002490,C,C3,OK,renewable_energy,60,34700,34700,OK,15.7,15.7,OK,838.32,4/15/2021,5/20/2021,OK,Current,30179.52,19616.69,10562.83,0,638,OK,638,10.31,10.31,OK,84400,10+ years,10+ years,RENT,AK,Alaska,OK
LN001521,B,B5,OK,car,60,25300,25300,OK,10.63,10.63,OK,545.43,10/1/2021,11/4/2021,OK,Late (31-120 Days),6545.16,4581.61,1963.55,0,587,OK,587,36.89,36.89,OK,236700,10+ years,10+ years,OWN,MT,Montana,OK
LN001854,D,D1,OK,renewable_energy,60,25500,25500,OK,21.95,21.95,OK,703.56,3/17/2023,4/20/2023,OK,Current,22513.92,14634.05,7879.87,0,771,OK,771,25.41,25.41,OK,150400,7 years,7 years,OWN,ID,Idaho,OK
LN001137,D,D5,OK,small_business,36,3000,3000,OK,17.58,17.58,OK,107.83,3/15/2022,4/16/2022,OK,Late (31-120 Days),107.83,75.48,32.35,0,783,OK,783,26.11,26.11,OK,208200,9 years,9 years,RENT,KS,Kansas,OK
LN003305,D,D2,OK,credit_card,36,27000,27000,OK,19.41,19.41,OK,995.32,9/19/2023,10/17/2023,OK,Fully Paid,35482.06,27000,8482.06,0,597,OK,597,38.07,38.07,OK,50200,4 years,4 years,MORTGAGE,VT,Vermont,OK
LN003477,E,E5,OK,small_business,60,5300,5300,OK,23.91,23.91,OK,152.19,9/11/2022,10/10/2022,OK,Fully Paid,9281.4,5300,3981.4,0,671,OK,671,15.1,15.1,OK,38500,6 years,6 years,OWN,MO,Missouri,OK
LN001632,C,C5,OK,vacation,36,1300,1300,OK,14,14,OK,44.43,2/25/2023,4/1/2023,OK,Fully Paid,1579.37,1300,279.37,0,642,OK,642,44.75,44.75,OK,220800,10+ years,10+ years,MORTGAGE,CO,Colorado,OK
LN001999,C,C3,OK,vacation,36,35400,35400,OK,15.47,15.47,OK,1235.32,12/17/2021,1/20/2022,OK,Fully Paid,43848.67,35400,8448.67,0,724,OK,724,36.61,36.61,OK,87100,2 years,2 years,MORTGAGE,IN,Indiana,OK
LN000664,B,B5,OK,moving,36,23600,23600,OK,9.27,9.27,OK,753.44,5/10/2021,6/11/2021,OK,Fully Paid,27264.67,23600,3664.67,0,799,OK,799,35.12,35.12,OK,88700,5 years,5 years,MORTGAGE,NV,Nevada,OK
LN000684,F,F5,OK,credit_card,36,8600,8600,OK,27.59,27.59,OK,353.82,3/24/2021,4/27/2021,OK,Charged Off,4539.48,3177.64,1361.84,5422.36,589,OK,589,16.6,16.6,OK,87000,7 years,7 years,RENT,SD,South Dakota,OK
LN001258,F,F3,OK,medical,60,1600,1600,OK,27.64,27.64,OK,49.47,12/15/2022,1/13/2023,OK,Charged Off,709.34,496.54,212.8,1103.46,681,OK,681,22.62,22.62,OK,231900,3 years,3 years,MORTGAGE,NV,Nevada,OK
LN003390,B,B1,OK,vacation,36,24400,24400,OK,11.82,11.82,OK,808.33,4/25/2021,5/24/2021,OK,Current,15358.27,9982.88,5375.39,0,585,OK,585,33.91,33.91,OK,167900,7 years,7 years,RENT,LA,Louisiana,OK
LN000318,B,B1,OK,car,60,18500,18500,OK,8.77,8.77,OK,381.97,11/11/2022,12/11/2022,OK,Charged Off,4522.25,3165.57,1356.67,15334.43,808,OK,808,27.95,27.95,OK,99800,10+ years,10+ years,MORTGAGE,IL,Illinois,OK
LN000649,B,B3,OK,debt_consolidation,36,11100,11100,OK,11.82,11.82,OK,367.73,5/29/2022,6/30/2022,OK,Fully Paid,13232.49,11100,2132.49,0,706,OK,706,36.99,36.99,OK,77100,3 years,3 years,MORTGAGE,MT,Montana,OK
LN001435,D,D5,OK,major_purchase,60,7400,7400,OK,21.73,21.73,OK,203.25,4/25/2023,5/24/2023,OK,Current,1219.5,792.68,426.82,0,625,OK,625,10.74,10.74,OK,205600,8 years,8 years,OWN,OH,Ohio,OK
LN001480,E,E3,OK,home_improvement,60,10600,10600,OK,25.36,25.36,OK,313.37,6/19/2023,7/17/2023,OK,Fully Paid,18579.17,10600,7979.17,0,775,OK,775,14.57,14.57,OK,194100,4 years,4 years,OWN,MO,Missouri,OK
LN000710,F,F2,OK,wedding,36,2100,2100,OK,29.57,29.57,OK,88.65,5/17/2021,6/16/2021,OK,Fully Paid,3174.15,2100,1074.15,0,810,OK,810,173.66,,DTI_IMPOSSIBLE,159100,1 year,1 year,RENT,VT,Vermont,OK
LN001769,F,F2,OK,debt_consolidation,36,15000,15000,OK,30.17,30.17,OK,638.17,11/22/2021,12/20/2021,OK,Current,15954.25,10370.26,5583.99,0,621,OK,621,33.01,33.01,OK,185900,3 years,3 years,OWN,IA,Iowa,OK
LN000973,B,B3,OK,educational,60,35700,35700,OK,11.86,11.86,OK,791.6,6/21/2023,7/23/2023,OK,Current,18206.8,11834.42,6372.38,0,695,OK,695,19.32,19.32,OK,221700,4 years,4 years,RENT,NY,New York,OK
LN002676,A,A3,OK,moving,36,17600,17600,OK,5.35,5.35,OK,530.26,2/7/2023,3/10/2023,OK,Current,4772.34,3102.02,1670.32,0,599,OK,599,37.51,37.51,OK,233600,4 years,4 years,RENT,NH,New Hampshire,OK
LN002681,C,C3,OK,home_improvement,60,34500,34500,OK,15.87,15.87,OK,836.59,2/28/2023,3/28/2023,OK,Current,46012.45,29908.09,16104.36,0,713,OK,713,19.61,19.61,OK,67600,8 years,8 years,RENT,DE,Delaware,OK
LN001307,A,A3,OK,home_improvement,36,39400,39400,OK,6.65,6.65,OK,1210.26,12/8/2022,1/7/2023,OK,Fully Paid,43918.65,39400,4518.65,0,623,OK,623,8.96,8.96,OK,95000,< 1 year,< 1 year,MORTGAGE,ND,North Dakota,OK
LN001401,A,A5,OK,medical,60,26600,26600,OK,6.83,6.83,OK,524.58,11/26/2021,12/30/2021,OK,Current,30950.22,20117.64,10832.58,0,632,OK,632,13.58,13.58,OK,223100,4 years,4 years,MORTGAGE,NC,North Carolina,OK
LN001409,E,E4,OK,car,36,16500,16500,OK,22.78,22.78,OK,636.82,1/18/2021,2/22/2021,OK,Charged Off,4421.94,3095.36,1326.58,13404.64,585,OK,585,27.5,27.5,OK,212300,3 years,3 years,MORTGAGE,KY,Kentucky,OK
LN003297,A,A2,OK,vacation,60,34800,34800,OK,5,5,OK,656.72,2/22/2022,3/24/2022,OK,Fully Paid,38820.33,34800,4020.33,0,754,OK,754,19.76,19.76,OK,133200,10+ years,10+ years,RENT,DE,Delaware,OK
LN002238,B,B4,OK,wedding,36,2800,2800,OK,10.25,10.25,OK,90.68,3/1/2022,3/29/2022,OK,Charged Off,1509.53,1056.67,452.86,1743.33,711,OK,711,14.38,14.38,OK,231600,3 years,3 years,RENT,VT,Vermont,OK
LN003303,C,C1,OK,car,36,33000,33000,OK,15.17,15.17,OK,1146.7,3/24/2022,3/22/2022,DATE_SEQUENCE_ERROR,Fully Paid,41291.54,33000,8291.54,0,740,OK,740,42.46,42.46,OK,120300,< 1 year,< 1 year,OTHER,WV,West Virginia,OK
LN001530,E,E2,OK,small_business,60,,,FLAGGED,25.1,25.1,OK,594.08,12/27/2023,12/21/2023,DATE_SEQUENCE_ERROR,Current,18416.48,11970.71,6445.77,0,620,OK,620,27.53,27.53,OK,206600,,MISSING,RENT,OK,Oklahoma,OK
LN001664,D,D1,OK,moving,60,38700,38700,OK,18.34,18.34,OK,989.9,2/25/2021,3/27/2021,OK,Fully Paid,59396.04,38700,20696.04,0,773,OK,773,33.96,33.96,OK,156000,9 years,9 years,OWN,MT,Montana,OK
LN001355,C,C4,OK,small_business,60,29800,29800,OK,15.06,15.06,OK,709.88,5/27/2023,6/28/2023,OK,Charged Off,13142.74,9199.92,3942.82,20600.08,,BELOW_MIN,132,10.61,10.61,OK,215100,4 years,4 years,RENT,TX,Texas,OK
LN001644,D,D3,OK,wedding,36,17100,17100,OK,19.98,19.98,OK,635.32,11/14/2021,12/15/2021,OK,Fully Paid,23260.62,17100,6160.62,0,730,OK,730,32.96,32.96,OK,223400,8 years,8 years,MORTGAGE,VA,Virginia,OK
LN001052,G,G2,OK,car,36,37500,37500,OK,33.76,33.76,OK,1670.14,8/7/2023,9/8/2023,OK,Fully Paid,60755.41,37500,23255.41,0,630,OK,630,8.73,8.73,OK,182200,3 years,3 years,RENT,AZ,Arizona,OK
LN000796,C,C2,OK,small_business,60,15900,15900,OK,15.17,15.17,OK,379.68,5/15/2023,6/19/2023,OK,Current,10631.04,6910.18,3720.86,0,,NULL,,19.29,19.29,OK,222000,3 years,3 years,RENT,WI,Wisconsin,OK
LN002694,D,D5,OK,home_improvement,36,30500,30500,OK,17.85,17.85,OK,1100.35,3/26/2021,4/28/2021,OK,Charged Off,4495.74,3147.02,1348.72,27352.98,733,OK,733,36.66,36.66,OK,143500,4 years,4 years,MORTGAGE,TX,Texas,OK
LN003061,A,A2,OK,renewable_energy,36,30100,30100,OK,6.22,6.22,OK,918.7,9/5/2021,10/6/2021,OK,Charged Off,10422.92,7296.04,3126.88,22803.96,783,OK,783,13.91,13.91,OK,50600,4 years,4 years,OWN,CA,California,OK
LN001598,F,F5,OK,credit_card,36,7000,7000,OK,27.57,27.57,OK,287.92,8/7/2022,9/11/2022,OK,Fully Paid,10531.43,7000,3531.43,0,795,OK,795,26.74,26.74,OK,79200,,MISSING,MORTGAGE,NV,Nevada,OK
LN002605,A,A1,OK,debt_consolidation,60,39900,39900,OK,5.16,5.16,OK,755.89,10/31/2021,12/5/2021,OK,Fully Paid,46130.5,39900,6230.5,0,738,OK,738,26.65,26.65,OK,234400,10+ years,10+ years,MORTGAGE,DE,Delaware,OK
LN002730,F,F3,OK,small_business,60,37400,37400,OK,29.44,29.44,OK,1197.18,3/17/2021,4/16/2021,OK,Late (31-120 Days),7183.08,5028.16,2154.92,0,609,OK,609,36.88,36.88,OK,221700,7 years,7 years,MORTGAGE,NE,Nebraska,OK
LN002626,B,B3,OK,medical,36,38800,38800,OK,11.03,11.03,OK,1270.81,8/1/2022,8/30/2022,OK,Late (31-120 Days),3812.43,2668.7,1143.73,0,677,OK,677,29.97,29.97,OK,154000,4 years,4 years,RENT,AR,Arkansas,OK
LN001820,C,C4,OK,moving,60,26100,26100,OK,13.9,13.9,OK,605.95,4/8/2021,5/13/2021,OK,Default,6665.45,4665.81,1999.63,0,639,OK,639,30.7,30.7,OK,82800,,MISSING,RENT,CT,Connecticut,OK
LN003158,E,E3,OK,wedding,60,23200,23200,OK,25.15,25.15,OK,682.99,8/20/2021,9/23/2021,OK,Current,25270.63,16425.91,8844.72,0,760,OK,760,36.26,36.26,OK,72200,,MISSING,MORTGAGE,ND,North Dakota,OK
LN003315,D,D3,OK,educational,36,14100,14100,OK,20.11,20.11,OK,524.8,10/27/2021,11/29/2021,OK,Fully Paid,18659.83,14100,4559.83,0,761,OK,761,18.23,18.23,OK,43000,1 year,1 year,OWN,TN,Tennessee,OK
LN001723,A,A4,OK,credit_card,36,30200,30200,OK,5.08,5.08,OK,906.21,6/4/2022,7/8/2022,OK,Current,16311.78,10602.66,5709.12,0,725,OK,725,29.07,29.07,OK,38800,8 years,8 years,RENT,IA,Iowa,OK
LN001184,B,B3,OK,major_purchase,36,,,FLAGGED,9.21,9.21,OK,883.56,8/1/2023,9/4/2023,OK,Charged Off,4160.04,2912.03,1248.01,24787.97,605,OK,605,16.36,16.36,OK,141400,10+ years,10+ years,OWN,MO,Missouri,OK
LN002573,E,E5,OK,vacation,36,4700,4700,OK,23.91,23.91,OK,184.17,4/8/2022,5/13/2022,OK,Fully Paid,6661.63,4700,1961.63,0,609,OK,609,23.61,23.61,OK,48900,10+ years,10+ years,MORTGAGE,NH,New Hampshire,OK
LN001060,A,A1,OK,home_improvement,36,26200,26200,OK,7.69,7.69,OK,817.27,6/21/2022,7/21/2022,OK,Default,817.27,572.09,245.18,0,700,OK,700,12.1,12.1,OK,79600,,MISSING,MORTGAGE,UT,Utah,OK
LN000541,B,B5,OK,vacation,36,28300,28300,OK,10.62,10.62,OK,921.42,6/16/2023,7/20/2023,OK,Charged Off,9064.78,6345.35,2719.43,21954.65,819,OK,819,5.93,5.93,OK,204000,2 years,2 years,RENT,ND,North Dakota,OK
LN003243,D,D2,OK,major_purchase,36,27800,27800,OK,19.52,19.52,OK,1026.36,6/14/2021,7/19/2021,OK,Current,12316.32,8005.61,4310.71,0,808,OK,808,25.62,25.62,OK,115500,3 years,3 years,MORTGAGE,TN,Tennessee,OK
LN001679,F,F2,OK,moving,36,15300,15300,OK,28.55,28.55,OK,637.42,8/29/2022,9/30/2022,OK,Fully Paid,22955.47,15300,7655.47,0,633,OK,633,223.64,,DTI_IMPOSSIBLE,56200,3 years,3 years,RENT,NM,New Mexico,OK
LN002797,F,F2,OK,major_purchase,60,28800,28800,OK,30.92,30.92,OK,948.12,3/21/2022,4/25/2022,OK,Fully Paid,57401.91,28800,28601.91,0,629,OK,629,19.03,19.03,OK,192900,3 years,3 years,MORTGAGE,NE,Nebraska,OK
LN002533,E,E4,OK,home_improvement,36,22700,22700,OK,26.7,26.7,OK,923.08,9/12/2022,10/14/2022,OK,Current,26769.32,17400.06,9369.26,0,760,OK,760,42.96,42.96,OK,105200,4 years,4 years,MORTGAGE,OH,Ohio,OK
LN001758,C,C1,OK,wedding,36,13400,13400,OK,13.35,13.35,OK,453.76,1/23/2022,2/23/2022,OK,Charged Off,4260.76,2982.53,1278.23,10417.47,734,OK,734,7.47,7.47,OK,48800,7 years,7 years,RENT,PA,Pennsylvania,OK
LN001924,D,D2,OK,moving,36,14200,14200,OK,21.33,21.33,OK,537.39,5/15/2022,6/15/2022,OK,Fully Paid,19503.58,14200,5303.58,0,789,OK,789,11.92,11.92,OK,89300,1 year,1 year,MORTGAGE,MS,Mississippi,OK
LN000096,C,C3,OK,moving,36,24600,24600,OK,14.31,14.31,OK,844.48,2/22/2022,3/22/2022,OK,Fully Paid,30142.35,24600,5542.35,0,745,OK,745,39.57,39.57,OK,61900,6 years,6 years,OWN,NJ,New Jersey,OK
LN001021,C,F2,GRADE_MISMATCH,renewable_energy,60,,,FLAGGED,13.95,13.95,OK,767,8/15/2021,9/15/2021,OK,Current,22243,14457.95,7785.05,0,595,OK,595,35.09,35.09,OK,42500,10+ years,10+ years,MORTGAGE,AK,Alaska,OK
LN000564,D,D4,OK,wedding,60,30600,30600,OK,19.83,19.83,OK,807.82,1/9/2022,1/6/2022,DATE_SEQUENCE_ERROR,Current,23426.78,15227.41,8199.37,0,664,OK,664,11.49,11.49,OK,211000,10+ years,10+ years,MORTGAGE,NY,New York,OK
LN003313,F,F2,OK,car,36,35400,35400,OK,27.56,27.56,OK,1455.87,11/26/2022,12/27/2022,OK,Current,13102.83,8516.84,4585.99,0,777,OK,777,237.64,,DTI_IMPOSSIBLE,135100,9 years,9 years,RENT,RI,Rhode Island,OK
LN002791,D,D2,OK,wedding,36,9100,9100,OK,19.41,19.41,OK,335.46,8/10/2021,9/9/2021,OK,Current,7715.58,5015.13,2700.45,0,728,OK,728,34.97,34.97,OK,185700,5 years,5 years,OWN,AR,Arkansas,OK
LN000864,A,A3,OK,vacation,60,35400,35400,OK,5.88,5.88,OK,682.41,9/16/2023,10/16/2023,OK,Fully Paid,40604.49,35400,5204.49,0,678,OK,678,15.29,15.29,OK,118300,< 1 year,< 1 year,RENT,MD,Maryland,OK
LN001485,A,A4,OK,credit_card,60,33300,33300,OK,7.92,7.92,OK,673.93,12/2/2021,1/4/2022,OK,Charged Off,6918.93,4843.25,2075.68,28456.75,801,OK,801,40.69,40.69,OK,71800,10+ years,10+ years,RENT,RI,Rhode Island,OK
LN002940,D,D3,OK,medical,60,3300,3300,OK,17.28,17.28,OK,82.51,2/13/2022,3/20/2022,OK,Current,2310.28,1501.68,808.6,0,785,OK,785,9.1,9.1,OK,170300,2 years,2 years,OWN,WY,Wyoming,OK
LN001882,B,B3,OK,moving,60,14800,14800,OK,9.04,9.04,OK,307.51,7/4/2022,8/1/2022,OK,Fully Paid,18287.87,14800,3487.87,0,786,OK,786,38.47,38.47,OK,175600,< 1 year,< 1 year,MORTGAGE,XX,,INVALID_STATE
LN001039,C,C2,OK,medical,60,34000,34000,OK,14.57,14.57,OK,801.2,7/10/2021,8/10/2021,OK,Current,21632.4,14061.06,7571.34,0,673,OK,673,6.92,6.92,OK,118600,1 year,1 year,MORTGAGE,CO,Colorado,OK
LN000207,E,E1,OK,medical,36,19600,19600,OK,24.22,24.22,OK,771.23,3/15/2022,4/14/2022,OK,Fully Paid,28275.52,19600,8675.52,0,589,OK,589,27.11,27.11,OK,196700,2 years,2 years,RENT,WA,Washington,OK
LN000393,C,C1,OK,home_improvement,36,35500,35500,OK,12.7,12.7,OK,1191.01,11/26/2021,12/30/2021,OK,Fully Paid,42750.24,35500,7250.24,0,625,OK,625,33.19,33.19,OK,207600,6 years,6 years,RENT,IL,Illinois,OK
LN002843,B,E2,GRADE_MISMATCH,small_business,36,40000,40000,OK,-11.63,,NEGATIVE_RATE,1321.51,6/27/2023,7/25/2023,OK,Current,39645.3,25769.45,13875.85,0,757,OK,757,9.96,9.96,OK,169300,2 years,2 years,RENT,MN,Minnesota,OK
LN000871,B,B1,OK,wedding,36,6700,6700,OK,11.02,11.02,OK,219.41,9/12/2022,10/17/2022,OK,Current,3291.15,2139.25,1151.9,0,730,OK,730,37.23,37.23,OK,211800,10+ years,10+ years,RENT,NE,Nebraska,OK
LN000398,C,C2,OK,home_improvement,60,,,FLAGGED,15.46,15.46,OK,117.76,9/27/2022,11/1/2022,OK,Fully Paid,7092.75,4900,2192.75,0,663,OK,663,27.2,27.2,OK,207300,2 years,2 years,MORTGAGE,CA,California,OK
LN002815,D,D4,OK,car,36,30100,30100,OK,19.5,19.5,OK,1110.97,1/11/2023,2/15/2023,OK,Charged Off,6900.33,4830.23,2070.1,25269.77,665,OK,665,44.04,44.04,OK,47600,7 years,7 years,RENT,MS,Mississippi,OK
LN003290,A,A2,OK,medical,36,2400,2400,OK,6.15,6.15,OK,73.18,8/6/2023,9/10/2023,OK,Current,1536.78,998.91,537.87,0,815,OK,815,44.47,44.47,OK,42300,10+ years,10+ years,MORTGAGE,LA,Louisiana,OK
LN001029,G,G5,OK,car,36,10600,10600,OK,35.25,35.25,OK,481,6/8/2021,7/10/2021,OK,Late (31-120 Days),3848,2693.6,1154.4,0,819,OK,819,44.63,44.63,OK,138400,5 years,5 years,OWN,LA,Louisiana,OK
LN002691,B,B5,OK,medical,36,1100,1100,OK,8.68,8.68,OK,34.82,3/11/2021,4/11/2021,OK,Fully Paid,1239.71,1100,139.71,0,631,OK,631,41.18,41.18,OK,89900,5 years,5 years,OWN,IL,Illinois,OK
LN001486,A,A1,OK,small_business,36,2200,2200,OK,5.16,5.16,OK,66.09,10/22/2022,11/21/2022,OK,Charged Off,742.07,519.45,222.62,1680.55,697,OK,697,8.47,8.47,OK,61700,8 years,8 years,MORTGAGE,ID,Idaho,OK
LN002661,A,A4,OK,debt_consolidation,36,6400,6400,OK,6.69,6.69,OK,196.71,1/16/2023,2/18/2023,OK,Current,5704.59,3707.98,1996.61,0,588,OK,588,33.22,33.22,OK,226800,5 years,5 years,OTHER,NH,New Hampshire,OK
LN000961,C,C1,OK,vacation,60,30000,30000,OK,13.88,13.88,OK,696.18,1/6/2023,2/8/2023,OK,Default,4177.08,2923.96,1253.12,0,597,OK,597,12.09,12.09,OK,147900,7 years,7 years,MORTGAGE,DE,Delaware,OK
LN001571,C,C2,OK,home_improvement,60,22500,22500,OK,14.14,14.14,OK,525.17,11/30/2023,1/4/2024,OK,Late (31-120 Days),5776.87,4043.81,1733.06,0,651,OK,651,36.04,36.04,OK,31600,9 years,9 years,OWN,TN,Tennessee,OK
LN002774,B,B3,OK,wedding,36,4300,4300,OK,8.9,8.9,OK,136.54,4/3/2021,5/6/2021,OK,Current,1911.56,1242.51,669.05,0,,NULL,,43.11,43.11,OK,161000,10+ years,10+ years,RENT,SC,South Carolina,OK
LN001896,B,B3,OK,debt_consolidation,60,,,FLAGGED,10.4,10.4,OK,105.08,8/24/2022,9/27/2022,OK,Late (31-120 Days),1155.88,809.12,346.76,0,604,OK,604,192.67,,DTI_IMPOSSIBLE,144800,3 years,3 years,MORTGAGE,UT,Utah,OK
LN002732,A,A5,OK,educational,60,19100,19100,OK,6.94,6.94,OK,377.66,11/5/2021,12/3/2021,OK,Current,17750.02,11537.51,6212.51,0,786,OK,786,24.82,24.82,OK,74300,6 years,6 years,RENT,MT,Montana,OK
LN002147,C,C2,OK,car,60,4600,4600,OK,15.33,15.33,OK,110.23,12/17/2022,1/20/2023,OK,Fully Paid,6597.28,4600,1997.28,0,580,OK,580,18.66,18.66,OK,226800,< 1 year,< 1 year,OWN,NV,Nevada,OK
LN000805,A,A3,OK,vacation,36,14500,14500,OK,7.91,7.91,OK,453.78,6/20/2022,7/25/2022,OK,Fully Paid,16290.03,14500,1790.03,0,636,OK,636,121.48,,DTI_IMPOSSIBLE,139000,5 years,5 years,MORTGAGE,OH,Ohio,OK
LN002455,D,B3,GRADE_MISMATCH,small_business,36,16900,16900,OK,20.32,20.32,OK,630.82,2/26/2023,3/30/2023,OK,Fully Paid,22441.48,16900,5541.48,0,658,OK,658,10.19,10.19,OK,42700,4 years,4 years,RENT,AZ,Arizona,OK
LN000503,A,A3,OK,home_improvement,60,,,FLAGGED,5.35,5.35,OK,443.45,3/8/2022,4/12/2022,OK,Fully Paid,26454.3,23300,3154.3,0,761,OK,761,27.43,27.43,OK,212400,5 years,5 years,MORTGAGE,GA,Georgia,OK
LN003120,G,G4,OK,medical,60,38500,38500,OK,34.68,34.68,OK,1358.5,10/9/2023,11/9/2023,OK,Current,23094.5,15011.43,8083.07,0,723,OK,723,41.05,41.05,OK,143500,< 1 year,< 1 year,MORTGAGE,SD,South Dakota,OK
LN003105,C,C3,OK,credit_card,60,39000,39000,OK,14.81,14.81,OK,923.92,3/1/2022,3/31/2022,OK,Fully Paid,56330.16,39000,17330.16,0,701,OK,701,30.36,30.36,OK,33500,3 years,3 years,RENT,MT,Montana,OK
LN002978,A,A1,OK,home_improvement,60,13400,13400,OK,7.94,7.94,OK,271.32,12/11/2023,1/14/2024,OK,Charged Off,2055.62,1438.93,616.69,11961.07,616,OK,616,37.38,37.38,OK,85600,2 years,2 years,MORTGAGE,MS,Mississippi,OK
LN000780,E,E5,OK,debt_consolidation,60,34700,34700,OK,24.86,24.86,OK,1015.64,5/9/2021,6/13/2021,OK,Fully Paid,60195.01,34700,25495.01,0,727,OK,727,16.72,16.72,OK,124900,3 years,3 years,MORTGAGE,MS,Mississippi,OK
LN001864,E,E5,OK,home_improvement,60,8400,8400,OK,26.01,26.01,OK,251.55,1/3/2023,2/1/2023,OK,Current,3270.15,2125.6,1144.55,0,703,OK,703,42.4,42.4,OK,182000,3 years,3 years,RENT,CA,California,OK
LN000201,B,B5,OK,car,36,35900,35900,OK,9.1,9.1,OK,1143.28,11/27/2023,1/1/2024,OK,Default,2286.56,1600.59,685.97,0,584,OK,584,28.49,28.49,OK,30600,,MISSING,RENT,AR,Arkansas,OK
LN002183,C,C2,OK,wedding,60,24400,24400,OK,15.1,15.1,OK,581.76,9/21/2021,10/23/2021,OK,Fully Paid,34787.72,24400,10387.72,0,722,OK,722,26.5,26.5,OK,53300,4 years,4 years,MORTGAGE,SD,South Dakota,OK
LN003100,E,E2,OK,small_business,60,25400,25400,OK,23.89,23.89,OK,729.09,7/2/2023,8/2/2023,OK,Fully Paid,43975.97,25400,18575.97,0,687,OK,687,21.59,21.59,OK,122800,2 years,2 years,RENT,MO,Missouri,OK
LN002089,C,C2,OK,debt_consolidation,36,39400,39400,OK,12.83,12.83,OK,1324.32,1/20/2023,2/23/2023,OK,Current,13243.2,8608.08,4635.12,0,703,OK,703,20.38,20.38,OK,116400,9 years,9 years,RENT,NE,Nebraska,OK
LN003066,A,A1,OK,major_purchase,60,39000,39000,OK,7.94,7.94,OK,789.66,4/4/2021,5/4/2021,OK,Fully Paid,47717.59,39000,8717.59,0,645,OK,645,29.92,29.92,OK,221400,5 years,5 years,MORTGAGE,VT,Vermont,OK
LN002279,C,C1,OK,renewable_energy,36,5100,5100,OK,16.1,16.1,OK,179.55,6/22/2022,7/22/2022,OK,Current,3052.35,1984.03,1068.32,0,803,OK,803,32.18,32.18,OK,115700,2 years,2 years,RENT,MN,Minnesota,OK
LN001797,A,A5,OK,educational,60,27800,27800,OK,7.56,7.56,OK,557.85,11/5/2022,12/6/2022,OK,Fully Paid,33157.73,27800,5357.73,0,584,OK,584,29.6,29.6,OK,175100,1 year,1 year,MORTGAGE,ME,Maine,OK
LN000379,B,B1,OK,debt_consolidation,36,10100,10100,OK,-9.06,,NEGATIVE_RATE,321.46,12/10/2021,1/11/2022,OK,Current,4500.44,2925.29,1575.15,0,696,OK,696,34.97,34.97,OK,172500,10+ years,10+ years,RENT,MD,Maryland,OK
LN002337,A,A2,OK,debt_consolidation,36,,,FLAGGED,5.75,5.75,OK,436.45,5/3/2022,6/5/2022,OK,Charged Off,5909.98,4136.99,1772.99,10263.01,649,OK,649,33.23,33.23,OK,218700,5 years,5 years,RENT,MI,Michigan,OK
LN000419,D,D4,OK,educational,36,2700,2700,OK,17.36,17.36,OK,96.75,7/19/2023,8/20/2023,OK,Current,387,251.55,135.45,0,809,OK,809,24.91,24.91,OK,25300,10+ years,10+ years,MORTGAGE,LA,Louisiana,OK
LN001699,B,B4,OK,small_business,36,11100,11100,OK,9.02,9.02,OK,353.08,6/3/2022,7/2/2022,OK,Fully Paid,12810.88,11100,1710.88,0,730,OK,730,23.32,23.32,OK,236700,,MISSING,MORTGAGE,IN,Indiana,OK
LN000392,B,B1,OK,wedding,36,6200,6200,OK,9.22,9.22,OK,197.79,11/5/2022,12/8/2022,OK,Charged Off,1234.29,864,370.29,5336,760,OK,760,37.16,37.16,OK,125200,2 years,2 years,RENT,MI,Michigan,OK
LN002641,G,G2,OK,home_improvement,36,,,FLAGGED,35.72,35.72,OK,912.89,2/13/2021,3/15/2021,OK,Fully Paid,33004.69,20000,13004.69,0,597,OK,597,28.74,28.74,OK,58300,10+ years,10+ years,MORTGAGE,NV,Nevada,OK
LN001523,A,A3,OK,wedding,60,,,FLAGGED,7.85,7.85,OK,462.69,3/16/2023,4/13/2023,OK,Fully Paid,27963.29,22900,5063.29,0,768,OK,768,17.87,17.87,OK,209400,< 1 year,< 1 year,OWN,RI,Rhode Island,OK
LN001163,F,F3,OK,car,36,38500,38500,OK,27.79,27.79,OK,1588.13,1/13/2023,2/12/2023,OK,Fully Paid,57334.18,38500,18834.18,0,663,OK,663,27.71,27.71,OK,212000,8 years,8 years,MORTGAGE,OK,Oklahoma,OK
LN003135,E,E5,OK,educational,36,30000,30000,OK,23,23,OK,1161.29,2/12/2021,3/13/2021,OK,Fully Paid,41789.86,30000,11789.86,0,645,OK,645,28.23,28.23,OK,220400,2 years,2 years,MORTGAGE,NE,Nebraska,OK
LN001496,D,D2,OK,moving,36,28100,28100,OK,17.73,17.73,OK,1012.08,11/4/2023,12/5/2023,OK,Fully Paid,36680.73,28100,8580.73,0,639,OK,639,17.27,17.27,OK,163100,7 years,7 years,MORTGAGE,NC,North Carolina,OK
LN002696,D,D4,OK,small_business,60,27300,27300,OK,21.13,21.13,OK,740.55,1/29/2022,3/2/2022,OK,Current,33324.75,21661.09,11663.66,0,707,OK,707,16.25,16.25,OK,58000,7 years,7 years,OWN,KS,Kansas,OK
LN002028,B,B1,OK,small_business,36,17800,17800,OK,9.97,9.97,OK,574.11,11/25/2023,11/17/2023,DATE_SEQUENCE_ERROR,Current,4018.77,2612.2,1406.57,0,713,OK,713,15.64,15.64,OK,116200,2 years,2 years,RENT,ND,North Dakota,OK
LN001153,C,C5,OK,credit_card,60,,,FLAGGED,12.59,12.59,OK,324.63,1/8/2023,2/9/2023,OK,Fully Paid,19240.38,14400,4840.38,0,631,OK,631,23.15,23.15,OK,61500,10+ years,10+ years,MORTGAGE,MA,Massachusetts,OK
LN001368,B,B1,OK,credit_card,36,28700,28700,OK,10.43,10.43,OK,931.87,6/11/2021,7/9/2021,OK,Late (31-120 Days),4659.35,3261.55,1397.81,0,807,OK,807,12.34,12.34,OK,191800,1 year,1 year,MORTGAGE,FL,Florida,OK
LN002569,E,E2,OK,debt_consolidation,36,8800,8800,OK,23.58,23.58,OK,343.31,1/11/2021,2/9/2021,OK,Fully Paid,12218.88,8800,3418.88,0,817,OK,817,12.79,12.79,OK,186700,7 years,7 years,MORTGAGE,UT,Utah,OK
LN000065,G,G1,OK,vacation,60,14500,14500,OK,33.35,33.35,OK,499.39,7/12/2023,8/15/2023,OK,Current,28465.23,18502.4,9962.83,0,664,OK,664,39.09,39.09,OK,243500,4 years,4 years,RENT,VA,Virginia,OK
LN002063,F,F1,OK,moving,36,8800,8800,OK,29.02,29.02,OK,368.87,2/21/2022,3/27/2022,OK,Current,3688.7,2397.65,1291.04,0,815,OK,815,15.54,15.54,OK,74700,6 years,6 years,RENT,OR,Oregon,OK
LN001181,C,C3,OK,home_improvement,36,,,FLAGGED,13.85,13.85,OK,1265.29,7/1/2023,8/3/2023,OK,Default,13918.19,9742.73,4175.46,0,651,OK,651,26.65,26.65,OK,164000,8 years,8 years,OWN,MS,Mississippi,OK
LN003113,C,C5,OK,major_purchase,36,4500,4500,OK,-14.47,,NEGATIVE_RATE,154.83,7/26/2022,8/27/2022,OK,Current,1393.47,905.76,487.71,0,679,OK,679,14.89,14.89,OK,208900,6 years,6 years,RENT,OK,Oklahoma,OK
LN000493,E,E2,OK,renewable_energy,36,33800,33800,OK,23.11,23.11,OK,1310.33,4/22/2022,5/26/2022,OK,Fully Paid,46804.97,33800,13004.97,0,727,OK,727,8.29,8.29,OK,89600,2 years,2 years,MORTGAGE,WY,Wyoming,OK
LN000380,B,B4,OK,credit_card,60,29100,29100,OK,8.73,8.73,OK,600.26,7/17/2023,8/21/2023,OK,Fully Paid,36295.97,29100,7195.97,0,650,OK,650,18.17,18.17,OK,194400,5 years,5 years,MORTGAGE,SC,South Carolina,OK
LN002236,E,E5,OK,medical,60,34100,34100,OK,26.99,26.99,OK,1041.05,2/26/2022,4/2/2022,OK,Fully Paid,61981.88,34100,27881.88,0,774,OK,774,38.01,38.01,OK,241900,1 year,1 year,RENT,VA,Virginia,OK
LN000764,B,B1,OK,wedding,36,22100,22100,OK,11.12,11.12,OK,724.78,8/11/2021,9/8/2021,OK,Default,724.78,507.35,217.43,0,,BELOW_MIN,293,33.79,33.79,OK,48200,< 1 year,< 1 year,RENT,ID,Idaho,OK
LN002265,C,C4,OK,small_business,36,14500,14500,OK,13.92,13.92,OK,495.01,12/27/2021,1/30/2022,OK,Charged Off,5661.28,3962.9,1698.38,10537.1,708,OK,708,6.62,6.62,OK,89600,8 years,8 years,RENT,KS,Kansas,OK
LN000792,A,A2,OK,small_business,60,6900,6900,OK,7.91,7.91,OK,139.61,7/11/2022,8/9/2022,OK,Current,2373.37,1542.69,830.68,0,766,OK,766,7.97,7.97,OK,89100,5 years,5 years,RENT,SD,South Dakota,OK
LN001077,G,G1,OK,small_business,60,6800,6800,OK,35.06,35.06,OK,241.6,12/14/2022,1/16/2023,OK,Fully Paid,14650.24,6800,7850.24,0,779,OK,779,26.38,26.38,OK,234200,1 year,1 year,MORTGAGE,LA,Louisiana,OK
LN000879,C,C5,OK,vacation,60,,,FLAGGED,15.62,15.62,OK,79.58,6/6/2021,7/10/2021,OK,Current,3819.84,2482.9,1336.94,0,704,OK,704,14.99,14.99,OK,178600,< 1 year,< 1 year,RENT,MI,Michigan,OK
LN000338,F,F3,OK,car,60,7200,7200,OK,31.4,31.4,OK,239.17,6/13/2023,7/14/2023,OK,Fully Paid,14622.84,7200,7422.84,0,643,OK,643,34.5,34.5,OK,38700,2 years,2 years,MORTGAGE,CT,Connecticut,OK
LN002768,A,A3,OK,medical,36,32500,32500,OK,5.39,5.39,OK,979.76,10/5/2023,11/6/2023,OK,Fully Paid,35814.64,32500,3314.64,0,706,OK,706,24.08,24.08,OK,99300,5 years,5 years,RENT,NH,New Hampshire,OK
LN002344,A,A4,OK,moving,60,26900,26900,OK,5.73,5.73,OK,516.68,4/25/2021,5/29/2021,OK,Current,9816.92,6381,3435.92,0,642,OK,642,34.57,34.57,OK,58800,4 years,4 years,MORTGAGE,MA,Massachusetts,OK
LN001017,B,B4,OK,moving,60,8000,8000,OK,8.92,8.92,OK,165.76,5/18/2021,6/17/2021,OK,Fully Paid,9821,8000,1821,0,630,OK,630,22.84,22.84,OK,248600,4 years,4 years,RENT,CA,California,OK
LN001276,C,C4,OK,wedding,36,4800,4800,OK,12.89,12.89,OK,161.48,3/24/2022,4/23/2022,OK,Fully Paid,5838.52,4800,1038.52,0,731,OK,731,21.11,21.11,OK,81400,4 years,4 years,RENT,GA,Georgia,OK
LN000456,A,A3,OK,wedding,36,29600,29600,OK,7.22,7.22,OK,916.94,11/29/2022,12/30/2022,OK,Fully Paid,32352.87,29600,2752.87,0,647,OK,647,17.01,17.01,OK,218500,1 year,1 year,MORTGAGE,ME,Maine,OK
LN003343,D,D2,OK,credit_card,36,11300,11300,OK,17.11,17.11,OK,403.49,6/21/2023,7/19/2023,OK,Charged Off,4299.74,3009.82,1289.92,8290.18,606,OK,606,29.72,29.72,OK,144300,8 years,8 years,MORTGAGE,ND,North Dakota,OK
LN000816,E,E3,OK,wedding,60,,,FLAGGED,25.22,25.22,OK,922.74,9/13/2021,10/18/2021,OK,Fully Paid,54263.03,31300,22963.03,0,639,OK,639,44.56,44.56,OK,62400,10+ years,10+ years,MORTGAGE,GA,Georgia,OK
LN002318,B,B5,OK,debt_consolidation,60,34400,34400,OK,10.41,10.41,OK,737.86,11/30/2022,1/1/2023,OK,Fully Paid,44779.17,34400,10379.17,0,,NULL,,10.21,10.21,OK,107100,6 years,6 years,RENT,NY,New York,OK
LN000996,C,C5,OK,small_business,60,35100,35100,OK,15.93,15.93,OK,852.26,2/5/2021,3/8/2021,OK,Fully Paid,50332.28,35100,15232.28,0,580,OK,580,39.11,39.11,OK,45400,10+ years,10+ years,MORTGAGE,AL,Alabama,OK
LN001982,F,F4,OK,small_business,36,25700,25700,OK,27.68,27.68,OK,1058.61,2/6/2021,3/6/2021,OK,Default,11644.71,8151.3,3493.41,0,750,OK,750,24.33,24.33,OK,69400,10+ years,10+ years,RENT,NJ,New Jersey,OK
LN000202,F,F4,OK,moving,36,37400,37400,OK,29.5,29.5,OK,1577.46,10/11/2023,11/14/2023,OK,Charged Off,10144.85,7101.39,3043.45,30298.61,743,OK,743,26.46,26.46,OK,87500,3 years,3 years,RENT,NC,North Carolina,OK
LN000162,B,B2,OK,debt_consolidation,36,24300,24300,OK,9.81,9.81,OK,781.93,11/22/2022,12/27/2022,OK,Current,3127.72,2033.02,1094.7,0,581,OK,581,26.29,26.29,OK,193400,< 1 year,< 1 year,OWN,LA,Louisiana,OK
LN001580,E,E2,OK,debt_consolidation,60,36500,36500,OK,25.55,25.55,OK,1083.12,11/24/2023,12/23/2023,OK,Charged Off,12640.95,8848.66,3792.28,27651.34,686,OK,686,23.86,23.86,OK,27200,4 years,4 years,RENT,TN,Tennessee,OK
LN002778,E,E5,OK,educational,36,6000,6000,OK,25.35,25.35,OK,239.67,3/23/2021,4/20/2021,OK,Current,719.01,467.36,251.65,0,580,OK,580,33.53,33.53,OK,169600,5 years,5 years,OWN,ID,Idaho,OK
LN000703,A,A1,OK,home_improvement,60,27500,27500,OK,7.46,7.46,OK,550.52,6/24/2023,7/27/2023,OK,Fully Paid,33637.87,27500,6137.87,0,690,OK,690,14.67,14.67,OK,185300,2 years,2 years,MORTGAGE,AR,Arkansas,OK
LN001501,B,B4,OK,educational,36,24800,24800,OK,11.17,11.17,OK,813.92,1/14/2023,2/17/2023,OK,Fully Paid,29593.21,24800,4793.21,0,806,OK,806,30.21,30.21,OK,183900,10+ years,10+ years,RENT,MN,Minnesota,OK
LN001130,B,B4,OK,major_purchase,36,,,FLAGGED,10.24,10.24,OK,1194.82,7/17/2021,8/18/2021,OK,Current,11948.2,7766.33,4181.87,0,765,OK,765,41.32,41.32,OK,26200,10+ years,10+ years,MORTGAGE,MT,Montana,OK
LN002614,D,D3,OK,car,36,18200,18200,OK,17.79,17.79,OK,656.06,11/27/2021,12/29/2021,OK,Current,21649.98,14072.49,7577.49,0,777,OK,777,23.13,23.13,OK,160500,< 1 year,< 1 year,OWN,NE,Nebraska,OK
LN001022,A,A3,OK,car,36,12500,12500,OK,7.25,7.25,OK,387.39,8/25/2021,9/24/2021,OK,Charged Off,7152.04,5006.43,2145.61,7493.57,710,OK,710,40.55,40.55,OK,89400,2 years,2 years,OWN,NY,New York,OK
LN003074,B,B3,OK,educational,36,30400,30400,OK,11.6,11.6,OK,1003.92,4/3/2022,5/6/2022,OK,Late (31-120 Days),3011.76,2108.23,903.53,0,721,OK,721,5.26,5.26,OK,105800,10+ years,10+ years,RENT,AL,Alabama,OK
LN003460,B,B4,OK,educational,36,35400,35400,OK,10.98,10.98,OK,1158.62,2/20/2022,3/23/2022,OK,Fully Paid,41609.37,35400,6209.37,0,599,OK,599,29.22,29.22,OK,51400,10+ years,10+ years,RENT,IL,Illinois,OK
LN001586,A,A1,OK,medical,60,,,FLAGGED,5.17,5.17,OK,460.47,6/30/2021,7/30/2021,OK,Default,3223.29,2256.3,966.99,0,629,OK,629,31.9,31.9,OK,133300,3 years,3 years,RENT,RI,Rhode Island,OK
LN001956,F,F3,OK,car,36,27200,27200,OK,28.57,28.57,OK,1133.48,1/16/2022,2/19/2022,OK,Fully Paid,40905.14,27200,13705.14,0,778,OK,778,38.29,38.29,OK,221800,10+ years,10+ years,RENT,OR,Oregon,OK
LN002254,B,B4,OK,medical,60,26300,26300,OK,9.96,9.96,OK,558.28,10/3/2021,11/1/2021,OK,Current,31263.68,20321.39,10942.29,0,725,OK,725,28.08,28.08,OK,242800,4 years,4 years,RENT,PA,Pennsylvania,OK
LN000035,F,F4,OK,vacation,36,13600,13600,OK,30.86,30.86,OK,583.77,2/19/2022,3/23/2022,OK,Current,19848.18,12901.32,6946.86,0,740,OK,740,14.57,14.57,OK,205100,< 1 year,< 1 year,RENT,LA,Louisiana,OK
LN000776,B,B3,OK,small_business,36,19000,19000,OK,10.39,10.39,OK,616.56,4/12/2021,5/10/2021,OK,Current,15414,10019.1,5394.9,0,607,OK,607,8.1,8.1,OK,206700,1 year,1 year,RENT,IN,Indiana,OK
LN002557,A,A5,OK,vacation,36,4900,4900,OK,5.66,5.66,OK,148.31,7/1/2021,8/5/2021,OK,Fully Paid,5358.45,4900,458.45,0,616,OK,616,9.87,9.87,OK,107000,4 years,4 years,MORTGAGE,MD,Maryland,OK
LN003500,A,A1,OK,vacation,36,23300,23300,OK,7.51,7.51,OK,724.88,9/21/2021,10/21/2021,OK,Fully Paid,25745.2,23300,2445.2,0,653,OK,653,21.72,21.72,OK,65400,10+ years,10+ years,RENT,MS,Mississippi,OK
LN001479,A,A1,OK,educational,60,23800,23800,OK,5.25,5.25,OK,451.87,10/22/2022,11/20/2022,OK,Charged Off,2304.78,1613.35,691.43,22186.65,603,OK,603,31.49,31.49,OK,176200,7 years,7 years,RENT,GA,Georgia,OK
LN003004,A,A5,OK,educational,36,37000,37000,OK,6.27,6.27,OK,1130.14,6/27/2021,7/31/2021,OK,Fully Paid,40392.39,37000,3392.39,0,743,OK,743,29.23,29.23,OK,220100,7 years,7 years,RENT,SD,South Dakota,OK
LN001391,B,B5,OK,debt_consolidation,36,30300,30300,OK,10.37,10.37,OK,982.97,5/6/2022,6/6/2022,OK,Current,12778.61,8306.1,4472.51,0,,ABOVE_MAX,939,37.76,37.76,OK,59200,2 years,2 years,RENT,ID,Idaho,OK
LN002140,A,A2,OK,renewable_energy,36,36100,36100,OK,7.45,7.45,OK,1122.11,2/13/2022,3/14/2022,OK,Current,14587.43,9481.83,5105.6,0,727,OK,727,41.79,41.79,OK,85000,1 year,1 year,MORTGAGE,IA,Iowa,OK
LN001364,E,E1,OK,vacation,36,27500,27500,OK,24.06,24.06,OK,1079.77,11/8/2021,12/10/2021,OK,Current,31313.33,20353.66,10959.67,0,674,OK,674,18.47,18.47,OK,79000,10+ years,10+ years,RENT,KS,Kansas,OK
LN002946,F,F3,OK,car,60,,,FLAGGED,28.9,28.9,OK,988.45,6/22/2021,7/21/2021,OK,Current,3953.8,2569.97,1383.83,0,787,OK,787,12.54,12.54,OK,119400,6 years,6 years,MORTGAGE,AR,Arkansas,OK
LN002613,D,D4,OK,small_business,60,15600,15600,OK,21.57,21.57,OK,427.05,12/22/2022,1/19/2023,OK,Current,4697.55,3053.41,1644.14,0,798,OK,798,16.1,16.1,OK,145100,< 1 year,< 1 year,RENT,RI,Rhode Island,OK
LN003418,D,D3,OK,educational,36,13000,13000,OK,20.46,20.46,OK,486.18,9/10/2021,10/11/2021,OK,Current,4375.62,2844.15,1531.47,0,743,OK,743,25.66,25.66,OK,237900,1 year,1 year,OWN,MA,Massachusetts,OK
LN002825,E,E3,OK,credit_card,60,17300,17300,OK,26.75,26.75,OK,525.68,6/2/2021,7/7/2021,OK,Charged Off,7134.81,4994.37,2140.44,12305.63,670,OK,670,44.09,44.09,OK,145200,< 1 year,< 1 year,RENT,WV,West Virginia,OK
LN000242,C,C5,OK,major_purchase,60,27300,27300,OK,15.67,15.67,OK,659.11,10/1/2022,10/30/2022,OK,Fully Paid,39557.35,27300,12257.35,0,614,OK,614,36.22,36.22,OK,239700,10+ years,10+ years,RENT,IL,Illinois,OK
LN002062,A,A3,OK,educational,36,,,FLAGGED,6.61,6.61,OK,423.65,4/29/2023,6/2/2023,OK,Fully Paid,14989.38,13800,1189.38,0,802,OK,802,23.46,23.46,OK,214200,< 1 year,< 1 year,RENT,IA,Iowa,OK
LN000601,B,B4,OK,vacation,36,32200,32200,OK,11.07,11.07,OK,1055.25,4/4/2021,5/4/2021,OK,Current,34823.25,22635.11,12188.14,0,585,OK,585,35.48,35.48,OK,200000,10+ years,10+ years,MORTGAGE,MD,Maryland,OK
LN002436,F,F2,OK,medical,36,23500,23500,OK,30.7,30.7,OK,1006.64,6/19/2022,7/24/2022,OK,Charged Off,1558.07,1090.65,467.42,22409.35,777,OK,777,10.38,10.38,OK,106000,7 years,7 years,MORTGAGE,TX,Texas,OK
LN001298,F,F5,OK,home_improvement,60,19300,19300,OK,28.88,28.88,OK,611.21,12/5/2021,1/5/2022,OK,Late (31-120 Days),6723.31,4706.32,2016.99,0,725,OK,725,121.1,,DTI_IMPOSSIBLE,43700,4 years,4 years,RENT,AR,Arkansas,OK
LN002215,B,B2,OK,wedding,36,21400,21400,OK,8.63,8.63,OK,676.84,3/31/2021,5/2/2021,OK,Fully Paid,24173.17,21400,2773.17,0,711,OK,711,9.14,9.14,OK,135300,3 years,3 years,RENT,NH,New Hampshire,OK
LN002889,C,C5,OK,car,36,36600,36600,OK,14.29,14.29,OK,1256.06,4/19/2023,5/17/2023,OK,Current,31401.5,20410.98,10990.52,0,623,OK,623,27.59,27.59,OK,159100,8 years,8 years,MORTGAGE,MN,Minnesota,OK
LN002069,D,D4,OK,wedding,36,3700,3700,OK,19.27,19.27,OK,136.13,4/18/2021,5/20/2021,OK,Fully Paid,4844.77,3700,1144.77,0,819,OK,819,22.99,22.99,OK,130700,6 years,6 years,MORTGAGE,ND,North Dakota,OK
LN000647,B,B1,OK,car,36,,,FLAGGED,10.35,10.35,OK,171.89,8/13/2023,9/12/2023,OK,Fully Paid,6290.29,5300,990.29,0,,BELOW_MIN,133,11.23,11.23,OK,127400,2 years,2 years,RENT,MD,Maryland,OK
LN003203,E,E4,OK,car,60,14700,14700,OK,23.45,23.45,OK,418.21,10/22/2021,10/17/2021,DATE_SEQUENCE_ERROR,Charged Off,930.66,651.46,279.2,14048.54,655,OK,655,10.93,10.93,OK,121300,1 year,1 year,OWN,IN,Indiana,OK
LN001529,A,A2,OK,credit_card,36,10900,10900,OK,6.34,6.34,OK,333.28,5/4/2022,6/1/2022,OK,Late (31-120 Days),3666.08,2566.26,1099.82,0,582,OK,582,42.65,42.65,OK,144200,6 years,6 years,RENT,NE,Nebraska,OK
LN002880,D,D4,OK,moving,60,8600,8600,OK,21.26,21.26,OK,233.92,3/1/2022,3/30/2022,OK,Fully Paid,14242.96,8600,5642.96,0,632,OK,632,15.85,15.85,OK,95600,3 years,3 years,MORTGAGE,CA,California,OK
LN001268,A,A1,OK,vacation,60,21600,21600,OK,-7.75,,NEGATIVE_RATE,435.39,7/8/2021,8/5/2021,OK,Fully Paid,26453.16,21600,4853.16,0,664,OK,664,43.1,43.1,OK,180300,,MISSING,RENT,AK,Alaska,OK
LN001900,C,C2,OK,car,60,16400,16400,OK,14.56,14.56,OK,386.38,8/27/2021,9/25/2021,OK,Current,19705.38,12808.5,6896.88,0,773,OK,773,14.97,14.97,OK,142700,6 years,6 years,MORTGAGE,NE,Nebraska,OK
LN002735,G,C5,GRADE_MISMATCH,car,60,39900,39900,OK,33.18,33.18,OK,1369.91,8/29/2022,10/3/2022,OK,Fully Paid,82920.21,39900,43020.21,0,814,OK,814,5.94,5.94,OK,145400,2 years,2 years,OWN,CT,Connecticut,OK
LN003006,F,F5,OK,moving,36,15700,15700,OK,31.47,31.47,OK,679.19,7/15/2023,8/13/2023,OK,Fully Paid,24895.53,15700,9195.53,0,704,OK,704,26.62,26.62,OK,65300,2 years,2 years,MORTGAGE,IL,Illinois,OK
LN000190,B,B3,OK,small_business,36,27300,27300,OK,-11.95,,NEGATIVE_RATE,906.1,5/6/2022,6/4/2022,OK,Fully Paid,32945.92,27300,5645.92,0,685,OK,685,41.75,41.75,OK,138500,10+ years,10+ years,RENT,FL,Florida,OK
LN001807,A,A1,OK,moving,60,31100,31100,OK,5.7,5.7,OK,596.92,4/24/2023,5/29/2023,OK,Charged Off,13992.36,9794.65,4197.71,21305.35,787,OK,787,42.62,42.62,OK,242700,10+ years,10+ years,RENT,TN,Tennessee,OK
LN000976,A,A2,OK,medical,36,21000,21000,OK,6.42,6.42,OK,642.86,3/23/2022,4/24/2022,OK,Fully Paid,22700.17,21000,1700.17,0,680,OK,680,11.33,11.33,OK,250000,,MISSING,RENT,RI,Rhode Island,OK
LN002748,E,E2,OK,home_improvement,60,7500,7500,OK,26.31,26.31,OK,225.93,9/26/2021,10/28/2021,OK,Late (31-120 Days),1807.44,1265.21,542.23,0,590,OK,590,34.66,34.66,OK,233900,1 year,1 year,OTHER,CT,Connecticut,OK
LN002048,D,D3,OK,vacation,36,10800,10800,OK,19.29,19.29,OK,397.47,8/10/2023,9/12/2023,OK,Fully Paid,14032.9,10800,3232.9,0,712,OK,712,13.93,13.93,OK,36700,10+ years,10+ years,RENT,WY,Wyoming,OK
LN002559,B,B4,OK,car,60,35100,35100,OK,10.57,10.57,OK,755.65,12/1/2021,1/3/2022,OK,Fully Paid,44530.94,35100,9430.94,0,719,OK,719,23.71,23.71,OK,112000,7 years,7 years,MORTGAGE,WI,Wisconsin,OK
LN001083,B,B1,OK,debt_consolidation,60,35000,35000,OK,11.87,11.87,OK,776.26,1/6/2022,2/5/2022,OK,Current,42694.3,27751.3,14943,0,677,OK,677,44.97,44.97,OK,139900,3 years,3 years,OWN,CA,California,OK
LN000475,C,C4,OK,renewable_energy,36,28600,28600,OK,14.79,14.79,OK,988.49,4/5/2022,5/10/2022,OK,Charged Off,3888.77,2722.14,1166.63,25877.86,594,OK,594,20.66,20.66,OK,227600,6 years,6 years,RENT,UT,Utah,OK
LN002905,C,C3,OK,wedding,36,9600,9600,OK,13.72,13.72,OK,326.8,7/12/2021,8/14/2021,OK,Fully Paid,11544.17,9600,1944.17,0,799,OK,799,24.53,24.53,OK,31200,< 1 year,< 1 year,MORTGAGE,MN,Minnesota,OK
LN000748,B,B5,OK,educational,60,,,FLAGGED,10.17,10.17,OK,238.9,8/25/2022,9/26/2022,OK,Fully Paid,14104.67,11200,2904.67,0,,ABOVE_MAX,853,24.72,24.72,OK,137700,4 years,4 years,MORTGAGE,CT,Connecticut,OK
LN003386,F,F4,OK,renewable_energy,60,,,FLAGGED,27.9,27.9,OK,490.99,10/23/2021,11/23/2021,OK,Fully Paid,29538.12,15800,13738.12,0,740,OK,740,5.06,5.06,OK,235100,7 years,7 years,MORTGAGE,VT,Vermont,OK
LN000460,E,E3,OK,renewable_energy,60,19500,19500,OK,22.93,22.93,OK,548.93,10/28/2021,11/30/2021,OK,Current,1646.79,1070.41,576.38,0,615,OK,615,25.73,25.73,OK,177700,9 years,9 years,OWN,HI,Hawaii,OK
LN001185,B,B5,OK,educational,36,26500,26500,OK,11.87,11.87,OK,878.53,2/16/2021,2/8/2021,DATE_SEQUENCE_ERROR,Charged Off,14426.01,10098.21,4327.8,16401.79,781,OK,781,22.64,22.64,OK,144800,7 years,7 years,RENT,AL,Alabama,OK
LN002325,E,E4,OK,debt_consolidation,60,31000,31000,OK,24.41,24.41,OK,899.2,12/13/2023,1/15/2024,OK,Fully Paid,54063.84,31000,23063.84,0,717,OK,717,39.7,39.7,OK,197000,8 years,8 years,RENT,WI,Wisconsin,OK
LN000956,A,A2,OK,car,36,9800,9800,OK,5.82,5.82,OK,297.34,5/16/2023,6/15/2023,OK,Current,4460.1,2899.07,1561.04,0,618,OK,618,21.45,21.45,OK,216900,2 years,2 years,MORTGAGE,WI,Wisconsin,OK
LN001216,A,A2,OK,wedding,36,23500,23500,OK,7.77,7.77,OK,733.91,6/15/2023,7/19/2023,OK,Late (31-120 Days),5137.37,3596.16,1541.21,0,790,OK,790,10.96,10.96,OK,169600,6 years,6 years,OWN,FL,Florida,OK
LN002434,F,F2,OK,credit_card,36,28300,28300,OK,30.57,30.57,OK,1210.23,3/31/2022,5/1/2022,OK,Fully Paid,43643.47,28300,15343.47,0,819,OK,819,33.61,33.61,OK,30000,8 years,8 years,RENT,WA,Washington,OK
LN002854,B,B1,OK,major_purchase,36,5300,5300,OK,8.58,8.58,OK,167.5,8/23/2021,9/26/2021,OK,Current,502.5,326.62,175.88,0,708,OK,708,169.55,,DTI_IMPOSSIBLE,100100,2 years,2 years,RENT,AR,Arkansas,OK
LN003486,A,A3,OK,renewable_energy,60,13400,13400,OK,7.62,7.62,OK,269.27,1/14/2022,2/15/2022,OK,Late (31-120 Days),538.54,376.98,161.56,0,704,OK,704,32.31,32.31,OK,104600,2 years,2 years,MORTGAGE,TN,Tennessee,OK
LN001516,C,C3,OK,small_business,36,24600,24600,OK,14.37,14.37,OK,845.2,4/15/2023,5/13/2023,OK,Fully Paid,30356.05,24600,5756.05,0,586,OK,586,23.43,23.43,OK,50000,9 years,9 years,OWN,MS,Mississippi,OK
LN002392,B,B1,OK,vacation,36,10600,10600,OK,9.01,9.01,OK,337.13,8/2/2023,8/31/2023,OK,Current,5731.21,3725.29,2005.92,0,588,OK,588,10.92,10.92,OK,97300,4 years,4 years,RENT,WV,West Virginia,OK
LN000770,B,B1,OK,wedding,60,18200,18200,OK,11.73,11.73,OK,402.37,12/1/2023,1/2/2024,OK,Current,16094.8,10461.62,5633.18,0,635,OK,635,35.29,35.29,OK,164600,,MISSING,MORTGAGE,NV,Nevada,OK
LN003381,C,C1,OK,major_purchase,60,16400,16400,OK,14.67,14.67,OK,387.32,1/31/2023,3/3/2023,OK,Current,1549.28,1007.03,542.25,0,810,OK,810,27.8,27.8,OK,36100,10+ years,10+ years,OTHER,NE,Nebraska,OK
LN001686,B,A1,GRADE_MISMATCH,wedding,36,20900,20900,OK,8.58,8.58,OK,660.54,5/10/2021,6/14/2021,OK,Late (31-120 Days),3302.7,2311.89,990.81,0,654,OK,654,36.79,36.79,OK,217800,8 years,8 years,RENT,WA,Washington,OK
LN000131,E,E3,OK,moving,60,39600,39600,OK,23.15,23.15,OK,1119.76,12/3/2021,1/6/2022,OK,Charged Off,2966.71,2076.7,890.01,37523.3,615,OK,615,33.54,33.54,OK,219000,5 years,5 years,RENT,NC,North Carolina,OK
LN002920,D,D5,OK,vacation,36,19400,19400,OK,19.03,19.03,OK,711.42,6/21/2022,7/23/2022,OK,Default,6402.78,4481.95,1920.83,0,728,OK,728,29.2,29.2,OK,140500,4 years,4 years,RENT,NH,New Hampshire,OK
LN003172,D,D3,OK,renewable_energy,60,13500,13500,OK,17.46,17.46,OK,338.86,7/30/2021,9/3/2021,OK,Current,2372.02,1541.81,830.21,0,712,OK,712,21.13,21.13,OK,191400,4 years,4 years,OWN,WI,Wisconsin,OK
LN003445,B,B2,OK,vacation,60,12600,12600,OK,10.53,10.53,OK,271.01,2/26/2022,3/28/2022,OK,Current,13279.49,8631.67,4647.82,0,760,OK,760,25.13,25.13,OK,139000,10+ years,10+ years,RENT,HI,Hawaii,OK
LN002136,D,D3,OK,medical,36,8000,8000,OK,19.44,19.44,OK,295.03,7/30/2022,8/30/2022,OK,Charged Off,3042.67,2129.87,912.8,5870.13,647,OK,647,32.13,32.13,OK,193300,< 1 year,< 1 year,OWN,VT,Vermont,OK
LN001483,A,A5,OK,major_purchase,36,4500,4500,OK,6.49,6.49,OK,137.9,3/29/2021,5/1/2021,OK,Late (31-120 Days),1103.2,772.24,330.96,0,638,OK,638,36.59,36.59,OK,171800,7 years,7 years,RENT,MD,Maryland,OK
LN000331,A,A3,OK,major_purchase,60,24900,24900,OK,7.92,7.92,OK,503.93,6/6/2023,7/8/2023,OK,Charged Off,3095.4,2166.78,928.62,22733.22,758,OK,758,26.57,26.57,OK,212000,7 years,7 years,MORTGAGE,OR,Oregon,OK
LN001239,C,C1,OK,medical,60,,,FLAGGED,13.24,13.24,OK,750.34,11/28/2021,1/1/2022,OK,Current,14256.46,9266.7,4989.76,0,719,OK,719,21.89,21.89,OK,245500,6 years,6 years,MORTGAGE,VT,Vermont,OK
LN000467,C,C5,OK,medical,36,39900,39900,OK,16.44,16.44,OK,1411.45,9/11/2021,10/10/2021,OK,Charged Off,13400.42,9380.29,4020.13,30519.71,706,OK,706,35.49,35.49,OK,143000,6 years,6 years,RENT,MA,Massachusetts,OK
LN002170,B,B3,OK,vacation,60,22600,22600,OK,11.02,11.02,OK,491.6,10/10/2023,11/12/2023,OK,Fully Paid,29992.86,22600,7392.86,0,,ABOVE_MAX,892,44.25,44.25,OK,192700,6 years,6 years,OWN,VA,Virginia,OK
LN001639,A,A4,OK,small_business,60,11900,11900,OK,7.02,7.02,OK,235.75,12/16/2021,1/15/2022,OK,Current,7072.5,4597.12,2475.38,0,740,OK,740,33.99,33.99,OK,86600,,MISSING,OWN,NJ,New Jersey,OK
LN003093,A,A1,OK,small_business,36,13500,13500,OK,7.61,7.61,OK,420.62,6/4/2023,7/9/2023,OK,Current,3364.96,2187.22,1177.74,0,,NULL,,8.17,8.17,OK,155000,6 years,6 years,RENT,NE,Nebraska,OK
LN001096,F,F1,OK,medical,60,20600,20600,OK,28.38,28.38,OK,646.13,3/20/2023,4/19/2023,OK,Fully Paid,39110.88,20600,18510.88,0,713,OK,713,15.19,15.19,OK,65400,3 years,3 years,MORTGAGE,MD,Maryland,OK
LN001131,B,B3,OK,home_improvement,60,4900,4900,OK,9.59,9.59,OK,103.12,2/8/2023,3/9/2023,OK,Current,5980.96,3887.62,2093.34,0,714,OK,714,30.57,30.57,OK,142400,1 year,1 year,RENT,IA,Iowa,OK
LN001295,A,A3,OK,debt_consolidation,60,26200,26200,OK,5.3,5.3,OK,498.04,3/5/2022,4/9/2022,OK,Current,28388.28,18452.38,9935.9,0,613,OK,613,23.55,23.55,OK,45200,10+ years,10+ years,MORTGAGE,PA,Pennsylvania,OK
LN000861,D,D4,OK,car,60,6300,6300,OK,17.73,17.73,OK,159.05,8/13/2023,9/14/2023,OK,Current,6362,4135.3,2226.7,0,,NULL,,36.66,36.66,OK,94200,4 years,4 years,MORTGAGE,GA,Georgia,OK
LN003175,B,B2,OK,small_business,60,,,FLAGGED,9.68,9.68,OK,721.28,9/30/2021,10/29/2021,OK,Fully Paid,43541.23,34200,9341.23,0,677,OK,677,11.82,11.82,OK,246500,7 years,7 years,MORTGAGE,VT,Vermont,OK
