response_id,student_id,question_id,assessment_id,is_correct,response_date
RESP00001,STU001,Q001-01,ASS001,1,2024-09-15
RESP00002,STU001,Q001-02,ASS001,1,2024-09-15
RESP00003,STU001,Q001-03,ASS001,1,2024-09-15
RESP00004,STU001,Q001-04,ASS001,1,2024-09-15
RESP00005,STU001,Q001-05,ASS001,1,2024-09-15
RESP00006,STU001,Q001-06,ASS001,0,2024-09-15
RESP00007,STU001,Q001-07,ASS001,0,2024-09-15
RESP00008,STU001,Q001-08,ASS001,1,2024-09-15
RESP00009,STU001,Q001-09,ASS001,1,2024-09-15
RESP00010,STU001,Q001-10,ASS001,1,2024-09-15
RESP00011,STU001,Q001-11,ASS001,1,2024-09-15
RESP00012,STU001,Q001-12,ASS001,1,2024-09-15
RESP00013,STU001,Q001-13,ASS001,0,2024-09-15
RESP00014,STU001,Q001-14,ASS001,0,2024-09-15
RESP00015,STU001,Q001-15,ASS001,1,2024-09-15
RESP00016,STU002,Q001-01,ASS001,0,2024-09-15
RESP00017,STU002,Q001-02,ASS001,1,2024-09-15
RESP00018,STU002,Q001-03,ASS001,1,2024-09-15
RESP00019,STU002,Q001-04,ASS001,0,2024-09-15
RESP00020,STU002,Q001-05,ASS001,0,2024-09-15
RESP00021,STU002,Q001-06,ASS001,1,2024-09-15
RESP00022,STU002,Q001-07,ASS001,1,2024-09-15
RESP00023,STU002,Q001-08,ASS001,1,2024-09-15
RESP00024,STU002,Q001-09,ASS001,0,2024-09-15
RESP00025,STU002,Q001-10,ASS001,1,2024-09-15
RESP00026,STU002,Q001-11,ASS001,1,2024-09-15
RESP00027,STU002,Q001-12,ASS001,1,2024-09-15
RESP00028,STU002,Q001-13,ASS001,1,2024-09-15
RESP00029,STU002,Q001-14,ASS001,0,2024-09-15
RESP00030,STU002,Q001-15,ASS001,1,2024-09-15
RESP00031,STU003,Q001-01,ASS001,0,2024-09-15
RESP00032,STU003,Q001-02,ASS001,0,2024-09-15
RESP00033,STU003,Q001-03,ASS001,0,2024-09-15
RESP00034,STU003,Q001-04,ASS001,1,2024-09-15
RESP00035,STU003,Q001-05,ASS001,0,2024-09-15
RESP00036,STU003,Q001-06,ASS001,1,2024-09-15
RESP00037,STU003,Q001-07,ASS001,0,2024-09-15
RESP00038,STU003,Q001-08,ASS001,1,2024-09-15
RESP00039,STU003,Q001-09,ASS001,0,2024-09-15
RESP00040,STU003,Q001-10,ASS001,0,2024-09-15
RESP00041,STU003,Q001-11,ASS001,0,2024-09-15
RESP00042,STU003,Q001-12,ASS001,0,2024-09-15
RESP00043,STU003,Q001-13,ASS001,1,2024-09-15
RESP00044,STU003,Q001-14,ASS001,0,2024-09-15
RESP00045,STU003,Q001-15,ASS001,1,2024-09-15
RESP00046,STU004,Q001-01,ASS001,1,2024-09-15
RESP00047,STU004,Q001-02,ASS001,1,2024-09-15
RESP00048,STU004,Q001-02,ASS001,1,2024-09-15
RESP00049,STU004,Q001-03,ASS001,1,2024-09-15
RESP00050,STU004,Q001-04,ASS001,1,2024-09-15
RESP00051,STU004,Q001-05,ASS001,0,2024-09-15
RESP00052,STU004,Q001-06,ASS001,1,2024-09-15
RESP00053,STU004,Q001-07,ASS001,1,2024-09-15
RESP00054,STU004,Q001-08,ASS001,1,2024-09-15
RESP00055,STU004,Q001-09,ASS001,1,2024-09-15
RESP00056,STU004,Q001-10,ASS001,1,2024-09-15
RESP00057,STU004,Q001-11,ASS001,1,2024-09-15
RESP00058,STU004,Q001-12,ASS001,1,2024-09-15
RESP00059,STU004,Q001-13,ASS001,1,2024-09-15
RESP00060,STU004,Q001-14,ASS001,1,2024-09-15
RESP00061,STU004,Q001-15,ASS001,1,2024-09-15
RESP00062,STU005,Q001-01,ASS001,1,2024-09-15
RESP00063,STU005,Q001-02,ASS001,1,2024-09-15
RESP00064,STU005,Q001-03,ASS001,1,2024-09-15
RESP00065,STU005,Q001-04,ASS001,1,2024-09-15
RESP00066,STU005,Q001-05,ASS001,1,2024-09-15
RESP00067,STU005,Q001-06,ASS001,0,2024-09-15
RESP00068,STU005,Q001-07,ASS001,1,2024-09-15
RESP00069,STU005,Q001-08,ASS001,1,2024-09-15
RESP00070,STU005,Q001-09,ASS001,1,2024-09-15
RESP00071,STU005,Q001-10,ASS001,1,2024-09-15
RESP00072,STU005,Q001-11,ASS001,0,2024-09-15
RESP00073,STU005,Q001-12,ASS001,1,2024-09-15
RESP00074,STU005,Q001-13,ASS001,1,2024-09-15
RESP00075,STU005,Q001-14,ASS001,0,2024-09-15
RESP00076,STU005,Q001-15,ASS001,1,2024-09-15
RESP00077,STU006,Q001-01,ASS001,0,2024-09-15
RESP00078,STU006,Q001-02,ASS001,1,2024-09-15
RESP00079,STU006,Q001-03,ASS001,0,2024-09-15
RESP00080,STU006,Q001-04,ASS001,0,2024-09-15
RESP00081,STU006,Q001-05,ASS001,0,2024-09-15
RESP00082,STU006,Q001-06,ASS001,1,2024-09-15
RESP00083,STU006,Q001-07,ASS001,0,2024-09-15
RESP00084,STU006,Q001-08,ASS001,1,2024-09-15
RESP00085,STU006,Q001-09,ASS001,1,2024-09-15
RESP00086,STU006,Q001-10,ASS001,0,2024-09-15
RESP00087,STU006,Q001-11,ASS001,0,2024-09-15
RESP00088,STU006,Q001-12,ASS001,1,2024-09-15
RESP00089,STU006,Q001-13,ASS001,1,2024-09-15
RESP00090,STU006,Q001-14,ASS001,0,2024-09-15
RESP00091,STU006,Q001-15,ASS001,1,2024-09-15
RESP00092,STU007,Q001-01,ASS001,1,2024-09-15
RESP00093,STU007,Q001-02,ASS001,1,2024-09-15
RESP00094,STU007,Q001-03,ASS001,1,2024-09-15
RESP00095,STU007,Q001-04,ASS001,1,2024-09-15
RESP00096,STU007,Q001-05,ASS001,0,2024-09-15
RESP00097,STU007,Q001-06,ASS001,1,2024-09-15
RESP00098,STU007,Q001-07,ASS001,1,2024-09-15
RESP00099,STU007,Q001-08,ASS001,1,2024-09-15
RESP00100,STU007,Q001-09,ASS001,1,2024-09-15
RESP00101,STU007,Q001-10,ASS001,1,2024-09-15
RESP00102,STU007,Q001-11,ASS001,1,2024-09-15
RESP00103,STU007,Q001-12,ASS001,1,2024-09-15
RESP00104,STU007,Q001-13,ASS001,0,2024-09-15
RESP00105,STU007,Q001-14,ASS001,0,2024-09-15
RESP00106,STU007,Q001-15,ASS001,1,2024-09-15
RESP00107,STU008,Q001-01,ASS001,1,2024-09-15
RESP00108,STU008,Q001-02,ASS001,1,2024-09-15
RESP00109,STU008,Q001-03,ASS001,1,2024-09-15
RESP00110,STU008,Q001-04,ASS001,1,2024-09-15
RESP00111,STU008,Q001-05,ASS001,0,2024-09-15
RESP00112,STU008,Q001-06,ASS001,1,2024-09-15
RESP00113,STU008,Q001-07,ASS001,1,2024-09-15
RESP00114,STU008,Q001-08,ASS001,1,2024-09-15
RESP00115,STU008,Q001-09,ASS001,1,2024-09-15
RESP00116,STU008,Q001-10,ASS001,1,2024-09-15
RESP00117,STU008,Q001-11,ASS001,1,2024-09-15
RESP00118,STU008,Q001-12,ASS001,1,2024-09-15
RESP00119,STU008,Q001-13,ASS001,1,2024-09-15
RESP00120,STU008,Q001-14,ASS001,1,2024-09-15
RESP00121,STU008,Q001-15,ASS001,1,2024-09-15
RESP00122,STU009,Q001-01,ASS001,1,2024-09-15
RESP00123,STU009,Q001-02,ASS001,1,2024-09-15
RESP00124,STU009,Q001-03,ASS001,0,2024-09-15
RESP00125,STU009,Q001-04,ASS001,0,2024-09-15
RESP00126,STU009,Q001-04,ASS001,0,2024-09-15
RESP00127,STU009,Q001-05,ASS001,1,2024-09-15
RESP00128,STU009,Q001-06,ASS001,1,2024-09-15
RESP00129,STU009,Q001-07,ASS001,1,2024-09-15
RESP00130,STU009,Q001-08,ASS001,1,2024-09-15
RESP00131,STU009,Q001-09,ASS001,1,2024-09-15
RESP00132,STU009,Q001-10,ASS001,1,2024-09-15
RESP00133,STU009,Q001-11,ASS001,1,2024-09-15
RESP00134,STU009,Q001-12,ASS001,1,2024-09-15
RESP00135,STU009,Q001-13,ASS001,1,2024-09-15
RESP00136,STU009,Q001-14,ASS001,1,2024-09-15
RESP00137,STU009,Q001-15,ASS001,1,2024-09-15
RESP00138,STU010,Q001-01,ASS001,0,2024-09-15
RESP00139,STU010,Q001-02,ASS001,0,2024-09-15
RESP00140,STU010,Q001-03,ASS001,0,2024-09-15
RESP00141,STU010,Q001-04,ASS001,0,2024-09-15
RESP00142,STU010,Q001-05,ASS001,0,2024-09-15
RESP00143,STU010,Q001-06,ASS001,0,2024-09-15
RESP00144,STU010,Q001-07,ASS001,0,2024-09-15
RESP00145,STU010,Q001-08,ASS001,0,2024-09-15
RESP00146,STU010,Q001-09,ASS001,0,2024-09-15
RESP00147,STU010,Q001-10,ASS001,0,2024-09-15
RESP00148,STU010,Q001-11,ASS001,1,2024-09-15
RESP00149,STU010,Q001-12,ASS001,1,2024-09-15
RESP00150,STU010,Q001-13,ASS001,1,2024-09-15
RESP00151,STU010,Q001-14,ASS001,0,2024-09-15
RESP00152,STU010,Q001-15,ASS001,0,2024-09-15
RESP00153,STU011,Q001-01,ASS001,1,2024-09-15
RESP00154,STU011,Q001-02,ASS001,1,2024-09-15
RESP00155,STU011,Q001-03,ASS001,1,2024-09-15
RESP00156,STU011,Q001-04,ASS001,1,2024-09-15
RESP00157,STU011,Q001-04,ASS001,1,2024-09-15
RESP00158,STU011,Q001-05,ASS001,1,2024-09-15
RESP00159,STU011,Q001-05,ASS001,1,2024-09-15
RESP00160,STU011,Q001-06,ASS001,1,2024-09-15
RESP00161,STU011,Q001-07,ASS001,1,2024-09-15
RESP00162,STU011,Q001-08,ASS001,1,2024-09-15
RESP00163,STU011,Q001-09,ASS001,0,2024-09-15
RESP00164,STU011,Q001-10,ASS001,1,2024-09-15
RESP00165,STU011,Q001-11,ASS001,1,2024-09-15
RESP00166,STU011,Q001-12,ASS001,1,2024-09-15
RESP00167,STU011,Q001-13,ASS001,1,2024-09-15
RESP00168,STU011,Q001-14,ASS001,0,2024-09-15
RESP00169,STU011,Q001-15,ASS001,1,2024-09-15
RESP00170,STU012,Q001-01,ASS001,1,2024-09-15
RESP00171,STU012,Q001-02,ASS001,0,2024-09-15
RESP00172,STU012,Q001-03,ASS001,0,2024-09-15
RESP00173,STU012,Q001-04,ASS001,0,2024-09-15
RESP00174,STU012,Q001-05,ASS001,1,2024-09-15
RESP00175,STU012,Q001-06,ASS001,0,2024-09-15
RESP00176,STU012,Q001-07,ASS001,0,2024-09-15
RESP00177,STU012,Q001-08,ASS001,1,2024-09-15
RESP00178,STU012,Q001-09,ASS001,1,2024-09-15
RESP00179,STU012,Q001-10,ASS001,1,2024-09-15
RESP00180,STU012,Q001-11,ASS001,1,2024-09-15
RESP00181,STU012,Q001-12,ASS001,1,2024-09-15
RESP00182,STU012,Q001-13,ASS001,1,2024-09-15
RESP00183,STU012,Q001-14,ASS001,0,2024-09-15
RESP00184,STU012,Q001-15,ASS001,1,2024-09-15
RESP00185,STU013,Q001-01,ASS001,1,2024-09-15
RESP00186,STU013,Q001-02,ASS001,1,2024-09-15
RESP00187,STU013,Q001-03,ASS001,1,2024-09-15
RESP00188,STU013,Q001-04,ASS001,1,2024-09-15
RESP00189,STU013,Q001-05,ASS001,0,2024-09-15
RESP00190,STU013,Q001-06,ASS001,1,2024-09-15
RESP00191,STU013,Q001-07,ASS001,1,2024-09-15
RESP00192,STU013,Q001-08,ASS001,1,2024-09-15
RESP00193,STU013,Q001-09,ASS001,0,2024-09-15
RESP00194,STU013,Q001-10,ASS001,1,2024-09-15
RESP00195,STU013,Q001-11,ASS001,0,2024-09-15
RESP00196,STU013,Q001-12,ASS001,1,2024-09-15
RESP00197,STU013,Q001-13,ASS001,1,2024-09-15
RESP00198,STU013,Q001-14,ASS001,1,2024-09-15
RESP00199,STU013,Q001-15,ASS001,1,2024-09-15
RESP00200,STU014,Q001-01,ASS001,1,2024-09-15
RESP00201,STU014,Q001-02,ASS001,1,2024-09-15
RESP00202,STU014,Q001-03,ASS001,1,2024-09-15
RESP00203,STU014,Q001-04,ASS001,1,2024-09-15
RESP00204,STU014,Q001-05,ASS001,1,2024-09-15
RESP00205,STU014,Q001-06,ASS001,1,2024-09-15
RESP00206,STU014,Q001-07,ASS001,1,2024-09-15
RESP00207,STU014,Q001-08,ASS001,1,2024-09-15
RESP00208,STU014,Q001-09,ASS001,1,2024-09-15
RESP00209,STU014,Q001-10,ASS001,1,2024-09-15
RESP00210,STU014,Q001-11,ASS001,1,2024-09-15
RESP00211,STU014,Q001-12,ASS001,1,2024-09-15
RESP00212,STU014,Q001-13,ASS001,1,2024-09-15
RESP00213,STU014,Q001-14,ASS001,1,2024-09-15
RESP00214,STU014,Q001-15,ASS001,1,2024-09-15
RESP00215,STU015,Q001-01,ASS001,1,2024-09-15
RESP00216,STU015,Q001-02,ASS001,1,2024-09-15
RESP00217,STU015,Q001-03,ASS001,1,2024-09-15
RESP00218,STU015,Q001-04,ASS001,1,2024-09-15
RESP00219,STU015,Q001-05,ASS001,1,2024-09-15
RESP00220,STU015,Q001-06,ASS001,1,2024-09-15
RESP00221,STU015,Q001-07,ASS001,1,2024-09-15
RESP00222,STU015,Q001-08,ASS001,1,2024-09-15
RESP00223,STU015,Q001-09,ASS001,1,2024-09-15
RESP00224,STU015,Q001-10,ASS001,1,2024-09-15
RESP00225,STU015,Q001-11,ASS001,1,2024-09-15
RESP00226,STU015,Q001-12,ASS001,1,2024-09-15
RESP00227,STU015,Q001-13,ASS001,1,2024-09-15
RESP00228,STU015,Q001-14,ASS001,1,2024-09-15
RESP00229,STU015,Q001-15,ASS001,1,2024-09-15
RESP00230,STU016,Q001-01,ASS001,1,2024-09-15
RESP00231,STU016,Q001-02,ASS001,1,2024-09-15
RESP00232,STU016,Q001-03,ASS001,1,2024-09-15
RESP00233,STU016,Q001-04,ASS001,1,2024-09-15
RESP00234,STU016,Q001-04,ASS001,1,2024-09-15
RESP00235,STU016,Q001-05,ASS001,1,2024-09-15
RESP00236,STU016,Q001-06,ASS001,1,2024-09-15
RESP00237,STU016,Q001-07,ASS001,1,2024-09-15
RESP00238,STU016,Q001-08,ASS001,1,2024-09-15
RESP00239,STU016,Q001-09,ASS001,1,2024-09-15
RESP00240,STU016,Q001-10,ASS001,1,2024-09-15
RESP00241,STU016,Q001-11,ASS001,1,2024-09-15
RESP00242,STU016,Q001-12,ASS001,1,2024-09-15
RESP00243,STU016,Q001-13,ASS001,1,2024-09-15
RESP00244,STU016,Q001-14,ASS001,1,2024-09-15
RESP00245,STU016,Q001-15,ASS001,1,2024-09-15
RESP00246,STU017,Q001-01,ASS001,0,2024-09-15
RESP00247,STU017,Q001-02,ASS001,1,2024-09-15
RESP00248,STU017,Q001-03,ASS001,1,2024-09-15
RESP00249,STU017,Q001-04,ASS001,1,2024-09-15
RESP00250,STU017,Q001-04,ASS001,1,2024-09-15
RESP00251,STU017,Q001-05,ASS001,1,2024-09-15
RESP00252,STU017,Q001-06,ASS001,1,2024-09-15
RESP00253,STU017,Q001-07,ASS001,1,2024-09-15
RESP00254,STU017,Q001-08,ASS001,1,2024-09-15
RESP00255,STU017,Q001-09,ASS001,0,2024-09-15
RESP00256,STU017,Q001-10,ASS001,1,2024-09-15
RESP00257,STU017,Q001-10,ASS001,1,2024-09-15
RESP00258,STU017,Q001-11,ASS001,1,2024-09-15
RESP00259,STU017,Q001-12,ASS001,1,2024-09-15
RESP00260,STU017,Q001-13,ASS001,1,2024-09-15
RESP00261,STU017,Q001-14,ASS001,1,2024-09-15
RESP00262,STU017,Q001-15,ASS001,1,2024-09-15
RESP00263,STU018,Q001-01,ASS001,1,2024-09-15
RESP00264,STU018,Q001-02,ASS001,1,2024-09-15
RESP00265,STU018,Q001-03,ASS001,1,2024-09-15
RESP00266,STU018,Q001-04,ASS001,1,2024-09-15
RESP00267,STU018,Q001-05,ASS001,1,2024-09-15
RESP00268,STU018,Q001-06,ASS001,1,2024-09-15
RESP00269,STU018,Q001-07,ASS001,1,2024-09-15
RESP00270,STU018,Q001-08,ASS001,0,2024-09-15
RESP00271,STU018,Q001-09,ASS001,0,2024-09-15
RESP00272,STU018,Q001-10,ASS001,1,2024-09-15
RESP00273,STU018,Q001-11,ASS001,1,2024-09-15
RESP00274,STU018,Q001-12,ASS001,1,2024-09-15
RESP00275,STU018,Q001-13,ASS001,1,2024-09-15
RESP00276,STU018,Q001-14,ASS001,1,2024-09-15
RESP00277,STU018,Q001-15,ASS001,0,2024-09-15
RESP00278,STU019,Q001-01,ASS001,0,2024-09-15
RESP00279,STU019,Q001-02,ASS001,1,2024-09-15
RESP00280,STU019,Q001-03,ASS001,1,2024-09-15
RESP00281,STU019,Q001-04,ASS001,1,2024-09-15
RESP00282,STU019,Q001-05,ASS001,1,2024-09-15
RESP00283,STU019,Q001-06,ASS001,1,2024-09-15
RESP00284,STU019,Q001-07,ASS001,1,2024-09-15
RESP00285,STU019,Q001-08,ASS001,1,2024-09-15
RESP00286,STU019,Q001-09,ASS001,1,2024-09-15
RESP00287,STU019,Q001-10,ASS001,1,2024-09-15
RESP00288,STU019,Q001-11,ASS001,1,2024-09-15
RESP00289,STU019,Q001-12,ASS001,1,2024-09-15
RESP00290,STU019,Q001-13,ASS001,1,2024-09-15
RESP00291,STU019,Q001-14,ASS001,1,2024-09-15
RESP00292,STU019,Q001-15,ASS001,1,2024-09-15
RESP00293,STU020,Q001-01,ASS001,1,2024-09-15
RESP00294,STU020,Q001-02,ASS001,1,2024-09-15
RESP00295,STU020,Q001-03,ASS001,1,2024-09-15
RESP00296,STU020,Q001-04,ASS001,1,2024-09-15
RESP00297,STU020,Q001-05,ASS001,1,2024-09-15
RESP00298,STU020,Q001-06,ASS001,1,2024-09-15
RESP00299,STU020,Q001-07,ASS001,1,2024-09-15
RESP00300,STU020,Q001-08,ASS001,1,2024-09-15
RESP00301,STU020,Q001-09,ASS001,1,2024-09-15
RESP00302,STU020,Q001-10,ASS001,1,2024-09-15
RESP00303,STU020,Q001-11,ASS001,0,2024-09-15
RESP00304,STU020,Q001-12,ASS001,1,2024-09-15
RESP00305,STU020,Q001-13,ASS001,1,2024-09-15
RESP00306,STU020,Q001-14,ASS001,1,2024-09-15
RESP00307,STU020,Q001-15,ASS001,1,2024-09-15
RESP00308,STU021,Q001-01,ASS001,1,2024-09-15
RESP00309,STU021,Q001-02,ASS001,1,2024-09-15
RESP00310,STU021,Q001-03,ASS001,1,2024-09-15
RESP00311,STU021,Q001-04,ASS001,1,2024-09-15
RESP00312,STU021,Q001-05,ASS001,1,2024-09-15
RESP00313,STU021,Q001-06,ASS001,1,2024-09-15
RESP00314,STU021,Q001-07,ASS001,1,2024-09-15
RESP00315,STU021,Q001-08,ASS001,1,2024-09-15
RESP00316,STU021,Q001-08,ASS001,1,2024-09-15
RESP00317,STU021,Q001-09,ASS001,1,2024-09-15
RESP00318,STU021,Q001-10,ASS001,1,2024-09-15
RESP00319,STU021,Q001-11,ASS001,0,2024-09-15
RESP00320,STU021,Q001-12,ASS001,1,2024-09-15
RESP00321,STU021,Q001-13,ASS001,1,2024-09-15
RESP00322,STU021,Q001-14,ASS001,1,2024-09-15
RESP00323,STU021,Q001-15,ASS001,1,2024-09-15
RESP00324,STU022,Q001-01,ASS001,1,2024-09-15
RESP00325,STU022,Q001-02,ASS001,1,2024-09-15
RESP00326,STU022,Q001-03,ASS001,1,2024-09-15
RESP00327,STU022,Q001-04,ASS001,1,2024-09-15
RESP00328,STU022,Q001-05,ASS001,1,2024-09-15
RESP00329,STU022,Q001-05,ASS001,1,2024-09-15
RESP00330,STU022,Q001-06,ASS001,1,2024-09-15
RESP00331,STU022,Q001-07,ASS001,1,2024-09-15
RESP00332,STU022,Q001-08,ASS001,1,2024-09-15
RESP00333,STU022,Q001-09,ASS001,0,2024-09-15
RESP00334,STU022,Q001-10,ASS001,1,2024-09-15
RESP00335,STU022,Q001-11,ASS001,1,2024-09-15
RESP00336,STU022,Q001-12,ASS001,1,2024-09-15
RESP00337,STU022,Q001-13,ASS001,1,2024-09-15
RESP00338,STU022,Q001-14,ASS001,1,2024-09-15
RESP00339,STU022,Q001-15,ASS001,1,2024-09-15
RESP00340,STU023,Q001-01,ASS001,1,2024-09-15
RESP00341,STU023,Q001-02,ASS001,1,2024-09-15
RESP00342,STU023,Q001-03,ASS001,0,2024-09-15
RESP00343,STU023,Q001-04,ASS001,0,2024-09-15
RESP00344,STU023,Q001-05,ASS001,0,2024-09-15
RESP00345,STU023,Q001-05,ASS001,0,2024-09-15
RESP00346,STU023,Q001-06,ASS001,1,2024-09-15
RESP00347,STU023,Q001-07,ASS001,1,2024-09-15
RESP00348,STU023,Q001-08,ASS001,1,2024-09-15
RESP00349,STU023,Q001-09,ASS001,0,2024-09-15
RESP00350,STU023,Q001-10,ASS001,1,2024-09-15
RESP00351,STU023,Q001-11,ASS001,1,2024-09-15
RESP00352,STU023,Q001-12,ASS001,1,2024-09-15
RESP00353,STU023,Q001-13,ASS001,1,2024-09-15
RESP00354,STU023,Q001-14,ASS001,1,2024-09-15
RESP00355,STU023,Q001-15,ASS001,1,2024-09-15
RESP00356,STU024,Q001-01,ASS001,0,2024-09-15
RESP00357,STU024,Q001-02,ASS001,1,2024-09-15
RESP00358,STU024,Q001-03,ASS001,1,2024-09-15
RESP00359,STU024,Q001-04,ASS001,1,2024-09-15
RESP00360,STU024,Q001-05,ASS001,1,2024-09-15
RESP00361,STU024,Q001-06,ASS001,1,2024-09-15
RESP00362,STU024,Q001-07,ASS001,1,2024-09-15
RESP00363,STU024,Q001-08,ASS001,1,2024-09-15
RESP00364,STU024,Q001-09,ASS001,0,2024-09-15
RESP00365,STU024,Q001-10,ASS001,1,2024-09-15
RESP00366,STU024,Q001-11,ASS001,1,2024-09-15
RESP00367,STU024,Q001-12,ASS001,1,2024-09-15
RESP00368,STU024,Q001-13,ASS001,1,2024-09-15
RESP00369,STU024,Q001-14,ASS001,1,2024-09-15
RESP00370,STU024,Q001-15,ASS001,1,2024-09-15
RESP00371,STU025,Q001-01,ASS001,1,2024-09-15
RESP00372,STU025,Q001-02,ASS001,1,2024-09-15
RESP00373,STU025,Q001-03,ASS001,1,2024-09-15
RESP00374,STU025,Q001-04,ASS001,0,2024-09-15
RESP00375,STU025,Q001-05,ASS001,1,2024-09-15
RESP00376,STU025,Q001-06,ASS001,1,2024-09-15
RESP00377,STU025,Q001-07,ASS001,1,2024-09-15
RESP00378,STU025,Q001-08,ASS001,1,2024-09-15
RESP00379,STU025,Q001-09,ASS001,1,2024-09-15
RESP00380,STU025,Q001-10,ASS001,1,2024-09-15
RESP00381,STU025,Q001-10,ASS001,1,2024-09-15
RESP00382,STU025,Q001-11,ASS001,1,2024-09-15
RESP00383,STU025,Q001-12,ASS001,1,2024-09-15
RESP00384,STU025,Q001-13,ASS001,1,2024-09-15
RESP00385,STU025,Q001-14,ASS001,1,2024-09-15
RESP00386,STU025,Q001-15,ASS001,1,2024-09-15
RESP00387,STU026,Q001-01,ASS001,0,2024-09-15
RESP00388,STU026,Q001-02,ASS001,1,2024-09-15
RESP00389,STU026,Q001-03,ASS001,1,2024-09-15
RESP00390,STU026,Q001-04,ASS001,0,2024-09-15
RESP00391,STU026,Q001-05,ASS001,1,2024-09-15
RESP00392,STU026,Q001-05,ASS001,1,2024-09-15
RESP00393,STU026,Q001-06,ASS001,1,2024-09-15
RESP00394,STU026,Q001-07,ASS001,1,2024-09-15
RESP00395,STU026,Q001-08,ASS001,1,2024-09-15
RESP00396,STU026,Q001-09,ASS001,1,2024-09-15
RESP00397,STU026,Q001-10,ASS001,1,2024-09-15
RESP00398,STU026,Q001-11,ASS001,1,2024-09-15
RESP00399,STU026,Q001-12,ASS001,1,2024-09-15
RESP00400,STU026,Q001-13,ASS001,1,2024-09-15
RESP00401,STU026,Q001-14,ASS001,1,2024-09-15
RESP00402,STU026,Q001-15,ASS001,1,2024-09-15
RESP00403,STU027,Q001-01,ASS001,1,2024-09-15
RESP00404,STU027,Q001-02,ASS001,1,2024-09-15
RESP00405,STU027,Q001-03,ASS001,1,2024-09-15
RESP00406,STU027,Q001-04,ASS001,1,2024-09-15
RESP00407,STU027,Q001-05,ASS001,1,2024-09-15
RESP00408,STU027,Q001-06,ASS001,1,2024-09-15
RESP00409,STU027,Q001-07,ASS001,1,2024-09-15
RESP00410,STU027,Q001-08,ASS001,1,2024-09-15
RESP00411,STU027,Q001-09,ASS001,0,2024-09-15
RESP00412,STU027,Q001-10,ASS001,1,2024-09-15
RESP00413,STU027,Q001-11,ASS001,1,2024-09-15
RESP00414,STU027,Q001-12,ASS001,1,2024-09-15
RESP00415,STU027,Q001-13,ASS001,1,2024-09-15
RESP00416,STU027,Q001-14,ASS001,1,2024-09-15
RESP00417,STU027,Q001-15,ASS001,1,2024-09-15
RESP00418,STU028,Q001-01,ASS001,1,2024-09-15
RESP00419,STU028,Q001-02,ASS001,1,2024-09-15
RESP00420,STU028,Q001-03,ASS001,1,2024-09-15
RESP00421,STU028,Q001-04,ASS001,1,2024-09-15
RESP00422,STU028,Q001-05,ASS001,1,2024-09-15
RESP00423,STU028,Q001-06,ASS001,1,2024-09-15
RESP00424,STU028,Q001-07,ASS001,1,2024-09-15
RESP00425,STU028,Q001-08,ASS001,1,2024-09-15
RESP00426,STU028,Q001-09,ASS001,1,2024-09-15
RESP00427,STU028,Q001-10,ASS001,1,2024-09-15
RESP00428,STU028,Q001-11,ASS001,0,2024-09-15
RESP00429,STU028,Q001-12,ASS001,1,2024-09-15
RESP00430,STU028,Q001-13,ASS001,1,2024-09-15
RESP00431,STU028,Q001-14,ASS001,1,2024-09-15
RESP00432,STU028,Q001-15,ASS001,1,2024-09-15
RESP00433,STU029,Q001-01,ASS001,0,2024-09-15
RESP00434,STU029,Q001-02,ASS001,1,2024-09-15
RESP00435,STU029,Q001-03,ASS001,1,2024-09-15
RESP00436,STU029,Q001-04,ASS001,1,2024-09-15
RESP00437,STU029,Q001-05,ASS001,0,2024-09-15
RESP00438,STU029,Q001-06,ASS001,0,2024-09-15
RESP00439,STU029,Q001-07,ASS001,0,2024-09-15
RESP00440,STU029,Q001-08,ASS001,0,2024-09-15
RESP00441,STU029,Q001-09,ASS001,0,2024-09-15
RESP00442,STU029,Q001-10,ASS001,0,2024-09-15
RESP00443,STU029,Q001-11,ASS001,0,2024-09-15
RESP00444,STU029,Q001-12,ASS001,0,2024-09-15
RESP00445,STU029,Q001-13,ASS001,0,2024-09-15
RESP00446,STU029,Q001-14,ASS001,0,2024-09-15
RESP00447,STU029,Q001-15,ASS001,0,2024-09-15
RESP00448,STU030,Q001-01,ASS001,0,2024-09-15
RESP00449,STU030,Q001-02,ASS001,1,2024-09-15
RESP00450,STU030,Q001-03,ASS001,1,2024-09-15
RESP00451,STU030,Q001-04,ASS001,1,2024-09-15
RESP00452,STU030,Q001-05,ASS001,1,2024-09-15
RESP00453,STU030,Q001-06,ASS001,1,2024-09-15
RESP00454,STU030,Q001-07,ASS001,1,2024-09-15
RESP00455,STU030,Q001-08,ASS001,1,2024-09-15
RESP00456,STU030,Q001-09,ASS001,1,2024-09-15
RESP00457,STU030,Q001-10,ASS001,1,2024-09-15
RESP00458,STU030,Q001-11,ASS001,0,2024-09-15
RESP00459,STU030,Q001-12,ASS001,1,2024-09-15
RESP00460,STU030,Q001-13,ASS001,1,2024-09-15
RESP00461,STU030,Q001-14,ASS001,1,2024-09-15
RESP00462,STU030,Q001-15,ASS001,1,2024-09-15
RESP00463,STU031,Q001-01,ASS001,0,2024-09-15
RESP00464,STU031,Q001-02,ASS001,1,2024-09-15
RESP00465,STU031,Q001-03,ASS001,1,2024-09-15
RESP00466,STU031,Q001-04,ASS001,0,2024-09-15
RESP00467,STU031,Q001-05,ASS001,1,2024-09-15
RESP00468,STU031,Q001-06,ASS001,1,2024-09-15
RESP00469,STU031,Q001-07,ASS001,1,2024-09-15
RESP00470,STU031,Q001-08,ASS001,1,2024-09-15
RESP00471,STU031,Q001-09,ASS001,1,2024-09-15
RESP00472,STU031,Q001-10,ASS001,1,2024-09-15
RESP00473,STU031,Q001-10,ASS001,1,2024-09-15
RESP00474,STU031,Q001-11,ASS001,0,2024-09-15
RESP00475,STU031,Q001-12,ASS001,1,2024-09-15
RESP00476,STU031,Q001-13,ASS001,1,2024-09-15
RESP00477,STU031,Q001-14,ASS001,0,2024-09-15
RESP00478,STU031,Q001-15,ASS001,1,2024-09-15
RESP00479,STU032,Q001-01,ASS001,0,2024-09-15
RESP00480,STU032,Q001-02,ASS001,1,2024-09-15
RESP00481,STU032,Q001-03,ASS001,1,2024-09-15
RESP00482,STU032,Q001-04,ASS001,1,2024-09-15
RESP00483,STU032,Q001-05,ASS001,1,2024-09-15
RESP00484,STU032,Q001-06,ASS001,1,2024-09-15
RESP00485,STU032,Q001-07,ASS001,1,2024-09-15
RESP00486,STU032,Q001-08,ASS001,1,2024-09-15
RESP00487,STU032,Q001-09,ASS001,1,2024-09-15
RESP00488,STU032,Q001-10,ASS001,1,2024-09-15
RESP00489,STU032,Q001-11,ASS001,1,2024-09-15
RESP00490,STU032,Q001-12,ASS001,1,2024-09-15
RESP00491,STU032,Q001-13,ASS001,1,2024-09-15
RESP00492,STU032,Q001-14,ASS001,1,2024-09-15
RESP00493,STU032,Q001-15,ASS001,1,2024-09-15
RESP00494,STU033,Q001-01,ASS001,1,2024-09-15
RESP00495,STU033,Q001-02,ASS001,1,2024-09-15
RESP00496,STU033,Q001-03,ASS001,1,2024-09-15
RESP00497,STU033,Q001-04,ASS001,1,2024-09-15
RESP00498,STU033,Q001-05,ASS001,1,2024-09-15
RESP00499,STU033,Q001-06,ASS001,1,2024-09-15
RESP00500,STU033,Q001-07,ASS001,1,2024-09-15
RESP00501,STU033,Q001-08,ASS001,1,2024-09-15
RESP00502,STU033,Q001-09,ASS001,0,2024-09-15
RESP00503,STU033,Q001-10,ASS001,1,2024-09-15
RESP00504,STU033,Q001-11,ASS001,1,2024-09-15
RESP00505,STU033,Q001-12,ASS001,1,2024-09-15
RESP00506,STU033,Q001-13,ASS001,1,2024-09-15
RESP00507,STU033,Q001-14,ASS001,1,2024-09-15
RESP00508,STU033,Q001-15,ASS001,1,2024-09-15
RESP00509,STU034,Q001-01,ASS001,1,2024-09-15
RESP00510,STU034,Q001-02,ASS001,1,2024-09-15
RESP00511,STU034,Q001-03,ASS001,1,2024-09-15
RESP00512,STU034,Q001-04,ASS001,1,2024-09-15
RESP00513,STU034,Q001-05,ASS001,0,2024-09-15
RESP00514,STU034,Q001-06,ASS001,1,2024-09-15
RESP00515,STU034,Q001-07,ASS001,1,2024-09-15
RESP00516,STU034,Q001-08,ASS001,1,2024-09-15
RESP00517,STU034,Q001-09,ASS001,1,2024-09-15
RESP00518,STU034,Q001-10,ASS001,1,2024-09-15
RESP00519,STU034,Q001-11,ASS001,0,2024-09-15
RESP00520,STU034,Q001-12,ASS001,1,2024-09-15
RESP00521,STU034,Q001-13,ASS001,1,2024-09-15
RESP00522,STU034,Q001-14,ASS001,1,2024-09-15
RESP00523,STU034,Q001-15,ASS001,1,2024-09-15
RESP00524,STU035,Q001-01,ASS001,0,2024-09-15
RESP00525,STU035,Q001-02,ASS001,1,2024-09-15
RESP00526,STU035,Q001-03,ASS001,0,2024-09-15
RESP00527,STU035,Q001-04,ASS001,0,2024-09-15
RESP00528,STU035,Q001-05,ASS001,0,2024-09-15
RESP00529,STU035,Q001-06,ASS001,1,2024-09-15
RESP00530,STU035,Q001-07,ASS001,1,2024-09-15
RESP00531,STU035,Q001-08,ASS001,0,2024-09-15
RESP00532,STU035,Q001-09,ASS001,1,2024-09-15
RESP00533,STU035,Q001-10,ASS001,0,2024-09-15
RESP00534,STU035,Q001-11,ASS001,0,2024-09-15
RESP00535,STU035,Q001-12,ASS001,1,2024-09-15
RESP00536,STU035,Q001-13,ASS001,1,2024-09-15
RESP00537,STU035,Q001-14,ASS001,0,2024-09-15
RESP00538,STU035,Q001-15,ASS001,1,2024-09-15
RESP00539,STU036,Q001-01,ASS001,0,2024-09-15
RESP00540,STU036,Q001-02,ASS001,1,2024-09-15
RESP00541,STU036,Q001-02,ASS001,1,2024-09-15
RESP00542,STU036,Q001-03,ASS001,1,2024-09-15
RESP00543,STU036,Q001-03,ASS001,1,2024-09-15
RESP00544,STU036,Q001-04,ASS001,1,2024-09-15
RESP00545,STU036,Q001-05,ASS001,1,2024-09-15
RESP00546,STU036,Q001-06,ASS001,1,2024-09-15
RESP00547,STU036,Q001-07,ASS001,1,2024-09-15
RESP00548,STU036,Q001-08,ASS001,1,2024-09-15
RESP00549,STU036,Q001-09,ASS001,0,2024-09-15
RESP00550,STU036,Q001-10,ASS001,1,2024-09-15
RESP00551,STU036,Q001-11,ASS001,1,2024-09-15
RESP00552,STU036,Q001-12,ASS001,1,2024-09-15
RESP00553,STU036,Q001-13,ASS001,1,2024-09-15
RESP00554,STU036,Q001-14,ASS001,0,2024-09-15
RESP00555,STU036,Q001-15,ASS001,1,2024-09-15
RESP00556,STU037,Q001-01,ASS001,0,2024-09-15
RESP00557,STU037,Q001-02,ASS001,1,2024-09-15
RESP00558,STU037,Q001-03,ASS001,1,2024-09-15
RESP00559,STU037,Q001-04,ASS001,1,2024-09-15
RESP00560,STU037,Q001-05,ASS001,1,2024-09-15
RESP00561,STU037,Q001-06,ASS001,1,2024-09-15
RESP00562,STU037,Q001-07,ASS001,1,2024-09-15
RESP00563,STU037,Q001-08,ASS001,1,2024-09-15
RESP00564,STU037,Q001-09,ASS001,1,2024-09-15
RESP00565,STU037,Q001-10,ASS001,1,2024-09-15
RESP00566,STU037,Q001-11,ASS001,0,2024-09-15
RESP00567,STU037,Q001-12,ASS001,1,2024-09-15
RESP00568,STU037,Q001-13,ASS001,1,2024-09-15
RESP00569,STU037,Q001-14,ASS001,1,2024-09-15
RESP00570,STU037,Q001-15,ASS001,1,2024-09-15
RESP00571,STU038,Q001-01,ASS001,0,2024-09-15
RESP00572,STU038,Q001-02,ASS001,1,2024-09-15
RESP00573,STU038,Q001-03,ASS001,1,2024-09-15
RESP00574,STU038,Q001-04,ASS001,0,2024-09-15
RESP00575,STU038,Q001-05,ASS001,0,2024-09-15
RESP00576,STU038,Q001-06,ASS001,1,2024-09-15
RESP00577,STU038,Q001-07,ASS001,0,2024-09-15
RESP00578,STU038,Q001-08,ASS001,0,2024-09-15
RESP00579,STU038,Q001-09,ASS001,0,2024-09-15
RESP00580,STU038,Q001-10,ASS001,0,2024-09-15
RESP00581,STU038,Q001-10,ASS001,0,2024-09-15
RESP00582,STU038,Q001-11,ASS001,0,2024-09-15
RESP00583,STU038,Q001-12,ASS001,0,2024-09-15
RESP00584,STU038,Q001-12,ASS001,0,2024-09-15
RESP00585,STU038,Q001-13,ASS001,1,2024-09-15
RESP00586,STU038,Q001-14,ASS001,1,2024-09-15
RESP00587,STU038,Q001-15,ASS001,1,2024-09-15
RESP00588,STU039,Q001-01,ASS001,0,2024-09-15
RESP00589,STU039,Q001-02,ASS001,1,2024-09-15
RESP00590,STU039,Q001-03,ASS001,1,2024-09-15
RESP00591,STU039,Q001-04,ASS001,1,2024-09-15
RESP00592,STU039,Q001-05,ASS001,0,2024-09-15
RESP00593,STU039,Q001-06,ASS001,1,2024-09-15
RESP00594,STU039,Q001-07,ASS001,1,2024-09-15
RESP00595,STU039,Q001-08,ASS001,1,2024-09-15
RESP00596,STU039,Q001-09,ASS001,1,2024-09-15
RESP00597,STU039,Q001-10,ASS001,1,2024-09-15
RESP00598,STU039,Q001-11,ASS001,1,2024-09-15
RESP00599,STU039,Q001-12,ASS001,1,2024-09-15
RESP00600,STU039,Q001-13,ASS001,1,2024-09-15
RESP00601,STU039,Q001-14,ASS001,1,2024-09-15
RESP00602,STU039,Q001-15,ASS001,1,2024-09-15
RESP00603,STU040,Q001-01,ASS001,1,2024-09-15
RESP00604,STU040,Q001-02,ASS001,1,2024-09-15
RESP00605,STU040,Q001-03,ASS001,1,2024-09-15
RESP00606,STU040,Q001-04,ASS001,1,2024-09-15
RESP00607,STU040,Q001-05,ASS001,0,2024-09-15
RESP00608,STU040,Q001-06,ASS001,1,2024-09-15
RESP00609,STU040,Q001-07,ASS001,1,2024-09-15
RESP00610,STU040,Q001-08,ASS001,1,2024-09-15
RESP00611,STU040,Q001-09,ASS001,1,2024-09-15
RESP00612,STU040,Q001-10,ASS001,1,2024-09-15
RESP00613,STU040,Q001-11,ASS001,1,2024-09-15
RESP00614,STU040,Q001-12,ASS001,1,2024-09-15
RESP00615,STU040,Q001-13,ASS001,1,2024-09-15
RESP00616,STU040,Q001-14,ASS001,1,2024-09-15
RESP00617,STU040,Q001-15,ASS001,1,2024-09-15
RESP00618,STU041,Q001-01,ASS001,1,2024-09-15
RESP00619,STU041,Q001-02,ASS001,1,2024-09-15
RESP00620,STU041,Q001-03,ASS001,1,2024-09-15
RESP00621,STU041,Q001-04,ASS001,0,2024-09-15
RESP00622,STU041,Q001-05,ASS001,1,2024-09-15
RESP00623,STU041,Q001-06,ASS001,1,2024-09-15
RESP00624,STU041,Q001-07,ASS001,1,2024-09-15
RESP00625,STU041,Q001-08,ASS001,1,2024-09-15
RESP00626,STU041,Q001-09,ASS001,0,2024-09-15
RESP00627,STU041,Q001-10,ASS001,1,2024-09-15
RESP00628,STU041,Q001-11,ASS001,1,2024-09-15
RESP00629,STU041,Q001-12,ASS001,1,2024-09-15
RESP00630,STU041,Q001-13,ASS001,1,2024-09-15
RESP00631,STU041,Q001-14,ASS001,0,2024-09-15
RESP00632,STU041,Q001-15,ASS001,1,2024-09-15
RESP00633,STU042,Q001-01,ASS001,1,2024-09-15
RESP00634,STU042,Q001-02,ASS001,1,2024-09-15
RESP00635,STU042,Q001-03,ASS001,1,2024-09-15
RESP00636,STU042,Q001-04,ASS001,1,2024-09-15
RESP00637,STU042,Q001-05,ASS001,1,2024-09-15
RESP00638,STU042,Q001-06,ASS001,1,2024-09-15
RESP00639,STU042,Q001-07,ASS001,1,2024-09-15
RESP00640,STU042,Q001-08,ASS001,1,2024-09-15
RESP00641,STU042,Q001-09,ASS001,1,2024-09-15
RESP00642,STU042,Q001-10,ASS001,1,2024-09-15
RESP00643,STU042,Q001-11,ASS001,1,2024-09-15
RESP00644,STU042,Q001-11,ASS001,1,2024-09-15
RESP00645,STU042,Q001-12,ASS001,1,2024-09-15
RESP00646,STU042,Q001-13,ASS001,1,2024-09-15
RESP00647,STU042,Q001-14,ASS001,1,2024-09-15
RESP00648,STU042,Q001-15,ASS001,1,2024-09-15
RESP00649,STU043,Q001-01,ASS001,1,2024-09-15
RESP00650,STU043,Q001-02,ASS001,1,2024-09-15
RESP00651,STU043,Q001-03,ASS001,1,2024-09-15
RESP00652,STU043,Q001-04,ASS001,1,2024-09-15
RESP00653,STU043,Q001-05,ASS001,1,2024-09-15
RESP00654,STU043,Q001-06,ASS001,1,2024-09-15
RESP00655,STU043,Q001-07,ASS001,1,2024-09-15
RESP00656,STU043,Q001-08,ASS001,1,2024-09-15
RESP00657,STU043,Q001-09,ASS001,1,2024-09-15
RESP00658,STU043,Q001-10,ASS001,1,2024-09-15
RESP00659,STU043,Q001-11,ASS001,1,2024-09-15
RESP00660,STU043,Q001-12,ASS001,0,2024-09-15
RESP00661,STU043,Q001-13,ASS001,1,2024-09-15
RESP00662,STU043,Q001-14,ASS001,1,2024-09-15
RESP00663,STU043,Q001-15,ASS001,1,2024-09-15
RESP00664,STU044,Q001-01,ASS001,1,2024-09-15
RESP00665,STU044,Q001-02,ASS001,1,2024-09-15
RESP00666,STU044,Q001-03,ASS001,1,2024-09-15
RESP00667,STU044,Q001-04,ASS001,0,2024-09-15
RESP00668,STU044,Q001-05,ASS001,1,2024-09-15
RESP00669,STU044,Q001-06,ASS001,1,2024-09-15
RESP00670,STU044,Q001-07,ASS001,1,2024-09-15
RESP00671,STU044,Q001-08,ASS001,1,2024-09-15
RESP00672,STU044,Q001-09,ASS001,0,2024-09-15
RESP00673,STU044,Q001-10,ASS001,1,2024-09-15
RESP00674,STU044,Q001-11,ASS001,0,2024-09-15
RESP00675,STU044,Q001-12,ASS001,1,2024-09-15
RESP00676,STU044,Q001-13,ASS001,1,2024-09-15
RESP00677,STU044,Q001-14,ASS001,1,2024-09-15
RESP00678,STU044,Q001-15,ASS001,1,2024-09-15
RESP00679,STU045,Q001-01,ASS001,0,2024-09-15
RESP00680,STU045,Q001-02,ASS001,1,2024-09-15
RESP00681,STU045,Q001-03,ASS001,0,2024-09-15
RESP00682,STU045,Q001-04,ASS001,1,2024-09-15
RESP00683,STU045,Q001-05,ASS001,1,2024-09-15
RESP00684,STU045,Q001-06,ASS001,1,2024-09-15
RESP00685,STU045,Q001-07,ASS001,0,2024-09-15
RESP00686,STU045,Q001-08,ASS001,1,2024-09-15
RESP00687,STU045,Q001-09,ASS001,0,2024-09-15
RESP00688,STU045,Q001-10,ASS001,1,2024-09-15
RESP00689,STU045,Q001-11,ASS001,1,2024-09-15
RESP00690,STU045,Q001-11,ASS001,1,2024-09-15
RESP00691,STU045,Q001-12,ASS001,1,2024-09-15
RESP00692,STU045,Q001-13,ASS001,0,2024-09-15
RESP00693,STU045,Q001-14,ASS001,1,2024-09-15
RESP00694,STU045,Q001-15,ASS001,1,2024-09-15
RESP00695,STU046,Q001-01,ASS001,1,2024-09-15
RESP00696,STU046,Q001-02,ASS001,1,2024-09-15
RESP00697,STU046,Q001-03,ASS001,1,2024-09-15
RESP00698,STU046,Q001-04,ASS001,1,2024-09-15
RESP00699,STU046,Q001-05,ASS001,1,2024-09-15
RESP00700,STU046,Q001-06,ASS001,1,2024-09-15
RESP00701,STU046,Q001-07,ASS001,1,2024-09-15
RESP00702,STU046,Q001-08,ASS001,1,2024-09-15
RESP00703,STU046,Q001-09,ASS001,0,2024-09-15
RESP00704,STU046,Q001-10,ASS001,1,2024-09-15
RESP00705,STU046,Q001-11,ASS001,1,2024-09-15
RESP00706,STU046,Q001-12,ASS001,1,2024-09-15
RESP00707,STU046,Q001-13,ASS001,1,2024-09-15
RESP00708,STU046,Q001-14,ASS001,1,2024-09-15
RESP00709,STU046,Q001-15,ASS001,1,2024-09-15
RESP00710,STU047,Q001-01,ASS001,0,2024-09-15
RESP00711,STU047,Q001-02,ASS001,1,2024-09-15
RESP00712,STU047,Q001-03,ASS001,0,2024-09-15
RESP00713,STU047,Q001-04,ASS001,1,2024-09-15
RESP00714,STU047,Q001-05,ASS001,1,2024-09-15
RESP00715,STU047,Q001-06,ASS001,0,2024-09-15
RESP00716,STU047,Q001-07,ASS001,1,2024-09-15
RESP00717,STU047,Q001-08,ASS001,0,2024-09-15
RESP00718,STU047,Q001-09,ASS001,0,2024-09-15
RESP00719,STU047,Q001-10,ASS001,0,2024-09-15
RESP00720,STU047,Q001-11,ASS001,0,2024-09-15
RESP00721,STU047,Q001-12,ASS001,1,2024-09-15
RESP00722,STU047,Q001-13,ASS001,1,2024-09-15
RESP00723,STU047,Q001-14,ASS001,0,2024-09-15
RESP00724,STU047,Q001-15,ASS001,0,2024-09-15
RESP00725,STU048,Q001-01,ASS001,0,2024-09-15
RESP00726,STU048,Q001-02,ASS001,1,2024-09-15
RESP00727,STU048,Q001-03,ASS001,1,2024-09-15
RESP00728,STU048,Q001-04,ASS001,1,2024-09-15
RESP00729,STU048,Q001-04,ASS001,1,2024-09-15
RESP00730,STU048,Q001-05,ASS001,1,2024-09-15
RESP00731,STU048,Q001-06,ASS001,1,2024-09-15
RESP00732,STU048,Q001-07,ASS001,1,2024-09-15
RESP00733,STU048,Q001-08,ASS001,1,2024-09-15
RESP00734,STU048,Q001-09,ASS001,0,2024-09-15
RESP00735,STU048,Q001-10,ASS001,0,2024-09-15
RESP00736,STU048,Q001-11,ASS001,0,2024-09-15
RESP00737,STU048,Q001-12,ASS001,1,2024-09-15
RESP00738,STU048,Q001-13,ASS001,1,2024-09-15
RESP00739,STU048,Q001-14,ASS001,1,2024-09-15
RESP00740,STU048,Q001-15,ASS001,1,2024-09-15
RESP00741,STU049,Q001-01,ASS001,0,2024-09-15
RESP00742,STU049,Q001-02,ASS001,1,2024-09-15
RESP00743,STU049,Q001-03,ASS001,1,2024-09-15
RESP00744,STU049,Q001-04,ASS001,0,2024-09-15
RESP00745,STU049,Q001-05,ASS001,0,2024-09-15
RESP00746,STU049,Q001-06,ASS001,1,2024-09-15
RESP00747,STU049,Q001-07,ASS001,1,2024-09-15
RESP00748,STU049,Q001-08,ASS001,1,2024-09-15
RESP00749,STU049,Q001-09,ASS001,1,2024-09-15
RESP00750,STU049,Q001-10,ASS001,1,2024-09-15
RESP00751,STU049,Q001-11,ASS001,0,2024-09-15
RESP00752,STU049,Q001-12,ASS001,1,2024-09-15
RESP00753,STU049,Q001-13,ASS001,1,2024-09-15
RESP00754,STU049,Q001-14,ASS001,1,2024-09-15
RESP00755,STU049,Q001-15,ASS001,1,2024-09-15
RESP00756,STU050,Q001-01,ASS001,1,2024-09-15
RESP00757,STU050,Q001-02,ASS001,1,2024-09-15
RESP00758,STU050,Q001-03,ASS001,1,2024-09-15
RESP00759,STU050,Q001-04,ASS001,1,2024-09-15
RESP00760,STU050,Q001-05,ASS001,1,2024-09-15
RESP00761,STU050,Q001-06,ASS001,1,2024-09-15
RESP00762,STU050,Q001-07,ASS001,1,2024-09-15
RESP00763,STU050,Q001-08,ASS001,1,2024-09-15
RESP00764,STU050,Q001-09,ASS001,0,2024-09-15
RESP00765,STU050,Q001-10,ASS001,1,2024-09-15
RESP00766,STU050,Q001-10,ASS001,1,2024-09-15
RESP00767,STU050,Q001-11,ASS001,1,2024-09-15
RESP00768,STU050,Q001-12,ASS001,1,2024-09-15
RESP00769,STU050,Q001-13,ASS001,1,2024-09-15
RESP00770,STU050,Q001-14,ASS001,1,2024-09-15
RESP00771,STU050,Q001-15,ASS001,1,2024-09-15
RESP00772,STU051,Q001-01,ASS001,1,2024-09-15
RESP00773,STU051,Q001-02,ASS001,1,2024-09-15
RESP00774,STU051,Q001-03,ASS001,1,2024-09-15
RESP00775,STU051,Q001-04,ASS001,1,2024-09-15
RESP00776,STU051,Q001-05,ASS001,1,2024-09-15
RESP00777,STU051,Q001-06,ASS001,1,2024-09-15
RESP00778,STU051,Q001-07,ASS001,1,2024-09-15
RESP00779,STU051,Q001-08,ASS001,1,2024-09-15
RESP00780,STU051,Q001-09,ASS001,1,2024-09-15
RESP00781,STU051,Q001-10,ASS001,1,2024-09-15
RESP00782,STU051,Q001-11,ASS001,1,2024-09-15
RESP00783,STU051,Q001-12,ASS001,1,2024-09-15
RESP00784,STU051,Q001-13,ASS001,1,2024-09-15
RESP00785,STU051,Q001-14,ASS001,1,2024-09-15
RESP00786,STU051,Q001-15,ASS001,1,2024-09-15
RESP00787,STU052,Q001-01,ASS001,0,2024-09-15
RESP00788,STU052,Q001-02,ASS001,1,2024-09-15
RESP00789,STU052,Q001-03,ASS001,1,2024-09-15
RESP00790,STU052,Q001-04,ASS001,1,2024-09-15
RESP00791,STU052,Q001-05,ASS001,1,2024-09-15
RESP00792,STU052,Q001-06,ASS001,1,2024-09-15
RESP00793,STU052,Q001-07,ASS001,1,2024-09-15
RESP00794,STU052,Q001-08,ASS001,1,2024-09-15
RESP00795,STU052,Q001-09,ASS001,1,2024-09-15
RESP00796,STU052,Q001-10,ASS001,1,2024-09-15
RESP00797,STU052,Q001-11,ASS001,1,2024-09-15
RESP00798,STU052,Q001-12,ASS001,1,2024-09-15
RESP00799,STU052,Q001-13,ASS001,1,2024-09-15
RESP00800,STU052,Q001-14,ASS001,1,2024-09-15
RESP00801,STU052,Q001-15,ASS001,1,2024-09-15
RESP00802,STU053,Q001-01,ASS001,1,2024-09-15
RESP00803,STU053,Q001-02,ASS001,1,2024-09-15
RESP00804,STU053,Q001-03,ASS001,1,2024-09-15
RESP00805,STU053,Q001-04,ASS001,0,2024-09-15
RESP00806,STU053,Q001-05,ASS001,1,2024-09-15
RESP00807,STU053,Q001-06,ASS001,1,2024-09-15
RESP00808,STU053,Q001-07,ASS001,1,2024-09-15
RESP00809,STU053,Q001-08,ASS001,1,2024-09-15
RESP00810,STU053,Q001-09,ASS001,0,2024-09-15
RESP00811,STU053,Q001-10,ASS001,1,2024-09-15
RESP00812,STU053,Q001-11,ASS001,1,2024-09-15
RESP00813,STU053,Q001-12,ASS001,1,2024-09-15
RESP00814,STU053,Q001-13,ASS001,1,2024-09-15
RESP00815,STU053,Q001-14,ASS001,1,2024-09-15
RESP00816,STU053,Q001-15,ASS001,1,2024-09-15
RESP00817,STU054,Q001-01,ASS001,0,2024-09-15
RESP00818,STU054,Q001-02,ASS001,1,2024-09-15
RESP00819,STU054,Q001-03,ASS001,1,2024-09-15
RESP00820,STU054,Q001-04,ASS001,1,2024-09-15
RESP00821,STU054,Q001-05,ASS001,0,2024-09-15
RESP00822,STU054,Q001-06,ASS001,1,2024-09-15
RESP00823,STU054,Q001-07,ASS001,1,2024-09-15
RESP00824,STU054,Q001-08,ASS001,1,2024-09-15
RESP00825,STU054,Q001-08,ASS001,1,2024-09-15
RESP00826,STU054,Q001-09,ASS001,0,2024-09-15
RESP00827,STU054,Q001-10,ASS001,1,2024-09-15
RESP00828,STU054,Q001-11,ASS001,1,2024-09-15
RESP00829,STU054,Q001-12,ASS001,1,2024-09-15
RESP00830,STU054,Q001-13,ASS001,1,2024-09-15
RESP00831,STU054,Q001-14,ASS001,1,2024-09-15
RESP00832,STU054,Q001-15,ASS001,1,2024-09-15
RESP00833,STU055,Q001-01,ASS001,1,2024-09-15
RESP00834,STU055,Q001-02,ASS001,1,2024-09-15
RESP00835,STU055,Q001-03,ASS001,1,2024-09-15
RESP00836,STU055,Q001-04,ASS001,0,2024-09-15
RESP00837,STU055,Q001-05,ASS001,1,2024-09-15
RESP00838,STU055,Q001-06,ASS001,1,2024-09-15
RESP00839,STU055,Q001-07,ASS001,1,2024-09-15
RESP00840,STU055,Q001-08,ASS001,1,2024-09-15
RESP00841,STU055,Q001-09,ASS001,1,2024-09-15
RESP00842,STU055,Q001-10,ASS001,1,2024-09-15
RESP00843,STU055,Q001-11,ASS001,0,2024-09-15
RESP00844,STU055,Q001-12,ASS001,1,2024-09-15
RESP00845,STU055,Q001-13,ASS001,1,2024-09-15
RESP00846,STU055,Q001-14,ASS001,1,2024-09-15
RESP00847,STU055,Q001-15,ASS001,1,2024-09-15
RESP00848,STU056,Q001-01,ASS001,1,2024-09-15
RESP00849,STU056,Q001-02,ASS001,0,2024-09-15
RESP00850,STU056,Q001-03,ASS001,1,2024-09-15
RESP00851,STU056,Q001-04,ASS001,0,2024-09-15
RESP00852,STU056,Q001-05,ASS001,0,2024-09-15
RESP00853,STU056,Q001-06,ASS001,1,2024-09-15
RESP00854,STU056,Q001-07,ASS001,1,2024-09-15
RESP00855,STU056,Q001-08,ASS001,1,2024-09-15
RESP00856,STU056,Q001-09,ASS001,0,2024-09-15
RESP00857,STU056,Q001-10,ASS001,1,2024-09-15
RESP00858,STU056,Q001-11,ASS001,0,2024-09-15
RESP00859,STU056,Q001-12,ASS001,1,2024-09-15
RESP00860,STU056,Q001-13,ASS001,1,2024-09-15
RESP00861,STU056,Q001-14,ASS001,0,2024-09-15
RESP00862,STU056,Q001-15,ASS001,0,2024-09-15
RESP00863,STU057,Q001-01,ASS001,0,2024-09-15
RESP00864,STU057,Q001-02,ASS001,0,2024-09-15
RESP00865,STU057,Q001-03,ASS001,0,2024-09-15
RESP00866,STU057,Q001-04,ASS001,0,2024-09-15
RESP00867,STU057,Q001-05,ASS001,1,2024-09-15
RESP00868,STU057,Q001-06,ASS001,0,2024-09-15
RESP00869,STU057,Q001-07,ASS001,1,2024-09-15
RESP00870,STU057,Q001-08,ASS001,1,2024-09-15
RESP00871,STU057,Q001-09,ASS001,1,2024-09-15
RESP00872,STU057,Q001-10,ASS001,1,2024-09-15
RESP00873,STU057,Q001-11,ASS001,1,2024-09-15
RESP00874,STU057,Q001-12,ASS001,1,2024-09-15
RESP00875,STU057,Q001-13,ASS001,1,2024-09-15
RESP00876,STU057,Q001-13,ASS001,1,2024-09-15
RESP00877,STU057,Q001-14,ASS001,1,2024-09-15
RESP00878,STU057,Q001-15,ASS001,1,2024-09-15
RESP00879,STU058,Q001-01,ASS001,1,2024-09-15
RESP00880,STU058,Q001-02,ASS001,1,2024-09-15
RESP00881,STU058,Q001-02,ASS001,1,2024-09-15
RESP00882,STU058,Q001-03,ASS001,1,2024-09-15
RESP00883,STU058,Q001-04,ASS001,0,2024-09-15
RESP00884,STU058,Q001-05,ASS001,1,2024-09-15
RESP00885,STU058,Q001-06,ASS001,1,2024-09-15
RESP00886,STU058,Q001-07,ASS001,1,2024-09-15
RESP00887,STU058,Q001-08,ASS001,1,2024-09-15
RESP00888,STU058,Q001-09,ASS001,1,2024-09-15
RESP00889,STU058,Q001-10,ASS001,1,2024-09-15
RESP00890,STU058,Q001-11,ASS001,0,2024-09-15
RESP00891,STU058,Q001-12,ASS001,1,2024-09-15
RESP00892,STU058,Q001-13,ASS001,1,2024-09-15
RESP00893,STU058,Q001-14,ASS001,1,2024-09-15
RESP00894,STU058,Q001-15,ASS001,0,2024-09-15
RESP00895,STU059,Q001-01,ASS001,1,2024-09-15
RESP00896,STU059,Q001-02,ASS001,1,2024-09-15
RESP00897,STU059,Q001-03,ASS001,1,2024-09-15
RESP00898,STU059,Q001-04,ASS001,1,2024-09-15
RESP00899,STU059,Q001-05,ASS001,1,2024-09-15
RESP00900,STU059,Q001-06,ASS001,1,2024-09-15
RESP00901,STU059,Q001-07,ASS001,1,2024-09-15
RESP00902,STU059,Q001-08,ASS001,1,2024-09-15
RESP00903,STU059,Q001-09,ASS001,1,2024-09-15
RESP00904,STU059,Q001-10,ASS001,1,2024-09-15
RESP00905,STU059,Q001-11,ASS001,1,2024-09-15
RESP00906,STU059,Q001-11,ASS001,1,2024-09-15
RESP00907,STU059,Q001-12,ASS001,1,2024-09-15
RESP00908,STU059,Q001-13,ASS001,1,2024-09-15
RESP00909,STU059,Q001-14,ASS001,1,2024-09-15
RESP00910,STU059,Q001-15,ASS001,1,2024-09-15
RESP00911,STU060,Q001-01,ASS001,1,2024-09-15
RESP00912,STU060,Q001-02,ASS001,1,2024-09-15
RESP00913,STU060,Q001-03,ASS001,1,2024-09-15
RESP00914,STU060,Q001-04,ASS001,0,2024-09-15
RESP00915,STU060,Q001-05,ASS001,1,2024-09-15
RESP00916,STU060,Q001-06,ASS001,1,2024-09-15
RESP00917,STU060,Q001-07,ASS001,1,2024-09-15
RESP00918,STU060,Q001-08,ASS001,1,2024-09-15
RESP00919,STU060,Q001-09,ASS001,1,2024-09-15
RESP00920,STU060,Q001-10,ASS001,1,2024-09-15
RESP00921,STU060,Q001-11,ASS001,1,2024-09-15
RESP00922,STU060,Q001-12,ASS001,1,2024-09-15
RESP00923,STU060,Q001-13,ASS001,1,2024-09-15
RESP00924,STU060,Q001-14,ASS001,1,2024-09-15
RESP00925,STU060,Q001-15,ASS001,1,2024-09-15
RESP00926,STU061,Q001-01,ASS001,1,2024-09-15
RESP00927,STU061,Q001-02,ASS001,0,2024-09-15
RESP00928,STU061,Q001-03,ASS001,1,2024-09-15
RESP00929,STU061,Q001-04,ASS001,1,2024-09-15
RESP00930,STU061,Q001-05,ASS001,0,2024-09-15
RESP00931,STU061,Q001-06,ASS001,1,2024-09-15
RESP00932,STU061,Q001-07,ASS001,1,2024-09-15
RESP00933,STU061,Q001-08,ASS001,0,2024-09-15
RESP00934,STU061,Q001-09,ASS001,1,2024-09-15
RESP00935,STU061,Q001-10,ASS001,1,2024-09-15
RESP00936,STU061,Q001-11,ASS001,1,2024-09-15
RESP00937,STU061,Q001-12,ASS001,1,2024-09-15
RESP00938,STU061,Q001-13,ASS001,1,2024-09-15
RESP00939,STU061,Q001-14,ASS001,1,2024-09-15
RESP00940,STU061,Q001-15,ASS001,1,2024-09-15
RESP00941,STU062,Q001-01,ASS001,0,2024-09-15
RESP00942,STU062,Q001-02,ASS001,1,2024-09-15
RESP00943,STU062,Q001-03,ASS001,1,2024-09-15
RESP00944,STU062,Q001-04,ASS001,1,2024-09-15
RESP00945,STU062,Q001-05,ASS001,1,2024-09-15
RESP00946,STU062,Q001-06,ASS001,1,2024-09-15
RESP00947,STU062,Q001-07,ASS001,1,2024-09-15
RESP00948,STU062,Q001-08,ASS001,1,2024-09-15
RESP00949,STU062,Q001-09,ASS001,1,2024-09-15
RESP00950,STU062,Q001-10,ASS001,1,2024-09-15
RESP00951,STU062,Q001-11,ASS001,0,2024-09-15
RESP00952,STU062,Q001-11,ASS001,0,2024-09-15
RESP00953,STU062,Q001-12,ASS001,1,2024-09-15
RESP00954,STU062,Q001-13,ASS001,1,2024-09-15
RESP00955,STU062,Q001-14,ASS001,1,2024-09-15
RESP00956,STU062,Q001-15,ASS001,1,2024-09-15
RESP00957,STU063,Q001-01,ASS001,0,2024-09-15
RESP00958,STU063,Q001-02,ASS001,1,2024-09-15
RESP00959,STU063,Q001-03,ASS001,1,2024-09-15
RESP00960,STU063,Q001-04,ASS001,1,2024-09-15
RESP00961,STU063,Q001-05,ASS001,0,2024-09-15
RESP00962,STU063,Q001-06,ASS001,1,2024-09-15
RESP00963,STU063,Q001-06,ASS001,1,2024-09-15
RESP00964,STU063,Q001-07,ASS001,1,2024-09-15
RESP00965,STU063,Q001-08,ASS001,1,2024-09-15
RESP00966,STU063,Q001-09,ASS001,1,2024-09-15
RESP00967,STU063,Q001-10,ASS001,1,2024-09-15
RESP00968,STU063,Q001-11,ASS001,1,2024-09-15
RESP00969,STU063,Q001-12,ASS001,1,2024-09-15
RESP00970,STU063,Q001-13,ASS001,1,2024-09-15
RESP00971,STU063,Q001-14,ASS001,1,2024-09-15
RESP00972,STU063,Q001-15,ASS001,1,2024-09-15
RESP00973,STU064,Q001-01,ASS001,1,2024-09-15
RESP00974,STU064,Q001-02,ASS001,1,2024-09-15
RESP00975,STU064,Q001-02,ASS001,1,2024-09-15
RESP00976,STU064,Q001-03,ASS001,1,2024-09-15
RESP00977,STU064,Q001-04,ASS001,1,2024-09-15
RESP00978,STU064,Q001-05,ASS001,0,2024-09-15
RESP00979,STU064,Q001-06,ASS001,1,2024-09-15
RESP00980,STU064,Q001-07,ASS001,1,2024-09-15
RESP00981,STU064,Q001-08,ASS001,1,2024-09-15
RESP00982,STU064,Q001-09,ASS001,0,2024-09-15
RESP00983,STU064,Q001-10,ASS001,1,2024-09-15
RESP00984,STU064,Q001-11,ASS001,0,2024-09-15
RESP00985,STU064,Q001-12,ASS001,1,2024-09-15
RESP00986,STU064,Q001-13,ASS001,1,2024-09-15
RESP00987,STU064,Q001-14,ASS001,1,2024-09-15
RESP00988,STU064,Q001-14,ASS001,1,2024-09-15
RESP00989,STU064,Q001-15,ASS001,1,2024-09-15
RESP00990,STU065,Q001-01,ASS001,0,2024-09-15
RESP00991,STU065,Q001-02,ASS001,1,2024-09-15
RESP00992,STU065,Q001-03,ASS001,0,2024-09-15
RESP00993,STU065,Q001-04,ASS001,0,2024-09-15
RESP00994,STU065,Q001-05,ASS001,0,2024-09-15
RESP00995,STU065,Q001-06,ASS001,1,2024-09-15
RESP00996,STU065,Q001-07,ASS001,0,2024-09-15
RESP00997,STU065,Q001-08,ASS001,0,2024-09-15
RESP00998,STU065,Q001-09,ASS001,1,2024-09-15
RESP00999,STU065,Q001-10,ASS001,1,2024-09-15
RESP01000,STU065,Q001-11,ASS001,0,2024-09-15
RESP01001,STU065,Q001-12,ASS001,0,2024-09-15
RESP01002,STU065,Q001-13,ASS001,1,2024-09-15
RESP01003,STU065,Q001-14,ASS001,0,2024-09-15
RESP01004,STU065,Q001-14,ASS001,0,2024-09-15
RESP01005,STU065,Q001-15,ASS001,0,2024-09-15
RESP01006,STU066,Q001-01,ASS001,1,2024-09-15
RESP01007,STU066,Q001-02,ASS001,0,2024-09-15
RESP01008,STU066,Q001-03,ASS001,0,2024-09-15
RESP01009,STU066,Q001-04,ASS001,1,2024-09-15
RESP01010,STU066,Q001-05,ASS001,1,2024-09-15
RESP01011,STU066,Q001-06,ASS001,1,2024-09-15
RESP01012,STU066,Q001-07,ASS001,1,2024-09-15
RESP01013,STU066,Q001-08,ASS001,1,2024-09-15
RESP01014,STU066,Q001-09,ASS001,1,2024-09-15
RESP01015,STU066,Q001-10,ASS001,1,2024-09-15
RESP01016,STU066,Q001-11,ASS001,0,2024-09-15
RESP01017,STU066,Q001-12,ASS001,1,2024-09-15
RESP01018,STU066,Q001-13,ASS001,1,2024-09-15
RESP01019,STU066,Q001-14,ASS001,1,2024-09-15
RESP01020,STU066,Q001-15,ASS001,1,2024-09-15
RESP01021,STU067,Q001-01,ASS001,1,2024-09-15
RESP01022,STU067,Q001-02,ASS001,1,2024-09-15
RESP01023,STU067,Q001-03,ASS001,1,2024-09-15
RESP01024,STU067,Q001-04,ASS001,0,2024-09-15
RESP01025,STU067,Q001-05,ASS001,1,2024-09-15
RESP01026,STU067,Q001-06,ASS001,1,2024-09-15
RESP01027,STU067,Q001-07,ASS001,1,2024-09-15
RESP01028,STU067,Q001-08,ASS001,1,2024-09-15
RESP01029,STU067,Q001-09,ASS001,1,2024-09-15
RESP01030,STU067,Q001-10,ASS001,1,2024-09-15
RESP01031,STU067,Q001-11,ASS001,0,2024-09-15
RESP01032,STU067,Q001-12,ASS001,1,2024-09-15
RESP01033,STU067,Q001-13,ASS001,1,2024-09-15
RESP01034,STU067,Q001-14,ASS001,1,2024-09-15
RESP01035,STU067,Q001-15,ASS001,1,2024-09-15
RESP01036,STU068,Q001-01,ASS001,1,2024-09-15
RESP01037,STU068,Q001-02,ASS001,1,2024-09-15
RESP01038,STU068,Q001-03,ASS001,1,2024-09-15
RESP01039,STU068,Q001-04,ASS001,1,2024-09-15
RESP01040,STU068,Q001-05,ASS001,1,2024-09-15
RESP01041,STU068,Q001-06,ASS001,1,2024-09-15
RESP01042,STU068,Q001-07,ASS001,1,2024-09-15
RESP01043,STU068,Q001-08,ASS001,1,2024-09-15
RESP01044,STU068,Q001-09,ASS001,1,2024-09-15
RESP01045,STU068,Q001-10,ASS001,1,2024-09-15
RESP01046,STU068,Q001-11,ASS001,1,2024-09-15
RESP01047,STU068,Q001-12,ASS001,1,2024-09-15
RESP01048,STU068,Q001-13,ASS001,1,2024-09-15
RESP01049,STU068,Q001-14,ASS001,1,2024-09-15
RESP01050,STU068,Q001-15,ASS001,1,2024-09-15
RESP01051,STU069,Q001-01,ASS001,1,2024-09-15
RESP01052,STU069,Q001-02,ASS001,1,2024-09-15
RESP01053,STU069,Q001-03,ASS001,1,2024-09-15
RESP01054,STU069,Q001-04,ASS001,1,2024-09-15
RESP01055,STU069,Q001-05,ASS001,1,2024-09-15
RESP01056,STU069,Q001-06,ASS001,0,2024-09-15
RESP01057,STU069,Q001-07,ASS001,0,2024-09-15
RESP01058,STU069,Q001-08,ASS001,1,2024-09-15
RESP01059,STU069,Q001-09,ASS001,1,2024-09-15
RESP01060,STU069,Q001-10,ASS001,1,2024-09-15
RESP01061,STU069,Q001-11,ASS001,1,2024-09-15
RESP01062,STU069,Q001-12,ASS001,1,2024-09-15
RESP01063,STU069,Q001-13,ASS001,1,2024-09-15
RESP01064,STU069,Q001-14,ASS001,1,2024-09-15
RESP01065,STU069,Q001-15,ASS001,1,2024-09-15
RESP01066,STU070,Q001-01,ASS001,0,2024-09-15
RESP01067,STU070,Q001-02,ASS001,1,2024-09-15
RESP01068,STU070,Q001-03,ASS001,1,2024-09-15
RESP01069,STU070,Q001-04,ASS001,1,2024-09-15
RESP01070,STU070,Q001-05,ASS001,1,2024-09-15
RESP01071,STU070,Q001-06,ASS001,1,2024-09-15
RESP01072,STU070,Q001-07,ASS001,1,2024-09-15
RESP01073,STU070,Q001-08,ASS001,1,2024-09-15
RESP01074,STU070,Q001-09,ASS001,0,2024-09-15
RESP01075,STU070,Q001-10,ASS001,1,2024-09-15
RESP01076,STU070,Q001-11,ASS001,0,2024-09-15
RESP01077,STU070,Q001-12,ASS001,1,2024-09-15
RESP01078,STU070,Q001-13,ASS001,1,2024-09-15
RESP01079,STU070,Q001-14,ASS001,0,2024-09-15
RESP01080,STU070,Q001-15,ASS001,1,2024-09-15
RESP01081,STU071,Q001-01,ASS001,1,2024-09-15
RESP01082,STU071,Q001-02,ASS001,1,2024-09-15
RESP01083,STU071,Q001-03,ASS001,1,2024-09-15
RESP01084,STU071,Q001-03,ASS001,1,2024-09-15
RESP01085,STU071,Q001-04,ASS001,0,2024-09-15
RESP01086,STU071,Q001-05,ASS001,0,2024-09-15
RESP01087,STU071,Q001-06,ASS001,1,2024-09-15
RESP01088,STU071,Q001-07,ASS001,1,2024-09-15
RESP01089,STU071,Q001-08,ASS001,1,2024-09-15
RESP01090,STU071,Q001-09,ASS001,0,2024-09-15
RESP01091,STU071,Q001-10,ASS001,1,2024-09-15
RESP01092,STU071,Q001-11,ASS001,1,2024-09-15
RESP01093,STU071,Q001-12,ASS001,1,2024-09-15
RESP01094,STU071,Q001-13,ASS001,0,2024-09-15
RESP01095,STU071,Q001-14,ASS001,0,2024-09-15
RESP01096,STU071,Q001-15,ASS001,1,2024-09-15
RESP01097,STU072,Q001-01,ASS001,0,2024-09-15
RESP01098,STU072,Q001-02,ASS001,1,2024-09-15
RESP01099,STU072,Q001-02,ASS001,1,2024-09-15
RESP01100,STU072,Q001-03,ASS001,1,2024-09-15
RESP01101,STU072,Q001-04,ASS001,1,2024-09-15
RESP01102,STU072,Q001-05,ASS001,1,2024-09-15
RESP01103,STU072,Q001-06,ASS001,1,2024-09-15
RESP01104,STU072,Q001-07,ASS001,1,2024-09-15
RESP01105,STU072,Q001-08,ASS001,1,2024-09-15
RESP01106,STU072,Q001-09,ASS001,1,2024-09-15
RESP01107,STU072,Q001-10,ASS001,1,2024-09-15
RESP01108,STU072,Q001-11,ASS001,1,2024-09-15
RESP01109,STU072,Q001-12,ASS001,1,2024-09-15
RESP01110,STU072,Q001-13,ASS001,1,2024-09-15
RESP01111,STU072,Q001-14,ASS001,1,2024-09-15
RESP01112,STU072,Q001-15,ASS001,1,2024-09-15
RESP01113,STU073,Q001-01,ASS001,0,2024-09-15
RESP01114,STU073,Q001-02,ASS001,1,2024-09-15
RESP01115,STU073,Q001-03,ASS001,1,2024-09-15
RESP01116,STU073,Q001-04,ASS001,1,2024-09-15
RESP01117,STU073,Q001-05,ASS001,0,2024-09-15
RESP01118,STU073,Q001-06,ASS001,1,2024-09-15
RESP01119,STU073,Q001-07,ASS001,1,2024-09-15
RESP01120,STU073,Q001-08,ASS001,1,2024-09-15
RESP01121,STU073,Q001-09,ASS001,0,2024-09-15
RESP01122,STU073,Q001-09,ASS001,0,2024-09-15
RESP01123,STU073,Q001-10,ASS001,1,2024-09-15
RESP01124,STU073,Q001-11,ASS001,1,2024-09-15
RESP01125,STU073,Q001-12,ASS001,1,2024-09-15
RESP01126,STU073,Q001-13,ASS001,1,2024-09-15
RESP01127,STU073,Q001-14,ASS001,1,2024-09-15
RESP01128,STU073,Q001-15,ASS001,1,2024-09-15
RESP01129,STU074,Q001-01,ASS001,0,2024-09-15
RESP01130,STU074,Q001-02,ASS001,1,2024-09-15
RESP01131,STU074,Q001-03,ASS001,1,2024-09-15
RESP01132,STU074,Q001-04,ASS001,0,2024-09-15
RESP01133,STU074,Q001-05,ASS001,1,2024-09-15
RESP01134,STU074,Q001-06,ASS001,0,2024-09-15
RESP01135,STU074,Q001-07,ASS001,0,2024-09-15
RESP01136,STU074,Q001-08,ASS001,0,2024-09-15
RESP01137,STU074,Q001-09,ASS001,0,2024-09-15
RESP01138,STU074,Q001-10,ASS001,0,2024-09-15
RESP01139,STU074,Q001-11,ASS001,0,2024-09-15
RESP01140,STU074,Q001-12,ASS001,1,2024-09-15
RESP01141,STU074,Q001-13,ASS001,1,2024-09-15
RESP01142,STU074,Q001-14,ASS001,1,2024-09-15
RESP01143,STU074,Q001-15,ASS001,0,2024-09-15
RESP01144,STU075,Q001-01,ASS001,1,2024-09-15
RESP01145,STU075,Q001-02,ASS001,0,2024-09-15
RESP01146,STU075,Q001-03,ASS001,1,2024-09-15
RESP01147,STU075,Q001-04,ASS001,0,2024-09-15
RESP01148,STU075,Q001-05,ASS001,1,2024-09-15
RESP01149,STU075,Q001-06,ASS001,1,2024-09-15
RESP01150,STU075,Q001-07,ASS001,1,2024-09-15
RESP01151,STU075,Q001-08,ASS001,1,2024-09-15
RESP01152,STU075,Q001-09,ASS001,1,2024-09-15
RESP01153,STU075,Q001-10,ASS001,1,2024-09-15
RESP01154,STU075,Q001-11,ASS001,0,2024-09-15
RESP01155,STU075,Q001-12,ASS001,1,2024-09-15
RESP01156,STU075,Q001-13,ASS001,1,2024-09-15
RESP01157,STU075,Q001-14,ASS001,0,2024-09-15
RESP01158,STU075,Q001-15,ASS001,1,2024-09-15
RESP01159,STU076,Q001-01,ASS001,1,2024-09-15
RESP01160,STU076,Q001-02,ASS001,1,2024-09-15
RESP01161,STU076,Q001-03,ASS001,1,2024-09-15
RESP01162,STU076,Q001-04,ASS001,1,2024-09-15
RESP01163,STU076,Q001-05,ASS001,1,2024-09-15
RESP01164,STU076,Q001-06,ASS001,1,2024-09-15
RESP01165,STU076,Q001-07,ASS001,1,2024-09-15
RESP01166,STU076,Q001-08,ASS001,1,2024-09-15
RESP01167,STU076,Q001-09,ASS001,1,2024-09-15
RESP01168,STU076,Q001-09,ASS001,1,2024-09-15
RESP01169,STU076,Q001-10,ASS001,1,2024-09-15
RESP01170,STU076,Q001-11,ASS001,0,2024-09-15
RESP01171,STU076,Q001-12,ASS001,1,2024-09-15
RESP01172,STU076,Q001-13,ASS001,1,2024-09-15
RESP01173,STU076,Q001-14,ASS001,1,2024-09-15
RESP01174,STU076,Q001-15,ASS001,1,2024-09-15
RESP01175,STU077,Q001-01,ASS001,0,2024-09-15
RESP01176,STU077,Q001-02,ASS001,1,2024-09-15
RESP01177,STU077,Q001-03,ASS001,1,2024-09-15
RESP01178,STU077,Q001-04,ASS001,1,2024-09-15
RESP01179,STU077,Q001-05,ASS001,0,2024-09-15
RESP01180,STU077,Q001-06,ASS001,1,2024-09-15
RESP01181,STU077,Q001-07,ASS001,1,2024-09-15
RESP01182,STU077,Q001-08,ASS001,1,2024-09-15
RESP01183,STU077,Q001-09,ASS001,1,2024-09-15
RESP01184,STU077,Q001-10,ASS001,1,2024-09-15
RESP01185,STU077,Q001-11,ASS001,1,2024-09-15
RESP01186,STU077,Q001-12,ASS001,1,2024-09-15
RESP01187,STU077,Q001-13,ASS001,1,2024-09-15
RESP01188,STU077,Q001-14,ASS001,1,2024-09-15
RESP01189,STU077,Q001-15,ASS001,1,2024-09-15
RESP01190,STU078,Q001-01,ASS001,0,2024-09-15
RESP01191,STU078,Q001-02,ASS001,0,2024-09-15
RESP01192,STU078,Q001-03,ASS001,1,2024-09-15
RESP01193,STU078,Q001-04,ASS001,0,2024-09-15
RESP01194,STU078,Q001-05,ASS001,0,2024-09-15
RESP01195,STU078,Q001-06,ASS001,1,2024-09-15
RESP01196,STU078,Q001-07,ASS001,1,2024-09-15
RESP01197,STU078,Q001-08,ASS001,0,2024-09-15
RESP01198,STU078,Q001-09,ASS001,1,2024-09-15
RESP01199,STU078,Q001-10,ASS001,0,2024-09-15
RESP01200,STU078,Q001-11,ASS001,0,2024-09-15
RESP01201,STU078,Q001-12,ASS001,1,2024-09-15
RESP01202,STU078,Q001-13,ASS001,1,2024-09-15
RESP01203,STU078,Q001-14,ASS001,1,2024-09-15
RESP01204,STU078,Q001-15,ASS001,0,2024-09-15
RESP01205,STU079,Q001-01,ASS001,1,2024-09-15
RESP01206,STU079,Q001-02,ASS001,1,2024-09-15
RESP01207,STU079,Q001-03,ASS001,0,2024-09-15
RESP01208,STU079,Q001-04,ASS001,0,2024-09-15
RESP01209,STU079,Q001-05,ASS001,0,2024-09-15
RESP01210,STU079,Q001-06,ASS001,1,2024-09-15
RESP01211,STU079,Q001-07,ASS001,1,2024-09-15
RESP01212,STU079,Q001-08,ASS001,1,2024-09-15
RESP01213,STU079,Q001-09,ASS001,1,2024-09-15
RESP01214,STU079,Q001-10,ASS001,1,2024-09-15
RESP01215,STU079,Q001-11,ASS001,0,2024-09-15
RESP01216,STU079,Q001-12,ASS001,1,2024-09-15
RESP01217,STU079,Q001-13,ASS001,1,2024-09-15
RESP01218,STU079,Q001-14,ASS001,1,2024-09-15
RESP01219,STU079,Q001-15,ASS001,1,2024-09-15
RESP01220,STU080,Q001-01,ASS001,0,2024-09-15
RESP01221,STU080,Q001-02,ASS001,1,2024-09-15
RESP01222,STU080,Q001-03,ASS001,1,2024-09-15
RESP01223,STU080,Q001-04,ASS001,0,2024-09-15
RESP01224,STU080,Q001-05,ASS001,1,2024-09-15
RESP01225,STU080,Q001-06,ASS001,1,2024-09-15
RESP01226,STU080,Q001-07,ASS001,0,2024-09-15
RESP01227,STU080,Q001-08,ASS001,1,2024-09-15
RESP01228,STU080,Q001-09,ASS001,0,2024-09-15
RESP01229,STU080,Q001-10,ASS001,1,2024-09-15
RESP01230,STU080,Q001-11,ASS001,0,2024-09-15
RESP01231,STU080,Q001-12,ASS001,0,2024-09-15
RESP01232,STU080,Q001-13,ASS001,1,2024-09-15
RESP01233,STU080,Q001-14,ASS001,0,2024-09-15
RESP01234,STU080,Q001-15,ASS001,1,2024-09-15
RESP01235,STU081,Q001-01,ASS001,1,2024-09-15
RESP01236,STU081,Q001-02,ASS001,1,2024-09-15
RESP01237,STU081,Q001-03,ASS001,1,2024-09-15
RESP01238,STU081,Q001-04,ASS001,1,2024-09-15
RESP01239,STU081,Q001-05,ASS001,1,2024-09-15
RESP01240,STU081,Q001-06,ASS001,1,2024-09-15
RESP01241,STU081,Q001-07,ASS001,1,2024-09-15
RESP01242,STU081,Q001-08,ASS001,1,2024-09-15
RESP01243,STU081,Q001-09,ASS001,1,2024-09-15
RESP01244,STU081,Q001-10,ASS001,1,2024-09-15
RESP01245,STU081,Q001-11,ASS001,1,2024-09-15
RESP01246,STU081,Q001-12,ASS001,1,2024-09-15
RESP01247,STU081,Q001-13,ASS001,0,2024-09-15
RESP01248,STU081,Q001-14,ASS001,1,2024-09-15
RESP01249,STU081,Q001-15,ASS001,1,2024-09-15
RESP01250,STU082,Q001-01,ASS001,1,2024-09-15
RESP01251,STU082,Q001-02,ASS001,0,2024-09-15
RESP01252,STU082,Q001-03,ASS001,1,2024-09-15
RESP01253,STU082,Q001-04,ASS001,1,2024-09-15
RESP01254,STU082,Q001-05,ASS001,1,2024-09-15
RESP01255,STU082,Q001-06,ASS001,1,2024-09-15
RESP01256,STU082,Q001-07,ASS001,1,2024-09-15
RESP01257,STU082,Q001-08,ASS001,1,2024-09-15
RESP01258,STU082,Q001-09,ASS001,0,2024-09-15
RESP01259,STU082,Q001-10,ASS001,1,2024-09-15
RESP01260,STU082,Q001-11,ASS001,0,2024-09-15
RESP01261,STU082,Q001-12,ASS001,1,2024-09-15
RESP01262,STU082,Q001-13,ASS001,1,2024-09-15
RESP01263,STU082,Q001-14,ASS001,1,2024-09-15
RESP01264,STU082,Q001-15,ASS001,1,2024-09-15
RESP01265,STU083,Q001-01,ASS001,0,2024-09-15
RESP01266,STU083,Q001-02,ASS001,1,2024-09-15
RESP01267,STU083,Q001-03,ASS001,1,2024-09-15
RESP01268,STU083,Q001-04,ASS001,0,2024-09-15
RESP01269,STU083,Q001-05,ASS001,1,2024-09-15
RESP01270,STU083,Q001-05,ASS001,1,2024-09-15
RESP01271,STU083,Q001-06,ASS001,1,2024-09-15
RESP01272,STU083,Q001-07,ASS001,1,2024-09-15
RESP01273,STU083,Q001-08,ASS001,1,2024-09-15
RESP01274,STU083,Q001-09,ASS001,1,2024-09-15
RESP01275,STU083,Q001-10,ASS001,1,2024-09-15
RESP01276,STU083,Q001-11,ASS001,1,2024-09-15
RESP01277,STU083,Q001-12,ASS001,1,2024-09-15
RESP01278,STU083,Q001-13,ASS001,1,2024-09-15
RESP01279,STU083,Q001-14,ASS001,1,2024-09-15
RESP01280,STU083,Q001-15,ASS001,1,2024-09-15
RESP01281,STU084,Q001-01,ASS001,0,2024-09-15
RESP01282,STU084,Q001-02,ASS001,1,2024-09-15
RESP01283,STU084,Q001-03,ASS001,1,2024-09-15
RESP01284,STU084,Q001-04,ASS001,0,2024-09-15
RESP01285,STU084,Q001-05,ASS001,0,2024-09-15
RESP01286,STU084,Q001-06,ASS001,1,2024-09-15
RESP01287,STU084,Q001-06,ASS001,1,2024-09-15
RESP01288,STU084,Q001-07,ASS001,1,2024-09-15
RESP01289,STU084,Q001-08,ASS001,1,2024-09-15
RESP01290,STU084,Q001-09,ASS001,1,2024-09-15
RESP01291,STU084,Q001-10,ASS001,1,2024-09-15
RESP01292,STU084,Q001-11,ASS001,1,2024-09-15
RESP01293,STU084,Q001-12,ASS001,1,2024-09-15
RESP01294,STU084,Q001-13,ASS001,1,2024-09-15
RESP01295,STU084,Q001-14,ASS001,1,2024-09-15
RESP01296,STU084,Q001-15,ASS001,1,2024-09-15
RESP01297,STU085,Q001-01,ASS001,0,2024-09-15
RESP01298,STU085,Q001-02,ASS001,1,2024-09-15
RESP01299,STU085,Q001-03,ASS001,1,2024-09-15
RESP01300,STU085,Q001-04,ASS001,1,2024-09-15
RESP01301,STU085,Q001-05,ASS001,0,2024-09-15
RESP01302,STU085,Q001-06,ASS001,1,2024-09-15
RESP01303,STU085,Q001-07,ASS001,1,2024-09-15
RESP01304,STU085,Q001-08,ASS001,1,2024-09-15
RESP01305,STU085,Q001-09,ASS001,0,2024-09-15
RESP01306,STU085,Q001-10,ASS001,1,2024-09-15
RESP01307,STU085,Q001-11,ASS001,1,2024-09-15
RESP01308,STU085,Q001-12,ASS001,1,2024-09-15
RESP01309,STU085,Q001-13,ASS001,1,2024-09-15
RESP01310,STU085,Q001-14,ASS001,1,2024-09-15
RESP01311,STU085,Q001-15,ASS001,1,2024-09-15
RESP01312,STU086,Q001-01,ASS001,1,2024-09-15
RESP01313,STU086,Q001-02,ASS001,1,2024-09-15
RESP01314,STU086,Q001-03,ASS001,1,2024-09-15
RESP01315,STU086,Q001-04,ASS001,1,2024-09-15
RESP01316,STU086,Q001-05,ASS001,0,2024-09-15
RESP01317,STU086,Q001-06,ASS001,1,2024-09-15
RESP01318,STU086,Q001-07,ASS001,0,2024-09-15
RESP01319,STU086,Q001-08,ASS001,1,2024-09-15
RESP01320,STU086,Q001-09,ASS001,0,2024-09-15
RESP01321,STU086,Q001-10,ASS001,1,2024-09-15
RESP01322,STU086,Q001-11,ASS001,1,2024-09-15
RESP01323,STU086,Q001-12,ASS001,1,2024-09-15
RESP01324,STU086,Q001-13,ASS001,1,2024-09-15
RESP01325,STU086,Q001-14,ASS001,1,2024-09-15
RESP01326,STU086,Q001-15,ASS001,0,2024-09-15
RESP01327,STU087,Q001-01,ASS001,1,2024-09-15
RESP01328,STU087,Q001-02,ASS001,1,2024-09-15
RESP01329,STU087,Q001-03,ASS001,1,2024-09-15
RESP01330,STU087,Q001-04,ASS001,1,2024-09-15
RESP01331,STU087,Q001-04,ASS001,1,2024-09-15
RESP01332,STU087,Q001-05,ASS001,0,2024-09-15
RESP01333,STU087,Q001-06,ASS001,1,2024-09-15
RESP01334,STU087,Q001-07,ASS001,0,2024-09-15
RESP01335,STU087,Q001-08,ASS001,1,2024-09-15
RESP01336,STU087,Q001-09,ASS001,0,2024-09-15
RESP01337,STU087,Q001-10,ASS001,1,2024-09-15
RESP01338,STU087,Q001-11,ASS001,1,2024-09-15
RESP01339,STU087,Q001-12,ASS001,1,2024-09-15
RESP01340,STU087,Q001-13,ASS001,1,2024-09-15
RESP01341,STU087,Q001-14,ASS001,0,2024-09-15
RESP01342,STU087,Q001-15,ASS001,0,2024-09-15
RESP01343,STU088,Q001-01,ASS001,0,2024-09-15
RESP01344,STU088,Q001-02,ASS001,1,2024-09-15
RESP01345,STU088,Q001-03,ASS001,1,2024-09-15
RESP01346,STU088,Q001-04,ASS001,1,2024-09-15
RESP01347,STU088,Q001-04,ASS001,1,2024-09-15
RESP01348,STU088,Q001-05,ASS001,1,2024-09-15
RESP01349,STU088,Q001-06,ASS001,1,2024-09-15
RESP01350,STU088,Q001-07,ASS001,1,2024-09-15
RESP01351,STU088,Q001-08,ASS001,1,2024-09-15
RESP01352,STU088,Q001-09,ASS001,0,2024-09-15
RESP01353,STU088,Q001-10,ASS001,1,2024-09-15
RESP01354,STU088,Q001-11,ASS001,1,2024-09-15
RESP01355,STU088,Q001-12,ASS001,1,2024-09-15
RESP01356,STU088,Q001-13,ASS001,1,2024-09-15
RESP01357,STU088,Q001-14,ASS001,1,2024-09-15
RESP01358,STU088,Q001-15,ASS001,1,2024-09-15
RESP01359,STU089,Q001-01,ASS001,1,2024-09-15
RESP01360,STU089,Q001-02,ASS001,1,2024-09-15
RESP01361,STU089,Q001-03,ASS001,1,2024-09-15
RESP01362,STU089,Q001-04,ASS001,1,2024-09-15
RESP01363,STU089,Q001-05,ASS001,1,2024-09-15
RESP01364,STU089,Q001-06,ASS001,1,2024-09-15
RESP01365,STU089,Q001-07,ASS001,1,2024-09-15
RESP01366,STU089,Q001-08,ASS001,1,2024-09-15
RESP01367,STU089,Q001-09,ASS001,0,2024-09-15
RESP01368,STU089,Q001-10,ASS001,1,2024-09-15
RESP01369,STU089,Q001-11,ASS001,1,2024-09-15
RESP01370,STU089,Q001-12,ASS001,1,2024-09-15
RESP01371,STU089,Q001-13,ASS001,1,2024-09-15
RESP01372,STU089,Q001-14,ASS001,1,2024-09-15
RESP01373,STU089,Q001-15,ASS001,1,2024-09-15
RESP01374,STU090,Q001-01,ASS001,1,2024-09-15
RESP01375,STU090,Q001-02,ASS001,1,2024-09-15
RESP01376,STU090,Q001-03,ASS001,1,2024-09-15
RESP01377,STU090,Q001-04,ASS001,1,2024-09-15
RESP01378,STU090,Q001-05,ASS001,0,2024-09-15
RESP01379,STU090,Q001-06,ASS001,1,2024-09-15
RESP01380,STU090,Q001-07,ASS001,1,2024-09-15
RESP01381,STU090,Q001-08,ASS001,1,2024-09-15
RESP01382,STU090,Q001-09,ASS001,1,2024-09-15
RESP01383,STU090,Q001-10,ASS001,1,2024-09-15
RESP01384,STU090,Q001-11,ASS001,1,2024-09-15
RESP01385,STU090,Q001-12,ASS001,0,2024-09-15
RESP01386,STU090,Q001-13,ASS001,1,2024-09-15
RESP01387,STU090,Q001-14,ASS001,1,2024-09-15
RESP01388,STU090,Q001-15,ASS001,1,2024-09-15
RESP01389,STU091,Q001-01,ASS001,1,2024-09-15
RESP01390,STU091,Q001-02,ASS001,1,2024-09-15
RESP01391,STU091,Q001-03,ASS001,1,2024-09-15
RESP01392,STU091,Q001-04,ASS001,0,2024-09-15
RESP01393,STU091,Q001-05,ASS001,1,2024-09-15
RESP01394,STU091,Q001-06,ASS001,1,2024-09-15
RESP01395,STU091,Q001-07,ASS001,1,2024-09-15
RESP01396,STU091,Q001-08,ASS001,1,2024-09-15
RESP01397,STU091,Q001-09,ASS001,1,2024-09-15
RESP01398,STU091,Q001-10,ASS001,1,2024-09-15
RESP01399,STU091,Q001-11,ASS001,1,2024-09-15
RESP01400,STU091,Q001-12,ASS001,1,2024-09-15
RESP01401,STU091,Q001-13,ASS001,1,2024-09-15
RESP01402,STU091,Q001-14,ASS001,1,2024-09-15
RESP01403,STU091,Q001-15,ASS001,1,2024-09-15
RESP01404,STU091,Q001-15,ASS001,1,2024-09-15
RESP01405,STU092,Q001-01,ASS001,1,2024-09-15
RESP01406,STU092,Q001-02,ASS001,1,2024-09-15
RESP01407,STU092,Q001-03,ASS001,1,2024-09-15
RESP01408,STU092,Q001-04,ASS001,1,2024-09-15
RESP01409,STU092,Q001-05,ASS001,1,2024-09-15
RESP01410,STU092,Q001-06,ASS001,1,2024-09-15
RESP01411,STU092,Q001-07,ASS001,1,2024-09-15
RESP01412,STU092,Q001-08,ASS001,1,2024-09-15
RESP01413,STU092,Q001-09,ASS001,1,2024-09-15
RESP01414,STU092,Q001-10,ASS001,1,2024-09-15
RESP01415,STU092,Q001-11,ASS001,0,2024-09-15
RESP01416,STU092,Q001-12,ASS001,1,2024-09-15
RESP01417,STU092,Q001-13,ASS001,1,2024-09-15
RESP01418,STU092,Q001-14,ASS001,1,2024-09-15
RESP01419,STU092,Q001-15,ASS001,1,2024-09-15
RESP01420,STU093,Q001-01,ASS001,1,2024-09-15
RESP01421,STU093,Q001-02,ASS001,1,2024-09-15
RESP01422,STU093,Q001-03,ASS001,1,2024-09-15
RESP01423,STU093,Q001-04,ASS001,1,2024-09-15
RESP01424,STU093,Q001-05,ASS001,1,2024-09-15
RESP01425,STU093,Q001-06,ASS001,1,2024-09-15
RESP01426,STU093,Q001-07,ASS001,1,2024-09-15
RESP01427,STU093,Q001-07,ASS001,1,2024-09-15
RESP01428,STU093,Q001-08,ASS001,1,2024-09-15
RESP01429,STU093,Q001-09,ASS001,1,2024-09-15
RESP01430,STU093,Q001-10,ASS001,1,2024-09-15
RESP01431,STU093,Q001-11,ASS001,1,2024-09-15
RESP01432,STU093,Q001-12,ASS001,1,2024-09-15
RESP01433,STU093,Q001-13,ASS001,1,2024-09-15
RESP01434,STU093,Q001-14,ASS001,1,2024-09-15
RESP01435,STU093,Q001-15,ASS001,1,2024-09-15
RESP01436,STU094,Q001-01,ASS001,1,2024-09-15
RESP01437,STU094,Q001-02,ASS001,1,2024-09-15
RESP01438,STU094,Q001-03,ASS001,1,2024-09-15
RESP01439,STU094,Q001-04,ASS001,1,2024-09-15
RESP01440,STU094,Q001-05,ASS001,1,2024-09-15
RESP01441,STU094,Q001-06,ASS001,1,2024-09-15
RESP01442,STU094,Q001-07,ASS001,0,2024-09-15
RESP01443,STU094,Q001-08,ASS001,0,2024-09-15
RESP01444,STU094,Q001-09,ASS001,0,2024-09-15
RESP01445,STU094,Q001-10,ASS001,1,2024-09-15
RESP01446,STU094,Q001-11,ASS001,1,2024-09-15
RESP01447,STU094,Q001-12,ASS001,0,2024-09-15
RESP01448,STU094,Q001-13,ASS001,1,2024-09-15
RESP01449,STU094,Q001-14,ASS001,1,2024-09-15
RESP01450,STU094,Q001-15,ASS001,1,2024-09-15
RESP01451,STU095,Q001-01,ASS001,1,2024-09-15
RESP01452,STU095,Q001-02,ASS001,1,2024-09-15
RESP01453,STU095,Q001-03,ASS001,1,2024-09-15
RESP01454,STU095,Q001-04,ASS001,1,2024-09-15
RESP01455,STU095,Q001-05,ASS001,1,2024-09-15
RESP01456,STU095,Q001-06,ASS001,1,2024-09-15
RESP01457,STU095,Q001-07,ASS001,1,2024-09-15
RESP01458,STU095,Q001-08,ASS001,1,2024-09-15
RESP01459,STU095,Q001-09,ASS001,0,2024-09-15
RESP01460,STU095,Q001-10,ASS001,1,2024-09-15
RESP01461,STU095,Q001-11,ASS001,1,2024-09-15
RESP01462,STU095,Q001-12,ASS001,1,2024-09-15
RESP01463,STU095,Q001-13,ASS001,1,2024-09-15
RESP01464,STU095,Q001-14,ASS001,1,2024-09-15
RESP01465,STU095,Q001-15,ASS001,1,2024-09-15
RESP01466,STU096,Q001-01,ASS001,1,2024-09-15
RESP01467,STU096,Q001-02,ASS001,1,2024-09-15
RESP01468,STU096,Q001-03,ASS001,1,2024-09-15
RESP01469,STU096,Q001-03,ASS001,1,2024-09-15
RESP01470,STU096,Q001-04,ASS001,1,2024-09-15
RESP01471,STU096,Q001-05,ASS001,1,2024-09-15
RESP01472,STU096,Q001-06,ASS001,1,2024-09-15
RESP01473,STU096,Q001-07,ASS001,1,2024-09-15
RESP01474,STU096,Q001-08,ASS001,1,2024-09-15
RESP01475,STU096,Q001-09,ASS001,1,2024-09-15
RESP01476,STU096,Q001-10,ASS001,1,2024-09-15
RESP01477,STU096,Q001-11,ASS001,0,2024-09-15
RESP01478,STU096,Q001-12,ASS001,1,2024-09-15
RESP01479,STU096,Q001-13,ASS001,1,2024-09-15
RESP01480,STU096,Q001-14,ASS001,1,2024-09-15
RESP01481,STU096,Q001-15,ASS001,1,2024-09-15
RESP01482,STU097,Q001-01,ASS001,0,2024-09-15
RESP01483,STU097,Q001-02,ASS001,1,2024-09-15
RESP01484,STU097,Q001-03,ASS001,1,2024-09-15
RESP01485,STU097,Q001-04,ASS001,0,2024-09-15
RESP01486,STU097,Q001-05,ASS001,1,2024-09-15
RESP01487,STU097,Q001-06,ASS001,1,2024-09-15
RESP01488,STU097,Q001-07,ASS001,1,2024-09-15
RESP01489,STU097,Q001-08,ASS001,1,2024-09-15
RESP01490,STU097,Q001-09,ASS001,1,2024-09-15
RESP01491,STU097,Q001-10,ASS001,1,2024-09-15
RESP01492,STU097,Q001-11,ASS001,1,2024-09-15
RESP01493,STU097,Q001-12,ASS001,1,2024-09-15
RESP01494,STU097,Q001-13,ASS001,1,2024-09-15
RESP01495,STU097,Q001-14,ASS001,1,2024-09-15
RESP01496,STU097,Q001-15,ASS001,1,2024-09-15
RESP01497,STU098,Q001-01,ASS001,1,2024-09-15
RESP01498,STU098,Q001-02,ASS001,1,2024-09-15
RESP01499,STU098,Q001-03,ASS001,1,2024-09-15
RESP01500,STU098,Q001-04,ASS001,0,2024-09-15
RESP01501,STU098,Q001-05,ASS001,0,2024-09-15
RESP01502,STU098,Q001-06,ASS001,1,2024-09-15
RESP01503,STU098,Q001-07,ASS001,1,2024-09-15
RESP01504,STU098,Q001-08,ASS001,1,2024-09-15
RESP01505,STU098,Q001-09,ASS001,1,2024-09-15
RESP01506,STU098,Q001-10,ASS001,1,2024-09-15
RESP01507,STU098,Q001-11,ASS001,1,2024-09-15
RESP01508,STU098,Q001-12,ASS001,1,2024-09-15
RESP01509,STU098,Q001-13,ASS001,1,2024-09-15
RESP01510,STU098,Q001-14,ASS001,1,2024-09-15
RESP01511,STU098,Q001-15,ASS001,0,2024-09-15
RESP01512,STU099,Q001-01,ASS001,0,2024-09-15
RESP01513,STU099,Q001-02,ASS001,0,2024-09-15
RESP01514,STU099,Q001-03,ASS001,0,2024-09-15
RESP01515,STU099,Q001-04,ASS001,0,2024-09-15
RESP01516,STU099,Q001-05,ASS001,0,2024-09-15
RESP01517,STU099,Q001-06,ASS001,1,2024-09-15
RESP01518,STU099,Q001-07,ASS001,1,2024-09-15
RESP01519,STU099,Q001-08,ASS001,0,2024-09-15
RESP01520,STU099,Q001-09,ASS001,0,2024-09-15
RESP01521,STU099,Q001-10,ASS001,0,2024-09-15
RESP01522,STU099,Q001-11,ASS001,0,2024-09-15
RESP01523,STU099,Q001-12,ASS001,1,2024-09-15
RESP01524,STU099,Q001-13,ASS001,0,2024-09-15
RESP01525,STU099,Q001-14,ASS001,0,2024-09-15
RESP01526,STU099,Q001-15,ASS001,1,2024-09-15
RESP01527,STU100,Q001-01,ASS001,0,2024-09-15
RESP01528,STU100,Q001-01,ASS001,0,2024-09-15
RESP01529,STU100,Q001-02,ASS001,1,2024-09-15
RESP01530,STU100,Q001-03,ASS001,1,2024-09-15
RESP01531,STU100,Q001-04,ASS001,0,2024-09-15
RESP01532,STU100,Q001-04,ASS001,0,2024-09-15
RESP01533,STU100,Q001-05,ASS001,0,2024-09-15
RESP01534,STU100,Q001-06,ASS001,1,2024-09-15
RESP01535,STU100,Q001-07,ASS001,1,2024-09-15
RESP01536,STU100,Q001-08,ASS001,1,2024-09-15
RESP01537,STU100,Q001-09,ASS001,1,2024-09-15
RESP01538,STU100,Q001-10,ASS001,1,2024-09-15
RESP01539,STU100,Q001-11,ASS001,1,2024-09-15
RESP01540,STU100,Q001-12,ASS001,1,2024-09-15
RESP01541,STU100,Q001-13,ASS001,1,2024-09-15
RESP01542,STU100,Q001-14,ASS001,1,2024-09-15
RESP01543,STU100,Q001-15,ASS001,1,2024-09-15
RESP01544,STU101,Q001-01,ASS001,1,2024-09-15
RESP01545,STU101,Q001-02,ASS001,1,2024-09-15
RESP01546,STU101,Q001-03,ASS001,1,2024-09-15
RESP01547,STU101,Q001-04,ASS001,1,2024-09-15
RESP01548,STU101,Q001-05,ASS001,1,2024-09-15
RESP01549,STU101,Q001-06,ASS001,1,2024-09-15
RESP01550,STU101,Q001-07,ASS001,1,2024-09-15
RESP01551,STU101,Q001-08,ASS001,1,2024-09-15
RESP01552,STU101,Q001-09,ASS001,0,2024-09-15
RESP01553,STU101,Q001-10,ASS001,1,2024-09-15
RESP01554,STU101,Q001-11,ASS001,0,2024-09-15
RESP01555,STU101,Q001-12,ASS001,1,2024-09-15
RESP01556,STU101,Q001-13,ASS001,1,2024-09-15
RESP01557,STU101,Q001-14,ASS001,1,2024-09-15
RESP01558,STU101,Q001-15,ASS001,1,2024-09-15
RESP01559,STU102,Q001-01,ASS001,1,2024-09-15
RESP01560,STU102,Q001-02,ASS001,0,2024-09-15
RESP01561,STU102,Q001-03,ASS001,1,2024-09-15
RESP01562,STU102,Q001-04,ASS001,1,2024-09-15
RESP01563,STU102,Q001-05,ASS001,0,2024-09-15
RESP01564,STU102,Q001-06,ASS001,1,2024-09-15
RESP01565,STU102,Q001-07,ASS001,1,2024-09-15
RESP01566,STU102,Q001-08,ASS001,1,2024-09-15
RESP01567,STU102,Q001-09,ASS001,1,2024-09-15
RESP01568,STU102,Q001-10,ASS001,1,2024-09-15
RESP01569,STU102,Q001-11,ASS001,1,2024-09-15
RESP01570,STU102,Q001-12,ASS001,1,2024-09-15
RESP01571,STU102,Q001-13,ASS001,0,2024-09-15
RESP01572,STU102,Q001-14,ASS001,1,2024-09-15
RESP01573,STU102,Q001-15,ASS001,1,2024-09-15
RESP01574,STU103,Q001-01,ASS001,1,2024-09-15
RESP01575,STU103,Q001-02,ASS001,1,2024-09-15
RESP01576,STU103,Q001-03,ASS001,1,2024-09-15
RESP01577,STU103,Q001-04,ASS001,1,2024-09-15
RESP01578,STU103,Q001-05,ASS001,1,2024-09-15
RESP01579,STU103,Q001-06,ASS001,1,2024-09-15
RESP01580,STU103,Q001-07,ASS001,1,2024-09-15
RESP01581,STU103,Q001-08,ASS001,1,2024-09-15
RESP01582,STU103,Q001-09,ASS001,1,2024-09-15
RESP01583,STU103,Q001-10,ASS001,1,2024-09-15
RESP01584,STU103,Q001-11,ASS001,1,2024-09-15
RESP01585,STU103,Q001-12,ASS001,1,2024-09-15
RESP01586,STU103,Q001-13,ASS001,1,2024-09-15
RESP01587,STU103,Q001-14,ASS001,1,2024-09-15
RESP01588,STU103,Q001-15,ASS001,1,2024-09-15
RESP01589,STU104,Q001-01,ASS001,1,2024-09-15
RESP01590,STU104,Q001-02,ASS001,1,2024-09-15
RESP01591,STU104,Q001-03,ASS001,1,2024-09-15
RESP01592,STU104,Q001-04,ASS001,1,2024-09-15
RESP01593,STU104,Q001-05,ASS001,1,2024-09-15
RESP01594,STU104,Q001-06,ASS001,1,2024-09-15
RESP01595,STU104,Q001-07,ASS001,1,2024-09-15
RESP01596,STU104,Q001-08,ASS001,1,2024-09-15
RESP01597,STU104,Q001-09,ASS001,1,2024-09-15
RESP01598,STU104,Q001-10,ASS001,1,2024-09-15
RESP01599,STU104,Q001-11,ASS001,1,2024-09-15
RESP01600,STU104,Q001-12,ASS001,1,2024-09-15
RESP01601,STU104,Q001-13,ASS001,1,2024-09-15
RESP01602,STU104,Q001-14,ASS001,1,2024-09-15
RESP01603,STU104,Q001-15,ASS001,1,2024-09-15
RESP01604,STU105,Q001-01,ASS001,1,2024-09-15
RESP01605,STU105,Q001-02,ASS001,1,2024-09-15
RESP01606,STU105,Q001-03,ASS001,1,2024-09-15
RESP01607,STU105,Q001-04,ASS001,1,2024-09-15
RESP01608,STU105,Q001-05,ASS001,1,2024-09-15
RESP01609,STU105,Q001-06,ASS001,1,2024-09-15
RESP01610,STU105,Q001-07,ASS001,1,2024-09-15
RESP01611,STU105,Q001-08,ASS001,1,2024-09-15
RESP01612,STU105,Q001-08,ASS001,1,2024-09-15
RESP01613,STU105,Q001-09,ASS001,1,2024-09-15
RESP01614,STU105,Q001-10,ASS001,1,2024-09-15
RESP01615,STU105,Q001-11,ASS001,0,2024-09-15
RESP01616,STU105,Q001-12,ASS001,1,2024-09-15
RESP01617,STU105,Q001-13,ASS001,1,2024-09-15
RESP01618,STU105,Q001-14,ASS001,0,2024-09-15
RESP01619,STU105,Q001-15,ASS001,1,2024-09-15
RESP01620,STU106,Q001-01,ASS001,1,2024-09-15
RESP01621,STU106,Q001-02,ASS001,1,2024-09-15
RESP01622,STU106,Q001-03,ASS001,1,2024-09-15
RESP01623,STU106,Q001-04,ASS001,0,2024-09-15
RESP01624,STU106,Q001-05,ASS001,1,2024-09-15
RESP01625,STU106,Q001-06,ASS001,1,2024-09-15
RESP01626,STU106,Q001-07,ASS001,1,2024-09-15
RESP01627,STU106,Q001-08,ASS001,1,2024-09-15
RESP01628,STU106,Q001-09,ASS001,0,2024-09-15
RESP01629,STU106,Q001-10,ASS001,1,2024-09-15
RESP01630,STU106,Q001-11,ASS001,0,2024-09-15
RESP01631,STU106,Q001-12,ASS001,0,2024-09-15
RESP01632,STU106,Q001-13,ASS001,0,2024-09-15
RESP01633,STU106,Q001-14,ASS001,1,2024-09-15
RESP01634,STU106,Q001-15,ASS001,1,2024-09-15
RESP01635,STU107,Q001-01,ASS001,0,2024-09-15
RESP01636,STU107,Q001-02,ASS001,1,2024-09-15
RESP01637,STU107,Q001-03,ASS001,1,2024-09-15
RESP01638,STU107,Q001-03,ASS001,1,2024-09-15
RESP01639,STU107,Q001-04,ASS001,1,2024-09-15
RESP01640,STU107,Q001-05,ASS001,0,2024-09-15
RESP01641,STU107,Q001-06,ASS001,1,2024-09-15
RESP01642,STU107,Q001-07,ASS001,1,2024-09-15
RESP01643,STU107,Q001-08,ASS001,1,2024-09-15
RESP01644,STU107,Q001-09,ASS001,1,2024-09-15
RESP01645,STU107,Q001-09,ASS001,1,2024-09-15
RESP01646,STU107,Q001-10,ASS001,0,2024-09-15
RESP01647,STU107,Q001-11,ASS001,0,2024-09-15
RESP01648,STU107,Q001-12,ASS001,1,2024-09-15
RESP01649,STU107,Q001-13,ASS001,1,2024-09-15
RESP01650,STU107,Q001-14,ASS001,0,2024-09-15
RESP01651,STU107,Q001-15,ASS001,0,2024-09-15
RESP01652,STU108,Q001-01,ASS001,1,2024-09-15
RESP01653,STU108,Q001-02,ASS001,1,2024-09-15
RESP01654,STU108,Q001-03,ASS001,1,2024-09-15
RESP01655,STU108,Q001-04,ASS001,1,2024-09-15
RESP01656,STU108,Q001-05,ASS001,0,2024-09-15
RESP01657,STU108,Q001-06,ASS001,1,2024-09-15
RESP01658,STU108,Q001-07,ASS001,1,2024-09-15
RESP01659,STU108,Q001-08,ASS001,1,2024-09-15
RESP01660,STU108,Q001-09,ASS001,1,2024-09-15
RESP01661,STU108,Q001-10,ASS001,1,2024-09-15
RESP01662,STU108,Q001-11,ASS001,0,2024-09-15
RESP01663,STU108,Q001-12,ASS001,1,2024-09-15
RESP01664,STU108,Q001-13,ASS001,1,2024-09-15
RESP01665,STU108,Q001-14,ASS001,1,2024-09-15
RESP01666,STU108,Q001-15,ASS001,1,2024-09-15
RESP01667,STU109,Q001-01,ASS001,1,2024-09-15
RESP01668,STU109,Q001-02,ASS001,1,2024-09-15
RESP01669,STU109,Q001-03,ASS001,1,2024-09-15
RESP01670,STU109,Q001-04,ASS001,0,2024-09-15
RESP01671,STU109,Q001-05,ASS001,1,2024-09-15
RESP01672,STU109,Q001-06,ASS001,1,2024-09-15
RESP01673,STU109,Q001-07,ASS001,1,2024-09-15
RESP01674,STU109,Q001-08,ASS001,1,2024-09-15
RESP01675,STU109,Q001-09,ASS001,0,2024-09-15
RESP01676,STU109,Q001-10,ASS001,1,2024-09-15
RESP01677,STU109,Q001-11,ASS001,1,2024-09-15
RESP01678,STU109,Q001-12,ASS001,1,2024-09-15
RESP01679,STU109,Q001-13,ASS001,1,2024-09-15
RESP01680,STU109,Q001-14,ASS001,1,2024-09-15
RESP01681,STU109,Q001-15,ASS001,1,2024-09-15
RESP01682,STU110,Q001-01,ASS001,0,2024-09-15
RESP01683,STU110,Q001-02,ASS001,1,2024-09-15
RESP01684,STU110,Q001-03,ASS001,1,2024-09-15
RESP01685,STU110,Q001-04,ASS001,0,2024-09-15
RESP01686,STU110,Q001-05,ASS001,0,2024-09-15
RESP01687,STU110,Q001-06,ASS001,1,2024-09-15
RESP01688,STU110,Q001-07,ASS001,1,2024-09-15
RESP01689,STU110,Q001-08,ASS001,1,2024-09-15
RESP01690,STU110,Q001-09,ASS001,1,2024-09-15
RESP01691,STU110,Q001-10,ASS001,1,2024-09-15
RESP01692,STU110,Q001-11,ASS001,1,2024-09-15
RESP01693,STU110,Q001-12,ASS001,1,2024-09-15
RESP01694,STU110,Q001-13,ASS001,1,2024-09-15
RESP01695,STU110,Q001-14,ASS001,1,2024-09-15
RESP01696,STU110,Q001-15,ASS001,1,2024-09-15
RESP01697,STU111,Q001-01,ASS001,1,2024-09-15
RESP01698,STU111,Q001-02,ASS001,1,2024-09-15
RESP01699,STU111,Q001-03,ASS001,1,2024-09-15
RESP01700,STU111,Q001-04,ASS001,0,2024-09-15
RESP01701,STU111,Q001-05,ASS001,1,2024-09-15
RESP01702,STU111,Q001-06,ASS001,0,2024-09-15
RESP01703,STU111,Q001-06,ASS001,0,2024-09-15
RESP01704,STU111,Q001-07,ASS001,1,2024-09-15
RESP01705,STU111,Q001-07,ASS001,1,2024-09-15
RESP01706,STU111,Q001-08,ASS001,1,2024-09-15
RESP01707,STU111,Q001-09,ASS001,0,2024-09-15
RESP01708,STU111,Q001-10,ASS001,1,2024-09-15
RESP01709,STU111,Q001-11,ASS001,0,2024-09-15
RESP01710,STU111,Q001-12,ASS001,1,2024-09-15
RESP01711,STU111,Q001-13,ASS001,1,2024-09-15
RESP01712,STU111,Q001-14,ASS001,1,2024-09-15
RESP01713,STU111,Q001-15,ASS001,0,2024-09-15
RESP01714,STU112,Q001-01,ASS001,1,2024-09-15
RESP01715,STU112,Q001-02,ASS001,1,2024-09-15
RESP01716,STU112,Q001-03,ASS001,1,2024-09-15
RESP01717,STU112,Q001-04,ASS001,0,2024-09-15
RESP01718,STU112,Q001-05,ASS001,1,2024-09-15
RESP01719,STU112,Q001-06,ASS001,0,2024-09-15
RESP01720,STU112,Q001-07,ASS001,1,2024-09-15
RESP01721,STU112,Q001-08,ASS001,0,2024-09-15
RESP01722,STU112,Q001-09,ASS001,0,2024-09-15
RESP01723,STU112,Q001-10,ASS001,0,2024-09-15
RESP01724,STU112,Q001-11,ASS001,1,2024-09-15
RESP01725,STU112,Q001-12,ASS001,1,2024-09-15
RESP01726,STU112,Q001-13,ASS001,0,2024-09-15
RESP01727,STU112,Q001-14,ASS001,0,2024-09-15
RESP01728,STU112,Q001-15,ASS001,1,2024-09-15
RESP01729,STU113,Q001-01,ASS001,0,2024-09-15
RESP01730,STU113,Q001-02,ASS001,1,2024-09-15
RESP01731,STU113,Q001-03,ASS001,1,2024-09-15
RESP01732,STU113,Q001-04,ASS001,1,2024-09-15
RESP01733,STU113,Q001-05,ASS001,1,2024-09-15
RESP01734,STU113,Q001-06,ASS001,1,2024-09-15
RESP01735,STU113,Q001-07,ASS001,1,2024-09-15
RESP01736,STU113,Q001-08,ASS001,1,2024-09-15
RESP01737,STU113,Q001-09,ASS001,1,2024-09-15
RESP01738,STU113,Q001-10,ASS001,1,2024-09-15
RESP01739,STU113,Q001-11,ASS001,1,2024-09-15
RESP01740,STU113,Q001-12,ASS001,1,2024-09-15
RESP01741,STU113,Q001-13,ASS001,1,2024-09-15
RESP01742,STU113,Q001-14,ASS001,1,2024-09-15
RESP01743,STU113,Q001-15,ASS001,1,2024-09-15
RESP01744,STU114,Q001-01,ASS001,1,2024-09-15
RESP01745,STU114,Q001-02,ASS001,1,2024-09-15
RESP01746,STU114,Q001-03,ASS001,1,2024-09-15
RESP01747,STU114,Q001-04,ASS001,1,2024-09-15
RESP01748,STU114,Q001-05,ASS001,0,2024-09-15
RESP01749,STU114,Q001-06,ASS001,1,2024-09-15
RESP01750,STU114,Q001-07,ASS001,1,2024-09-15
RESP01751,STU114,Q001-08,ASS001,1,2024-09-15
RESP01752,STU114,Q001-09,ASS001,0,2024-09-15
RESP01753,STU114,Q001-10,ASS001,1,2024-09-15
RESP01754,STU114,Q001-11,ASS001,0,2024-09-15
RESP01755,STU114,Q001-12,ASS001,1,2024-09-15
RESP01756,STU114,Q001-13,ASS001,1,2024-09-15
RESP01757,STU114,Q001-14,ASS001,1,2024-09-15
RESP01758,STU114,Q001-15,ASS001,1,2024-09-15
RESP01759,STU115,Q001-01,ASS001,1,2024-09-15
RESP01760,STU115,Q001-02,ASS001,1,2024-09-15
RESP01761,STU115,Q001-03,ASS001,1,2024-09-15
RESP01762,STU115,Q001-04,ASS001,0,2024-09-15
RESP01763,STU115,Q001-05,ASS001,1,2024-09-15
RESP01764,STU115,Q001-06,ASS001,1,2024-09-15
RESP01765,STU115,Q001-07,ASS001,1,2024-09-15
RESP01766,STU115,Q001-08,ASS001,1,2024-09-15
RESP01767,STU115,Q001-09,ASS001,0,2024-09-15
RESP01768,STU115,Q001-10,ASS001,1,2024-09-15
RESP01769,STU115,Q001-11,ASS001,1,2024-09-15
RESP01770,STU115,Q001-12,ASS001,1,2024-09-15
RESP01771,STU115,Q001-13,ASS001,1,2024-09-15
RESP01772,STU115,Q001-14,ASS001,1,2024-09-15
RESP01773,STU115,Q001-15,ASS001,1,2024-09-15
RESP01774,STU116,Q001-01,ASS001,1,2024-09-15
RESP01775,STU116,Q001-02,ASS001,1,2024-09-15
RESP01776,STU116,Q001-03,ASS001,1,2024-09-15
RESP01777,STU116,Q001-04,ASS001,1,2024-09-15
RESP01778,STU116,Q001-05,ASS001,1,2024-09-15
RESP01779,STU116,Q001-06,ASS001,1,2024-09-15
RESP01780,STU116,Q001-07,ASS001,1,2024-09-15
RESP01781,STU116,Q001-08,ASS001,1,2024-09-15
RESP01782,STU116,Q001-09,ASS001,1,2024-09-15
RESP01783,STU116,Q001-10,ASS001,1,2024-09-15
RESP01784,STU116,Q001-11,ASS001,1,2024-09-15
RESP01785,STU116,Q001-12,ASS001,1,2024-09-15
RESP01786,STU116,Q001-13,ASS001,0,2024-09-15
RESP01787,STU116,Q001-14,ASS001,0,2024-09-15
RESP01788,STU116,Q001-15,ASS001,1,2024-09-15
RESP01789,STU117,Q001-01,ASS001,0,2024-09-15
RESP01790,STU117,Q001-02,ASS001,1,2024-09-15
RESP01791,STU117,Q001-03,ASS001,0,2024-09-15
RESP01792,STU117,Q001-04,ASS001,1,2024-09-15
RESP01793,STU117,Q001-05,ASS001,1,2024-09-15
RESP01794,STU117,Q001-06,ASS001,1,2024-09-15
RESP01795,STU117,Q001-06,ASS001,1,2024-09-15
RESP01796,STU117,Q001-07,ASS001,1,2024-09-15
RESP01797,STU117,Q001-08,ASS001,1,2024-09-15
RESP01798,STU117,Q001-09,ASS001,1,2024-09-15
RESP01799,STU117,Q001-10,ASS001,1,2024-09-15
RESP01800,STU117,Q001-11,ASS001,1,2024-09-15
RESP01801,STU117,Q001-12,ASS001,1,2024-09-15
RESP01802,STU117,Q001-13,ASS001,1,2024-09-15
RESP01803,STU117,Q001-14,ASS001,1,2024-09-15
RESP01804,STU117,Q001-15,ASS001,1,2024-09-15
RESP01805,STU118,Q001-01,ASS001,0,2024-09-15
RESP01806,STU118,Q001-02,ASS001,1,2024-09-15
RESP01807,STU118,Q001-03,ASS001,1,2024-09-15
RESP01808,STU118,Q001-04,ASS001,1,2024-09-15
RESP01809,STU118,Q001-04,ASS001,1,2024-09-15
RESP01810,STU118,Q001-05,ASS001,0,2024-09-15
RESP01811,STU118,Q001-06,ASS001,1,2024-09-15
RESP01812,STU118,Q001-07,ASS001,1,2024-09-15
RESP01813,STU118,Q001-08,ASS001,1,2024-09-15
RESP01814,STU118,Q001-09,ASS001,1,2024-09-15
RESP01815,STU118,Q001-10,ASS001,1,2024-09-15
RESP01816,STU118,Q001-11,ASS001,1,2024-09-15
RESP01817,STU118,Q001-12,ASS001,1,2024-09-15
RESP01818,STU118,Q001-13,ASS001,1,2024-09-15
RESP01819,STU118,Q001-14,ASS001,1,2024-09-15
RESP01820,STU118,Q001-15,ASS001,1,2024-09-15
RESP01821,STU119,Q001-01,ASS001,1,2024-09-15
RESP01822,STU119,Q001-02,ASS001,1,2024-09-15
RESP01823,STU119,Q001-03,ASS001,1,2024-09-15
RESP01824,STU119,Q001-04,ASS001,1,2024-09-15
RESP01825,STU119,Q001-05,ASS001,1,2024-09-15
RESP01826,STU119,Q001-06,ASS001,1,2024-09-15
RESP01827,STU119,Q001-07,ASS001,1,2024-09-15
RESP01828,STU119,Q001-08,ASS001,1,2024-09-15
RESP01829,STU119,Q001-09,ASS001,1,2024-09-15
RESP01830,STU119,Q001-10,ASS001,1,2024-09-15
RESP01831,STU119,Q001-11,ASS001,1,2024-09-15
RESP01832,STU119,Q001-12,ASS001,1,2024-09-15
RESP01833,STU119,Q001-13,ASS001,1,2024-09-15
RESP01834,STU119,Q001-14,ASS001,1,2024-09-15
RESP01835,STU119,Q001-15,ASS001,1,2024-09-15
RESP01836,STU120,Q001-01,ASS001,0,2024-09-15
RESP01837,STU120,Q001-02,ASS001,1,2024-09-15
RESP01838,STU120,Q001-03,ASS001,1,2024-09-15
RESP01839,STU120,Q001-04,ASS001,1,2024-09-15
RESP01840,STU120,Q001-05,ASS001,0,2024-09-15
RESP01841,STU120,Q001-06,ASS001,0,2024-09-15
RESP01842,STU120,Q001-07,ASS001,1,2024-09-15
RESP01843,STU120,Q001-08,ASS001,1,2024-09-15
RESP01844,STU120,Q001-09,ASS001,0,2024-09-15
RESP01845,STU120,Q001-10,ASS001,0,2024-09-15
RESP01846,STU120,Q001-11,ASS001,0,2024-09-15
RESP01847,STU120,Q001-12,ASS001,1,2024-09-15
RESP01848,STU120,Q001-13,ASS001,1,2024-09-15
RESP01849,STU120,Q001-14,ASS001,0,2024-09-15
RESP01850,STU120,Q001-15,ASS001,0,2024-09-15
RESP01851,STU121,Q001-01,ASS001,1,2024-09-15
RESP01852,STU121,Q001-02,ASS001,1,2024-09-15
RESP01853,STU121,Q001-03,ASS001,1,2024-09-15
RESP01854,STU121,Q001-04,ASS001,0,2024-09-15
RESP01855,STU121,Q001-05,ASS001,0,2024-09-15
RESP01856,STU121,Q001-06,ASS001,1,2024-09-15
RESP01857,STU121,Q001-07,ASS001,1,2024-09-15
RESP01858,STU121,Q001-08,ASS001,1,2024-09-15
RESP01859,STU121,Q001-09,ASS001,1,2024-09-15
RESP01860,STU121,Q001-10,ASS001,1,2024-09-15
RESP01861,STU121,Q001-11,ASS001,0,2024-09-15
RESP01862,STU121,Q001-12,ASS001,0,2024-09-15
RESP01863,STU121,Q001-13,ASS001,1,2024-09-15
RESP01864,STU121,Q001-14,ASS001,1,2024-09-15
RESP01865,STU121,Q001-15,ASS001,1,2024-09-15
RESP01866,STU122,Q001-01,ASS001,0,2024-09-15
RESP01867,STU122,Q001-02,ASS001,1,2024-09-15
RESP01868,STU122,Q001-03,ASS001,1,2024-09-15
RESP01869,STU122,Q001-04,ASS001,1,2024-09-15
RESP01870,STU122,Q001-05,ASS001,1,2024-09-15
RESP01871,STU122,Q001-06,ASS001,1,2024-09-15
RESP01872,STU122,Q001-07,ASS001,1,2024-09-15
RESP01873,STU122,Q001-08,ASS001,1,2024-09-15
RESP01874,STU122,Q001-09,ASS001,1,2024-09-15
RESP01875,STU122,Q001-10,ASS001,1,2024-09-15
RESP01876,STU122,Q001-11,ASS001,1,2024-09-15
RESP01877,STU122,Q001-12,ASS001,1,2024-09-15
RESP01878,STU122,Q001-13,ASS001,1,2024-09-15
RESP01879,STU122,Q001-14,ASS001,1,2024-09-15
RESP01880,STU122,Q001-15,ASS001,1,2024-09-15
RESP01881,STU123,Q001-01,ASS001,1,2024-09-15
RESP01882,STU123,Q001-02,ASS001,1,2024-09-15
RESP01883,STU123,Q001-03,ASS001,1,2024-09-15
RESP01884,STU123,Q001-04,ASS001,0,2024-09-15
RESP01885,STU123,Q001-05,ASS001,1,2024-09-15
RESP01886,STU123,Q001-06,ASS001,1,2024-09-15
RESP01887,STU123,Q001-07,ASS001,1,2024-09-15
RESP01888,STU123,Q001-08,ASS001,1,2024-09-15
RESP01889,STU123,Q001-09,ASS001,0,2024-09-15
RESP01890,STU123,Q001-10,ASS001,1,2024-09-15
RESP01891,STU123,Q001-11,ASS001,1,2024-09-15
RESP01892,STU123,Q001-12,ASS001,1,2024-09-15
RESP01893,STU123,Q001-13,ASS001,1,2024-09-15
RESP01894,STU123,Q001-14,ASS001,0,2024-09-15
RESP01895,STU123,Q001-15,ASS001,1,2024-09-15
RESP01896,STU124,Q001-01,ASS001,0,2024-09-15
RESP01897,STU124,Q001-02,ASS001,1,2024-09-15
RESP01898,STU124,Q001-03,ASS001,1,2024-09-15
RESP01899,STU124,Q001-04,ASS001,1,2024-09-15
RESP01900,STU124,Q001-05,ASS001,1,2024-09-15
RESP01901,STU124,Q001-06,ASS001,1,2024-09-15
RESP01902,STU124,Q001-07,ASS001,1,2024-09-15
RESP01903,STU124,Q001-08,ASS001,1,2024-09-15
RESP01904,STU124,Q001-09,ASS001,1,2024-09-15
RESP01905,STU124,Q001-10,ASS001,1,2024-09-15
RESP01906,STU124,Q001-11,ASS001,1,2024-09-15
RESP01907,STU124,Q001-12,ASS001,1,2024-09-15
RESP01908,STU124,Q001-13,ASS001,1,2024-09-15
RESP01909,STU124,Q001-14,ASS001,1,2024-09-15
RESP01910,STU124,Q001-15,ASS001,1,2024-09-15
RESP01911,STU125,Q001-01,ASS001,0,2024-09-15
RESP01912,STU125,Q001-02,ASS001,0,2024-09-15
RESP01913,STU125,Q001-03,ASS001,1,2024-09-15
RESP01914,STU125,Q001-04,ASS001,1,2024-09-15
RESP01915,STU125,Q001-05,ASS001,1,2024-09-15
RESP01916,STU125,Q001-06,ASS001,0,2024-09-15
RESP01917,STU125,Q001-07,ASS001,0,2024-09-15
RESP01918,STU125,Q001-08,ASS001,1,2024-09-15
RESP01919,STU125,Q001-09,ASS001,0,2024-09-15
RESP01920,STU125,Q001-10,ASS001,0,2024-09-15
RESP01921,STU125,Q001-11,ASS001,0,2024-09-15
RESP01922,STU125,Q001-12,ASS001,0,2024-09-15
RESP01923,STU125,Q001-13,ASS001,1,2024-09-15
RESP01924,STU125,Q001-14,ASS001,1,2024-09-15
RESP01925,STU125,Q001-15,ASS001,0,2024-09-15
RESP01926,STU126,Q001-01,ASS001,0,2024-09-15
RESP01927,STU126,Q001-02,ASS001,1,2024-09-15
RESP01928,STU126,Q001-03,ASS001,1,2024-09-15
RESP01929,STU126,Q001-04,ASS001,0,2024-09-15
RESP01930,STU126,Q001-05,ASS001,0,2024-09-15
RESP01931,STU126,Q001-06,ASS001,1,2024-09-15
RESP01932,STU126,Q001-07,ASS001,1,2024-09-15
RESP01933,STU126,Q001-08,ASS001,1,2024-09-15
RESP01934,STU126,Q001-09,ASS001,1,2024-09-15
RESP01935,STU126,Q001-10,ASS001,0,2024-09-15
RESP01936,STU126,Q001-11,ASS001,0,2024-09-15
RESP01937,STU126,Q001-12,ASS001,1,2024-09-15
RESP01938,STU126,Q001-13,ASS001,1,2024-09-15
RESP01939,STU126,Q001-14,ASS001,0,2024-09-15
RESP01940,STU126,Q001-15,ASS001,1,2024-09-15
RESP01941,STU127,Q001-01,ASS001,0,2024-09-15
RESP01942,STU127,Q001-02,ASS001,1,2024-09-15
RESP01943,STU127,Q001-03,ASS001,1,2024-09-15
RESP01944,STU127,Q001-04,ASS001,1,2024-09-15
RESP01945,STU127,Q001-05,ASS001,1,2024-09-15
RESP01946,STU127,Q001-06,ASS001,1,2024-09-15
RESP01947,STU127,Q001-07,ASS001,1,2024-09-15
RESP01948,STU127,Q001-08,ASS001,1,2024-09-15
RESP01949,STU127,Q001-09,ASS001,0,2024-09-15
RESP01950,STU127,Q001-10,ASS001,1,2024-09-15
RESP01951,STU127,Q001-11,ASS001,1,2024-09-15
RESP01952,STU127,Q001-11,ASS001,1,2024-09-15
RESP01953,STU127,Q001-12,ASS001,1,2024-09-15
RESP01954,STU127,Q001-13,ASS001,1,2024-09-15
RESP01955,STU127,Q001-14,ASS001,1,2024-09-15
RESP01956,STU127,Q001-15,ASS001,1,2024-09-15
RESP01957,STU128,Q001-01,ASS001,1,2024-09-15
RESP01958,STU128,Q001-02,ASS001,1,2024-09-15
RESP01959,STU128,Q001-03,ASS001,1,2024-09-15
RESP01960,STU128,Q001-04,ASS001,1,2024-09-15
RESP01961,STU128,Q001-05,ASS001,0,2024-09-15
RESP01962,STU128,Q001-06,ASS001,1,2024-09-15
RESP01963,STU128,Q001-07,ASS001,1,2024-09-15
RESP01964,STU128,Q001-08,ASS001,1,2024-09-15
RESP01965,STU128,Q001-09,ASS001,1,2024-09-15
RESP01966,STU128,Q001-10,ASS001,1,2024-09-15
RESP01967,STU128,Q001-11,ASS001,1,2024-09-15
RESP01968,STU128,Q001-12,ASS001,0,2024-09-15
RESP01969,STU128,Q001-13,ASS001,1,2024-09-15
RESP01970,STU128,Q001-14,ASS001,1,2024-09-15
RESP01971,STU128,Q001-15,ASS001,1,2024-09-15
RESP01972,STU129,Q001-01,ASS001,1,2024-09-15
RESP01973,STU129,Q001-02,ASS001,0,2024-09-15
RESP01974,STU129,Q001-03,ASS001,1,2024-09-15
RESP01975,STU129,Q001-04,ASS001,1,2024-09-15
RESP01976,STU129,Q001-05,ASS001,1,2024-09-15
RESP01977,STU129,Q001-06,ASS001,1,2024-09-15
RESP01978,STU129,Q001-07,ASS001,1,2024-09-15
RESP01979,STU129,Q001-08,ASS001,1,2024-09-15
RESP01980,STU129,Q001-09,ASS001,1,2024-09-15
RESP01981,STU129,Q001-10,ASS001,1,2024-09-15
RESP01982,STU129,Q001-11,ASS001,0,2024-09-15
RESP01983,STU129,Q001-12,ASS001,1,2024-09-15
RESP01984,STU129,Q001-13,ASS001,1,2024-09-15
RESP01985,STU129,Q001-13,ASS001,1,2024-09-15
RESP01986,STU129,Q001-14,ASS001,1,2024-09-15
RESP01987,STU129,Q001-15,ASS001,1,2024-09-15
RESP01988,STU130,Q001-01,ASS001,1,2024-09-15
RESP01989,STU130,Q001-01,ASS001,1,2024-09-15
RESP01990,STU130,Q001-02,ASS001,1,2024-09-15
RESP01991,STU130,Q001-03,ASS001,1,2024-09-15
RESP01992,STU130,Q001-04,ASS001,1,2024-09-15
RESP01993,STU130,Q001-05,ASS001,1,2024-09-15
RESP01994,STU130,Q001-06,ASS001,1,2024-09-15
RESP01995,STU130,Q001-07,ASS001,1,2024-09-15
RESP01996,STU130,Q001-08,ASS001,1,2024-09-15
RESP01997,STU130,Q001-09,ASS001,1,2024-09-15
RESP01998,STU130,Q001-10,ASS001,1,2024-09-15
RESP01999,STU130,Q001-11,ASS001,1,2024-09-15
RESP02000,STU130,Q001-12,ASS001,1,2024-09-15
RESP02001,STU130,Q001-13,ASS001,1,2024-09-15
RESP02002,STU130,Q001-14,ASS001,1,2024-09-15
RESP02003,STU130,Q001-15,ASS001,1,2024-09-15
RESP02004,STU131,Q001-01,ASS001,1,2024-09-15
RESP02005,STU131,Q001-02,ASS001,1,2024-09-15
RESP02006,STU131,Q001-03,ASS001,1,2024-09-15
RESP02007,STU131,Q001-04,ASS001,0,2024-09-15
RESP02008,STU131,Q001-05,ASS001,1,2024-09-15
RESP02009,STU131,Q001-06,ASS001,1,2024-09-15
RESP02010,STU131,Q001-07,ASS001,1,2024-09-15
RESP02011,STU131,Q001-08,ASS001,1,2024-09-15
RESP02012,STU131,Q001-09,ASS001,1,2024-09-15
RESP02013,STU131,Q001-10,ASS001,1,2024-09-15
RESP02014,STU131,Q001-11,ASS001,1,2024-09-15
RESP02015,STU131,Q001-12,ASS001,1,2024-09-15
RESP02016,STU131,Q001-13,ASS001,1,2024-09-15
RESP02017,STU131,Q001-14,ASS001,1,2024-09-15
RESP02018,STU131,Q001-15,ASS001,1,2024-09-15
RESP02019,STU132,Q001-01,ASS001,0,2024-09-15
RESP02020,STU132,Q001-02,ASS001,1,2024-09-15
RESP02021,STU132,Q001-03,ASS001,1,2024-09-15
RESP02022,STU132,Q001-04,ASS001,1,2024-09-15
RESP02023,STU132,Q001-05,ASS001,0,2024-09-15
RESP02024,STU132,Q001-06,ASS001,1,2024-09-15
RESP02025,STU132,Q001-06,ASS001,1,2024-09-15
RESP02026,STU132,Q001-07,ASS001,1,2024-09-15
RESP02027,STU132,Q001-08,ASS001,0,2024-09-15
RESP02028,STU132,Q001-09,ASS001,0,2024-09-15
RESP02029,STU132,Q001-10,ASS001,1,2024-09-15
RESP02030,STU132,Q001-11,ASS001,1,2024-09-15
RESP02031,STU132,Q001-12,ASS001,1,2024-09-15
RESP02032,STU132,Q001-13,ASS001,1,2024-09-15
RESP02033,STU132,Q001-14,ASS001,0,2024-09-15
RESP02034,STU132,Q001-15,ASS001,1,2024-09-15
RESP02035,STU133,Q001-01,ASS001,1,2024-09-15
RESP02036,STU133,Q001-02,ASS001,1,2024-09-15
RESP02037,STU133,Q001-03,ASS001,1,2024-09-15
RESP02038,STU133,Q001-04,ASS001,1,2024-09-15
RESP02039,STU133,Q001-05,ASS001,1,2024-09-15
RESP02040,STU133,Q001-06,ASS001,1,2024-09-15
RESP02041,STU133,Q001-07,ASS001,1,2024-09-15
RESP02042,STU133,Q001-08,ASS001,1,2024-09-15
RESP02043,STU133,Q001-09,ASS001,0,2024-09-15
RESP02044,STU133,Q001-10,ASS001,1,2024-09-15
RESP02045,STU133,Q001-11,ASS001,0,2024-09-15
RESP02046,STU133,Q001-12,ASS001,1,2024-09-15
RESP02047,STU133,Q001-13,ASS001,1,2024-09-15
RESP02048,STU133,Q001-14,ASS001,1,2024-09-15
RESP02049,STU133,Q001-15,ASS001,1,2024-09-15
RESP02050,STU134,Q001-01,ASS001,1,2024-09-15
RESP02051,STU134,Q001-02,ASS001,1,2024-09-15
RESP02052,STU134,Q001-03,ASS001,1,2024-09-15
RESP02053,STU134,Q001-04,ASS001,1,2024-09-15
RESP02054,STU134,Q001-05,ASS001,1,2024-09-15
RESP02055,STU134,Q001-06,ASS001,1,2024-09-15
RESP02056,STU134,Q001-07,ASS001,1,2024-09-15
RESP02057,STU134,Q001-08,ASS001,1,2024-09-15
RESP02058,STU134,Q001-09,ASS001,0,2024-09-15
RESP02059,STU134,Q001-10,ASS001,1,2024-09-15
RESP02060,STU134,Q001-11,ASS001,0,2024-09-15
RESP02061,STU134,Q001-12,ASS001,1,2024-09-15
RESP02062,STU134,Q001-13,ASS001,1,2024-09-15
RESP02063,STU134,Q001-14,ASS001,1,2024-09-15
RESP02064,STU134,Q001-15,ASS001,1,2024-09-15
RESP02065,STU135,Q001-01,ASS001,0,2024-09-15
RESP02066,STU135,Q001-02,ASS001,0,2024-09-15
RESP02067,STU135,Q001-03,ASS001,1,2024-09-15
RESP02068,STU135,Q001-04,ASS001,0,2024-09-15
RESP02069,STU135,Q001-05,ASS001,0,2024-09-15
RESP02070,STU135,Q001-06,ASS001,1,2024-09-15
RESP02071,STU135,Q001-07,ASS001,0,2024-09-15
RESP02072,STU135,Q001-08,ASS001,1,2024-09-15
RESP02073,STU135,Q001-09,ASS001,1,2024-09-15
RESP02074,STU135,Q001-10,ASS001,1,2024-09-15
RESP02075,STU135,Q001-11,ASS001,0,2024-09-15
RESP02076,STU135,Q001-12,ASS001,0,2024-09-15
RESP02077,STU135,Q001-13,ASS001,1,2024-09-15
RESP02078,STU135,Q001-14,ASS001,1,2024-09-15
RESP02079,STU135,Q001-15,ASS001,1,2024-09-15
RESP02080,STU136,Q001-01,ASS001,1,2024-09-15
RESP02081,STU136,Q001-02,ASS001,1,2024-09-15
RESP02082,STU136,Q001-03,ASS001,1,2024-09-15
RESP02083,STU136,Q001-04,ASS001,1,2024-09-15
RESP02084,STU136,Q001-05,ASS001,1,2024-09-15
RESP02085,STU136,Q001-06,ASS001,1,2024-09-15
RESP02086,STU136,Q001-07,ASS001,1,2024-09-15
RESP02087,STU136,Q001-08,ASS001,1,2024-09-15
RESP02088,STU136,Q001-09,ASS001,1,2024-09-15
RESP02089,STU136,Q001-10,ASS001,1,2024-09-15
RESP02090,STU136,Q001-11,ASS001,1,2024-09-15
RESP02091,STU136,Q001-12,ASS001,1,2024-09-15
RESP02092,STU136,Q001-13,ASS001,0,2024-09-15
RESP02093,STU136,Q001-14,ASS001,1,2024-09-15
RESP02094,STU136,Q001-15,ASS001,1,2024-09-15
RESP02095,STU137,Q001-01,ASS001,1,2024-09-15
RESP02096,STU137,Q001-02,ASS001,1,2024-09-15
RESP02097,STU137,Q001-03,ASS001,1,2024-09-15
RESP02098,STU137,Q001-03,ASS001,1,2024-09-15
RESP02099,STU137,Q001-04,ASS001,1,2024-09-15
RESP02100,STU137,Q001-05,ASS001,1,2024-09-15
RESP02101,STU137,Q001-06,ASS001,1,2024-09-15
RESP02102,STU137,Q001-07,ASS001,1,2024-09-15
RESP02103,STU137,Q001-08,ASS001,1,2024-09-15
RESP02104,STU137,Q001-09,ASS001,1,2024-09-15
RESP02105,STU137,Q001-10,ASS001,1,2024-09-15
RESP02106,STU137,Q001-11,ASS001,1,2024-09-15
RESP02107,STU137,Q001-12,ASS001,1,2024-09-15
RESP02108,STU137,Q001-13,ASS001,1,2024-09-15
RESP02109,STU137,Q001-14,ASS001,1,2024-09-15
RESP02110,STU137,Q001-15,ASS001,1,2024-09-15
RESP02111,STU138,Q001-01,ASS001,1,2024-09-15
RESP02112,STU138,Q001-02,ASS001,1,2024-09-15
RESP02113,STU138,Q001-03,ASS001,1,2024-09-15
RESP02114,STU138,Q001-04,ASS001,1,2024-09-15
RESP02115,STU138,Q001-05,ASS001,1,2024-09-15
RESP02116,STU138,Q001-06,ASS001,1,2024-09-15
RESP02117,STU138,Q001-07,ASS001,1,2024-09-15
RESP02118,STU138,Q001-08,ASS001,1,2024-09-15
RESP02119,STU138,Q001-09,ASS001,1,2024-09-15
RESP02120,STU138,Q001-10,ASS001,1,2024-09-15
RESP02121,STU138,Q001-11,ASS001,1,2024-09-15
RESP02122,STU138,Q001-12,ASS001,1,2024-09-15
RESP02123,STU138,Q001-13,ASS001,1,2024-09-15
RESP02124,STU138,Q001-14,ASS001,1,2024-09-15
RESP02125,STU138,Q001-15,ASS001,1,2024-09-15
RESP02126,STU139,Q001-01,ASS001,0,2024-09-15
RESP02127,STU139,Q001-02,ASS001,0,2024-09-15
RESP02128,STU139,Q001-03,ASS001,0,2024-09-15
RESP02129,STU139,Q001-04,ASS001,1,2024-09-15
RESP02130,STU139,Q001-05,ASS001,0,2024-09-15
RESP02131,STU139,Q001-06,ASS001,1,2024-09-15
RESP02132,STU139,Q001-07,ASS001,1,2024-09-15
RESP02133,STU139,Q001-08,ASS001,0,2024-09-15
RESP02134,STU139,Q001-09,ASS001,1,2024-09-15
RESP02135,STU139,Q001-10,ASS001,1,2024-09-15
RESP02136,STU139,Q001-11,ASS001,0,2024-09-15
RESP02137,STU139,Q001-12,ASS001,1,2024-09-15
RESP02138,STU139,Q001-13,ASS001,1,2024-09-15
RESP02139,STU139,Q001-14,ASS001,0,2024-09-15
RESP02140,STU139,Q001-15,ASS001,1,2024-09-15
RESP02141,STU140,Q001-01,ASS001,1,2024-09-15
RESP02142,STU140,Q001-02,ASS001,1,2024-09-15
RESP02143,STU140,Q001-03,ASS001,1,2024-09-15
RESP02144,STU140,Q001-04,ASS001,0,2024-09-15
RESP02145,STU140,Q001-05,ASS001,1,2024-09-15
RESP02146,STU140,Q001-06,ASS001,1,2024-09-15
RESP02147,STU140,Q001-07,ASS001,1,2024-09-15
RESP02148,STU140,Q001-08,ASS001,1,2024-09-15
RESP02149,STU140,Q001-09,ASS001,1,2024-09-15
RESP02150,STU140,Q001-10,ASS001,1,2024-09-15
RESP02151,STU140,Q001-11,ASS001,1,2024-09-15
RESP02152,STU140,Q001-12,ASS001,1,2024-09-15
RESP02153,STU140,Q001-13,ASS001,1,2024-09-15
RESP02154,STU140,Q001-14,ASS001,0,2024-09-15
RESP02155,STU140,Q001-14,ASS001,0,2024-09-15
RESP02156,STU140,Q001-15,ASS001,1,2024-09-15
RESP02157,STU141,Q001-01,ASS001,0,2024-09-15
RESP02158,STU141,Q001-02,ASS001,1,2024-09-15
RESP02159,STU141,Q001-03,ASS001,1,2024-09-15
RESP02160,STU141,Q001-04,ASS001,1,2024-09-15
RESP02161,STU141,Q001-05,ASS001,0,2024-09-15
RESP02162,STU141,Q001-06,ASS001,1,2024-09-15
RESP02163,STU141,Q001-07,ASS001,1,2024-09-15
RESP02164,STU141,Q001-08,ASS001,1,2024-09-15
RESP02165,STU141,Q001-09,ASS001,1,2024-09-15
RESP02166,STU141,Q001-10,ASS001,1,2024-09-15
RESP02167,STU141,Q001-11,ASS001,0,2024-09-15
RESP02168,STU141,Q001-12,ASS001,1,2024-09-15
RESP02169,STU141,Q001-13,ASS001,1,2024-09-15
RESP02170,STU141,Q001-14,ASS001,1,2024-09-15
RESP02171,STU141,Q001-15,ASS001,1,2024-09-15
RESP02172,STU142,Q001-01,ASS001,1,2024-09-15
RESP02173,STU142,Q001-02,ASS001,1,2024-09-15
RESP02174,STU142,Q001-03,ASS001,1,2024-09-15
RESP02175,STU142,Q001-04,ASS001,0,2024-09-15
RESP02176,STU142,Q001-05,ASS001,1,2024-09-15
RESP02177,STU142,Q001-06,ASS001,0,2024-09-15
RESP02178,STU142,Q001-07,ASS001,1,2024-09-15
RESP02179,STU142,Q001-08,ASS001,1,2024-09-15
RESP02180,STU142,Q001-09,ASS001,1,2024-09-15
RESP02181,STU142,Q001-10,ASS001,1,2024-09-15
RESP02182,STU142,Q001-11,ASS001,0,2024-09-15
RESP02183,STU142,Q001-12,ASS001,1,2024-09-15
RESP02184,STU142,Q001-12,ASS001,1,2024-09-15
RESP02185,STU142,Q001-13,ASS001,1,2024-09-15
RESP02186,STU142,Q001-14,ASS001,0,2024-09-15
RESP02187,STU142,Q001-15,ASS001,1,2024-09-15
RESP02188,STU143,Q001-01,ASS001,1,2024-09-15
RESP02189,STU143,Q001-02,ASS001,1,2024-09-15
RESP02190,STU143,Q001-03,ASS001,1,2024-09-15
RESP02191,STU143,Q001-04,ASS001,1,2024-09-15
RESP02192,STU143,Q001-05,ASS001,1,2024-09-15
RESP02193,STU143,Q001-06,ASS001,1,2024-09-15
RESP02194,STU143,Q001-07,ASS001,1,2024-09-15
RESP02195,STU143,Q001-08,ASS001,1,2024-09-15
RESP02196,STU143,Q001-09,ASS001,1,2024-09-15
RESP02197,STU143,Q001-10,ASS001,1,2024-09-15
RESP02198,STU143,Q001-11,ASS001,1,2024-09-15
RESP02199,STU143,Q001-12,ASS001,1,2024-09-15
RESP02200,STU143,Q001-13,ASS001,1,2024-09-15
RESP02201,STU143,Q001-14,ASS001,1,2024-09-15
RESP02202,STU143,Q001-15,ASS001,1,2024-09-15
RESP02203,STU144,Q001-01,ASS001,0,2024-09-15
RESP02204,STU144,Q001-02,ASS001,0,2024-09-15
RESP02205,STU144,Q001-03,ASS001,1,2024-09-15
RESP02206,STU144,Q001-04,ASS001,0,2024-09-15
RESP02207,STU144,Q001-05,ASS001,1,2024-09-15
RESP02208,STU144,Q001-06,ASS001,1,2024-09-15
RESP02209,STU144,Q001-07,ASS001,1,2024-09-15
RESP02210,STU144,Q001-08,ASS001,1,2024-09-15
RESP02211,STU144,Q001-09,ASS001,1,2024-09-15
RESP02212,STU144,Q001-10,ASS001,1,2024-09-15
RESP02213,STU144,Q001-11,ASS001,0,2024-09-15
RESP02214,STU144,Q001-12,ASS001,1,2024-09-15
RESP02215,STU144,Q001-13,ASS001,1,2024-09-15
RESP02216,STU144,Q001-14,ASS001,0,2024-09-15
RESP02217,STU144,Q001-15,ASS001,1,2024-09-15
RESP02218,STU145,Q001-01,ASS001,1,2024-09-15
RESP02219,STU145,Q001-02,ASS001,1,2024-09-15
RESP02220,STU145,Q001-03,ASS001,1,2024-09-15
RESP02221,STU145,Q001-04,ASS001,0,2024-09-15
RESP02222,STU145,Q001-05,ASS001,1,2024-09-15
RESP02223,STU145,Q001-05,ASS001,1,2024-09-15
RESP02224,STU145,Q001-06,ASS001,1,2024-09-15
RESP02225,STU145,Q001-07,ASS001,1,2024-09-15
RESP02226,STU145,Q001-08,ASS001,1,2024-09-15
RESP02227,STU145,Q001-09,ASS001,1,2024-09-15
RESP02228,STU145,Q001-10,ASS001,1,2024-09-15
RESP02229,STU145,Q001-11,ASS001,0,2024-09-15
RESP02230,STU145,Q001-12,ASS001,1,2024-09-15
RESP02231,STU145,Q001-13,ASS001,1,2024-09-15
RESP02232,STU145,Q001-14,ASS001,1,2024-09-15
RESP02233,STU145,Q001-15,ASS001,1,2024-09-15
RESP02234,STU146,Q001-01,ASS001,1,2024-09-15
RESP02235,STU146,Q001-02,ASS001,1,2024-09-15
RESP02236,STU146,Q001-03,ASS001,1,2024-09-15
RESP02237,STU146,Q001-04,ASS001,1,2024-09-15
RESP02238,STU146,Q001-04,ASS001,1,2024-09-15
RESP02239,STU146,Q001-05,ASS001,0,2024-09-15
RESP02240,STU146,Q001-06,ASS001,1,2024-09-15
RESP02241,STU146,Q001-07,ASS001,1,2024-09-15
RESP02242,STU146,Q001-08,ASS001,1,2024-09-15
RESP02243,STU146,Q001-09,ASS001,1,2024-09-15
RESP02244,STU146,Q001-10,ASS001,1,2024-09-15
RESP02245,STU146,Q001-11,ASS001,0,2024-09-15
RESP02246,STU146,Q001-11,ASS001,0,2024-09-15
RESP02247,STU146,Q001-12,ASS001,1,2024-09-15
RESP02248,STU146,Q001-13,ASS001,1,2024-09-15
RESP02249,STU146,Q001-14,ASS001,1,2024-09-15
RESP02250,STU146,Q001-15,ASS001,1,2024-09-15
RESP02251,STU147,Q001-01,ASS001,0,2024-09-15
RESP02252,STU147,Q001-02,ASS001,1,2024-09-15
RESP02253,STU147,Q001-03,ASS001,0,2024-09-15
RESP02254,STU147,Q001-04,ASS001,1,2024-09-15
RESP02255,STU147,Q001-05,ASS001,0,2024-09-15
RESP02256,STU147,Q001-06,ASS001,1,2024-09-15
RESP02257,STU147,Q001-07,ASS001,1,2024-09-15
RESP02258,STU147,Q001-08,ASS001,0,2024-09-15
RESP02259,STU147,Q001-09,ASS001,0,2024-09-15
RESP02260,STU147,Q001-10,ASS001,0,2024-09-15
RESP02261,STU147,Q001-11,ASS001,1,2024-09-15
RESP02262,STU147,Q001-12,ASS001,1,2024-09-15
RESP02263,STU147,Q001-13,ASS001,1,2024-09-15
RESP02264,STU147,Q001-14,ASS001,1,2024-09-15
RESP02265,STU147,Q001-15,ASS001,1,2024-09-15
RESP02266,STU148,Q001-01,ASS001,0,2024-09-15
RESP02267,STU148,Q001-02,ASS001,1,2024-09-15
RESP02268,STU148,Q001-03,ASS001,1,2024-09-15
RESP02269,STU148,Q001-04,ASS001,1,2024-09-15
RESP02270,STU148,Q001-05,ASS001,1,2024-09-15
RESP02271,STU148,Q001-06,ASS001,1,2024-09-15
RESP02272,STU148,Q001-07,ASS001,1,2024-09-15
RESP02273,STU148,Q001-08,ASS001,1,2024-09-15
RESP02274,STU148,Q001-09,ASS001,1,2024-09-15
RESP02275,STU148,Q001-10,ASS001,1,2024-09-15
RESP02276,STU148,Q001-11,ASS001,1,2024-09-15
RESP02277,STU148,Q001-12,ASS001,1,2024-09-15
RESP02278,STU148,Q001-13,ASS001,1,2024-09-15
RESP02279,STU148,Q001-14,ASS001,1,2024-09-15
RESP02280,STU148,Q001-15,ASS001,1,2024-09-15
RESP02281,STU149,Q001-01,ASS001,1,2024-09-15
RESP02282,STU149,Q001-02,ASS001,1,2024-09-15
RESP02283,STU149,Q001-02,ASS001,1,2024-09-15
RESP02284,STU149,Q001-03,ASS001,1,2024-09-15
RESP02285,STU149,Q001-04,ASS001,1,2024-09-15
RESP02286,STU149,Q001-05,ASS001,0,2024-09-15
RESP02287,STU149,Q001-06,ASS001,1,2024-09-15
RESP02288,STU149,Q001-07,ASS001,1,2024-09-15
RESP02289,STU149,Q001-08,ASS001,1,2024-09-15
RESP02290,STU149,Q001-09,ASS001,1,2024-09-15
RESP02291,STU149,Q001-10,ASS001,1,2024-09-15
RESP02292,STU149,Q001-11,ASS001,0,2024-09-15
RESP02293,STU149,Q001-11,ASS001,0,2024-09-15
RESP02294,STU149,Q001-12,ASS001,1,2024-09-15
RESP02295,STU149,Q001-13,ASS001,1,2024-09-15
RESP02296,STU149,Q001-14,ASS001,1,2024-09-15
RESP02297,STU149,Q001-15,ASS001,0,2024-09-15
RESP02298,STU150,Q001-01,ASS001,0,2024-09-15
RESP02299,STU150,Q001-02,ASS001,0,2024-09-15
RESP02300,STU150,Q001-03,ASS001,1,2024-09-15
RESP02301,STU150,Q001-04,ASS001,0,2024-09-15
RESP02302,STU150,Q001-05,ASS001,0,2024-09-15
RESP02303,STU150,Q001-05,ASS001,0,2024-09-15
RESP02304,STU150,Q001-06,ASS001,1,2024-09-15
RESP02305,STU150,Q001-07,ASS001,0,2024-09-15
RESP02306,STU150,Q001-08,ASS001,1,2024-09-15
RESP02307,STU150,Q001-09,ASS001,1,2024-09-15
RESP02308,STU150,Q001-10,ASS001,1,2024-09-15
RESP02309,STU150,Q001-11,ASS001,0,2024-09-15
RESP02310,STU150,Q001-12,ASS001,1,2024-09-15
RESP02311,STU150,Q001-13,ASS001,1,2024-09-15
RESP02312,STU150,Q001-14,ASS001,1,2024-09-15
RESP02313,STU150,Q001-15,ASS001,1,2024-09-15
RESP02314,STU151,Q001-01,ASS001,1,2024-09-15
RESP02315,STU151,Q001-02,ASS001,1,2024-09-15
RESP02316,STU151,Q001-03,ASS001,1,2024-09-15
RESP02317,STU151,Q001-04,ASS001,1,2024-09-15
RESP02318,STU151,Q001-05,ASS001,0,2024-09-15
RESP02319,STU151,Q001-06,ASS001,1,2024-09-15
RESP02320,STU151,Q001-07,ASS001,1,2024-09-15
RESP02321,STU151,Q001-08,ASS001,1,2024-09-15
RESP02322,STU151,Q001-09,ASS001,0,2024-09-15
RESP02323,STU151,Q001-10,ASS001,1,2024-09-15
RESP02324,STU151,Q001-11,ASS001,1,2024-09-15
RESP02325,STU151,Q001-12,ASS001,1,2024-09-15
RESP02326,STU151,Q001-13,ASS001,1,2024-09-15
RESP02327,STU151,Q001-14,ASS001,1,2024-09-15
RESP02328,STU151,Q001-15,ASS001,1,2024-09-15
RESP02329,STU152,Q001-01,ASS001,1,2024-09-15
RESP02330,STU152,Q001-02,ASS001,1,2024-09-15
RESP02331,STU152,Q001-03,ASS001,1,2024-09-15
RESP02332,STU152,Q001-04,ASS001,1,2024-09-15
RESP02333,STU152,Q001-05,ASS001,1,2024-09-15
RESP02334,STU152,Q001-06,ASS001,1,2024-09-15
RESP02335,STU152,Q001-07,ASS001,1,2024-09-15
RESP02336,STU152,Q001-08,ASS001,1,2024-09-15
RESP02337,STU152,Q001-09,ASS001,1,2024-09-15
RESP02338,STU152,Q001-10,ASS001,0,2024-09-15
RESP02339,STU152,Q001-11,ASS001,1,2024-09-15
RESP02340,STU152,Q001-12,ASS001,1,2024-09-15
RESP02341,STU152,Q001-13,ASS001,1,2024-09-15
RESP02342,STU152,Q001-14,ASS001,1,2024-09-15
RESP02343,STU152,Q001-15,ASS001,1,2024-09-15
RESP02344,STU153,Q001-01,ASS001,1,2024-09-15
RESP02345,STU153,Q001-02,ASS001,1,2024-09-15
RESP02346,STU153,Q001-03,ASS001,1,2024-09-15
RESP02347,STU153,Q001-04,ASS001,0,2024-09-15
RESP02348,STU153,Q001-05,ASS001,1,2024-09-15
RESP02349,STU153,Q001-06,ASS001,1,2024-09-15
RESP02350,STU153,Q001-07,ASS001,1,2024-09-15
RESP02351,STU153,Q001-08,ASS001,1,2024-09-15
RESP02352,STU153,Q001-09,ASS001,1,2024-09-15
RESP02353,STU153,Q001-09,ASS001,1,2024-09-15
RESP02354,STU153,Q001-10,ASS001,1,2024-09-15
RESP02355,STU153,Q001-11,ASS001,0,2024-09-15
RESP02356,STU153,Q001-12,ASS001,1,2024-09-15
RESP02357,STU153,Q001-13,ASS001,1,2024-09-15
RESP02358,STU153,Q001-14,ASS001,1,2024-09-15
RESP02359,STU153,Q001-15,ASS001,1,2024-09-15
RESP02360,STU154,Q001-01,ASS001,1,2024-09-15
RESP02361,STU154,Q001-02,ASS001,1,2024-09-15
RESP02362,STU154,Q001-03,ASS001,1,2024-09-15
RESP02363,STU154,Q001-04,ASS001,1,2024-09-15
RESP02364,STU154,Q001-05,ASS001,1,2024-09-15
RESP02365,STU154,Q001-06,ASS001,1,2024-09-15
RESP02366,STU154,Q001-07,ASS001,1,2024-09-15
RESP02367,STU154,Q001-08,ASS001,1,2024-09-15
RESP02368,STU154,Q001-09,ASS001,0,2024-09-15
RESP02369,STU154,Q001-10,ASS001,1,2024-09-15
RESP02370,STU154,Q001-11,ASS001,1,2024-09-15
RESP02371,STU154,Q001-12,ASS001,1,2024-09-15
RESP02372,STU154,Q001-13,ASS001,1,2024-09-15
RESP02373,STU154,Q001-14,ASS001,1,2024-09-15
RESP02374,STU154,Q001-15,ASS001,1,2024-09-15
RESP02375,STU155,Q001-01,ASS001,1,2024-09-15
RESP02376,STU155,Q001-02,ASS001,1,2024-09-15
RESP02377,STU155,Q001-03,ASS001,1,2024-09-15
RESP02378,STU155,Q001-04,ASS001,0,2024-09-15
RESP02379,STU155,Q001-05,ASS001,1,2024-09-15
RESP02380,STU155,Q001-06,ASS001,1,2024-09-15
RESP02381,STU155,Q001-07,ASS001,1,2024-09-15
RESP02382,STU155,Q001-08,ASS001,1,2024-09-15
RESP02383,STU155,Q001-09,ASS001,1,2024-09-15
RESP02384,STU155,Q001-10,ASS001,1,2024-09-15
RESP02385,STU155,Q001-11,ASS001,0,2024-09-15
RESP02386,STU155,Q001-12,ASS001,1,2024-09-15
RESP02387,STU155,Q001-13,ASS001,1,2024-09-15
RESP02388,STU155,Q001-14,ASS001,1,2024-09-15
RESP02389,STU155,Q001-15,ASS001,1,2024-09-15
RESP02390,STU156,Q001-01,ASS001,0,2024-09-15
RESP02391,STU156,Q001-02,ASS001,1,2024-09-15
RESP02392,STU156,Q001-03,ASS001,0,2024-09-15
RESP02393,STU156,Q001-04,ASS001,0,2024-09-15
RESP02394,STU156,Q001-05,ASS001,0,2024-09-15
RESP02395,STU156,Q001-06,ASS001,0,2024-09-15
RESP02396,STU156,Q001-07,ASS001,0,2024-09-15
RESP02397,STU156,Q001-08,ASS001,0,2024-09-15
RESP02398,STU156,Q001-09,ASS001,0,2024-09-15
RESP02399,STU156,Q001-10,ASS001,0,2024-09-15
RESP02400,STU156,Q001-11,ASS001,0,2024-09-15
RESP02401,STU156,Q001-12,ASS001,1,2024-09-15
RESP02402,STU156,Q001-13,ASS001,0,2024-09-15
RESP02403,STU156,Q001-14,ASS001,0,2024-09-15
RESP02404,STU156,Q001-15,ASS001,1,2024-09-15
RESP02405,STU157,Q001-01,ASS001,0,2024-09-15
RESP02406,STU157,Q001-02,ASS001,1,2024-09-15
RESP02407,STU157,Q001-03,ASS001,1,2024-09-15
RESP02408,STU157,Q001-04,ASS001,1,2024-09-15
RESP02409,STU157,Q001-05,ASS001,0,2024-09-15
RESP02410,STU157,Q001-06,ASS001,0,2024-09-15
RESP02411,STU157,Q001-07,ASS001,1,2024-09-15
RESP02412,STU157,Q001-08,ASS001,0,2024-09-15
RESP02413,STU157,Q001-09,ASS001,0,2024-09-15
RESP02414,STU157,Q001-10,ASS001,1,2024-09-15
RESP02415,STU157,Q001-11,ASS001,1,2024-09-15
RESP02416,STU157,Q001-12,ASS001,1,2024-09-15
RESP02417,STU157,Q001-13,ASS001,0,2024-09-15
RESP02418,STU157,Q001-14,ASS001,0,2024-09-15
RESP02419,STU157,Q001-15,ASS001,1,2024-09-15
RESP02420,STU158,Q001-01,ASS001,1,2024-09-15
RESP02421,STU158,Q001-02,ASS001,1,2024-09-15
RESP02422,STU158,Q001-03,ASS001,1,2024-09-15
RESP02423,STU158,Q001-04,ASS001,1,2024-09-15
RESP02424,STU158,Q001-04,ASS001,1,2024-09-15
RESP02425,STU158,Q001-05,ASS001,1,2024-09-15
RESP02426,STU158,Q001-06,ASS001,1,2024-09-15
RESP02427,STU158,Q001-07,ASS001,1,2024-09-15
RESP02428,STU158,Q001-08,ASS001,1,2024-09-15
RESP02429,STU158,Q001-09,ASS001,1,2024-09-15
RESP02430,STU158,Q001-10,ASS001,1,2024-09-15
RESP02431,STU158,Q001-11,ASS001,1,2024-09-15
RESP02432,STU158,Q001-12,ASS001,1,2024-09-15
RESP02433,STU158,Q001-13,ASS001,1,2024-09-15
RESP02434,STU158,Q001-14,ASS001,1,2024-09-15
RESP02435,STU158,Q001-15,ASS001,1,2024-09-15
RESP02436,STU159,Q001-01,ASS001,0,2024-09-15
RESP02437,STU159,Q001-02,ASS001,1,2024-09-15
RESP02438,STU159,Q001-03,ASS001,1,2024-09-15
RESP02439,STU159,Q001-04,ASS001,1,2024-09-15
RESP02440,STU159,Q001-05,ASS001,1,2024-09-15
RESP02441,STU159,Q001-06,ASS001,1,2024-09-15
RESP02442,STU159,Q001-07,ASS001,1,2024-09-15
RESP02443,STU159,Q001-08,ASS001,1,2024-09-15
RESP02444,STU159,Q001-09,ASS001,1,2024-09-15
RESP02445,STU159,Q001-10,ASS001,1,2024-09-15
RESP02446,STU159,Q001-11,ASS001,1,2024-09-15
RESP02447,STU159,Q001-12,ASS001,1,2024-09-15
RESP02448,STU159,Q001-13,ASS001,1,2024-09-15
RESP02449,STU159,Q001-14,ASS001,1,2024-09-15
RESP02450,STU159,Q001-15,ASS001,1,2024-09-15
RESP02451,STU160,Q001-01,ASS001,1,2024-09-15
RESP02452,STU160,Q001-02,ASS001,1,2024-09-15
RESP02453,STU160,Q001-03,ASS001,1,2024-09-15
RESP02454,STU160,Q001-04,ASS001,1,2024-09-15
RESP02455,STU160,Q001-05,ASS001,0,2024-09-15
RESP02456,STU160,Q001-06,ASS001,1,2024-09-15
RESP02457,STU160,Q001-07,ASS001,1,2024-09-15
RESP02458,STU160,Q001-08,ASS001,1,2024-09-15
RESP02459,STU160,Q001-09,ASS001,0,2024-09-15
RESP02460,STU160,Q001-10,ASS001,1,2024-09-15
RESP02461,STU160,Q001-11,ASS001,1,2024-09-15
RESP02462,STU160,Q001-12,ASS001,1,2024-09-15
RESP02463,STU160,Q001-13,ASS001,1,2024-09-15
RESP02464,STU160,Q001-14,ASS001,1,2024-09-15
RESP02465,STU160,Q001-15,ASS001,1,2024-09-15
RESP02466,STU161,Q001-01,ASS001,1,2024-09-15
RESP02467,STU161,Q001-02,ASS001,1,2024-09-15
RESP02468,STU161,Q001-03,ASS001,1,2024-09-15
RESP02469,STU161,Q001-04,ASS001,1,2024-09-15
RESP02470,STU161,Q001-05,ASS001,0,2024-09-15
RESP02471,STU161,Q001-06,ASS001,1,2024-09-15
RESP02472,STU161,Q001-07,ASS001,1,2024-09-15
RESP02473,STU161,Q001-08,ASS001,1,2024-09-15
RESP02474,STU161,Q001-09,ASS001,1,2024-09-15
RESP02475,STU161,Q001-10,ASS001,1,2024-09-15
RESP02476,STU161,Q001-11,ASS001,0,2024-09-15
RESP02477,STU161,Q001-12,ASS001,1,2024-09-15
RESP02478,STU161,Q001-13,ASS001,1,2024-09-15
RESP02479,STU161,Q001-14,ASS001,1,2024-09-15
RESP02480,STU161,Q001-15,ASS001,1,2024-09-15
RESP02481,STU162,Q001-01,ASS001,0,2024-09-15
RESP02482,STU162,Q001-02,ASS001,0,2024-09-15
RESP02483,STU162,Q001-03,ASS001,0,2024-09-15
RESP02484,STU162,Q001-04,ASS001,0,2024-09-15
RESP02485,STU162,Q001-05,ASS001,1,2024-09-15
RESP02486,STU162,Q001-06,ASS001,1,2024-09-15
RESP02487,STU162,Q001-07,ASS001,1,2024-09-15
RESP02488,STU162,Q001-08,ASS001,0,2024-09-15
RESP02489,STU162,Q001-09,ASS001,0,2024-09-15
RESP02490,STU162,Q001-10,ASS001,1,2024-09-15
RESP02491,STU162,Q001-11,ASS001,0,2024-09-15
RESP02492,STU162,Q001-12,ASS001,0,2024-09-15
RESP02493,STU162,Q001-13,ASS001,1,2024-09-15
RESP02494,STU162,Q001-14,ASS001,1,2024-09-15
RESP02495,STU162,Q001-15,ASS001,1,2024-09-15
RESP02496,STU163,Q001-01,ASS001,1,2024-09-15
RESP02497,STU163,Q001-02,ASS001,1,2024-09-15
RESP02498,STU163,Q001-03,ASS001,1,2024-09-15
RESP02499,STU163,Q001-03,ASS001,1,2024-09-15
RESP02500,STU163,Q001-04,ASS001,1,2024-09-15
RESP02501,STU163,Q001-05,ASS001,1,2024-09-15
RESP02502,STU163,Q001-06,ASS001,1,2024-09-15
RESP02503,STU163,Q001-07,ASS001,1,2024-09-15
RESP02504,STU163,Q001-08,ASS001,1,2024-09-15
RESP02505,STU163,Q001-09,ASS001,1,2024-09-15
RESP02506,STU163,Q001-10,ASS001,1,2024-09-15
RESP02507,STU163,Q001-11,ASS001,1,2024-09-15
RESP02508,STU163,Q001-12,ASS001,1,2024-09-15
RESP02509,STU163,Q001-13,ASS001,1,2024-09-15
RESP02510,STU163,Q001-14,ASS001,1,2024-09-15
RESP02511,STU163,Q001-15,ASS001,1,2024-09-15
RESP02512,STU164,Q001-01,ASS001,1,2024-09-15
RESP02513,STU164,Q001-02,ASS001,1,2024-09-15
RESP02514,STU164,Q001-03,ASS001,1,2024-09-15
RESP02515,STU164,Q001-04,ASS001,0,2024-09-15
RESP02516,STU164,Q001-05,ASS001,1,2024-09-15
RESP02517,STU164,Q001-06,ASS001,1,2024-09-15
RESP02518,STU164,Q001-06,ASS001,1,2024-09-15
RESP02519,STU164,Q001-07,ASS001,1,2024-09-15
RESP02520,STU164,Q001-08,ASS001,1,2024-09-15
RESP02521,STU164,Q001-09,ASS001,1,2024-09-15
RESP02522,STU164,Q001-10,ASS001,1,2024-09-15
RESP02523,STU164,Q001-11,ASS001,0,2024-09-15
RESP02524,STU164,Q001-12,ASS001,1,2024-09-15
RESP02525,STU164,Q001-13,ASS001,1,2024-09-15
RESP02526,STU164,Q001-14,ASS001,1,2024-09-15
RESP02527,STU164,Q001-15,ASS001,1,2024-09-15
RESP02528,STU165,Q001-01,ASS001,0,2024-09-15
RESP02529,STU165,Q001-02,ASS001,1,2024-09-15
RESP02530,STU165,Q001-03,ASS001,1,2024-09-15
RESP02531,STU165,Q001-04,ASS001,1,2024-09-15
RESP02532,STU165,Q001-05,ASS001,1,2024-09-15
RESP02533,STU165,Q001-06,ASS001,1,2024-09-15
RESP02534,STU165,Q001-07,ASS001,1,2024-09-15
RESP02535,STU165,Q001-08,ASS001,1,2024-09-15
RESP02536,STU165,Q001-09,ASS001,1,2024-09-15
RESP02537,STU165,Q001-10,ASS001,1,2024-09-15
RESP02538,STU165,Q001-11,ASS001,1,2024-09-15
RESP02539,STU165,Q001-12,ASS001,1,2024-09-15
RESP02540,STU165,Q001-13,ASS001,1,2024-09-15
RESP02541,STU165,Q001-14,ASS001,0,2024-09-15
RESP02542,STU165,Q001-15,ASS001,1,2024-09-15
RESP02543,STU166,Q001-01,ASS001,1,2024-09-15
RESP02544,STU166,Q001-02,ASS001,0,2024-09-15
RESP02545,STU166,Q001-03,ASS001,1,2024-09-15
RESP02546,STU166,Q001-04,ASS001,1,2024-09-15
RESP02547,STU166,Q001-05,ASS001,1,2024-09-15
RESP02548,STU166,Q001-06,ASS001,1,2024-09-15
RESP02549,STU166,Q001-07,ASS001,1,2024-09-15
RESP02550,STU166,Q001-08,ASS001,1,2024-09-15
RESP02551,STU166,Q001-09,ASS001,1,2024-09-15
RESP02552,STU166,Q001-10,ASS001,1,2024-09-15
RESP02553,STU166,Q001-11,ASS001,1,2024-09-15
RESP02554,STU166,Q001-12,ASS001,1,2024-09-15
RESP02555,STU166,Q001-13,ASS001,1,2024-09-15
RESP02556,STU166,Q001-14,ASS001,0,2024-09-15
RESP02557,STU166,Q001-15,ASS001,1,2024-09-15
RESP02558,STU167,Q001-01,ASS001,0,2024-09-15
RESP02559,STU167,Q001-02,ASS001,1,2024-09-15
RESP02560,STU167,Q001-03,ASS001,1,2024-09-15
RESP02561,STU167,Q001-04,ASS001,0,2024-09-15
RESP02562,STU167,Q001-05,ASS001,0,2024-09-15
RESP02563,STU167,Q001-06,ASS001,1,2024-09-15
RESP02564,STU167,Q001-07,ASS001,1,2024-09-15
RESP02565,STU167,Q001-08,ASS001,1,2024-09-15
RESP02566,STU167,Q001-09,ASS001,1,2024-09-15
RESP02567,STU167,Q001-10,ASS001,1,2024-09-15
RESP02568,STU167,Q001-11,ASS001,1,2024-09-15
RESP02569,STU167,Q001-12,ASS001,1,2024-09-15
RESP02570,STU167,Q001-13,ASS001,0,2024-09-15
RESP02571,STU167,Q001-14,ASS001,1,2024-09-15
RESP02572,STU167,Q001-14,ASS001,1,2024-09-15
RESP02573,STU167,Q001-15,ASS001,1,2024-09-15
RESP02574,STU168,Q001-01,ASS001,1,2024-09-15
RESP02575,STU168,Q001-02,ASS001,1,2024-09-15
RESP02576,STU168,Q001-03,ASS001,1,2024-09-15
RESP02577,STU168,Q001-04,ASS001,0,2024-09-15
RESP02578,STU168,Q001-05,ASS001,0,2024-09-15
RESP02579,STU168,Q001-06,ASS001,1,2024-09-15
RESP02580,STU168,Q001-07,ASS001,1,2024-09-15
RESP02581,STU168,Q001-08,ASS001,1,2024-09-15
RESP02582,STU168,Q001-09,ASS001,0,2024-09-15
RESP02583,STU168,Q001-10,ASS001,1,2024-09-15
RESP02584,STU168,Q001-11,ASS001,1,2024-09-15
RESP02585,STU168,Q001-12,ASS001,1,2024-09-15
RESP02586,STU168,Q001-13,ASS001,1,2024-09-15
RESP02587,STU168,Q001-13,ASS001,1,2024-09-15
RESP02588,STU168,Q001-14,ASS001,1,2024-09-15
RESP02589,STU168,Q001-15,ASS001,1,2024-09-15
RESP02590,STU169,Q001-01,ASS001,0,2024-09-15
RESP02591,STU169,Q001-02,ASS001,1,2024-09-15
RESP02592,STU169,Q001-03,ASS001,0,2024-09-15
RESP02593,STU169,Q001-04,ASS001,0,2024-09-15
RESP02594,STU169,Q001-05,ASS001,0,2024-09-15
RESP02595,STU169,Q001-06,ASS001,1,2024-09-15
RESP02596,STU169,Q001-07,ASS001,1,2024-09-15
RESP02597,STU169,Q001-08,ASS001,1,2024-09-15
RESP02598,STU169,Q001-09,ASS001,1,2024-09-15
RESP02599,STU169,Q001-10,ASS001,1,2024-09-15
RESP02600,STU169,Q001-11,ASS001,0,2024-09-15
RESP02601,STU169,Q001-12,ASS001,0,2024-09-15
RESP02602,STU169,Q001-13,ASS001,0,2024-09-15
RESP02603,STU169,Q001-14,ASS001,0,2024-09-15
RESP02604,STU169,Q001-15,ASS001,0,2024-09-15
RESP02605,STU170,Q001-01,ASS001,1,2024-09-15
RESP02606,STU170,Q001-02,ASS001,1,2024-09-15
RESP02607,STU170,Q001-03,ASS001,1,2024-09-15
RESP02608,STU170,Q001-04,ASS001,1,2024-09-15
RESP02609,STU170,Q001-05,ASS001,1,2024-09-15
RESP02610,STU170,Q001-06,ASS001,1,2024-09-15
RESP02611,STU170,Q001-07,ASS001,1,2024-09-15
RESP02612,STU170,Q001-08,ASS001,1,2024-09-15
RESP02613,STU170,Q001-09,ASS001,1,2024-09-15
RESP02614,STU170,Q001-10,ASS001,1,2024-09-15
RESP02615,STU170,Q001-11,ASS001,1,2024-09-15
RESP02616,STU170,Q001-12,ASS001,1,2024-09-15
RESP02617,STU170,Q001-13,ASS001,1,2024-09-15
RESP02618,STU170,Q001-14,ASS001,1,2024-09-15
RESP02619,STU170,Q001-15,ASS001,1,2024-09-15
RESP02620,STU171,Q001-01,ASS001,0,2024-09-15
RESP02621,STU171,Q001-02,ASS001,0,2024-09-15
RESP02622,STU171,Q001-03,ASS001,0,2024-09-15
RESP02623,STU171,Q001-04,ASS001,0,2024-09-15
RESP02624,STU171,Q001-05,ASS001,0,2024-09-15
RESP02625,STU171,Q001-06,ASS001,0,2024-09-15
RESP02626,STU171,Q001-07,ASS001,0,2024-09-15
RESP02627,STU171,Q001-08,ASS001,1,2024-09-15
RESP02628,STU171,Q001-09,ASS001,1,2024-09-15
RESP02629,STU171,Q001-10,ASS001,1,2024-09-15
RESP02630,STU171,Q001-11,ASS001,0,2024-09-15
RESP02631,STU171,Q001-12,ASS001,0,2024-09-15
RESP02632,STU171,Q001-13,ASS001,0,2024-09-15
RESP02633,STU171,Q001-14,ASS001,0,2024-09-15
RESP02634,STU171,Q001-15,ASS001,0,2024-09-15
RESP02635,STU172,Q001-01,ASS001,1,2024-09-15
RESP02636,STU172,Q001-02,ASS001,1,2024-09-15
RESP02637,STU172,Q001-03,ASS001,1,2024-09-15
RESP02638,STU172,Q001-04,ASS001,1,2024-09-15
RESP02639,STU172,Q001-05,ASS001,1,2024-09-15
RESP02640,STU172,Q001-06,ASS001,0,2024-09-15
RESP02641,STU172,Q001-07,ASS001,1,2024-09-15
RESP02642,STU172,Q001-08,ASS001,1,2024-09-15
RESP02643,STU172,Q001-09,ASS001,1,2024-09-15
RESP02644,STU172,Q001-10,ASS001,0,2024-09-15
RESP02645,STU172,Q001-11,ASS001,1,2024-09-15
RESP02646,STU172,Q001-12,ASS001,1,2024-09-15
RESP02647,STU172,Q001-13,ASS001,1,2024-09-15
RESP02648,STU172,Q001-14,ASS001,0,2024-09-15
RESP02649,STU172,Q001-15,ASS001,1,2024-09-15
RESP02650,STU173,Q001-01,ASS001,0,2024-09-15
RESP02651,STU173,Q001-02,ASS001,1,2024-09-15
RESP02652,STU173,Q001-03,ASS001,1,2024-09-15
RESP02653,STU173,Q001-04,ASS001,0,2024-09-15
RESP02654,STU173,Q001-05,ASS001,1,2024-09-15
RESP02655,STU173,Q001-06,ASS001,1,2024-09-15
RESP02656,STU173,Q001-07,ASS001,1,2024-09-15
RESP02657,STU173,Q001-08,ASS001,1,2024-09-15
RESP02658,STU173,Q001-09,ASS001,1,2024-09-15
RESP02659,STU173,Q001-10,ASS001,1,2024-09-15
RESP02660,STU173,Q001-11,ASS001,1,2024-09-15
RESP02661,STU173,Q001-12,ASS001,1,2024-09-15
RESP02662,STU173,Q001-13,ASS001,1,2024-09-15
RESP02663,STU173,Q001-14,ASS001,1,2024-09-15
RESP02664,STU173,Q001-15,ASS001,1,2024-09-15
RESP02665,STU174,Q001-01,ASS001,1,2024-09-15
RESP02666,STU174,Q001-02,ASS001,1,2024-09-15
RESP02667,STU174,Q001-03,ASS001,1,2024-09-15
RESP02668,STU174,Q001-04,ASS001,1,2024-09-15
RESP02669,STU174,Q001-05,ASS001,0,2024-09-15
RESP02670,STU174,Q001-06,ASS001,1,2024-09-15
RESP02671,STU174,Q001-07,ASS001,1,2024-09-15
RESP02672,STU174,Q001-08,ASS001,1,2024-09-15
RESP02673,STU174,Q001-09,ASS001,0,2024-09-15
RESP02674,STU174,Q001-10,ASS001,1,2024-09-15
RESP02675,STU174,Q001-11,ASS001,1,2024-09-15
RESP02676,STU174,Q001-12,ASS001,1,2024-09-15
RESP02677,STU174,Q001-13,ASS001,1,2024-09-15
RESP02678,STU174,Q001-14,ASS001,0,2024-09-15
RESP02679,STU174,Q001-15,ASS001,1,2024-09-15
RESP02680,STU175,Q001-01,ASS001,0,2024-09-15
RESP02681,STU175,Q001-02,ASS001,1,2024-09-15
RESP02682,STU175,Q001-03,ASS001,1,2024-09-15
RESP02683,STU175,Q001-04,ASS001,1,2024-09-15
RESP02684,STU175,Q001-05,ASS001,1,2024-09-15
RESP02685,STU175,Q001-06,ASS001,1,2024-09-15
RESP02686,STU175,Q001-07,ASS001,1,2024-09-15
RESP02687,STU175,Q001-08,ASS001,1,2024-09-15
RESP02688,STU175,Q001-09,ASS001,1,2024-09-15
RESP02689,STU175,Q001-10,ASS001,1,2024-09-15
RESP02690,STU175,Q001-11,ASS001,0,2024-09-15
RESP02691,STU175,Q001-12,ASS001,1,2024-09-15
RESP02692,STU175,Q001-13,ASS001,1,2024-09-15
RESP02693,STU175,Q001-14,ASS001,0,2024-09-15
RESP02694,STU175,Q001-15,ASS001,1,2024-09-15
RESP02695,STU176,Q001-01,ASS001,0,2024-09-15
RESP02696,STU176,Q001-02,ASS001,1,2024-09-15
RESP02697,STU176,Q001-03,ASS001,1,2024-09-15
RESP02698,STU176,Q001-04,ASS001,1,2024-09-15
RESP02699,STU176,Q001-05,ASS001,1,2024-09-15
RESP02700,STU176,Q001-06,ASS001,1,2024-09-15
RESP02701,STU176,Q001-07,ASS001,1,2024-09-15
RESP02702,STU176,Q001-08,ASS001,1,2024-09-15
RESP02703,STU176,Q001-09,ASS001,0,2024-09-15
RESP02704,STU176,Q001-10,ASS001,1,2024-09-15
RESP02705,STU176,Q001-11,ASS001,0,2024-09-15
RESP02706,STU176,Q001-11,ASS001,0,2024-09-15
RESP02707,STU176,Q001-12,ASS001,0,2024-09-15
RESP02708,STU176,Q001-13,ASS001,1,2024-09-15
RESP02709,STU176,Q001-14,ASS001,1,2024-09-15
RESP02710,STU176,Q001-15,ASS001,1,2024-09-15
RESP02711,STU177,Q001-01,ASS001,1,2024-09-15
RESP02712,STU177,Q001-02,ASS001,1,2024-09-15
RESP02713,STU177,Q001-03,ASS001,1,2024-09-15
RESP02714,STU177,Q001-04,ASS001,0,2024-09-15
RESP02715,STU177,Q001-05,ASS001,0,2024-09-15
RESP02716,STU177,Q001-06,ASS001,1,2024-09-15
RESP02717,STU177,Q001-07,ASS001,1,2024-09-15
RESP02718,STU177,Q001-08,ASS001,1,2024-09-15
RESP02719,STU177,Q001-09,ASS001,1,2024-09-15
RESP02720,STU177,Q001-10,ASS001,1,2024-09-15
RESP02721,STU177,Q001-11,ASS001,1,2024-09-15
RESP02722,STU177,Q001-12,ASS001,1,2024-09-15
RESP02723,STU177,Q001-13,ASS001,1,2024-09-15
RESP02724,STU177,Q001-14,ASS001,0,2024-09-15
RESP02725,STU177,Q001-15,ASS001,1,2024-09-15
RESP02726,STU178,Q001-01,ASS001,0,2024-09-15
RESP02727,STU178,Q001-02,ASS001,0,2024-09-15
RESP02728,STU178,Q001-03,ASS001,0,2024-09-15
RESP02729,STU178,Q001-04,ASS001,0,2024-09-15
RESP02730,STU178,Q001-05,ASS001,0,2024-09-15
RESP02731,STU178,Q001-06,ASS001,0,2024-09-15
RESP02732,STU178,Q001-07,ASS001,1,2024-09-15
RESP02733,STU178,Q001-08,ASS001,0,2024-09-15
RESP02734,STU178,Q001-09,ASS001,0,2024-09-15
RESP02735,STU178,Q001-10,ASS001,1,2024-09-15
RESP02736,STU178,Q001-11,ASS001,0,2024-09-15
RESP02737,STU178,Q001-12,ASS001,0,2024-09-15
RESP02738,STU178,Q001-13,ASS001,0,2024-09-15
RESP02739,STU178,Q001-14,ASS001,0,2024-09-15
RESP02740,STU178,Q001-15,ASS001,0,2024-09-15
RESP02741,STU179,Q001-01,ASS001,1,2024-09-15
RESP02742,STU179,Q001-02,ASS001,1,2024-09-15
RESP02743,STU179,Q001-03,ASS001,1,2024-09-15
RESP02744,STU179,Q001-03,ASS001,1,2024-09-15
RESP02745,STU179,Q001-04,ASS001,0,2024-09-15
RESP02746,STU179,Q001-05,ASS001,1,2024-09-15
RESP02747,STU179,Q001-06,ASS001,1,2024-09-15
RESP02748,STU179,Q001-07,ASS001,1,2024-09-15
RESP02749,STU179,Q001-08,ASS001,1,2024-09-15
RESP02750,STU179,Q001-09,ASS001,1,2024-09-15
RESP02751,STU179,Q001-10,ASS001,1,2024-09-15
RESP02752,STU179,Q001-11,ASS001,1,2024-09-15
RESP02753,STU179,Q001-12,ASS001,1,2024-09-15
RESP02754,STU179,Q001-13,ASS001,1,2024-09-15
RESP02755,STU179,Q001-14,ASS001,1,2024-09-15
RESP02756,STU179,Q001-15,ASS001,1,2024-09-15
RESP02757,STU180,Q001-01,ASS001,0,2024-09-15
RESP02758,STU180,Q001-02,ASS001,1,2024-09-15
RESP02759,STU180,Q001-03,ASS001,1,2024-09-15
RESP02760,STU180,Q001-04,ASS001,1,2024-09-15
RESP02761,STU180,Q001-05,ASS001,1,2024-09-15
RESP02762,STU180,Q001-06,ASS001,1,2024-09-15
RESP02763,STU180,Q001-07,ASS001,1,2024-09-15
RESP02764,STU180,Q001-08,ASS001,1,2024-09-15
RESP02765,STU180,Q001-09,ASS001,1,2024-09-15
RESP02766,STU180,Q001-10,ASS001,1,2024-09-15
RESP02767,STU180,Q001-11,ASS001,1,2024-09-15
RESP02768,STU180,Q001-12,ASS001,1,2024-09-15
RESP02769,STU180,Q001-13,ASS001,1,2024-09-15
RESP02770,STU180,Q001-14,ASS001,1,2024-09-15
RESP02771,STU180,Q001-15,ASS001,1,2024-09-15
RESP02772,STU001,Q002-01,ASS002,1,2024-10-05
RESP02773,STU001,Q002-02,ASS002,1,2024-10-05
RESP02774,STU001,Q002-03,ASS002,1,2024-10-05
RESP02775,STU001,Q002-04,ASS002,1,2024-10-05
RESP02776,STU001,Q002-05,ASS002,0,2024-10-05
RESP02777,STU001,Q002-06,ASS002,1,2024-10-05
RESP02778,STU001,Q002-07,ASS002,1,2024-10-05
RESP02779,STU001,Q002-08,ASS002,1,2024-10-05
RESP02780,STU001,Q002-09,ASS002,0,2024-10-05
RESP02781,STU001,Q002-10,ASS002,0,2024-10-05
RESP02782,STU001,Q002-11,ASS002,1,2024-10-05
RESP02783,STU001,Q002-12,ASS002,1,2024-10-05
RESP02784,STU002,Q002-01,ASS002,1,2024-10-05
RESP02785,STU002,Q002-02,ASS002,1,2024-10-05
RESP02786,STU002,Q002-02,ASS002,1,2024-10-05
RESP02787,STU002,Q002-03,ASS002,1,2024-10-05
RESP02788,STU002,Q002-04,ASS002,0,2024-10-05
RESP02789,STU002,Q002-05,ASS002,1,2024-10-05
RESP02790,STU002,Q002-06,ASS002,1,2024-10-05
RESP02791,STU002,Q002-07,ASS002,1,2024-10-05
RESP02792,STU002,Q002-08,ASS002,1,2024-10-05
RESP02793,STU002,Q002-09,ASS002,1,2024-10-05
RESP02794,STU002,Q002-10,ASS002,0,2024-10-05
RESP02795,STU002,Q002-11,ASS002,1,2024-10-05
RESP02796,STU002,Q002-12,ASS002,0,2024-10-05
RESP02797,STU003,Q002-01,ASS002,1,2024-10-05
RESP02798,STU003,Q002-02,ASS002,0,2024-10-05
RESP02799,STU003,Q002-03,ASS002,1,2024-10-05
RESP02800,STU003,Q002-04,ASS002,1,2024-10-05
RESP02801,STU003,Q002-05,ASS002,0,2024-10-05
RESP02802,STU003,Q002-06,ASS002,0,2024-10-05
RESP02803,STU003,Q002-07,ASS002,1,2024-10-05
RESP02804,STU003,Q002-08,ASS002,1,2024-10-05
RESP02805,STU003,Q002-09,ASS002,1,2024-10-05
RESP02806,STU003,Q002-10,ASS002,1,2024-10-05
RESP02807,STU003,Q002-11,ASS002,0,2024-10-05
RESP02808,STU003,Q002-12,ASS002,0,2024-10-05
RESP02809,STU004,Q002-01,ASS002,1,2024-10-05
RESP02810,STU004,Q002-02,ASS002,1,2024-10-05
RESP02811,STU004,Q002-03,ASS002,0,2024-10-05
RESP02812,STU004,Q002-04,ASS002,0,2024-10-05
RESP02813,STU004,Q002-05,ASS002,1,2024-10-05
RESP02814,STU004,Q002-06,ASS002,1,2024-10-05
RESP02815,STU004,Q002-07,ASS002,1,2024-10-05
RESP02816,STU004,Q002-08,ASS002,0,2024-10-05
RESP02817,STU004,Q002-09,ASS002,1,2024-10-05
RESP02818,STU004,Q002-10,ASS002,1,2024-10-05
RESP02819,STU004,Q002-11,ASS002,1,2024-10-05
RESP02820,STU004,Q002-12,ASS002,0,2024-10-05
RESP02821,STU005,Q002-01,ASS002,1,2024-10-05
RESP02822,STU005,Q002-01,ASS002,1,2024-10-05
RESP02823,STU005,Q002-02,ASS002,1,2024-10-05
RESP02824,STU005,Q002-03,ASS002,1,2024-10-05
RESP02825,STU005,Q002-04,ASS002,1,2024-10-05
RESP02826,STU005,Q002-05,ASS002,1,2024-10-05
RESP02827,STU005,Q002-06,ASS002,1,2024-10-05
RESP02828,STU005,Q002-07,ASS002,1,2024-10-05
RESP02829,STU005,Q002-08,ASS002,1,2024-10-05
RESP02830,STU005,Q002-09,ASS002,1,2024-10-05
RESP02831,STU005,Q002-10,ASS002,1,2024-10-05
RESP02832,STU005,Q002-11,ASS002,1,2024-10-05
RESP02833,STU005,Q002-12,ASS002,0,2024-10-05
RESP02834,STU006,Q002-01,ASS002,1,2024-10-05
RESP02835,STU006,Q002-02,ASS002,0,2024-10-05
RESP02836,STU006,Q002-03,ASS002,0,2024-10-05
RESP02837,STU006,Q002-04,ASS002,0,2024-10-05
RESP02838,STU006,Q002-05,ASS002,1,2024-10-05
RESP02839,STU006,Q002-06,ASS002,1,2024-10-05
RESP02840,STU006,Q002-06,ASS002,1,2024-10-05
RESP02841,STU006,Q002-07,ASS002,0,2024-10-05
RESP02842,STU006,Q002-08,ASS002,1,2024-10-05
RESP02843,STU006,Q002-09,ASS002,0,2024-10-05
RESP02844,STU006,Q002-10,ASS002,0,2024-10-05
RESP02845,STU006,Q002-11,ASS002,1,2024-10-05
RESP02846,STU006,Q002-12,ASS002,0,2024-10-05
RESP02847,STU007,Q002-01,ASS002,1,2024-10-05
RESP02848,STU007,Q002-02,ASS002,1,2024-10-05
RESP02849,STU007,Q002-03,ASS002,1,2024-10-05
RESP02850,STU007,Q002-04,ASS002,0,2024-10-05
RESP02851,STU007,Q002-05,ASS002,1,2024-10-05
RESP02852,STU007,Q002-06,ASS002,1,2024-10-05
RESP02853,STU007,Q002-07,ASS002,1,2024-10-05
RESP02854,STU007,Q002-08,ASS002,1,2024-10-05
RESP02855,STU007,Q002-09,ASS002,0,2024-10-05
RESP02856,STU007,Q002-10,ASS002,1,2024-10-05
RESP02857,STU007,Q002-11,ASS002,0,2024-10-05
RESP02858,STU007,Q002-12,ASS002,1,2024-10-05
RESP02859,STU008,Q002-01,ASS002,1,2024-10-05
RESP02860,STU008,Q002-02,ASS002,1,2024-10-05
RESP02861,STU008,Q002-03,ASS002,1,2024-10-05
RESP02862,STU008,Q002-04,ASS002,0,2024-10-05
RESP02863,STU008,Q002-05,ASS002,0,2024-10-05
RESP02864,STU008,Q002-06,ASS002,1,2024-10-05
RESP02865,STU008,Q002-07,ASS002,0,2024-10-05
RESP02866,STU008,Q002-08,ASS002,0,2024-10-05
RESP02867,STU008,Q002-09,ASS002,0,2024-10-05
RESP02868,STU008,Q002-10,ASS002,1,2024-10-05
RESP02869,STU008,Q002-11,ASS002,1,2024-10-05
RESP02870,STU008,Q002-12,ASS002,0,2024-10-05
RESP02871,STU009,Q002-01,ASS002,0,2024-10-05
RESP02872,STU009,Q002-02,ASS002,0,2024-10-05
RESP02873,STU009,Q002-03,ASS002,1,2024-10-05
RESP02874,STU009,Q002-03,ASS002,1,2024-10-05
RESP02875,STU009,Q002-04,ASS002,1,2024-10-05
RESP02876,STU009,Q002-05,ASS002,1,2024-10-05
RESP02877,STU009,Q002-06,ASS002,1,2024-10-05
RESP02878,STU009,Q002-07,ASS002,0,2024-10-05
RESP02879,STU009,Q002-08,ASS002,1,2024-10-05
RESP02880,STU009,Q002-09,ASS002,0,2024-10-05
RESP02881,STU009,Q002-10,ASS002,1,2024-10-05
RESP02882,STU009,Q002-11,ASS002,1,2024-10-05
RESP02883,STU009,Q002-12,ASS002,1,2024-10-05
RESP02884,STU010,Q002-01,ASS002,0,2024-10-05
RESP02885,STU010,Q002-02,ASS002,1,2024-10-05
RESP02886,STU010,Q002-03,ASS002,1,2024-10-05
RESP02887,STU010,Q002-03,ASS002,1,2024-10-05
RESP02888,STU010,Q002-04,ASS002,0,2024-10-05
RESP02889,STU010,Q002-05,ASS002,0,2024-10-05
RESP02890,STU010,Q002-06,ASS002,1,2024-10-05
RESP02891,STU010,Q002-07,ASS002,0,2024-10-05
RESP02892,STU010,Q002-08,ASS002,1,2024-10-05
RESP02893,STU010,Q002-09,ASS002,0,2024-10-05
RESP02894,STU010,Q002-10,ASS002,0,2024-10-05
RESP02895,STU010,Q002-11,ASS002,0,2024-10-05
RESP02896,STU010,Q002-11,ASS002,0,2024-10-05
RESP02897,STU010,Q002-12,ASS002,0,2024-10-05
RESP02898,STU011,Q002-01,ASS002,1,2024-10-05
RESP02899,STU011,Q002-02,ASS002,1,2024-10-05
RESP02900,STU011,Q002-03,ASS002,1,2024-10-05
RESP02901,STU011,Q002-04,ASS002,0,2024-10-05
RESP02902,STU011,Q002-05,ASS002,1,2024-10-05
RESP02903,STU011,Q002-06,ASS002,1,2024-10-05
RESP02904,STU011,Q002-07,ASS002,0,2024-10-05
RESP02905,STU011,Q002-08,ASS002,0,2024-10-05
RESP02906,STU011,Q002-09,ASS002,1,2024-10-05
RESP02907,STU011,Q002-10,ASS002,1,2024-10-05
RESP02908,STU011,Q002-11,ASS002,0,2024-10-05
RESP02909,STU011,Q002-12,ASS002,0,2024-10-05
RESP02910,STU012,Q002-01,ASS002,1,2024-10-05
RESP02911,STU012,Q002-02,ASS002,1,2024-10-05
RESP02912,STU012,Q002-03,ASS002,0,2024-10-05
RESP02913,STU012,Q002-04,ASS002,0,2024-10-05
RESP02914,STU012,Q002-05,ASS002,1,2024-10-05
RESP02915,STU012,Q002-06,ASS002,1,2024-10-05
RESP02916,STU012,Q002-07,ASS002,1,2024-10-05
RESP02917,STU012,Q002-08,ASS002,1,2024-10-05
RESP02918,STU012,Q002-09,ASS002,1,2024-10-05
RESP02919,STU012,Q002-10,ASS002,1,2024-10-05
RESP02920,STU012,Q002-11,ASS002,0,2024-10-05
RESP02921,STU012,Q002-12,ASS002,0,2024-10-05
RESP02922,STU013,Q002-01,ASS002,1,2024-10-05
RESP02923,STU013,Q002-02,ASS002,1,2024-10-05
RESP02924,STU013,Q002-03,ASS002,1,2024-10-05
RESP02925,STU013,Q002-04,ASS002,1,2024-10-05
RESP02926,STU013,Q002-04,ASS002,1,2024-10-05
RESP02927,STU013,Q002-05,ASS002,1,2024-10-05
RESP02928,STU013,Q002-05,ASS002,1,2024-10-05
RESP02929,STU013,Q002-06,ASS002,1,2024-10-05
RESP02930,STU013,Q002-07,ASS002,1,2024-10-05
RESP02931,STU013,Q002-08,ASS002,1,2024-10-05
RESP02932,STU013,Q002-09,ASS002,1,2024-10-05
RESP02933,STU013,Q002-10,ASS002,1,2024-10-05
RESP02934,STU013,Q002-11,ASS002,1,2024-10-05
RESP02935,STU013,Q002-12,ASS002,1,2024-10-05
RESP02936,STU014,Q002-01,ASS002,1,2024-10-05
RESP02937,STU014,Q002-02,ASS002,0,2024-10-05
RESP02938,STU014,Q002-03,ASS002,1,2024-10-05
RESP02939,STU014,Q002-04,ASS002,1,2024-10-05
RESP02940,STU014,Q002-05,ASS002,1,2024-10-05
RESP02941,STU014,Q002-06,ASS002,1,2024-10-05
RESP02942,STU014,Q002-07,ASS002,1,2024-10-05
RESP02943,STU014,Q002-08,ASS002,1,2024-10-05
RESP02944,STU014,Q002-09,ASS002,1,2024-10-05
RESP02945,STU014,Q002-10,ASS002,1,2024-10-05
RESP02946,STU014,Q002-11,ASS002,0,2024-10-05
RESP02947,STU014,Q002-12,ASS002,1,2024-10-05
RESP02948,STU015,Q002-01,ASS002,1,2024-10-05
RESP02949,STU015,Q002-02,ASS002,1,2024-10-05
RESP02950,STU015,Q002-03,ASS002,1,2024-10-05
RESP02951,STU015,Q002-04,ASS002,1,2024-10-05
RESP02952,STU015,Q002-05,ASS002,1,2024-10-05
RESP02953,STU015,Q002-06,ASS002,1,2024-10-05
RESP02954,STU015,Q002-07,ASS002,1,2024-10-05
RESP02955,STU015,Q002-08,ASS002,0,2024-10-05
RESP02956,STU015,Q002-09,ASS002,1,2024-10-05
RESP02957,STU015,Q002-10,ASS002,1,2024-10-05
RESP02958,STU015,Q002-11,ASS002,1,2024-10-05
RESP02959,STU015,Q002-12,ASS002,1,2024-10-05
RESP02960,STU016,Q002-01,ASS002,1,2024-10-05
RESP02961,STU016,Q002-02,ASS002,1,2024-10-05
RESP02962,STU016,Q002-03,ASS002,1,2024-10-05
RESP02963,STU016,Q002-04,ASS002,1,2024-10-05
RESP02964,STU016,Q002-05,ASS002,1,2024-10-05
RESP02965,STU016,Q002-06,ASS002,0,2024-10-05
RESP02966,STU016,Q002-07,ASS002,1,2024-10-05
RESP02967,STU016,Q002-08,ASS002,1,2024-10-05
RESP02968,STU016,Q002-09,ASS002,1,2024-10-05
RESP02969,STU016,Q002-10,ASS002,1,2024-10-05
RESP02970,STU016,Q002-11,ASS002,1,2024-10-05
RESP02971,STU016,Q002-12,ASS002,1,2024-10-05
RESP02972,STU017,Q002-01,ASS002,1,2024-10-05
RESP02973,STU017,Q002-02,ASS002,1,2024-10-05
RESP02974,STU017,Q002-03,ASS002,1,2024-10-05
RESP02975,STU017,Q002-04,ASS002,1,2024-10-05
RESP02976,STU017,Q002-05,ASS002,1,2024-10-05
RESP02977,STU017,Q002-06,ASS002,1,2024-10-05
RESP02978,STU017,Q002-07,ASS002,1,2024-10-05
RESP02979,STU017,Q002-08,ASS002,1,2024-10-05
RESP02980,STU017,Q002-09,ASS002,1,2024-10-05
RESP02981,STU017,Q002-10,ASS002,1,2024-10-05
RESP02982,STU017,Q002-11,ASS002,1,2024-10-05
RESP02983,STU017,Q002-12,ASS002,1,2024-10-05
RESP02984,STU018,Q002-01,ASS002,0,2024-10-05
RESP02985,STU018,Q002-01,ASS002,0,2024-10-05
RESP02986,STU018,Q002-02,ASS002,1,2024-10-05
RESP02987,STU018,Q002-03,ASS002,1,2024-10-05
RESP02988,STU018,Q002-04,ASS002,1,2024-10-05
RESP02989,STU018,Q002-05,ASS002,0,2024-10-05
RESP02990,STU018,Q002-06,ASS002,0,2024-10-05
RESP02991,STU018,Q002-07,ASS002,1,2024-10-05
RESP02992,STU018,Q002-08,ASS002,1,2024-10-05
RESP02993,STU018,Q002-09,ASS002,0,2024-10-05
RESP02994,STU018,Q002-10,ASS002,1,2024-10-05
RESP02995,STU018,Q002-11,ASS002,1,2024-10-05
RESP02996,STU018,Q002-12,ASS002,0,2024-10-05
RESP02997,STU019,Q002-01,ASS002,1,2024-10-05
RESP02998,STU019,Q002-02,ASS002,1,2024-10-05
RESP02999,STU019,Q002-03,ASS002,1,2024-10-05
RESP03000,STU019,Q002-04,ASS002,1,2024-10-05
RESP03001,STU019,Q002-05,ASS002,1,2024-10-05
RESP03002,STU019,Q002-06,ASS002,1,2024-10-05
RESP03003,STU019,Q002-07,ASS002,1,2024-10-05
RESP03004,STU019,Q002-08,ASS002,1,2024-10-05
RESP03005,STU019,Q002-09,ASS002,1,2024-10-05
RESP03006,STU019,Q002-10,ASS002,1,2024-10-05
RESP03007,STU019,Q002-11,ASS002,1,2024-10-05
RESP03008,STU019,Q002-12,ASS002,0,2024-10-05
RESP03009,STU020,Q002-01,ASS002,1,2024-10-05
RESP03010,STU020,Q002-02,ASS002,1,2024-10-05
RESP03011,STU020,Q002-03,ASS002,1,2024-10-05
RESP03012,STU020,Q002-04,ASS002,1,2024-10-05
RESP03013,STU020,Q002-05,ASS002,1,2024-10-05
RESP03014,STU020,Q002-06,ASS002,1,2024-10-05
RESP03015,STU020,Q002-07,ASS002,0,2024-10-05
RESP03016,STU020,Q002-08,ASS002,1,2024-10-05
RESP03017,STU020,Q002-09,ASS002,1,2024-10-05
RESP03018,STU020,Q002-10,ASS002,0,2024-10-05
RESP03019,STU020,Q002-11,ASS002,1,2024-10-05
RESP03020,STU020,Q002-12,ASS002,0,2024-10-05
RESP03021,STU021,Q002-01,ASS002,1,2024-10-05
RESP03022,STU021,Q002-02,ASS002,1,2024-10-05
RESP03023,STU021,Q002-03,ASS002,1,2024-10-05
RESP03024,STU021,Q002-04,ASS002,1,2024-10-05
RESP03025,STU021,Q002-05,ASS002,0,2024-10-05
RESP03026,STU021,Q002-06,ASS002,1,2024-10-05
RESP03027,STU021,Q002-07,ASS002,1,2024-10-05
RESP03028,STU021,Q002-08,ASS002,1,2024-10-05
RESP03029,STU021,Q002-09,ASS002,1,2024-10-05
RESP03030,STU021,Q002-10,ASS002,0,2024-10-05
RESP03031,STU021,Q002-11,ASS002,1,2024-10-05
RESP03032,STU021,Q002-12,ASS002,1,2024-10-05
RESP03033,STU022,Q002-01,ASS002,1,2024-10-05
RESP03034,STU022,Q002-02,ASS002,1,2024-10-05
RESP03035,STU022,Q002-03,ASS002,1,2024-10-05
RESP03036,STU022,Q002-04,ASS002,1,2024-10-05
RESP03037,STU022,Q002-05,ASS002,1,2024-10-05
RESP03038,STU022,Q002-06,ASS002,1,2024-10-05
RESP03039,STU022,Q002-07,ASS002,1,2024-10-05
RESP03040,STU022,Q002-08,ASS002,1,2024-10-05
RESP03041,STU022,Q002-09,ASS002,1,2024-10-05
RESP03042,STU022,Q002-10,ASS002,1,2024-10-05
RESP03043,STU022,Q002-11,ASS002,1,2024-10-05
RESP03044,STU022,Q002-12,ASS002,1,2024-10-05
RESP03045,STU023,Q002-01,ASS002,0,2024-10-05
RESP03046,STU023,Q002-02,ASS002,1,2024-10-05
RESP03047,STU023,Q002-03,ASS002,1,2024-10-05
RESP03048,STU023,Q002-04,ASS002,1,2024-10-05
RESP03049,STU023,Q002-05,ASS002,1,2024-10-05
RESP03050,STU023,Q002-06,ASS002,1,2024-10-05
RESP03051,STU023,Q002-07,ASS002,0,2024-10-05
RESP03052,STU023,Q002-08,ASS002,1,2024-10-05
RESP03053,STU023,Q002-09,ASS002,1,2024-10-05
RESP03054,STU023,Q002-10,ASS002,0,2024-10-05
RESP03055,STU023,Q002-11,ASS002,0,2024-10-05
RESP03056,STU023,Q002-12,ASS002,0,2024-10-05
RESP03057,STU024,Q002-01,ASS002,1,2024-10-05
RESP03058,STU024,Q002-02,ASS002,1,2024-10-05
RESP03059,STU024,Q002-03,ASS002,1,2024-10-05
RESP03060,STU024,Q002-04,ASS002,1,2024-10-05
RESP03061,STU024,Q002-05,ASS002,1,2024-10-05
RESP03062,STU024,Q002-06,ASS002,1,2024-10-05
RESP03063,STU024,Q002-07,ASS002,1,2024-10-05
RESP03064,STU024,Q002-08,ASS002,1,2024-10-05
RESP03065,STU024,Q002-09,ASS002,1,2024-10-05
RESP03066,STU024,Q002-10,ASS002,1,2024-10-05
RESP03067,STU024,Q002-11,ASS002,1,2024-10-05
RESP03068,STU024,Q002-12,ASS002,1,2024-10-05
RESP03069,STU025,Q002-01,ASS002,1,2024-10-05
RESP03070,STU025,Q002-02,ASS002,1,2024-10-05
RESP03071,STU025,Q002-03,ASS002,1,2024-10-05
RESP03072,STU025,Q002-04,ASS002,1,2024-10-05
RESP03073,STU025,Q002-05,ASS002,0,2024-10-05
RESP03074,STU025,Q002-06,ASS002,1,2024-10-05
RESP03075,STU025,Q002-07,ASS002,1,2024-10-05
RESP03076,STU025,Q002-08,ASS002,1,2024-10-05
RESP03077,STU025,Q002-09,ASS002,1,2024-10-05
RESP03078,STU025,Q002-10,ASS002,1,2024-10-05
RESP03079,STU025,Q002-11,ASS002,0,2024-10-05
RESP03080,STU025,Q002-12,ASS002,1,2024-10-05
RESP03081,STU026,Q002-01,ASS002,0,2024-10-05
RESP03082,STU026,Q002-02,ASS002,0,2024-10-05
RESP03083,STU026,Q002-03,ASS002,1,2024-10-05
RESP03084,STU026,Q002-04,ASS002,0,2024-10-05
RESP03085,STU026,Q002-05,ASS002,1,2024-10-05
RESP03086,STU026,Q002-06,ASS002,1,2024-10-05
RESP03087,STU026,Q002-07,ASS002,1,2024-10-05
RESP03088,STU026,Q002-07,ASS002,1,2024-10-05
RESP03089,STU026,Q002-08,ASS002,1,2024-10-05
RESP03090,STU026,Q002-09,ASS002,1,2024-10-05
RESP03091,STU026,Q002-10,ASS002,1,2024-10-05
RESP03092,STU026,Q002-11,ASS002,0,2024-10-05
RESP03093,STU026,Q002-12,ASS002,0,2024-10-05
RESP03094,STU027,Q002-01,ASS002,0,2024-10-05
RESP03095,STU027,Q002-02,ASS002,0,2024-10-05
RESP03096,STU027,Q002-03,ASS002,1,2024-10-05
RESP03097,STU027,Q002-04,ASS002,1,2024-10-05
RESP03098,STU027,Q002-05,ASS002,1,2024-10-05
RESP03099,STU027,Q002-06,ASS002,1,2024-10-05
RESP03100,STU027,Q002-07,ASS002,1,2024-10-05
RESP03101,STU027,Q002-08,ASS002,1,2024-10-05
RESP03102,STU027,Q002-09,ASS002,1,2024-10-05
RESP03103,STU027,Q002-10,ASS002,1,2024-10-05
RESP03104,STU027,Q002-11,ASS002,1,2024-10-05
RESP03105,STU027,Q002-12,ASS002,0,2024-10-05
RESP03106,STU028,Q002-01,ASS002,1,2024-10-05
RESP03107,STU028,Q002-02,ASS002,1,2024-10-05
RESP03108,STU028,Q002-03,ASS002,1,2024-10-05
RESP03109,STU028,Q002-04,ASS002,1,2024-10-05
RESP03110,STU028,Q002-05,ASS002,1,2024-10-05
RESP03111,STU028,Q002-06,ASS002,1,2024-10-05
RESP03112,STU028,Q002-07,ASS002,0,2024-10-05
RESP03113,STU028,Q002-08,ASS002,1,2024-10-05
RESP03114,STU028,Q002-09,ASS002,0,2024-10-05
RESP03115,STU028,Q002-10,ASS002,0,2024-10-05
RESP03116,STU028,Q002-11,ASS002,1,2024-10-05
RESP03117,STU028,Q002-12,ASS002,0,2024-10-05
RESP03118,STU029,Q002-01,ASS002,0,2024-10-05
RESP03119,STU029,Q002-02,ASS002,0,2024-10-05
RESP03120,STU029,Q002-03,ASS002,1,2024-10-05
RESP03121,STU029,Q002-04,ASS002,0,2024-10-05
RESP03122,STU029,Q002-05,ASS002,1,2024-10-05
RESP03123,STU029,Q002-06,ASS002,1,2024-10-05
RESP03124,STU029,Q002-07,ASS002,1,2024-10-05
RESP03125,STU029,Q002-08,ASS002,0,2024-10-05
RESP03126,STU029,Q002-09,ASS002,1,2024-10-05
RESP03127,STU029,Q002-10,ASS002,1,2024-10-05
RESP03128,STU029,Q002-11,ASS002,1,2024-10-05
RESP03129,STU029,Q002-12,ASS002,1,2024-10-05
RESP03130,STU030,Q002-01,ASS002,1,2024-10-05
RESP03131,STU030,Q002-02,ASS002,1,2024-10-05
RESP03132,STU030,Q002-03,ASS002,1,2024-10-05
RESP03133,STU030,Q002-04,ASS002,1,2024-10-05
RESP03134,STU030,Q002-05,ASS002,1,2024-10-05
RESP03135,STU030,Q002-06,ASS002,1,2024-10-05
RESP03136,STU030,Q002-07,ASS002,1,2024-10-05
RESP03137,STU030,Q002-08,ASS002,1,2024-10-05
RESP03138,STU030,Q002-09,ASS002,1,2024-10-05
RESP03139,STU030,Q002-10,ASS002,1,2024-10-05
RESP03140,STU030,Q002-11,ASS002,1,2024-10-05
RESP03141,STU030,Q002-12,ASS002,1,2024-10-05
RESP03142,STU031,Q002-01,ASS002,1,2024-10-05
RESP03143,STU031,Q002-02,ASS002,1,2024-10-05
RESP03144,STU031,Q002-03,ASS002,1,2024-10-05
RESP03145,STU031,Q002-04,ASS002,0,2024-10-05
RESP03146,STU031,Q002-05,ASS002,1,2024-10-05
RESP03147,STU031,Q002-06,ASS002,1,2024-10-05
RESP03148,STU031,Q002-07,ASS002,1,2024-10-05
RESP03149,STU031,Q002-08,ASS002,1,2024-10-05
RESP03150,STU031,Q002-08,ASS002,1,2024-10-05
RESP03151,STU031,Q002-09,ASS002,1,2024-10-05
RESP03152,STU031,Q002-09,ASS002,1,2024-10-05
RESP03153,STU031,Q002-10,ASS002,0,2024-10-05
RESP03154,STU031,Q002-11,ASS002,1,2024-10-05
RESP03155,STU031,Q002-12,ASS002,1,2024-10-05
RESP03156,STU032,Q002-01,ASS002,1,2024-10-05
RESP03157,STU032,Q002-02,ASS002,1,2024-10-05
RESP03158,STU032,Q002-03,ASS002,1,2024-10-05
RESP03159,STU032,Q002-04,ASS002,1,2024-10-05
RESP03160,STU032,Q002-05,ASS002,1,2024-10-05
RESP03161,STU032,Q002-06,ASS002,1,2024-10-05
RESP03162,STU032,Q002-07,ASS002,1,2024-10-05
RESP03163,STU032,Q002-08,ASS002,1,2024-10-05
RESP03164,STU032,Q002-09,ASS002,1,2024-10-05
RESP03165,STU032,Q002-10,ASS002,1,2024-10-05
RESP03166,STU032,Q002-11,ASS002,1,2024-10-05
RESP03167,STU032,Q002-12,ASS002,1,2024-10-05
RESP03168,STU033,Q002-01,ASS002,1,2024-10-05
RESP03169,STU033,Q002-02,ASS002,1,2024-10-05
RESP03170,STU033,Q002-03,ASS002,1,2024-10-05
RESP03171,STU033,Q002-04,ASS002,0,2024-10-05
RESP03172,STU033,Q002-05,ASS002,1,2024-10-05
RESP03173,STU033,Q002-06,ASS002,1,2024-10-05
RESP03174,STU033,Q002-07,ASS002,1,2024-10-05
RESP03175,STU033,Q002-08,ASS002,1,2024-10-05
RESP03176,STU033,Q002-09,ASS002,1,2024-10-05
RESP03177,STU033,Q002-10,ASS002,1,2024-10-05
RESP03178,STU033,Q002-11,ASS002,1,2024-10-05
RESP03179,STU033,Q002-12,ASS002,1,2024-10-05
RESP03180,STU034,Q002-01,ASS002,1,2024-10-05
RESP03181,STU034,Q002-02,ASS002,1,2024-10-05
RESP03182,STU034,Q002-03,ASS002,1,2024-10-05
RESP03183,STU034,Q002-03,ASS002,1,2024-10-05
RESP03184,STU034,Q002-04,ASS002,1,2024-10-05
RESP03185,STU034,Q002-05,ASS002,1,2024-10-05
RESP03186,STU034,Q002-06,ASS002,1,2024-10-05
RESP03187,STU034,Q002-07,ASS002,1,2024-10-05
RESP03188,STU034,Q002-08,ASS002,1,2024-10-05
RESP03189,STU034,Q002-09,ASS002,1,2024-10-05
RESP03190,STU034,Q002-10,ASS002,1,2024-10-05
RESP03191,STU034,Q002-11,ASS002,0,2024-10-05
RESP03192,STU034,Q002-12,ASS002,0,2024-10-05
RESP03193,STU035,Q002-01,ASS002,1,2024-10-05
RESP03194,STU035,Q002-02,ASS002,1,2024-10-05
RESP03195,STU035,Q002-03,ASS002,1,2024-10-05
RESP03196,STU035,Q002-04,ASS002,0,2024-10-05
RESP03197,STU035,Q002-05,ASS002,0,2024-10-05
RESP03198,STU035,Q002-06,ASS002,1,2024-10-05
RESP03199,STU035,Q002-07,ASS002,0,2024-10-05
RESP03200,STU035,Q002-08,ASS002,0,2024-10-05
RESP03201,STU035,Q002-09,ASS002,1,2024-10-05
RESP03202,STU035,Q002-10,ASS002,0,2024-10-05
RESP03203,STU035,Q002-11,ASS002,0,2024-10-05
RESP03204,STU035,Q002-12,ASS002,0,2024-10-05
RESP03205,STU036,Q002-01,ASS002,1,2024-10-05
RESP03206,STU036,Q002-02,ASS002,0,2024-10-05
RESP03207,STU036,Q002-03,ASS002,1,2024-10-05
RESP03208,STU036,Q002-04,ASS002,0,2024-10-05
RESP03209,STU036,Q002-05,ASS002,1,2024-10-05
RESP03210,STU036,Q002-06,ASS002,1,2024-10-05
RESP03211,STU036,Q002-07,ASS002,1,2024-10-05
RESP03212,STU036,Q002-08,ASS002,1,2024-10-05
RESP03213,STU036,Q002-09,ASS002,1,2024-10-05
RESP03214,STU036,Q002-10,ASS002,1,2024-10-05
RESP03215,STU036,Q002-11,ASS002,1,2024-10-05
RESP03216,STU036,Q002-12,ASS002,1,2024-10-05
RESP03217,STU037,Q002-01,ASS002,1,2024-10-05
RESP03218,STU037,Q002-02,ASS002,1,2024-10-05
RESP03219,STU037,Q002-03,ASS002,1,2024-10-05
RESP03220,STU037,Q002-04,ASS002,1,2024-10-05
RESP03221,STU037,Q002-05,ASS002,1,2024-10-05
RESP03222,STU037,Q002-06,ASS002,0,2024-10-05
RESP03223,STU037,Q002-07,ASS002,1,2024-10-05
RESP03224,STU037,Q002-08,ASS002,1,2024-10-05
RESP03225,STU037,Q002-09,ASS002,1,2024-10-05
RESP03226,STU037,Q002-10,ASS002,1,2024-10-05
RESP03227,STU037,Q002-11,ASS002,1,2024-10-05
RESP03228,STU037,Q002-12,ASS002,1,2024-10-05
RESP03229,STU038,Q002-01,ASS002,1,2024-10-05
RESP03230,STU038,Q002-02,ASS002,0,2024-10-05
RESP03231,STU038,Q002-03,ASS002,1,2024-10-05
RESP03232,STU038,Q002-04,ASS002,1,2024-10-05
RESP03233,STU038,Q002-05,ASS002,1,2024-10-05
RESP03234,STU038,Q002-06,ASS002,0,2024-10-05
RESP03235,STU038,Q002-07,ASS002,0,2024-10-05
RESP03236,STU038,Q002-08,ASS002,1,2024-10-05
RESP03237,STU038,Q002-09,ASS002,1,2024-10-05
RESP03238,STU038,Q002-10,ASS002,0,2024-10-05
RESP03239,STU038,Q002-11,ASS002,0,2024-10-05
RESP03240,STU038,Q002-12,ASS002,0,2024-10-05
RESP03241,STU039,Q002-01,ASS002,1,2024-10-05
RESP03242,STU039,Q002-02,ASS002,1,2024-10-05
RESP03243,STU039,Q002-03,ASS002,1,2024-10-05
RESP03244,STU039,Q002-04,ASS002,0,2024-10-05
RESP03245,STU039,Q002-05,ASS002,1,2024-10-05
RESP03246,STU039,Q002-05,ASS002,1,2024-10-05
RESP03247,STU039,Q002-06,ASS002,1,2024-10-05
RESP03248,STU039,Q002-07,ASS002,1,2024-10-05
RESP03249,STU039,Q002-08,ASS002,1,2024-10-05
RESP03250,STU039,Q002-09,ASS002,1,2024-10-05
RESP03251,STU039,Q002-10,ASS002,1,2024-10-05
RESP03252,STU039,Q002-11,ASS002,1,2024-10-05
RESP03253,STU039,Q002-12,ASS002,1,2024-10-05
RESP03254,STU040,Q002-01,ASS002,0,2024-10-05
RESP03255,STU040,Q002-02,ASS002,0,2024-10-05
RESP03256,STU040,Q002-03,ASS002,1,2024-10-05
RESP03257,STU040,Q002-04,ASS002,0,2024-10-05
RESP03258,STU040,Q002-05,ASS002,1,2024-10-05
RESP03259,STU040,Q002-06,ASS002,1,2024-10-05
RESP03260,STU040,Q002-07,ASS002,0,2024-10-05
RESP03261,STU040,Q002-08,ASS002,0,2024-10-05
RESP03262,STU040,Q002-09,ASS002,1,2024-10-05
RESP03263,STU040,Q002-10,ASS002,0,2024-10-05
RESP03264,STU040,Q002-11,ASS002,1,2024-10-05
RESP03265,STU040,Q002-12,ASS002,0,2024-10-05
RESP03266,STU040,Q002-12,ASS002,0,2024-10-05
RESP03267,STU041,Q002-01,ASS002,1,2024-10-05
RESP03268,STU041,Q002-02,ASS002,1,2024-10-05
RESP03269,STU041,Q002-03,ASS002,1,2024-10-05
RESP03270,STU041,Q002-04,ASS002,1,2024-10-05
RESP03271,STU041,Q002-05,ASS002,1,2024-10-05
RESP03272,STU041,Q002-06,ASS002,1,2024-10-05
RESP03273,STU041,Q002-07,ASS002,1,2024-10-05
RESP03274,STU041,Q002-08,ASS002,1,2024-10-05
RESP03275,STU041,Q002-09,ASS002,1,2024-10-05
RESP03276,STU041,Q002-10,ASS002,1,2024-10-05
RESP03277,STU041,Q002-11,ASS002,0,2024-10-05
RESP03278,STU041,Q002-12,ASS002,1,2024-10-05
RESP03279,STU042,Q002-01,ASS002,1,2024-10-05
RESP03280,STU042,Q002-02,ASS002,1,2024-10-05
RESP03281,STU042,Q002-03,ASS002,1,2024-10-05
RESP03282,STU042,Q002-04,ASS002,1,2024-10-05
RESP03283,STU042,Q002-05,ASS002,1,2024-10-05
RESP03284,STU042,Q002-06,ASS002,1,2024-10-05
RESP03285,STU042,Q002-07,ASS002,0,2024-10-05
RESP03286,STU042,Q002-08,ASS002,1,2024-10-05
RESP03287,STU042,Q002-09,ASS002,1,2024-10-05
RESP03288,STU042,Q002-10,ASS002,1,2024-10-05
RESP03289,STU042,Q002-11,ASS002,0,2024-10-05
RESP03290,STU042,Q002-12,ASS002,1,2024-10-05
RESP03291,STU043,Q002-01,ASS002,1,2024-10-05
RESP03292,STU043,Q002-02,ASS002,1,2024-10-05
RESP03293,STU043,Q002-03,ASS002,1,2024-10-05
RESP03294,STU043,Q002-04,ASS002,1,2024-10-05
RESP03295,STU043,Q002-05,ASS002,1,2024-10-05
RESP03296,STU043,Q002-06,ASS002,1,2024-10-05
RESP03297,STU043,Q002-07,ASS002,1,2024-10-05
RESP03298,STU043,Q002-08,ASS002,1,2024-10-05
RESP03299,STU043,Q002-09,ASS002,1,2024-10-05
RESP03300,STU043,Q002-09,ASS002,1,2024-10-05
RESP03301,STU043,Q002-10,ASS002,1,2024-10-05
RESP03302,STU043,Q002-11,ASS002,0,2024-10-05
RESP03303,STU043,Q002-12,ASS002,1,2024-10-05
RESP03304,STU044,Q002-01,ASS002,0,2024-10-05
RESP03305,STU044,Q002-02,ASS002,1,2024-10-05
RESP03306,STU044,Q002-03,ASS002,1,2024-10-05
RESP03307,STU044,Q002-04,ASS002,0,2024-10-05
RESP03308,STU044,Q002-05,ASS002,1,2024-10-05
RESP03309,STU044,Q002-06,ASS002,0,2024-10-05
RESP03310,STU044,Q002-07,ASS002,0,2024-10-05
RESP03311,STU044,Q002-08,ASS002,1,2024-10-05
RESP03312,STU044,Q002-09,ASS002,1,2024-10-05
RESP03313,STU044,Q002-10,ASS002,0,2024-10-05
RESP03314,STU044,Q002-11,ASS002,1,2024-10-05
RESP03315,STU044,Q002-12,ASS002,0,2024-10-05
RESP03316,STU045,Q002-01,ASS002,1,2024-10-05
RESP03317,STU045,Q002-02,ASS002,1,2024-10-05
RESP03318,STU045,Q002-03,ASS002,0,2024-10-05
RESP03319,STU045,Q002-04,ASS002,0,2024-10-05
RESP03320,STU045,Q002-05,ASS002,1,2024-10-05
RESP03321,STU045,Q002-06,ASS002,1,2024-10-05
RESP03322,STU045,Q002-07,ASS002,0,2024-10-05
RESP03323,STU045,Q002-08,ASS002,0,2024-10-05
RESP03324,STU045,Q002-09,ASS002,1,2024-10-05
RESP03325,STU045,Q002-10,ASS002,1,2024-10-05
RESP03326,STU045,Q002-11,ASS002,0,2024-10-05
RESP03327,STU045,Q002-12,ASS002,1,2024-10-05
RESP03328,STU046,Q002-01,ASS002,1,2024-10-05
RESP03329,STU046,Q002-02,ASS002,1,2024-10-05
RESP03330,STU046,Q002-03,ASS002,1,2024-10-05
RESP03331,STU046,Q002-04,ASS002,0,2024-10-05
RESP03332,STU046,Q002-05,ASS002,1,2024-10-05
RESP03333,STU046,Q002-06,ASS002,0,2024-10-05
RESP03334,STU046,Q002-07,ASS002,1,2024-10-05
RESP03335,STU046,Q002-08,ASS002,1,2024-10-05
RESP03336,STU046,Q002-09,ASS002,1,2024-10-05
RESP03337,STU046,Q002-10,ASS002,1,2024-10-05
RESP03338,STU046,Q002-11,ASS002,0,2024-10-05
RESP03339,STU046,Q002-12,ASS002,0,2024-10-05
RESP03340,STU047,Q002-01,ASS002,0,2024-10-05
RESP03341,STU047,Q002-02,ASS002,1,2024-10-05
RESP03342,STU047,Q002-03,ASS002,1,2024-10-05
RESP03343,STU047,Q002-04,ASS002,1,2024-10-05
RESP03344,STU047,Q002-05,ASS002,0,2024-10-05
RESP03345,STU047,Q002-06,ASS002,0,2024-10-05
RESP03346,STU047,Q002-07,ASS002,1,2024-10-05
RESP03347,STU047,Q002-08,ASS002,1,2024-10-05
RESP03348,STU047,Q002-09,ASS002,1,2024-10-05
RESP03349,STU047,Q002-10,ASS002,1,2024-10-05
RESP03350,STU047,Q002-11,ASS002,0,2024-10-05
RESP03351,STU047,Q002-12,ASS002,0,2024-10-05
RESP03352,STU048,Q002-01,ASS002,1,2024-10-05
RESP03353,STU048,Q002-02,ASS002,1,2024-10-05
RESP03354,STU048,Q002-03,ASS002,1,2024-10-05
RESP03355,STU048,Q002-04,ASS002,1,2024-10-05
RESP03356,STU048,Q002-05,ASS002,1,2024-10-05
RESP03357,STU048,Q002-06,ASS002,1,2024-10-05
RESP03358,STU048,Q002-07,ASS002,1,2024-10-05
RESP03359,STU048,Q002-08,ASS002,0,2024-10-05
RESP03360,STU048,Q002-09,ASS002,1,2024-10-05
RESP03361,STU048,Q002-10,ASS002,1,2024-10-05
RESP03362,STU048,Q002-11,ASS002,1,2024-10-05
RESP03363,STU048,Q002-12,ASS002,1,2024-10-05
RESP03364,STU049,Q002-01,ASS002,1,2024-10-05
RESP03365,STU049,Q002-02,ASS002,0,2024-10-05
RESP03366,STU049,Q002-03,ASS002,1,2024-10-05
RESP03367,STU049,Q002-04,ASS002,0,2024-10-05
RESP03368,STU049,Q002-05,ASS002,0,2024-10-05
RESP03369,STU049,Q002-06,ASS002,1,2024-10-05
RESP03370,STU049,Q002-07,ASS002,0,2024-10-05
RESP03371,STU049,Q002-08,ASS002,1,2024-10-05
RESP03372,STU049,Q002-09,ASS002,1,2024-10-05
RESP03373,STU049,Q002-10,ASS002,1,2024-10-05
RESP03374,STU049,Q002-10,ASS002,1,2024-10-05
RESP03375,STU049,Q002-11,ASS002,1,2024-10-05
RESP03376,STU049,Q002-12,ASS002,1,2024-10-05
RESP03377,STU050,Q002-01,ASS002,1,2024-10-05
RESP03378,STU050,Q002-02,ASS002,1,2024-10-05
RESP03379,STU050,Q002-03,ASS002,0,2024-10-05
RESP03380,STU050,Q002-04,ASS002,1,2024-10-05
RESP03381,STU050,Q002-05,ASS002,1,2024-10-05
RESP03382,STU050,Q002-06,ASS002,1,2024-10-05
RESP03383,STU050,Q002-07,ASS002,0,2024-10-05
RESP03384,STU050,Q002-08,ASS002,1,2024-10-05
RESP03385,STU050,Q002-09,ASS002,1,2024-10-05
RESP03386,STU050,Q002-10,ASS002,0,2024-10-05
RESP03387,STU050,Q002-11,ASS002,0,2024-10-05
RESP03388,STU050,Q002-12,ASS002,1,2024-10-05
RESP03389,STU051,Q002-01,ASS002,0,2024-10-05
RESP03390,STU051,Q002-02,ASS002,1,2024-10-05
RESP03391,STU051,Q002-03,ASS002,1,2024-10-05
RESP03392,STU051,Q002-04,ASS002,1,2024-10-05
RESP03393,STU051,Q002-05,ASS002,1,2024-10-05
RESP03394,STU051,Q002-06,ASS002,1,2024-10-05
RESP03395,STU051,Q002-07,ASS002,1,2024-10-05
RESP03396,STU051,Q002-08,ASS002,1,2024-10-05
RESP03397,STU051,Q002-09,ASS002,1,2024-10-05
RESP03398,STU051,Q002-10,ASS002,1,2024-10-05
RESP03399,STU051,Q002-11,ASS002,1,2024-10-05
RESP03400,STU051,Q002-12,ASS002,1,2024-10-05
RESP03401,STU052,Q002-01,ASS002,0,2024-10-05
RESP03402,STU052,Q002-02,ASS002,0,2024-10-05
RESP03403,STU052,Q002-03,ASS002,1,2024-10-05
RESP03404,STU052,Q002-04,ASS002,0,2024-10-05
RESP03405,STU052,Q002-05,ASS002,1,2024-10-05
RESP03406,STU052,Q002-06,ASS002,1,2024-10-05
RESP03407,STU052,Q002-07,ASS002,1,2024-10-05
RESP03408,STU052,Q002-08,ASS002,0,2024-10-05
RESP03409,STU052,Q002-09,ASS002,1,2024-10-05
RESP03410,STU052,Q002-10,ASS002,1,2024-10-05
RESP03411,STU052,Q002-11,ASS002,1,2024-10-05
RESP03412,STU052,Q002-12,ASS002,1,2024-10-05
RESP03413,STU053,Q002-01,ASS002,1,2024-10-05
RESP03414,STU053,Q002-02,ASS002,1,2024-10-05
RESP03415,STU053,Q002-03,ASS002,1,2024-10-05
RESP03416,STU053,Q002-04,ASS002,1,2024-10-05
RESP03417,STU053,Q002-05,ASS002,1,2024-10-05
RESP03418,STU053,Q002-06,ASS002,1,2024-10-05
RESP03419,STU053,Q002-07,ASS002,1,2024-10-05
RESP03420,STU053,Q002-08,ASS002,1,2024-10-05
RESP03421,STU053,Q002-09,ASS002,1,2024-10-05
RESP03422,STU053,Q002-10,ASS002,0,2024-10-05
RESP03423,STU053,Q002-11,ASS002,1,2024-10-05
RESP03424,STU053,Q002-12,ASS002,0,2024-10-05
RESP03425,STU054,Q002-01,ASS002,1,2024-10-05
RESP03426,STU054,Q002-02,ASS002,1,2024-10-05
RESP03427,STU054,Q002-03,ASS002,1,2024-10-05
RESP03428,STU054,Q002-04,ASS002,1,2024-10-05
RESP03429,STU054,Q002-05,ASS002,1,2024-10-05
RESP03430,STU054,Q002-06,ASS002,1,2024-10-05
RESP03431,STU054,Q002-07,ASS002,0,2024-10-05
RESP03432,STU054,Q002-08,ASS002,0,2024-10-05
RESP03433,STU054,Q002-09,ASS002,1,2024-10-05
RESP03434,STU054,Q002-10,ASS002,0,2024-10-05
RESP03435,STU054,Q002-11,ASS002,1,2024-10-05
RESP03436,STU054,Q002-12,ASS002,1,2024-10-05
RESP03437,STU055,Q002-01,ASS002,1,2024-10-05
RESP03438,STU055,Q002-02,ASS002,0,2024-10-05
RESP03439,STU055,Q002-03,ASS002,1,2024-10-05
RESP03440,STU055,Q002-04,ASS002,0,2024-10-05
RESP03441,STU055,Q002-05,ASS002,1,2024-10-05
RESP03442,STU055,Q002-06,ASS002,0,2024-10-05
RESP03443,STU055,Q002-07,ASS002,1,2024-10-05
RESP03444,STU055,Q002-08,ASS002,1,2024-10-05
RESP03445,STU055,Q002-09,ASS002,1,2024-10-05
RESP03446,STU055,Q002-10,ASS002,1,2024-10-05
RESP03447,STU055,Q002-11,ASS002,0,2024-10-05
RESP03448,STU055,Q002-12,ASS002,1,2024-10-05
RESP03449,STU056,Q002-01,ASS002,0,2024-10-05
RESP03450,STU056,Q002-02,ASS002,1,2024-10-05
RESP03451,STU056,Q002-03,ASS002,0,2024-10-05
RESP03452,STU056,Q002-04,ASS002,0,2024-10-05
RESP03453,STU056,Q002-05,ASS002,0,2024-10-05
RESP03454,STU056,Q002-06,ASS002,0,2024-10-05
RESP03455,STU056,Q002-07,ASS002,1,2024-10-05
RESP03456,STU056,Q002-08,ASS002,1,2024-10-05
RESP03457,STU056,Q002-09,ASS002,1,2024-10-05
RESP03458,STU056,Q002-10,ASS002,1,2024-10-05
RESP03459,STU056,Q002-11,ASS002,0,2024-10-05
RESP03460,STU056,Q002-12,ASS002,1,2024-10-05
RESP03461,STU057,Q002-01,ASS002,1,2024-10-05
RESP03462,STU057,Q002-02,ASS002,1,2024-10-05
RESP03463,STU057,Q002-03,ASS002,1,2024-10-05
RESP03464,STU057,Q002-04,ASS002,1,2024-10-05
RESP03465,STU057,Q002-05,ASS002,1,2024-10-05
RESP03466,STU057,Q002-06,ASS002,1,2024-10-05
RESP03467,STU057,Q002-07,ASS002,1,2024-10-05
RESP03468,STU057,Q002-08,ASS002,1,2024-10-05
RESP03469,STU057,Q002-09,ASS002,1,2024-10-05
RESP03470,STU057,Q002-10,ASS002,1,2024-10-05
RESP03471,STU057,Q002-11,ASS002,1,2024-10-05
RESP03472,STU057,Q002-12,ASS002,1,2024-10-05
RESP03473,STU058,Q002-01,ASS002,1,2024-10-05
RESP03474,STU058,Q002-02,ASS002,1,2024-10-05
RESP03475,STU058,Q002-03,ASS002,1,2024-10-05
RESP03476,STU058,Q002-04,ASS002,0,2024-10-05
RESP03477,STU058,Q002-05,ASS002,1,2024-10-05
RESP03478,STU058,Q002-06,ASS002,1,2024-10-05
RESP03479,STU058,Q002-07,ASS002,1,2024-10-05
RESP03480,STU058,Q002-08,ASS002,1,2024-10-05
RESP03481,STU058,Q002-09,ASS002,0,2024-10-05
RESP03482,STU058,Q002-10,ASS002,1,2024-10-05
RESP03483,STU058,Q002-11,ASS002,1,2024-10-05
RESP03484,STU058,Q002-12,ASS002,1,2024-10-05
RESP03485,STU059,Q002-01,ASS002,1,2024-10-05
RESP03486,STU059,Q002-02,ASS002,1,2024-10-05
RESP03487,STU059,Q002-03,ASS002,1,2024-10-05
RESP03488,STU059,Q002-04,ASS002,1,2024-10-05
RESP03489,STU059,Q002-05,ASS002,1,2024-10-05
RESP03490,STU059,Q002-06,ASS002,1,2024-10-05
RESP03491,STU059,Q002-07,ASS002,1,2024-10-05
RESP03492,STU059,Q002-08,ASS002,1,2024-10-05
RESP03493,STU059,Q002-09,ASS002,1,2024-10-05
RESP03494,STU059,Q002-10,ASS002,1,2024-10-05
RESP03495,STU059,Q002-11,ASS002,0,2024-10-05
RESP03496,STU059,Q002-12,ASS002,1,2024-10-05
RESP03497,STU060,Q002-01,ASS002,1,2024-10-05
RESP03498,STU060,Q002-02,ASS002,1,2024-10-05
RESP03499,STU060,Q002-03,ASS002,1,2024-10-05
RESP03500,STU060,Q002-04,ASS002,1,2024-10-05
RESP03501,STU060,Q002-05,ASS002,1,2024-10-05
RESP03502,STU060,Q002-06,ASS002,1,2024-10-05
RESP03503,STU060,Q002-06,ASS002,1,2024-10-05
RESP03504,STU060,Q002-07,ASS002,1,2024-10-05
RESP03505,STU060,Q002-08,ASS002,1,2024-10-05
RESP03506,STU060,Q002-09,ASS002,1,2024-10-05
RESP03507,STU060,Q002-10,ASS002,0,2024-10-05
RESP03508,STU060,Q002-11,ASS002,1,2024-10-05
RESP03509,STU060,Q002-12,ASS002,1,2024-10-05
RESP03510,STU061,Q002-01,ASS002,0,2024-10-05
RESP03511,STU061,Q002-02,ASS002,0,2024-10-05
RESP03512,STU061,Q002-03,ASS002,1,2024-10-05
RESP03513,STU061,Q002-04,ASS002,1,2024-10-05
RESP03514,STU061,Q002-05,ASS002,1,2024-10-05
RESP03515,STU061,Q002-06,ASS002,0,2024-10-05
RESP03516,STU061,Q002-07,ASS002,1,2024-10-05
RESP03517,STU061,Q002-08,ASS002,1,2024-10-05
RESP03518,STU061,Q002-09,ASS002,1,2024-10-05
RESP03519,STU061,Q002-10,ASS002,1,2024-10-05
RESP03520,STU061,Q002-10,ASS002,1,2024-10-05
RESP03521,STU061,Q002-11,ASS002,1,2024-10-05
RESP03522,STU061,Q002-12,ASS002,0,2024-10-05
RESP03523,STU062,Q002-01,ASS002,0,2024-10-05
RESP03524,STU062,Q002-02,ASS002,0,2024-10-05
RESP03525,STU062,Q002-03,ASS002,0,2024-10-05
RESP03526,STU062,Q002-04,ASS002,1,2024-10-05
RESP03527,STU062,Q002-04,ASS002,1,2024-10-05
RESP03528,STU062,Q002-05,ASS002,1,2024-10-05
RESP03529,STU062,Q002-06,ASS002,1,2024-10-05
RESP03530,STU062,Q002-07,ASS002,0,2024-10-05
RESP03531,STU062,Q002-08,ASS002,1,2024-10-05
RESP03532,STU062,Q002-09,ASS002,1,2024-10-05
RESP03533,STU062,Q002-10,ASS002,0,2024-10-05
RESP03534,STU062,Q002-11,ASS002,0,2024-10-05
RESP03535,STU062,Q002-11,ASS002,0,2024-10-05
RESP03536,STU062,Q002-12,ASS002,0,2024-10-05
RESP03537,STU063,Q002-01,ASS002,1,2024-10-05
RESP03538,STU063,Q002-02,ASS002,1,2024-10-05
RESP03539,STU063,Q002-03,ASS002,1,2024-10-05
RESP03540,STU063,Q002-04,ASS002,0,2024-10-05
RESP03541,STU063,Q002-05,ASS002,1,2024-10-05
RESP03542,STU063,Q002-06,ASS002,1,2024-10-05
RESP03543,STU063,Q002-06,ASS002,1,2024-10-05
RESP03544,STU063,Q002-07,ASS002,0,2024-10-05
RESP03545,STU063,Q002-08,ASS002,1,2024-10-05
RESP03546,STU063,Q002-09,ASS002,1,2024-10-05
RESP03547,STU063,Q002-10,ASS002,1,2024-10-05
RESP03548,STU063,Q002-11,ASS002,1,2024-10-05
RESP03549,STU063,Q002-12,ASS002,0,2024-10-05
RESP03550,STU064,Q002-01,ASS002,1,2024-10-05
RESP03551,STU064,Q002-02,ASS002,1,2024-10-05
RESP03552,STU064,Q002-03,ASS002,1,2024-10-05
RESP03553,STU064,Q002-04,ASS002,0,2024-10-05
RESP03554,STU064,Q002-05,ASS002,1,2024-10-05
RESP03555,STU064,Q002-06,ASS002,1,2024-10-05
RESP03556,STU064,Q002-07,ASS002,0,2024-10-05
RESP03557,STU064,Q002-08,ASS002,1,2024-10-05
RESP03558,STU064,Q002-09,ASS002,1,2024-10-05
RESP03559,STU064,Q002-10,ASS002,1,2024-10-05
RESP03560,STU064,Q002-11,ASS002,1,2024-10-05
RESP03561,STU064,Q002-12,ASS002,1,2024-10-05
RESP03562,STU065,Q002-01,ASS002,1,2024-10-05
RESP03563,STU065,Q002-02,ASS002,1,2024-10-05
RESP03564,STU065,Q002-03,ASS002,0,2024-10-05
RESP03565,STU065,Q002-04,ASS002,1,2024-10-05
RESP03566,STU065,Q002-05,ASS002,1,2024-10-05
RESP03567,STU065,Q002-06,ASS002,0,2024-10-05
RESP03568,STU065,Q002-07,ASS002,0,2024-10-05
RESP03569,STU065,Q002-08,ASS002,1,2024-10-05
RESP03570,STU065,Q002-09,ASS002,0,2024-10-05
RESP03571,STU065,Q002-10,ASS002,0,2024-10-05
RESP03572,STU065,Q002-11,ASS002,1,2024-10-05
RESP03573,STU065,Q002-12,ASS002,1,2024-10-05
RESP03574,STU066,Q002-01,ASS002,1,2024-10-05
RESP03575,STU066,Q002-02,ASS002,1,2024-10-05
RESP03576,STU066,Q002-03,ASS002,0,2024-10-05
RESP03577,STU066,Q002-04,ASS002,1,2024-10-05
RESP03578,STU066,Q002-05,ASS002,0,2024-10-05
RESP03579,STU066,Q002-06,ASS002,1,2024-10-05
RESP03580,STU066,Q002-07,ASS002,1,2024-10-05
RESP03581,STU066,Q002-08,ASS002,1,2024-10-05
RESP03582,STU066,Q002-09,ASS002,0,2024-10-05
RESP03583,STU066,Q002-10,ASS002,1,2024-10-05
RESP03584,STU066,Q002-11,ASS002,1,2024-10-05
RESP03585,STU066,Q002-11,ASS002,1,2024-10-05
RESP03586,STU066,Q002-12,ASS002,0,2024-10-05
RESP03587,STU067,Q002-01,ASS002,1,2024-10-05
RESP03588,STU067,Q002-02,ASS002,1,2024-10-05
RESP03589,STU067,Q002-03,ASS002,1,2024-10-05
RESP03590,STU067,Q002-04,ASS002,1,2024-10-05
RESP03591,STU067,Q002-05,ASS002,1,2024-10-05
RESP03592,STU067,Q002-06,ASS002,1,2024-10-05
RESP03593,STU067,Q002-07,ASS002,1,2024-10-05
RESP03594,STU067,Q002-08,ASS002,1,2024-10-05
RESP03595,STU067,Q002-09,ASS002,1,2024-10-05
RESP03596,STU067,Q002-10,ASS002,1,2024-10-05
RESP03597,STU067,Q002-11,ASS002,1,2024-10-05
RESP03598,STU067,Q002-12,ASS002,1,2024-10-05
RESP03599,STU068,Q002-01,ASS002,1,2024-10-05
RESP03600,STU068,Q002-02,ASS002,0,2024-10-05
RESP03601,STU068,Q002-03,ASS002,1,2024-10-05
RESP03602,STU068,Q002-04,ASS002,1,2024-10-05
RESP03603,STU068,Q002-05,ASS002,1,2024-10-05
RESP03604,STU068,Q002-06,ASS002,1,2024-10-05
RESP03605,STU068,Q002-07,ASS002,1,2024-10-05
RESP03606,STU068,Q002-08,ASS002,1,2024-10-05
RESP03607,STU068,Q002-09,ASS002,1,2024-10-05
RESP03608,STU068,Q002-10,ASS002,0,2024-10-05
RESP03609,STU068,Q002-11,ASS002,1,2024-10-05
RESP03610,STU068,Q002-12,ASS002,1,2024-10-05
RESP03611,STU069,Q002-01,ASS002,1,2024-10-05
RESP03612,STU069,Q002-02,ASS002,1,2024-10-05
RESP03613,STU069,Q002-03,ASS002,0,2024-10-05
RESP03614,STU069,Q002-04,ASS002,1,2024-10-05
RESP03615,STU069,Q002-05,ASS002,0,2024-10-05
RESP03616,STU069,Q002-06,ASS002,0,2024-10-05
RESP03617,STU069,Q002-07,ASS002,0,2024-10-05
RESP03618,STU069,Q002-08,ASS002,1,2024-10-05
RESP03619,STU069,Q002-09,ASS002,1,2024-10-05
RESP03620,STU069,Q002-10,ASS002,1,2024-10-05
RESP03621,STU069,Q002-11,ASS002,1,2024-10-05
RESP03622,STU069,Q002-12,ASS002,1,2024-10-05
RESP03623,STU070,Q002-01,ASS002,1,2024-10-05
RESP03624,STU070,Q002-01,ASS002,1,2024-10-05
RESP03625,STU070,Q002-02,ASS002,1,2024-10-05
RESP03626,STU070,Q002-03,ASS002,1,2024-10-05
RESP03627,STU070,Q002-04,ASS002,1,2024-10-05
RESP03628,STU070,Q002-05,ASS002,1,2024-10-05
RESP03629,STU070,Q002-06,ASS002,1,2024-10-05
RESP03630,STU070,Q002-07,ASS002,1,2024-10-05
RESP03631,STU070,Q002-08,ASS002,1,2024-10-05
RESP03632,STU070,Q002-09,ASS002,1,2024-10-05
RESP03633,STU070,Q002-10,ASS002,0,2024-10-05
RESP03634,STU070,Q002-11,ASS002,1,2024-10-05
RESP03635,STU070,Q002-12,ASS002,1,2024-10-05
RESP03636,STU071,Q002-01,ASS002,0,2024-10-05
RESP03637,STU071,Q002-02,ASS002,1,2024-10-05
RESP03638,STU071,Q002-03,ASS002,1,2024-10-05
RESP03639,STU071,Q002-04,ASS002,1,2024-10-05
RESP03640,STU071,Q002-05,ASS002,0,2024-10-05
RESP03641,STU071,Q002-06,ASS002,1,2024-10-05
RESP03642,STU071,Q002-07,ASS002,1,2024-10-05
RESP03643,STU071,Q002-08,ASS002,1,2024-10-05
RESP03644,STU071,Q002-08,ASS002,1,2024-10-05
RESP03645,STU071,Q002-09,ASS002,1,2024-10-05
RESP03646,STU071,Q002-10,ASS002,1,2024-10-05
RESP03647,STU071,Q002-11,ASS002,1,2024-10-05
RESP03648,STU071,Q002-12,ASS002,0,2024-10-05
RESP03649,STU072,Q002-01,ASS002,1,2024-10-05
RESP03650,STU072,Q002-02,ASS002,1,2024-10-05
RESP03651,STU072,Q002-03,ASS002,1,2024-10-05
RESP03652,STU072,Q002-04,ASS002,1,2024-10-05
RESP03653,STU072,Q002-05,ASS002,1,2024-10-05
RESP03654,STU072,Q002-06,ASS002,1,2024-10-05
RESP03655,STU072,Q002-07,ASS002,0,2024-10-05
RESP03656,STU072,Q002-08,ASS002,1,2024-10-05
RESP03657,STU072,Q002-09,ASS002,1,2024-10-05
RESP03658,STU072,Q002-10,ASS002,1,2024-10-05
RESP03659,STU072,Q002-11,ASS002,1,2024-10-05
RESP03660,STU072,Q002-12,ASS002,1,2024-10-05
RESP03661,STU073,Q002-01,ASS002,0,2024-10-05
RESP03662,STU073,Q002-02,ASS002,1,2024-10-05
RESP03663,STU073,Q002-03,ASS002,1,2024-10-05
RESP03664,STU073,Q002-04,ASS002,1,2024-10-05
RESP03665,STU073,Q002-05,ASS002,1,2024-10-05
RESP03666,STU073,Q002-06,ASS002,1,2024-10-05
RESP03667,STU073,Q002-07,ASS002,1,2024-10-05
RESP03668,STU073,Q002-08,ASS002,1,2024-10-05
RESP03669,STU073,Q002-09,ASS002,1,2024-10-05
RESP03670,STU073,Q002-10,ASS002,1,2024-10-05
RESP03671,STU073,Q002-11,ASS002,1,2024-10-05
RESP03672,STU073,Q002-12,ASS002,0,2024-10-05
RESP03673,STU074,Q002-01,ASS002,0,2024-10-05
RESP03674,STU074,Q002-02,ASS002,0,2024-10-05
RESP03675,STU074,Q002-03,ASS002,0,2024-10-05
RESP03676,STU074,Q002-03,ASS002,0,2024-10-05
RESP03677,STU074,Q002-04,ASS002,0,2024-10-05
RESP03678,STU074,Q002-05,ASS002,0,2024-10-05
RESP03679,STU074,Q002-06,ASS002,1,2024-10-05
RESP03680,STU074,Q002-07,ASS002,0,2024-10-05
RESP03681,STU074,Q002-08,ASS002,0,2024-10-05
RESP03682,STU074,Q002-09,ASS002,1,2024-10-05
RESP03683,STU074,Q002-10,ASS002,0,2024-10-05
RESP03684,STU074,Q002-11,ASS002,0,2024-10-05
RESP03685,STU074,Q002-11,ASS002,0,2024-10-05
RESP03686,STU074,Q002-12,ASS002,1,2024-10-05
RESP03687,STU075,Q002-01,ASS002,1,2024-10-05
RESP03688,STU075,Q002-02,ASS002,1,2024-10-05
RESP03689,STU075,Q002-02,ASS002,1,2024-10-05
RESP03690,STU075,Q002-03,ASS002,1,2024-10-05
RESP03691,STU075,Q002-04,ASS002,1,2024-10-05
RESP03692,STU075,Q002-05,ASS002,1,2024-10-05
RESP03693,STU075,Q002-06,ASS002,1,2024-10-05
RESP03694,STU075,Q002-07,ASS002,1,2024-10-05
RESP03695,STU075,Q002-08,ASS002,1,2024-10-05
RESP03696,STU075,Q002-09,ASS002,1,2024-10-05
RESP03697,STU075,Q002-10,ASS002,1,2024-10-05
RESP03698,STU075,Q002-11,ASS002,1,2024-10-05
RESP03699,STU075,Q002-12,ASS002,0,2024-10-05
RESP03700,STU076,Q002-01,ASS002,1,2024-10-05
RESP03701,STU076,Q002-02,ASS002,1,2024-10-05
RESP03702,STU076,Q002-03,ASS002,1,2024-10-05
RESP03703,STU076,Q002-04,ASS002,1,2024-10-05
RESP03704,STU076,Q002-05,ASS002,1,2024-10-05
RESP03705,STU076,Q002-06,ASS002,1,2024-10-05
RESP03706,STU076,Q002-07,ASS002,1,2024-10-05
RESP03707,STU076,Q002-08,ASS002,1,2024-10-05
RESP03708,STU076,Q002-09,ASS002,1,2024-10-05
RESP03709,STU076,Q002-10,ASS002,1,2024-10-05
RESP03710,STU076,Q002-11,ASS002,1,2024-10-05
RESP03711,STU076,Q002-12,ASS002,1,2024-10-05
RESP03712,STU077,Q002-01,ASS002,1,2024-10-05
RESP03713,STU077,Q002-02,ASS002,1,2024-10-05
RESP03714,STU077,Q002-03,ASS002,1,2024-10-05
RESP03715,STU077,Q002-04,ASS002,1,2024-10-05
RESP03716,STU077,Q002-05,ASS002,1,2024-10-05
RESP03717,STU077,Q002-06,ASS002,1,2024-10-05
RESP03718,STU077,Q002-07,ASS002,1,2024-10-05
RESP03719,STU077,Q002-08,ASS002,1,2024-10-05
RESP03720,STU077,Q002-09,ASS002,1,2024-10-05
RESP03721,STU077,Q002-10,ASS002,0,2024-10-05
RESP03722,STU077,Q002-11,ASS002,1,2024-10-05
RESP03723,STU077,Q002-12,ASS002,1,2024-10-05
RESP03724,STU078,Q002-01,ASS002,1,2024-10-05
RESP03725,STU078,Q002-02,ASS002,0,2024-10-05
RESP03726,STU078,Q002-03,ASS002,0,2024-10-05
RESP03727,STU078,Q002-04,ASS002,1,2024-10-05
RESP03728,STU078,Q002-05,ASS002,1,2024-10-05
RESP03729,STU078,Q002-06,ASS002,0,2024-10-05
RESP03730,STU078,Q002-07,ASS002,0,2024-10-05
RESP03731,STU078,Q002-08,ASS002,1,2024-10-05
RESP03732,STU078,Q002-09,ASS002,1,2024-10-05
RESP03733,STU078,Q002-10,ASS002,0,2024-10-05
RESP03734,STU078,Q002-11,ASS002,0,2024-10-05
RESP03735,STU078,Q002-12,ASS002,0,2024-10-05
RESP03736,STU079,Q002-01,ASS002,1,2024-10-05
RESP03737,STU079,Q002-02,ASS002,1,2024-10-05
RESP03738,STU079,Q002-03,ASS002,1,2024-10-05
RESP03739,STU079,Q002-04,ASS002,1,2024-10-05
RESP03740,STU079,Q002-05,ASS002,1,2024-10-05
RESP03741,STU079,Q002-06,ASS002,1,2024-10-05
RESP03742,STU079,Q002-07,ASS002,1,2024-10-05
RESP03743,STU079,Q002-08,ASS002,1,2024-10-05
RESP03744,STU079,Q002-09,ASS002,1,2024-10-05
RESP03745,STU079,Q002-10,ASS002,1,2024-10-05
RESP03746,STU079,Q002-10,ASS002,1,2024-10-05
RESP03747,STU079,Q002-11,ASS002,0,2024-10-05
RESP03748,STU079,Q002-12,ASS002,0,2024-10-05
RESP03749,STU080,Q002-01,ASS002,1,2024-10-05
RESP03750,STU080,Q002-02,ASS002,0,2024-10-05
RESP03751,STU080,Q002-03,ASS002,1,2024-10-05
RESP03752,STU080,Q002-04,ASS002,1,2024-10-05
RESP03753,STU080,Q002-04,ASS002,1,2024-10-05
RESP03754,STU080,Q002-05,ASS002,1,2024-10-05
RESP03755,STU080,Q002-06,ASS002,1,2024-10-05
RESP03756,STU080,Q002-07,ASS002,1,2024-10-05
RESP03757,STU080,Q002-08,ASS002,1,2024-10-05
RESP03758,STU080,Q002-09,ASS002,0,2024-10-05
RESP03759,STU080,Q002-10,ASS002,0,2024-10-05
RESP03760,STU080,Q002-11,ASS002,1,2024-10-05
RESP03761,STU080,Q002-12,ASS002,1,2024-10-05
RESP03762,STU081,Q002-01,ASS002,1,2024-10-05
RESP03763,STU081,Q002-02,ASS002,1,2024-10-05
RESP03764,STU081,Q002-03,ASS002,1,2024-10-05
RESP03765,STU081,Q002-04,ASS002,1,2024-10-05
RESP03766,STU081,Q002-05,ASS002,1,2024-10-05
RESP03767,STU081,Q002-06,ASS002,1,2024-10-05
RESP03768,STU081,Q002-07,ASS002,1,2024-10-05
RESP03769,STU081,Q002-08,ASS002,1,2024-10-05
RESP03770,STU081,Q002-09,ASS002,1,2024-10-05
RESP03771,STU081,Q002-10,ASS002,1,2024-10-05
RESP03772,STU081,Q002-11,ASS002,1,2024-10-05
RESP03773,STU081,Q002-12,ASS002,1,2024-10-05
RESP03774,STU082,Q002-01,ASS002,1,2024-10-05
RESP03775,STU082,Q002-02,ASS002,1,2024-10-05
RESP03776,STU082,Q002-03,ASS002,1,2024-10-05
RESP03777,STU082,Q002-03,ASS002,1,2024-10-05
RESP03778,STU082,Q002-04,ASS002,0,2024-10-05
RESP03779,STU082,Q002-05,ASS002,1,2024-10-05
RESP03780,STU082,Q002-06,ASS002,1,2024-10-05
RESP03781,STU082,Q002-07,ASS002,1,2024-10-05
RESP03782,STU082,Q002-08,ASS002,0,2024-10-05
RESP03783,STU082,Q002-09,ASS002,1,2024-10-05
RESP03784,STU082,Q002-10,ASS002,1,2024-10-05
RESP03785,STU082,Q002-11,ASS002,0,2024-10-05
RESP03786,STU082,Q002-12,ASS002,1,2024-10-05
RESP03787,STU083,Q002-01,ASS002,1,2024-10-05
RESP03788,STU083,Q002-02,ASS002,1,2024-10-05
RESP03789,STU083,Q002-03,ASS002,1,2024-10-05
RESP03790,STU083,Q002-04,ASS002,1,2024-10-05
RESP03791,STU083,Q002-05,ASS002,1,2024-10-05
RESP03792,STU083,Q002-05,ASS002,1,2024-10-05
RESP03793,STU083,Q002-06,ASS002,1,2024-10-05
RESP03794,STU083,Q002-07,ASS002,1,2024-10-05
RESP03795,STU083,Q002-08,ASS002,1,2024-10-05
RESP03796,STU083,Q002-09,ASS002,1,2024-10-05
RESP03797,STU083,Q002-10,ASS002,0,2024-10-05
RESP03798,STU083,Q002-11,ASS002,1,2024-10-05
RESP03799,STU083,Q002-12,ASS002,1,2024-10-05
RESP03800,STU084,Q002-01,ASS002,0,2024-10-05
RESP03801,STU084,Q002-02,ASS002,0,2024-10-05
RESP03802,STU084,Q002-03,ASS002,1,2024-10-05
RESP03803,STU084,Q002-04,ASS002,1,2024-10-05
RESP03804,STU084,Q002-05,ASS002,1,2024-10-05
RESP03805,STU084,Q002-06,ASS002,0,2024-10-05
RESP03806,STU084,Q002-07,ASS002,1,2024-10-05
RESP03807,STU084,Q002-08,ASS002,1,2024-10-05
RESP03808,STU084,Q002-09,ASS002,1,2024-10-05
RESP03809,STU084,Q002-10,ASS002,1,2024-10-05
RESP03810,STU084,Q002-11,ASS002,1,2024-10-05
RESP03811,STU084,Q002-11,ASS002,1,2024-10-05
RESP03812,STU084,Q002-12,ASS002,0,2024-10-05
RESP03813,STU085,Q002-01,ASS002,1,2024-10-05
RESP03814,STU085,Q002-02,ASS002,1,2024-10-05
RESP03815,STU085,Q002-03,ASS002,1,2024-10-05
RESP03816,STU085,Q002-04,ASS002,1,2024-10-05
RESP03817,STU085,Q002-05,ASS002,1,2024-10-05
RESP03818,STU085,Q002-06,ASS002,1,2024-10-05
RESP03819,STU085,Q002-07,ASS002,1,2024-10-05
RESP03820,STU085,Q002-08,ASS002,1,2024-10-05
RESP03821,STU085,Q002-09,ASS002,1,2024-10-05
RESP03822,STU085,Q002-10,ASS002,0,2024-10-05
RESP03823,STU085,Q002-11,ASS002,1,2024-10-05
RESP03824,STU085,Q002-12,ASS002,1,2024-10-05
RESP03825,STU086,Q002-01,ASS002,1,2024-10-05
RESP03826,STU086,Q002-02,ASS002,1,2024-10-05
RESP03827,STU086,Q002-03,ASS002,1,2024-10-05
RESP03828,STU086,Q002-04,ASS002,1,2024-10-05
RESP03829,STU086,Q002-05,ASS002,1,2024-10-05
RESP03830,STU086,Q002-06,ASS002,0,2024-10-05
RESP03831,STU086,Q002-07,ASS002,0,2024-10-05
RESP03832,STU086,Q002-08,ASS002,1,2024-10-05
RESP03833,STU086,Q002-09,ASS002,1,2024-10-05
RESP03834,STU086,Q002-10,ASS002,1,2024-10-05
RESP03835,STU086,Q002-11,ASS002,1,2024-10-05
RESP03836,STU086,Q002-12,ASS002,1,2024-10-05
RESP03837,STU087,Q002-01,ASS002,0,2024-10-05
RESP03838,STU087,Q002-02,ASS002,1,2024-10-05
RESP03839,STU087,Q002-03,ASS002,0,2024-10-05
RESP03840,STU087,Q002-04,ASS002,1,2024-10-05
RESP03841,STU087,Q002-05,ASS002,0,2024-10-05
RESP03842,STU087,Q002-06,ASS002,1,2024-10-05
RESP03843,STU087,Q002-07,ASS002,1,2024-10-05
RESP03844,STU087,Q002-08,ASS002,1,2024-10-05
RESP03845,STU087,Q002-09,ASS002,1,2024-10-05
RESP03846,STU087,Q002-10,ASS002,1,2024-10-05
RESP03847,STU087,Q002-11,ASS002,0,2024-10-05
RESP03848,STU087,Q002-12,ASS002,1,2024-10-05
RESP03849,STU088,Q002-01,ASS002,0,2024-10-05
RESP03850,STU088,Q002-02,ASS002,1,2024-10-05
RESP03851,STU088,Q002-03,ASS002,1,2024-10-05
RESP03852,STU088,Q002-04,ASS002,1,2024-10-05
RESP03853,STU088,Q002-05,ASS002,1,2024-10-05
RESP03854,STU088,Q002-06,ASS002,1,2024-10-05
RESP03855,STU088,Q002-07,ASS002,1,2024-10-05
RESP03856,STU088,Q002-08,ASS002,1,2024-10-05
RESP03857,STU088,Q002-09,ASS002,1,2024-10-05
RESP03858,STU088,Q002-10,ASS002,1,2024-10-05
RESP03859,STU088,Q002-11,ASS002,0,2024-10-05
RESP03860,STU088,Q002-12,ASS002,1,2024-10-05
RESP03861,STU089,Q002-01,ASS002,1,2024-10-05
RESP03862,STU089,Q002-02,ASS002,1,2024-10-05
RESP03863,STU089,Q002-03,ASS002,1,2024-10-05
RESP03864,STU089,Q002-04,ASS002,1,2024-10-05
RESP03865,STU089,Q002-05,ASS002,1,2024-10-05
RESP03866,STU089,Q002-06,ASS002,1,2024-10-05
RESP03867,STU089,Q002-07,ASS002,1,2024-10-05
RESP03868,STU089,Q002-08,ASS002,1,2024-10-05
RESP03869,STU089,Q002-09,ASS002,1,2024-10-05
RESP03870,STU089,Q002-10,ASS002,1,2024-10-05
RESP03871,STU089,Q002-11,ASS002,1,2024-10-05
RESP03872,STU089,Q002-12,ASS002,1,2024-10-05
RESP03873,STU090,Q002-01,ASS002,1,2024-10-05
RESP03874,STU090,Q002-02,ASS002,0,2024-10-05
RESP03875,STU090,Q002-03,ASS002,1,2024-10-05
RESP03876,STU090,Q002-04,ASS002,1,2024-10-05
RESP03877,STU090,Q002-05,ASS002,1,2024-10-05
RESP03878,STU090,Q002-06,ASS002,0,2024-10-05
RESP03879,STU090,Q002-07,ASS002,1,2024-10-05
RESP03880,STU090,Q002-08,ASS002,1,2024-10-05
RESP03881,STU090,Q002-09,ASS002,1,2024-10-05
RESP03882,STU090,Q002-10,ASS002,1,2024-10-05
RESP03883,STU090,Q002-11,ASS002,1,2024-10-05
RESP03884,STU090,Q002-12,ASS002,1,2024-10-05
RESP03885,STU091,Q002-01,ASS002,0,2024-10-05
RESP03886,STU091,Q002-02,ASS002,1,2024-10-05
RESP03887,STU091,Q002-03,ASS002,1,2024-10-05
RESP03888,STU091,Q002-04,ASS002,0,2024-10-05
RESP03889,STU091,Q002-05,ASS002,1,2024-10-05
RESP03890,STU091,Q002-06,ASS002,1,2024-10-05
RESP03891,STU091,Q002-07,ASS002,0,2024-10-05
RESP03892,STU091,Q002-08,ASS002,0,2024-10-05
RESP03893,STU091,Q002-09,ASS002,0,2024-10-05
RESP03894,STU091,Q002-10,ASS002,1,2024-10-05
RESP03895,STU091,Q002-11,ASS002,1,2024-10-05
RESP03896,STU091,Q002-12,ASS002,1,2024-10-05
RESP03897,STU092,Q002-01,ASS002,1,2024-10-05
RESP03898,STU092,Q002-02,ASS002,1,2024-10-05
RESP03899,STU092,Q002-03,ASS002,1,2024-10-05
RESP03900,STU092,Q002-04,ASS002,1,2024-10-05
RESP03901,STU092,Q002-05,ASS002,1,2024-10-05
RESP03902,STU092,Q002-05,ASS002,1,2024-10-05
RESP03903,STU092,Q002-06,ASS002,1,2024-10-05
RESP03904,STU092,Q002-07,ASS002,1,2024-10-05
RESP03905,STU092,Q002-08,ASS002,1,2024-10-05
RESP03906,STU092,Q002-09,ASS002,1,2024-10-05
RESP03907,STU092,Q002-10,ASS002,1,2024-10-05
RESP03908,STU092,Q002-11,ASS002,1,2024-10-05
RESP03909,STU092,Q002-12,ASS002,1,2024-10-05
RESP03910,STU093,Q002-01,ASS002,1,2024-10-05
RESP03911,STU093,Q002-02,ASS002,1,2024-10-05
RESP03912,STU093,Q002-03,ASS002,1,2024-10-05
RESP03913,STU093,Q002-04,ASS002,1,2024-10-05
RESP03914,STU093,Q002-05,ASS002,1,2024-10-05
RESP03915,STU093,Q002-06,ASS002,1,2024-10-05
RESP03916,STU093,Q002-07,ASS002,1,2024-10-05
RESP03917,STU093,Q002-08,ASS002,1,2024-10-05
RESP03918,STU093,Q002-09,ASS002,1,2024-10-05
RESP03919,STU093,Q002-10,ASS002,1,2024-10-05
RESP03920,STU093,Q002-11,ASS002,1,2024-10-05
RESP03921,STU093,Q002-11,ASS002,1,2024-10-05
RESP03922,STU093,Q002-12,ASS002,1,2024-10-05
RESP03923,STU094,Q002-01,ASS002,1,2024-10-05
RESP03924,STU094,Q002-02,ASS002,1,2024-10-05
RESP03925,STU094,Q002-03,ASS002,1,2024-10-05
RESP03926,STU094,Q002-04,ASS002,1,2024-10-05
RESP03927,STU094,Q002-05,ASS002,1,2024-10-05
RESP03928,STU094,Q002-06,ASS002,1,2024-10-05
RESP03929,STU094,Q002-07,ASS002,1,2024-10-05
RESP03930,STU094,Q002-08,ASS002,1,2024-10-05
RESP03931,STU094,Q002-09,ASS002,1,2024-10-05
RESP03932,STU094,Q002-10,ASS002,1,2024-10-05
RESP03933,STU094,Q002-11,ASS002,0,2024-10-05
RESP03934,STU094,Q002-12,ASS002,1,2024-10-05
RESP03935,STU095,Q002-01,ASS002,1,2024-10-05
RESP03936,STU095,Q002-02,ASS002,1,2024-10-05
RESP03937,STU095,Q002-03,ASS002,1,2024-10-05
RESP03938,STU095,Q002-04,ASS002,1,2024-10-05
RESP03939,STU095,Q002-04,ASS002,1,2024-10-05
RESP03940,STU095,Q002-05,ASS002,1,2024-10-05
RESP03941,STU095,Q002-06,ASS002,1,2024-10-05
RESP03942,STU095,Q002-07,ASS002,1,2024-10-05
RESP03943,STU095,Q002-08,ASS002,1,2024-10-05
RESP03944,STU095,Q002-08,ASS002,1,2024-10-05
RESP03945,STU095,Q002-09,ASS002,1,2024-10-05
RESP03946,STU095,Q002-10,ASS002,1,2024-10-05
RESP03947,STU095,Q002-11,ASS002,1,2024-10-05
RESP03948,STU095,Q002-12,ASS002,1,2024-10-05
RESP03949,STU096,Q002-01,ASS002,0,2024-10-05
RESP03950,STU096,Q002-02,ASS002,1,2024-10-05
RESP03951,STU096,Q002-03,ASS002,1,2024-10-05
RESP03952,STU096,Q002-04,ASS002,1,2024-10-05
RESP03953,STU096,Q002-05,ASS002,1,2024-10-05
RESP03954,STU096,Q002-06,ASS002,1,2024-10-05
RESP03955,STU096,Q002-07,ASS002,0,2024-10-05
RESP03956,STU096,Q002-08,ASS002,1,2024-10-05
RESP03957,STU096,Q002-09,ASS002,1,2024-10-05
RESP03958,STU096,Q002-10,ASS002,0,2024-10-05
RESP03959,STU096,Q002-11,ASS002,1,2024-10-05
RESP03960,STU096,Q002-12,ASS002,0,2024-10-05
RESP03961,STU097,Q002-01,ASS002,1,2024-10-05
RESP03962,STU097,Q002-02,ASS002,1,2024-10-05
RESP03963,STU097,Q002-03,ASS002,1,2024-10-05
RESP03964,STU097,Q002-04,ASS002,1,2024-10-05
RESP03965,STU097,Q002-05,ASS002,1,2024-10-05
RESP03966,STU097,Q002-06,ASS002,1,2024-10-05
RESP03967,STU097,Q002-07,ASS002,1,2024-10-05
RESP03968,STU097,Q002-08,ASS002,1,2024-10-05
RESP03969,STU097,Q002-09,ASS002,0,2024-10-05
RESP03970,STU097,Q002-10,ASS002,1,2024-10-05
RESP03971,STU097,Q002-11,ASS002,1,2024-10-05
RESP03972,STU097,Q002-12,ASS002,1,2024-10-05
RESP03973,STU098,Q002-01,ASS002,1,2024-10-05
RESP03974,STU098,Q002-02,ASS002,1,2024-10-05
RESP03975,STU098,Q002-03,ASS002,0,2024-10-05
RESP03976,STU098,Q002-03,ASS002,0,2024-10-05
RESP03977,STU098,Q002-04,ASS002,1,2024-10-05
RESP03978,STU098,Q002-05,ASS002,1,2024-10-05
RESP03979,STU098,Q002-06,ASS002,1,2024-10-05
RESP03980,STU098,Q002-07,ASS002,1,2024-10-05
RESP03981,STU098,Q002-08,ASS002,1,2024-10-05
RESP03982,STU098,Q002-09,ASS002,1,2024-10-05
RESP03983,STU098,Q002-10,ASS002,0,2024-10-05
RESP03984,STU098,Q002-11,ASS002,1,2024-10-05
RESP03985,STU098,Q002-12,ASS002,0,2024-10-05
RESP03986,STU099,Q002-01,ASS002,0,2024-10-05
RESP03987,STU099,Q002-02,ASS002,0,2024-10-05
RESP03988,STU099,Q002-03,ASS002,1,2024-10-05
RESP03989,STU099,Q002-04,ASS002,0,2024-10-05
RESP03990,STU099,Q002-05,ASS002,1,2024-10-05
RESP03991,STU099,Q002-06,ASS002,1,2024-10-05
RESP03992,STU099,Q002-07,ASS002,1,2024-10-05
RESP03993,STU099,Q002-08,ASS002,1,2024-10-05
RESP03994,STU099,Q002-09,ASS002,0,2024-10-05
RESP03995,STU099,Q002-10,ASS002,0,2024-10-05
RESP03996,STU099,Q002-11,ASS002,0,2024-10-05
RESP03997,STU099,Q002-12,ASS002,0,2024-10-05
RESP03998,STU100,Q002-01,ASS002,0,2024-10-05
RESP03999,STU100,Q002-02,ASS002,1,2024-10-05
RESP04000,STU100,Q002-03,ASS002,1,2024-10-05
RESP04001,STU100,Q002-04,ASS002,1,2024-10-05
RESP04002,STU100,Q002-05,ASS002,1,2024-10-05
RESP04003,STU100,Q002-06,ASS002,1,2024-10-05
RESP04004,STU100,Q002-07,ASS002,1,2024-10-05
RESP04005,STU100,Q002-07,ASS002,1,2024-10-05
RESP04006,STU100,Q002-08,ASS002,1,2024-10-05
RESP04007,STU100,Q002-09,ASS002,1,2024-10-05
RESP04008,STU100,Q002-10,ASS002,1,2024-10-05
RESP04009,STU100,Q002-11,ASS002,1,2024-10-05
RESP04010,STU100,Q002-12,ASS002,1,2024-10-05
RESP04011,STU101,Q002-01,ASS002,1,2024-10-05
RESP04012,STU101,Q002-02,ASS002,1,2024-10-05
RESP04013,STU101,Q002-03,ASS002,1,2024-10-05
RESP04014,STU101,Q002-04,ASS002,1,2024-10-05
RESP04015,STU101,Q002-05,ASS002,1,2024-10-05
RESP04016,STU101,Q002-06,ASS002,1,2024-10-05
RESP04017,STU101,Q002-07,ASS002,1,2024-10-05
RESP04018,STU101,Q002-08,ASS002,1,2024-10-05
RESP04019,STU101,Q002-09,ASS002,1,2024-10-05
RESP04020,STU101,Q002-10,ASS002,1,2024-10-05
RESP04021,STU101,Q002-11,ASS002,1,2024-10-05
RESP04022,STU101,Q002-11,ASS002,1,2024-10-05
RESP04023,STU101,Q002-12,ASS002,1,2024-10-05
RESP04024,STU102,Q002-01,ASS002,1,2024-10-05
RESP04025,STU102,Q002-02,ASS002,1,2024-10-05
RESP04026,STU102,Q002-03,ASS002,1,2024-10-05
RESP04027,STU102,Q002-04,ASS002,1,2024-10-05
RESP04028,STU102,Q002-05,ASS002,1,2024-10-05
RESP04029,STU102,Q002-06,ASS002,1,2024-10-05
RESP04030,STU102,Q002-07,ASS002,1,2024-10-05
RESP04031,STU102,Q002-08,ASS002,1,2024-10-05
RESP04032,STU102,Q002-09,ASS002,1,2024-10-05
RESP04033,STU102,Q002-10,ASS002,1,2024-10-05
RESP04034,STU102,Q002-11,ASS002,0,2024-10-05
RESP04035,STU102,Q002-12,ASS002,1,2024-10-05
RESP04036,STU103,Q002-01,ASS002,0,2024-10-05
RESP04037,STU103,Q002-02,ASS002,1,2024-10-05
RESP04038,STU103,Q002-03,ASS002,1,2024-10-05
RESP04039,STU103,Q002-04,ASS002,0,2024-10-05
RESP04040,STU103,Q002-05,ASS002,1,2024-10-05
RESP04041,STU103,Q002-06,ASS002,1,2024-10-05
RESP04042,STU103,Q002-07,ASS002,0,2024-10-05
RESP04043,STU103,Q002-08,ASS002,1,2024-10-05
RESP04044,STU103,Q002-08,ASS002,1,2024-10-05
RESP04045,STU103,Q002-09,ASS002,1,2024-10-05
RESP04046,STU103,Q002-10,ASS002,0,2024-10-05
RESP04047,STU103,Q002-11,ASS002,1,2024-10-05
RESP04048,STU103,Q002-12,ASS002,1,2024-10-05
RESP04049,STU104,Q002-01,ASS002,0,2024-10-05
RESP04050,STU104,Q002-02,ASS002,1,2024-10-05
RESP04051,STU104,Q002-03,ASS002,1,2024-10-05
RESP04052,STU104,Q002-04,ASS002,1,2024-10-05
RESP04053,STU104,Q002-05,ASS002,1,2024-10-05
RESP04054,STU104,Q002-06,ASS002,0,2024-10-05
RESP04055,STU104,Q002-07,ASS002,1,2024-10-05
RESP04056,STU104,Q002-08,ASS002,1,2024-10-05
RESP04057,STU104,Q002-09,ASS002,1,2024-10-05
RESP04058,STU104,Q002-10,ASS002,0,2024-10-05
RESP04059,STU104,Q002-11,ASS002,1,2024-10-05
RESP04060,STU104,Q002-12,ASS002,1,2024-10-05
RESP04061,STU105,Q002-01,ASS002,1,2024-10-05
RESP04062,STU105,Q002-02,ASS002,1,2024-10-05
RESP04063,STU105,Q002-03,ASS002,1,2024-10-05
RESP04064,STU105,Q002-04,ASS002,1,2024-10-05
RESP04065,STU105,Q002-05,ASS002,1,2024-10-05
RESP04066,STU105,Q002-06,ASS002,1,2024-10-05
RESP04067,STU105,Q002-07,ASS002,1,2024-10-05
RESP04068,STU105,Q002-08,ASS002,1,2024-10-05
RESP04069,STU105,Q002-09,ASS002,1,2024-10-05
RESP04070,STU105,Q002-10,ASS002,1,2024-10-05
RESP04071,STU105,Q002-11,ASS002,1,2024-10-05
RESP04072,STU105,Q002-12,ASS002,1,2024-10-05
RESP04073,STU106,Q002-01,ASS002,1,2024-10-05
RESP04074,STU106,Q002-02,ASS002,1,2024-10-05
RESP04075,STU106,Q002-03,ASS002,1,2024-10-05
RESP04076,STU106,Q002-04,ASS002,1,2024-10-05
RESP04077,STU106,Q002-05,ASS002,0,2024-10-05
RESP04078,STU106,Q002-06,ASS002,1,2024-10-05
RESP04079,STU106,Q002-07,ASS002,1,2024-10-05
RESP04080,STU106,Q002-08,ASS002,1,2024-10-05
RESP04081,STU106,Q002-09,ASS002,1,2024-10-05
RESP04082,STU106,Q002-10,ASS002,1,2024-10-05
RESP04083,STU106,Q002-11,ASS002,1,2024-10-05
RESP04084,STU106,Q002-12,ASS002,1,2024-10-05
RESP04085,STU107,Q002-01,ASS002,1,2024-10-05
RESP04086,STU107,Q002-02,ASS002,1,2024-10-05
RESP04087,STU107,Q002-03,ASS002,1,2024-10-05
RESP04088,STU107,Q002-04,ASS002,1,2024-10-05
RESP04089,STU107,Q002-05,ASS002,1,2024-10-05
RESP04090,STU107,Q002-06,ASS002,1,2024-10-05
RESP04091,STU107,Q002-07,ASS002,1,2024-10-05
RESP04092,STU107,Q002-08,ASS002,1,2024-10-05
RESP04093,STU107,Q002-09,ASS002,1,2024-10-05
RESP04094,STU107,Q002-10,ASS002,1,2024-10-05
RESP04095,STU107,Q002-11,ASS002,1,2024-10-05
RESP04096,STU107,Q002-12,ASS002,1,2024-10-05
RESP04097,STU108,Q002-01,ASS002,1,2024-10-05
RESP04098,STU108,Q002-02,ASS002,1,2024-10-05
RESP04099,STU108,Q002-03,ASS002,1,2024-10-05
RESP04100,STU108,Q002-04,ASS002,1,2024-10-05
RESP04101,STU108,Q002-05,ASS002,1,2024-10-05
RESP04102,STU108,Q002-06,ASS002,1,2024-10-05
RESP04103,STU108,Q002-07,ASS002,1,2024-10-05
RESP04104,STU108,Q002-07,ASS002,1,2024-10-05
RESP04105,STU108,Q002-08,ASS002,1,2024-10-05
RESP04106,STU108,Q002-09,ASS002,1,2024-10-05
RESP04107,STU108,Q002-10,ASS002,1,2024-10-05
RESP04108,STU108,Q002-11,ASS002,1,2024-10-05
RESP04109,STU108,Q002-12,ASS002,1,2024-10-05
RESP04110,STU109,Q002-01,ASS002,1,2024-10-05
RESP04111,STU109,Q002-02,ASS002,1,2024-10-05
RESP04112,STU109,Q002-03,ASS002,1,2024-10-05
RESP04113,STU109,Q002-04,ASS002,1,2024-10-05
RESP04114,STU109,Q002-05,ASS002,1,2024-10-05
RESP04115,STU109,Q002-05,ASS002,1,2024-10-05
RESP04116,STU109,Q002-06,ASS002,1,2024-10-05
RESP04117,STU109,Q002-07,ASS002,1,2024-10-05
RESP04118,STU109,Q002-08,ASS002,1,2024-10-05
RESP04119,STU109,Q002-09,ASS002,1,2024-10-05
RESP04120,STU109,Q002-10,ASS002,1,2024-10-05
RESP04121,STU109,Q002-11,ASS002,1,2024-10-05
RESP04122,STU109,Q002-12,ASS002,1,2024-10-05
RESP04123,STU110,Q002-01,ASS002,0,2024-10-05
RESP04124,STU110,Q002-02,ASS002,1,2024-10-05
RESP04125,STU110,Q002-03,ASS002,1,2024-10-05
RESP04126,STU110,Q002-04,ASS002,1,2024-10-05
RESP04127,STU110,Q002-05,ASS002,1,2024-10-05
RESP04128,STU110,Q002-06,ASS002,1,2024-10-05
RESP04129,STU110,Q002-07,ASS002,1,2024-10-05
RESP04130,STU110,Q002-08,ASS002,1,2024-10-05
RESP04131,STU110,Q002-09,ASS002,1,2024-10-05
RESP04132,STU110,Q002-10,ASS002,1,2024-10-05
RESP04133,STU110,Q002-11,ASS002,1,2024-10-05
RESP04134,STU110,Q002-12,ASS002,0,2024-10-05
RESP04135,STU111,Q002-01,ASS002,1,2024-10-05
RESP04136,STU111,Q002-02,ASS002,1,2024-10-05
RESP04137,STU111,Q002-03,ASS002,1,2024-10-05
RESP04138,STU111,Q002-04,ASS002,0,2024-10-05
RESP04139,STU111,Q002-05,ASS002,1,2024-10-05
RESP04140,STU111,Q002-06,ASS002,1,2024-10-05
RESP04141,STU111,Q002-07,ASS002,0,2024-10-05
RESP04142,STU111,Q002-08,ASS002,0,2024-10-05
RESP04143,STU111,Q002-09,ASS002,0,2024-10-05
RESP04144,STU111,Q002-10,ASS002,1,2024-10-05
RESP04145,STU111,Q002-11,ASS002,0,2024-10-05
RESP04146,STU111,Q002-12,ASS002,1,2024-10-05
RESP04147,STU112,Q002-01,ASS002,0,2024-10-05
RESP04148,STU112,Q002-02,ASS002,1,2024-10-05
RESP04149,STU112,Q002-03,ASS002,0,2024-10-05
RESP04150,STU112,Q002-04,ASS002,1,2024-10-05
RESP04151,STU112,Q002-05,ASS002,1,2024-10-05
RESP04152,STU112,Q002-06,ASS002,1,2024-10-05
RESP04153,STU112,Q002-07,ASS002,0,2024-10-05
RESP04154,STU112,Q002-08,ASS002,0,2024-10-05
RESP04155,STU112,Q002-09,ASS002,1,2024-10-05
RESP04156,STU112,Q002-10,ASS002,1,2024-10-05
RESP04157,STU112,Q002-11,ASS002,1,2024-10-05
RESP04158,STU112,Q002-12,ASS002,1,2024-10-05
RESP04159,STU113,Q002-01,ASS002,1,2024-10-05
RESP04160,STU113,Q002-02,ASS002,0,2024-10-05
RESP04161,STU113,Q002-03,ASS002,1,2024-10-05
RESP04162,STU113,Q002-04,ASS002,0,2024-10-05
RESP04163,STU113,Q002-05,ASS002,0,2024-10-05
RESP04164,STU113,Q002-06,ASS002,0,2024-10-05
RESP04165,STU113,Q002-07,ASS002,1,2024-10-05
RESP04166,STU113,Q002-08,ASS002,1,2024-10-05
RESP04167,STU113,Q002-09,ASS002,1,2024-10-05
RESP04168,STU113,Q002-10,ASS002,0,2024-10-05
RESP04169,STU113,Q002-11,ASS002,0,2024-10-05
RESP04170,STU113,Q002-12,ASS002,1,2024-10-05
RESP04171,STU114,Q002-01,ASS002,0,2024-10-05
RESP04172,STU114,Q002-02,ASS002,1,2024-10-05
RESP04173,STU114,Q002-03,ASS002,1,2024-10-05
RESP04174,STU114,Q002-04,ASS002,0,2024-10-05
RESP04175,STU114,Q002-05,ASS002,1,2024-10-05
RESP04176,STU114,Q002-06,ASS002,1,2024-10-05
RESP04177,STU114,Q002-07,ASS002,1,2024-10-05
RESP04178,STU114,Q002-08,ASS002,0,2024-10-05
RESP04179,STU114,Q002-09,ASS002,1,2024-10-05
RESP04180,STU114,Q002-10,ASS002,0,2024-10-05
RESP04181,STU114,Q002-11,ASS002,1,2024-10-05
RESP04182,STU114,Q002-12,ASS002,1,2024-10-05
RESP04183,STU115,Q002-01,ASS002,1,2024-10-05
RESP04184,STU115,Q002-02,ASS002,1,2024-10-05
RESP04185,STU115,Q002-03,ASS002,1,2024-10-05
RESP04186,STU115,Q002-04,ASS002,1,2024-10-05
RESP04187,STU115,Q002-05,ASS002,1,2024-10-05
RESP04188,STU115,Q002-06,ASS002,0,2024-10-05
RESP04189,STU115,Q002-07,ASS002,1,2024-10-05
RESP04190,STU115,Q002-08,ASS002,1,2024-10-05
RESP04191,STU115,Q002-09,ASS002,0,2024-10-05
RESP04192,STU115,Q002-10,ASS002,0,2024-10-05
RESP04193,STU115,Q002-11,ASS002,1,2024-10-05
RESP04194,STU115,Q002-12,ASS002,0,2024-10-05
RESP04195,STU116,Q002-01,ASS002,1,2024-10-05
RESP04196,STU116,Q002-02,ASS002,1,2024-10-05
RESP04197,STU116,Q002-03,ASS002,1,2024-10-05
RESP04198,STU116,Q002-04,ASS002,1,2024-10-05
RESP04199,STU116,Q002-05,ASS002,1,2024-10-05
RESP04200,STU116,Q002-06,ASS002,1,2024-10-05
RESP04201,STU116,Q002-07,ASS002,1,2024-10-05
RESP04202,STU116,Q002-08,ASS002,1,2024-10-05
RESP04203,STU116,Q002-09,ASS002,1,2024-10-05
RESP04204,STU116,Q002-10,ASS002,1,2024-10-05
RESP04205,STU116,Q002-11,ASS002,1,2024-10-05
RESP04206,STU116,Q002-12,ASS002,1,2024-10-05
RESP04207,STU117,Q002-01,ASS002,0,2024-10-05
RESP04208,STU117,Q002-02,ASS002,1,2024-10-05
RESP04209,STU117,Q002-03,ASS002,1,2024-10-05
RESP04210,STU117,Q002-04,ASS002,0,2024-10-05
RESP04211,STU117,Q002-05,ASS002,1,2024-10-05
RESP04212,STU117,Q002-06,ASS002,1,2024-10-05
RESP04213,STU117,Q002-07,ASS002,1,2024-10-05
RESP04214,STU117,Q002-08,ASS002,1,2024-10-05
RESP04215,STU117,Q002-09,ASS002,1,2024-10-05
RESP04216,STU117,Q002-10,ASS002,0,2024-10-05
RESP04217,STU117,Q002-11,ASS002,1,2024-10-05
RESP04218,STU117,Q002-12,ASS002,0,2024-10-05
RESP04219,STU118,Q002-01,ASS002,1,2024-10-05
RESP04220,STU118,Q002-01,ASS002,1,2024-10-05
RESP04221,STU118,Q002-02,ASS002,1,2024-10-05
RESP04222,STU118,Q002-03,ASS002,1,2024-10-05
RESP04223,STU118,Q002-04,ASS002,1,2024-10-05
RESP04224,STU118,Q002-05,ASS002,1,2024-10-05
RESP04225,STU118,Q002-06,ASS002,1,2024-10-05
RESP04226,STU118,Q002-07,ASS002,1,2024-10-05
RESP04227,STU118,Q002-08,ASS002,1,2024-10-05
RESP04228,STU118,Q002-09,ASS002,1,2024-10-05
RESP04229,STU118,Q002-10,ASS002,1,2024-10-05
RESP04230,STU118,Q002-11,ASS002,1,2024-10-05
RESP04231,STU118,Q002-12,ASS002,1,2024-10-05
RESP04232,STU119,Q002-01,ASS002,1,2024-10-05
RESP04233,STU119,Q002-02,ASS002,1,2024-10-05
RESP04234,STU119,Q002-03,ASS002,1,2024-10-05
RESP04235,STU119,Q002-04,ASS002,0,2024-10-05
RESP04236,STU119,Q002-05,ASS002,1,2024-10-05
RESP04237,STU119,Q002-06,ASS002,1,2024-10-05
RESP04238,STU119,Q002-07,ASS002,1,2024-10-05
RESP04239,STU119,Q002-08,ASS002,1,2024-10-05
RESP04240,STU119,Q002-09,ASS002,1,2024-10-05
RESP04241,STU119,Q002-10,ASS002,1,2024-10-05
RESP04242,STU119,Q002-11,ASS002,1,2024-10-05
RESP04243,STU119,Q002-12,ASS002,1,2024-10-05
RESP04244,STU120,Q002-01,ASS002,0,2024-10-05
RESP04245,STU120,Q002-02,ASS002,1,2024-10-05
RESP04246,STU120,Q002-03,ASS002,1,2024-10-05
RESP04247,STU120,Q002-04,ASS002,0,2024-10-05
RESP04248,STU120,Q002-05,ASS002,0,2024-10-05
RESP04249,STU120,Q002-06,ASS002,0,2024-10-05
RESP04250,STU120,Q002-07,ASS002,0,2024-10-05
RESP04251,STU120,Q002-08,ASS002,0,2024-10-05
RESP04252,STU120,Q002-09,ASS002,0,2024-10-05
RESP04253,STU120,Q002-10,ASS002,1,2024-10-05
RESP04254,STU120,Q002-11,ASS002,1,2024-10-05
RESP04255,STU120,Q002-12,ASS002,0,2024-10-05
RESP04256,STU121,Q002-01,ASS002,1,2024-10-05
RESP04257,STU121,Q002-02,ASS002,1,2024-10-05
RESP04258,STU121,Q002-03,ASS002,1,2024-10-05
RESP04259,STU121,Q002-04,ASS002,0,2024-10-05
RESP04260,STU121,Q002-05,ASS002,1,2024-10-05
RESP04261,STU121,Q002-06,ASS002,0,2024-10-05
RESP04262,STU121,Q002-07,ASS002,1,2024-10-05
RESP04263,STU121,Q002-08,ASS002,1,2024-10-05
RESP04264,STU121,Q002-09,ASS002,1,2024-10-05
RESP04265,STU121,Q002-10,ASS002,1,2024-10-05
RESP04266,STU121,Q002-11,ASS002,1,2024-10-05
RESP04267,STU121,Q002-12,ASS002,1,2024-10-05
RESP04268,STU122,Q002-01,ASS002,1,2024-10-05
RESP04269,STU122,Q002-02,ASS002,1,2024-10-05
RESP04270,STU122,Q002-03,ASS002,1,2024-10-05
RESP04271,STU122,Q002-04,ASS002,1,2024-10-05
RESP04272,STU122,Q002-05,ASS002,0,2024-10-05
RESP04273,STU122,Q002-06,ASS002,1,2024-10-05
RESP04274,STU122,Q002-07,ASS002,1,2024-10-05
RESP04275,STU122,Q002-08,ASS002,1,2024-10-05
RESP04276,STU122,Q002-08,ASS002,1,2024-10-05
RESP04277,STU122,Q002-09,ASS002,0,2024-10-05
RESP04278,STU122,Q002-10,ASS002,0,2024-10-05
RESP04279,STU122,Q002-11,ASS002,0,2024-10-05
RESP04280,STU122,Q002-12,ASS002,0,2024-10-05
RESP04281,STU123,Q002-01,ASS002,1,2024-10-05
RESP04282,STU123,Q002-02,ASS002,0,2024-10-05
RESP04283,STU123,Q002-03,ASS002,1,2024-10-05
RESP04284,STU123,Q002-04,ASS002,0,2024-10-05
RESP04285,STU123,Q002-05,ASS002,1,2024-10-05
RESP04286,STU123,Q002-06,ASS002,0,2024-10-05
RESP04287,STU123,Q002-07,ASS002,1,2024-10-05
RESP04288,STU123,Q002-08,ASS002,1,2024-10-05
RESP04289,STU123,Q002-09,ASS002,1,2024-10-05
RESP04290,STU123,Q002-10,ASS002,1,2024-10-05
RESP04291,STU123,Q002-11,ASS002,1,2024-10-05
RESP04292,STU123,Q002-12,ASS002,1,2024-10-05
RESP04293,STU124,Q002-01,ASS002,1,2024-10-05
RESP04294,STU124,Q002-02,ASS002,1,2024-10-05
RESP04295,STU124,Q002-03,ASS002,1,2024-10-05
RESP04296,STU124,Q002-04,ASS002,1,2024-10-05
RESP04297,STU124,Q002-05,ASS002,1,2024-10-05
RESP04298,STU124,Q002-06,ASS002,1,2024-10-05
RESP04299,STU124,Q002-07,ASS002,1,2024-10-05
RESP04300,STU124,Q002-08,ASS002,1,2024-10-05
RESP04301,STU124,Q002-09,ASS002,1,2024-10-05
RESP04302,STU124,Q002-10,ASS002,1,2024-10-05
RESP04303,STU124,Q002-11,ASS002,1,2024-10-05
RESP04304,STU124,Q002-12,ASS002,1,2024-10-05
RESP04305,STU125,Q002-01,ASS002,0,2024-10-05
RESP04306,STU125,Q002-02,ASS002,1,2024-10-05
RESP04307,STU125,Q002-03,ASS002,0,2024-10-05
RESP04308,STU125,Q002-04,ASS002,0,2024-10-05
RESP04309,STU125,Q002-05,ASS002,1,2024-10-05
RESP04310,STU125,Q002-06,ASS002,1,2024-10-05
RESP04311,STU125,Q002-07,ASS002,0,2024-10-05
RESP04312,STU125,Q002-08,ASS002,1,2024-10-05
RESP04313,STU125,Q002-09,ASS002,0,2024-10-05
RESP04314,STU125,Q002-10,ASS002,0,2024-10-05
RESP04315,STU125,Q002-11,ASS002,1,2024-10-05
RESP04316,STU125,Q002-12,ASS002,0,2024-10-05
RESP04317,STU126,Q002-01,ASS002,1,2024-10-05
RESP04318,STU126,Q002-02,ASS002,1,2024-10-05
RESP04319,STU126,Q002-03,ASS002,1,2024-10-05
RESP04320,STU126,Q002-04,ASS002,1,2024-10-05
RESP04321,STU126,Q002-05,ASS002,1,2024-10-05
RESP04322,STU126,Q002-06,ASS002,1,2024-10-05
RESP04323,STU126,Q002-07,ASS002,1,2024-10-05
RESP04324,STU126,Q002-08,ASS002,1,2024-10-05
RESP04325,STU126,Q002-09,ASS002,1,2024-10-05
RESP04326,STU126,Q002-10,ASS002,0,2024-10-05
RESP04327,STU126,Q002-11,ASS002,1,2024-10-05
RESP04328,STU126,Q002-12,ASS002,1,2024-10-05
RESP04329,STU127,Q002-01,ASS002,1,2024-10-05
RESP04330,STU127,Q002-02,ASS002,1,2024-10-05
RESP04331,STU127,Q002-03,ASS002,1,2024-10-05
RESP04332,STU127,Q002-04,ASS002,0,2024-10-05
RESP04333,STU127,Q002-05,ASS002,1,2024-10-05
RESP04334,STU127,Q002-06,ASS002,1,2024-10-05
RESP04335,STU127,Q002-07,ASS002,1,2024-10-05
RESP04336,STU127,Q002-08,ASS002,1,2024-10-05
RESP04337,STU127,Q002-09,ASS002,0,2024-10-05
RESP04338,STU127,Q002-10,ASS002,1,2024-10-05
RESP04339,STU127,Q002-11,ASS002,1,2024-10-05
RESP04340,STU127,Q002-12,ASS002,0,2024-10-05
RESP04341,STU128,Q002-01,ASS002,1,2024-10-05
RESP04342,STU128,Q002-02,ASS002,1,2024-10-05
RESP04343,STU128,Q002-03,ASS002,1,2024-10-05
RESP04344,STU128,Q002-04,ASS002,1,2024-10-05
RESP04345,STU128,Q002-05,ASS002,1,2024-10-05
RESP04346,STU128,Q002-06,ASS002,1,2024-10-05
RESP04347,STU128,Q002-07,ASS002,1,2024-10-05
RESP04348,STU128,Q002-08,ASS002,1,2024-10-05
RESP04349,STU128,Q002-09,ASS002,1,2024-10-05
RESP04350,STU128,Q002-10,ASS002,1,2024-10-05
RESP04351,STU128,Q002-11,ASS002,1,2024-10-05
RESP04352,STU128,Q002-12,ASS002,1,2024-10-05
RESP04353,STU129,Q002-01,ASS002,1,2024-10-05
RESP04354,STU129,Q002-02,ASS002,1,2024-10-05
RESP04355,STU129,Q002-03,ASS002,1,2024-10-05
RESP04356,STU129,Q002-04,ASS002,0,2024-10-05
RESP04357,STU129,Q002-05,ASS002,1,2024-10-05
RESP04358,STU129,Q002-06,ASS002,1,2024-10-05
RESP04359,STU129,Q002-07,ASS002,1,2024-10-05
RESP04360,STU129,Q002-08,ASS002,1,2024-10-05
RESP04361,STU129,Q002-09,ASS002,1,2024-10-05
RESP04362,STU129,Q002-09,ASS002,1,2024-10-05
RESP04363,STU129,Q002-10,ASS002,1,2024-10-05
RESP04364,STU129,Q002-11,ASS002,1,2024-10-05
RESP04365,STU129,Q002-12,ASS002,0,2024-10-05
RESP04366,STU130,Q002-01,ASS002,1,2024-10-05
RESP04367,STU130,Q002-02,ASS002,1,2024-10-05
RESP04368,STU130,Q002-03,ASS002,0,2024-10-05
RESP04369,STU130,Q002-04,ASS002,1,2024-10-05
RESP04370,STU130,Q002-05,ASS002,1,2024-10-05
RESP04371,STU130,Q002-06,ASS002,1,2024-10-05
RESP04372,STU130,Q002-06,ASS002,1,2024-10-05
RESP04373,STU130,Q002-07,ASS002,0,2024-10-05
RESP04374,STU130,Q002-08,ASS002,0,2024-10-05
RESP04375,STU130,Q002-09,ASS002,0,2024-10-05
RESP04376,STU130,Q002-10,ASS002,0,2024-10-05
RESP04377,STU130,Q002-11,ASS002,0,2024-10-05
RESP04378,STU130,Q002-12,ASS002,1,2024-10-05
RESP04379,STU131,Q002-01,ASS002,1,2024-10-05
RESP04380,STU131,Q002-02,ASS002,1,2024-10-05
RESP04381,STU131,Q002-03,ASS002,1,2024-10-05
RESP04382,STU131,Q002-04,ASS002,1,2024-10-05
RESP04383,STU131,Q002-05,ASS002,1,2024-10-05
RESP04384,STU131,Q002-06,ASS002,1,2024-10-05
RESP04385,STU131,Q002-07,ASS002,1,2024-10-05
RESP04386,STU131,Q002-08,ASS002,1,2024-10-05
RESP04387,STU131,Q002-09,ASS002,1,2024-10-05
RESP04388,STU131,Q002-10,ASS002,1,2024-10-05
RESP04389,STU131,Q002-11,ASS002,1,2024-10-05
RESP04390,STU131,Q002-12,ASS002,1,2024-10-05
RESP04391,STU131,Q002-12,ASS002,1,2024-10-05
RESP04392,STU132,Q002-01,ASS002,1,2024-10-05
RESP04393,STU132,Q002-02,ASS002,0,2024-10-05
RESP04394,STU132,Q002-03,ASS002,1,2024-10-05
RESP04395,STU132,Q002-03,ASS002,1,2024-10-05
RESP04396,STU132,Q002-04,ASS002,1,2024-10-05
RESP04397,STU132,Q002-05,ASS002,1,2024-10-05
RESP04398,STU132,Q002-06,ASS002,1,2024-10-05
RESP04399,STU132,Q002-07,ASS002,1,2024-10-05
RESP04400,STU132,Q002-08,ASS002,0,2024-10-05
RESP04401,STU132,Q002-09,ASS002,0,2024-10-05
RESP04402,STU132,Q002-10,ASS002,1,2024-10-05
RESP04403,STU132,Q002-11,ASS002,1,2024-10-05
RESP04404,STU132,Q002-12,ASS002,1,2024-10-05
RESP04405,STU133,Q002-01,ASS002,0,2024-10-05
RESP04406,STU133,Q002-02,ASS002,1,2024-10-05
RESP04407,STU133,Q002-03,ASS002,1,2024-10-05
RESP04408,STU133,Q002-04,ASS002,1,2024-10-05
RESP04409,STU133,Q002-05,ASS002,1,2024-10-05
RESP04410,STU133,Q002-06,ASS002,0,2024-10-05
RESP04411,STU133,Q002-07,ASS002,0,2024-10-05
RESP04412,STU133,Q002-07,ASS002,0,2024-10-05
RESP04413,STU133,Q002-08,ASS002,1,2024-10-05
RESP04414,STU133,Q002-09,ASS002,1,2024-10-05
RESP04415,STU133,Q002-10,ASS002,1,2024-10-05
RESP04416,STU133,Q002-11,ASS002,1,2024-10-05
RESP04417,STU133,Q002-12,ASS002,1,2024-10-05
RESP04418,STU134,Q002-01,ASS002,1,2024-10-05
RESP04419,STU134,Q002-02,ASS002,1,2024-10-05
RESP04420,STU134,Q002-03,ASS002,1,2024-10-05
RESP04421,STU134,Q002-04,ASS002,1,2024-10-05
RESP04422,STU134,Q002-05,ASS002,1,2024-10-05
RESP04423,STU134,Q002-06,ASS002,1,2024-10-05
RESP04424,STU134,Q002-07,ASS002,0,2024-10-05
RESP04425,STU134,Q002-08,ASS002,1,2024-10-05
RESP04426,STU134,Q002-09,ASS002,1,2024-10-05
RESP04427,STU134,Q002-10,ASS002,1,2024-10-05
RESP04428,STU134,Q002-11,ASS002,1,2024-10-05
RESP04429,STU134,Q002-12,ASS002,1,2024-10-05
RESP04430,STU135,Q002-01,ASS002,0,2024-10-05
RESP04431,STU135,Q002-02,ASS002,0,2024-10-05
RESP04432,STU135,Q002-03,ASS002,0,2024-10-05
RESP04433,STU135,Q002-04,ASS002,1,2024-10-05
RESP04434,STU135,Q002-05,ASS002,0,2024-10-05
RESP04435,STU135,Q002-06,ASS002,0,2024-10-05
RESP04436,STU135,Q002-07,ASS002,0,2024-10-05
RESP04437,STU135,Q002-08,ASS002,0,2024-10-05
RESP04438,STU135,Q002-09,ASS002,0,2024-10-05
RESP04439,STU135,Q002-10,ASS002,0,2024-10-05
RESP04440,STU135,Q002-11,ASS002,0,2024-10-05
RESP04441,STU135,Q002-12,ASS002,0,2024-10-05
RESP04442,STU136,Q002-01,ASS002,1,2024-10-05
RESP04443,STU136,Q002-02,ASS002,0,2024-10-05
RESP04444,STU136,Q002-03,ASS002,0,2024-10-05
RESP04445,STU136,Q002-04,ASS002,1,2024-10-05
RESP04446,STU136,Q002-05,ASS002,0,2024-10-05
RESP04447,STU136,Q002-06,ASS002,1,2024-10-05
RESP04448,STU136,Q002-07,ASS002,1,2024-10-05
RESP04449,STU136,Q002-08,ASS002,1,2024-10-05
RESP04450,STU136,Q002-09,ASS002,1,2024-10-05
RESP04451,STU136,Q002-10,ASS002,1,2024-10-05
RESP04452,STU136,Q002-11,ASS002,1,2024-10-05
RESP04453,STU136,Q002-12,ASS002,0,2024-10-05
RESP04454,STU137,Q002-01,ASS002,1,2024-10-05
RESP04455,STU137,Q002-02,ASS002,1,2024-10-05
RESP04456,STU137,Q002-03,ASS002,1,2024-10-05
RESP04457,STU137,Q002-04,ASS002,1,2024-10-05
RESP04458,STU137,Q002-05,ASS002,1,2024-10-05
RESP04459,STU137,Q002-06,ASS002,1,2024-10-05
RESP04460,STU137,Q002-07,ASS002,0,2024-10-05
RESP04461,STU137,Q002-08,ASS002,1,2024-10-05
RESP04462,STU137,Q002-09,ASS002,1,2024-10-05
RESP04463,STU137,Q002-10,ASS002,0,2024-10-05
RESP04464,STU137,Q002-11,ASS002,1,2024-10-05
RESP04465,STU137,Q002-12,ASS002,0,2024-10-05
RESP04466,STU138,Q002-01,ASS002,1,2024-10-05
RESP04467,STU138,Q002-02,ASS002,1,2024-10-05
RESP04468,STU138,Q002-03,ASS002,1,2024-10-05
RESP04469,STU138,Q002-04,ASS002,1,2024-10-05
RESP04470,STU138,Q002-05,ASS002,1,2024-10-05
RESP04471,STU138,Q002-06,ASS002,1,2024-10-05
RESP04472,STU138,Q002-07,ASS002,0,2024-10-05
RESP04473,STU138,Q002-08,ASS002,1,2024-10-05
RESP04474,STU138,Q002-09,ASS002,1,2024-10-05
RESP04475,STU138,Q002-10,ASS002,0,2024-10-05
RESP04476,STU138,Q002-11,ASS002,0,2024-10-05
RESP04477,STU138,Q002-12,ASS002,0,2024-10-05
RESP04478,STU139,Q002-01,ASS002,0,2024-10-05
RESP04479,STU139,Q002-02,ASS002,1,2024-10-05
RESP04480,STU139,Q002-03,ASS002,1,2024-10-05
RESP04481,STU139,Q002-04,ASS002,1,2024-10-05
RESP04482,STU139,Q002-05,ASS002,1,2024-10-05
RESP04483,STU139,Q002-06,ASS002,1,2024-10-05
RESP04484,STU139,Q002-07,ASS002,1,2024-10-05
RESP04485,STU139,Q002-08,ASS002,1,2024-10-05
RESP04486,STU139,Q002-09,ASS002,1,2024-10-05
RESP04487,STU139,Q002-10,ASS002,1,2024-10-05
RESP04488,STU139,Q002-11,ASS002,1,2024-10-05
RESP04489,STU139,Q002-12,ASS002,1,2024-10-05
RESP04490,STU140,Q002-01,ASS002,1,2024-10-05
RESP04491,STU140,Q002-02,ASS002,1,2024-10-05
RESP04492,STU140,Q002-03,ASS002,1,2024-10-05
RESP04493,STU140,Q002-04,ASS002,0,2024-10-05
RESP04494,STU140,Q002-05,ASS002,1,2024-10-05
RESP04495,STU140,Q002-06,ASS002,0,2024-10-05
RESP04496,STU140,Q002-07,ASS002,1,2024-10-05
RESP04497,STU140,Q002-08,ASS002,1,2024-10-05
RESP04498,STU140,Q002-09,ASS002,1,2024-10-05
RESP04499,STU140,Q002-10,ASS002,0,2024-10-05
RESP04500,STU140,Q002-11,ASS002,1,2024-10-05
RESP04501,STU140,Q002-12,ASS002,1,2024-10-05
RESP04502,STU141,Q002-01,ASS002,1,2024-10-05
RESP04503,STU141,Q002-02,ASS002,1,2024-10-05
RESP04504,STU141,Q002-03,ASS002,1,2024-10-05
RESP04505,STU141,Q002-04,ASS002,1,2024-10-05
RESP04506,STU141,Q002-05,ASS002,1,2024-10-05
RESP04507,STU141,Q002-06,ASS002,1,2024-10-05
RESP04508,STU141,Q002-07,ASS002,1,2024-10-05
RESP04509,STU141,Q002-08,ASS002,1,2024-10-05
RESP04510,STU141,Q002-09,ASS002,1,2024-10-05
RESP04511,STU141,Q002-10,ASS002,0,2024-10-05
RESP04512,STU141,Q002-11,ASS002,0,2024-10-05
RESP04513,STU141,Q002-12,ASS002,1,2024-10-05
RESP04514,STU142,Q002-01,ASS002,1,2024-10-05
RESP04515,STU142,Q002-02,ASS002,1,2024-10-05
RESP04516,STU142,Q002-03,ASS002,0,2024-10-05
RESP04517,STU142,Q002-04,ASS002,0,2024-10-05
RESP04518,STU142,Q002-05,ASS002,1,2024-10-05
RESP04519,STU142,Q002-06,ASS002,1,2024-10-05
RESP04520,STU142,Q002-07,ASS002,0,2024-10-05
RESP04521,STU142,Q002-08,ASS002,1,2024-10-05
RESP04522,STU142,Q002-09,ASS002,0,2024-10-05
RESP04523,STU142,Q002-10,ASS002,1,2024-10-05
RESP04524,STU142,Q002-11,ASS002,1,2024-10-05
RESP04525,STU142,Q002-12,ASS002,1,2024-10-05
RESP04526,STU143,Q002-01,ASS002,1,2024-10-05
RESP04527,STU143,Q002-02,ASS002,1,2024-10-05
RESP04528,STU143,Q002-03,ASS002,1,2024-10-05
RESP04529,STU143,Q002-04,ASS002,1,2024-10-05
RESP04530,STU143,Q002-05,ASS002,1,2024-10-05
RESP04531,STU143,Q002-06,ASS002,1,2024-10-05
RESP04532,STU143,Q002-07,ASS002,1,2024-10-05
RESP04533,STU143,Q002-08,ASS002,1,2024-10-05
RESP04534,STU143,Q002-09,ASS002,1,2024-10-05
RESP04535,STU143,Q002-10,ASS002,1,2024-10-05
RESP04536,STU143,Q002-11,ASS002,1,2024-10-05
RESP04537,STU143,Q002-12,ASS002,1,2024-10-05
RESP04538,STU144,Q002-01,ASS002,0,2024-10-05
RESP04539,STU144,Q002-02,ASS002,1,2024-10-05
RESP04540,STU144,Q002-03,ASS002,1,2024-10-05
RESP04541,STU144,Q002-04,ASS002,0,2024-10-05
RESP04542,STU144,Q002-05,ASS002,0,2024-10-05
RESP04543,STU144,Q002-06,ASS002,1,2024-10-05
RESP04544,STU144,Q002-07,ASS002,0,2024-10-05
RESP04545,STU144,Q002-08,ASS002,1,2024-10-05
RESP04546,STU144,Q002-09,ASS002,0,2024-10-05
RESP04547,STU144,Q002-10,ASS002,0,2024-10-05
RESP04548,STU144,Q002-11,ASS002,1,2024-10-05
RESP04549,STU144,Q002-12,ASS002,1,2024-10-05
RESP04550,STU145,Q002-01,ASS002,0,2024-10-05
RESP04551,STU145,Q002-02,ASS002,1,2024-10-05
RESP04552,STU145,Q002-03,ASS002,1,2024-10-05
RESP04553,STU145,Q002-04,ASS002,0,2024-10-05
RESP04554,STU145,Q002-05,ASS002,1,2024-10-05
RESP04555,STU145,Q002-06,ASS002,1,2024-10-05
RESP04556,STU145,Q002-07,ASS002,1,2024-10-05
RESP04557,STU145,Q002-08,ASS002,1,2024-10-05
RESP04558,STU145,Q002-09,ASS002,1,2024-10-05
RESP04559,STU145,Q002-10,ASS002,1,2024-10-05
RESP04560,STU145,Q002-11,ASS002,1,2024-10-05
RESP04561,STU145,Q002-12,ASS002,1,2024-10-05
RESP04562,STU146,Q002-01,ASS002,1,2024-10-05
RESP04563,STU146,Q002-02,ASS002,1,2024-10-05
RESP04564,STU146,Q002-03,ASS002,1,2024-10-05
RESP04565,STU146,Q002-04,ASS002,1,2024-10-05
RESP04566,STU146,Q002-05,ASS002,1,2024-10-05
RESP04567,STU146,Q002-06,ASS002,1,2024-10-05
RESP04568,STU146,Q002-07,ASS002,1,2024-10-05
RESP04569,STU146,Q002-08,ASS002,1,2024-10-05
RESP04570,STU146,Q002-09,ASS002,1,2024-10-05
RESP04571,STU146,Q002-10,ASS002,1,2024-10-05
RESP04572,STU146,Q002-11,ASS002,1,2024-10-05
RESP04573,STU146,Q002-12,ASS002,1,2024-10-05
RESP04574,STU147,Q002-01,ASS002,0,2024-10-05
RESP04575,STU147,Q002-02,ASS002,1,2024-10-05
RESP04576,STU147,Q002-03,ASS002,1,2024-10-05
RESP04577,STU147,Q002-04,ASS002,1,2024-10-05
RESP04578,STU147,Q002-05,ASS002,1,2024-10-05
RESP04579,STU147,Q002-06,ASS002,1,2024-10-05
RESP04580,STU147,Q002-07,ASS002,0,2024-10-05
RESP04581,STU147,Q002-08,ASS002,1,2024-10-05
RESP04582,STU147,Q002-09,ASS002,1,2024-10-05
RESP04583,STU147,Q002-10,ASS002,1,2024-10-05
RESP04584,STU147,Q002-11,ASS002,0,2024-10-05
RESP04585,STU147,Q002-12,ASS002,0,2024-10-05
RESP04586,STU148,Q002-01,ASS002,1,2024-10-05
RESP04587,STU148,Q002-02,ASS002,1,2024-10-05
RESP04588,STU148,Q002-03,ASS002,1,2024-10-05
RESP04589,STU148,Q002-04,ASS002,1,2024-10-05
RESP04590,STU148,Q002-05,ASS002,1,2024-10-05
RESP04591,STU148,Q002-05,ASS002,1,2024-10-05
RESP04592,STU148,Q002-06,ASS002,1,2024-10-05
RESP04593,STU148,Q002-07,ASS002,0,2024-10-05
RESP04594,STU148,Q002-08,ASS002,1,2024-10-05
RESP04595,STU148,Q002-09,ASS002,1,2024-10-05
RESP04596,STU148,Q002-10,ASS002,1,2024-10-05
RESP04597,STU148,Q002-11,ASS002,1,2024-10-05
RESP04598,STU148,Q002-12,ASS002,1,2024-10-05
RESP04599,STU149,Q002-01,ASS002,0,2024-10-05
RESP04600,STU149,Q002-02,ASS002,1,2024-10-05
RESP04601,STU149,Q002-03,ASS002,1,2024-10-05
RESP04602,STU149,Q002-04,ASS002,1,2024-10-05
RESP04603,STU149,Q002-05,ASS002,1,2024-10-05
RESP04604,STU149,Q002-06,ASS002,1,2024-10-05
RESP04605,STU149,Q002-07,ASS002,0,2024-10-05
RESP04606,STU149,Q002-08,ASS002,1,2024-10-05
RESP04607,STU149,Q002-09,ASS002,1,2024-10-05
RESP04608,STU149,Q002-10,ASS002,1,2024-10-05
RESP04609,STU149,Q002-11,ASS002,1,2024-10-05
RESP04610,STU149,Q002-12,ASS002,1,2024-10-05
RESP04611,STU150,Q002-01,ASS002,1,2024-10-05
RESP04612,STU150,Q002-02,ASS002,1,2024-10-05
RESP04613,STU150,Q002-03,ASS002,1,2024-10-05
RESP04614,STU150,Q002-04,ASS002,1,2024-10-05
RESP04615,STU150,Q002-05,ASS002,1,2024-10-05
RESP04616,STU150,Q002-06,ASS002,1,2024-10-05
RESP04617,STU150,Q002-07,ASS002,0,2024-10-05
RESP04618,STU150,Q002-08,ASS002,1,2024-10-05
RESP04619,STU150,Q002-09,ASS002,1,2024-10-05
RESP04620,STU150,Q002-10,ASS002,1,2024-10-05
RESP04621,STU150,Q002-11,ASS002,1,2024-10-05
RESP04622,STU150,Q002-12,ASS002,1,2024-10-05
RESP04623,STU151,Q002-01,ASS002,1,2024-10-05
RESP04624,STU151,Q002-02,ASS002,1,2024-10-05
RESP04625,STU151,Q002-03,ASS002,1,2024-10-05
RESP04626,STU151,Q002-04,ASS002,1,2024-10-05
RESP04627,STU151,Q002-05,ASS002,1,2024-10-05
RESP04628,STU151,Q002-06,ASS002,0,2024-10-05
RESP04629,STU151,Q002-07,ASS002,1,2024-10-05
RESP04630,STU151,Q002-08,ASS002,1,2024-10-05
RESP04631,STU151,Q002-09,ASS002,1,2024-10-05
RESP04632,STU151,Q002-10,ASS002,0,2024-10-05
RESP04633,STU151,Q002-11,ASS002,0,2024-10-05
RESP04634,STU151,Q002-12,ASS002,1,2024-10-05
RESP04635,STU152,Q002-01,ASS002,1,2024-10-05
RESP04636,STU152,Q002-02,ASS002,1,2024-10-05
RESP04637,STU152,Q002-02,ASS002,1,2024-10-05
RESP04638,STU152,Q002-03,ASS002,1,2024-10-05
RESP04639,STU152,Q002-04,ASS002,1,2024-10-05
RESP04640,STU152,Q002-05,ASS002,1,2024-10-05
RESP04641,STU152,Q002-06,ASS002,1,2024-10-05
RESP04642,STU152,Q002-07,ASS002,1,2024-10-05
RESP04643,STU152,Q002-08,ASS002,1,2024-10-05
RESP04644,STU152,Q002-09,ASS002,1,2024-10-05
RESP04645,STU152,Q002-10,ASS002,1,2024-10-05
RESP04646,STU152,Q002-11,ASS002,1,2024-10-05
RESP04647,STU152,Q002-12,ASS002,1,2024-10-05
RESP04648,STU153,Q002-01,ASS002,0,2024-10-05
RESP04649,STU153,Q002-02,ASS002,1,2024-10-05
RESP04650,STU153,Q002-03,ASS002,1,2024-10-05
RESP04651,STU153,Q002-04,ASS002,1,2024-10-05
RESP04652,STU153,Q002-05,ASS002,1,2024-10-05
RESP04653,STU153,Q002-06,ASS002,1,2024-10-05
RESP04654,STU153,Q002-07,ASS002,1,2024-10-05
RESP04655,STU153,Q002-08,ASS002,1,2024-10-05
RESP04656,STU153,Q002-09,ASS002,1,2024-10-05
RESP04657,STU153,Q002-10,ASS002,0,2024-10-05
RESP04658,STU153,Q002-11,ASS002,1,2024-10-05
RESP04659,STU153,Q002-12,ASS002,1,2024-10-05
RESP04660,STU154,Q002-01,ASS002,1,2024-10-05
RESP04661,STU154,Q002-02,ASS002,1,2024-10-05
RESP04662,STU154,Q002-03,ASS002,0,2024-10-05
RESP04663,STU154,Q002-04,ASS002,1,2024-10-05
RESP04664,STU154,Q002-05,ASS002,1,2024-10-05
RESP04665,STU154,Q002-06,ASS002,1,2024-10-05
RESP04666,STU154,Q002-07,ASS002,1,2024-10-05
RESP04667,STU154,Q002-08,ASS002,1,2024-10-05
RESP04668,STU154,Q002-09,ASS002,1,2024-10-05
RESP04669,STU154,Q002-10,ASS002,0,2024-10-05
RESP04670,STU154,Q002-11,ASS002,0,2024-10-05
RESP04671,STU154,Q002-12,ASS002,1,2024-10-05
RESP04672,STU155,Q002-01,ASS002,1,2024-10-05
RESP04673,STU155,Q002-01,ASS002,1,2024-10-05
RESP04674,STU155,Q002-02,ASS002,1,2024-10-05
RESP04675,STU155,Q002-03,ASS002,0,2024-10-05
RESP04676,STU155,Q002-04,ASS002,1,2024-10-05
RESP04677,STU155,Q002-05,ASS002,1,2024-10-05
RESP04678,STU155,Q002-06,ASS002,0,2024-10-05
RESP04679,STU155,Q002-07,ASS002,0,2024-10-05
RESP04680,STU155,Q002-08,ASS002,1,2024-10-05
RESP04681,STU155,Q002-09,ASS002,1,2024-10-05
RESP04682,STU155,Q002-10,ASS002,1,2024-10-05
RESP04683,STU155,Q002-11,ASS002,0,2024-10-05
RESP04684,STU155,Q002-12,ASS002,0,2024-10-05
RESP04685,STU156,Q002-01,ASS002,1,2024-10-05
RESP04686,STU156,Q002-02,ASS002,1,2024-10-05
RESP04687,STU156,Q002-03,ASS002,0,2024-10-05
RESP04688,STU156,Q002-04,ASS002,1,2024-10-05
RESP04689,STU156,Q002-05,ASS002,1,2024-10-05
RESP04690,STU156,Q002-06,ASS002,1,2024-10-05
RESP04691,STU156,Q002-07,ASS002,0,2024-10-05
RESP04692,STU156,Q002-08,ASS002,1,2024-10-05
RESP04693,STU156,Q002-09,ASS002,0,2024-10-05
RESP04694,STU156,Q002-10,ASS002,1,2024-10-05
RESP04695,STU156,Q002-11,ASS002,0,2024-10-05
RESP04696,STU156,Q002-12,ASS002,0,2024-10-05
RESP04697,STU157,Q002-01,ASS002,1,2024-10-05
RESP04698,STU157,Q002-02,ASS002,0,2024-10-05
RESP04699,STU157,Q002-03,ASS002,1,2024-10-05
RESP04700,STU157,Q002-04,ASS002,1,2024-10-05
RESP04701,STU157,Q002-05,ASS002,0,2024-10-05
RESP04702,STU157,Q002-06,ASS002,1,2024-10-05
RESP04703,STU157,Q002-06,ASS002,1,2024-10-05
RESP04704,STU157,Q002-07,ASS002,1,2024-10-05
RESP04705,STU157,Q002-08,ASS002,1,2024-10-05
RESP04706,STU157,Q002-09,ASS002,0,2024-10-05
RESP04707,STU157,Q002-10,ASS002,1,2024-10-05
RESP04708,STU157,Q002-11,ASS002,1,2024-10-05
RESP04709,STU157,Q002-12,ASS002,0,2024-10-05
RESP04710,STU158,Q002-01,ASS002,1,2024-10-05
RESP04711,STU158,Q002-02,ASS002,1,2024-10-05
RESP04712,STU158,Q002-03,ASS002,1,2024-10-05
RESP04713,STU158,Q002-04,ASS002,1,2024-10-05
RESP04714,STU158,Q002-05,ASS002,1,2024-10-05
RESP04715,STU158,Q002-06,ASS002,1,2024-10-05
RESP04716,STU158,Q002-07,ASS002,1,2024-10-05
RESP04717,STU158,Q002-08,ASS002,1,2024-10-05
RESP04718,STU158,Q002-09,ASS002,1,2024-10-05
RESP04719,STU158,Q002-10,ASS002,1,2024-10-05
RESP04720,STU158,Q002-11,ASS002,1,2024-10-05
RESP04721,STU158,Q002-12,ASS002,1,2024-10-05
RESP04722,STU159,Q002-01,ASS002,1,2024-10-05
RESP04723,STU159,Q002-02,ASS002,1,2024-10-05
RESP04724,STU159,Q002-03,ASS002,1,2024-10-05
RESP04725,STU159,Q002-04,ASS002,1,2024-10-05
RESP04726,STU159,Q002-05,ASS002,1,2024-10-05
RESP04727,STU159,Q002-06,ASS002,1,2024-10-05
RESP04728,STU159,Q002-07,ASS002,1,2024-10-05
RESP04729,STU159,Q002-08,ASS002,1,2024-10-05
RESP04730,STU159,Q002-09,ASS002,1,2024-10-05
RESP04731,STU159,Q002-10,ASS002,1,2024-10-05
RESP04732,STU159,Q002-11,ASS002,1,2024-10-05
RESP04733,STU159,Q002-12,ASS002,1,2024-10-05
RESP04734,STU160,Q002-01,ASS002,0,2024-10-05
RESP04735,STU160,Q002-02,ASS002,1,2024-10-05
RESP04736,STU160,Q002-03,ASS002,1,2024-10-05
RESP04737,STU160,Q002-04,ASS002,1,2024-10-05
RESP04738,STU160,Q002-05,ASS002,1,2024-10-05
RESP04739,STU160,Q002-06,ASS002,1,2024-10-05
RESP04740,STU160,Q002-07,ASS002,1,2024-10-05
RESP04741,STU160,Q002-08,ASS002,1,2024-10-05
RESP04742,STU160,Q002-09,ASS002,1,2024-10-05
RESP04743,STU160,Q002-10,ASS002,1,2024-10-05
RESP04744,STU160,Q002-11,ASS002,0,2024-10-05
RESP04745,STU160,Q002-12,ASS002,1,2024-10-05
RESP04746,STU161,Q002-01,ASS002,1,2024-10-05
RESP04747,STU161,Q002-02,ASS002,1,2024-10-05
RESP04748,STU161,Q002-03,ASS002,1,2024-10-05
RESP04749,STU161,Q002-04,ASS002,1,2024-10-05
RESP04750,STU161,Q002-05,ASS002,1,2024-10-05
RESP04751,STU161,Q002-06,ASS002,1,2024-10-05
RESP04752,STU161,Q002-07,ASS002,0,2024-10-05
RESP04753,STU161,Q002-08,ASS002,1,2024-10-05
RESP04754,STU161,Q002-09,ASS002,1,2024-10-05
RESP04755,STU161,Q002-10,ASS002,1,2024-10-05
RESP04756,STU161,Q002-11,ASS002,1,2024-10-05
RESP04757,STU161,Q002-12,ASS002,1,2024-10-05
RESP04758,STU162,Q002-01,ASS002,0,2024-10-05
RESP04759,STU162,Q002-02,ASS002,1,2024-10-05
RESP04760,STU162,Q002-03,ASS002,1,2024-10-05
RESP04761,STU162,Q002-04,ASS002,0,2024-10-05
RESP04762,STU162,Q002-05,ASS002,1,2024-10-05
RESP04763,STU162,Q002-06,ASS002,1,2024-10-05
RESP04764,STU162,Q002-07,ASS002,1,2024-10-05
RESP04765,STU162,Q002-08,ASS002,1,2024-10-05
RESP04766,STU162,Q002-09,ASS002,1,2024-10-05
RESP04767,STU162,Q002-10,ASS002,0,2024-10-05
RESP04768,STU162,Q002-11,ASS002,0,2024-10-05
RESP04769,STU162,Q002-12,ASS002,1,2024-10-05
RESP04770,STU163,Q002-01,ASS002,1,2024-10-05
RESP04771,STU163,Q002-02,ASS002,1,2024-10-05
RESP04772,STU163,Q002-03,ASS002,1,2024-10-05
RESP04773,STU163,Q002-04,ASS002,1,2024-10-05
RESP04774,STU163,Q002-05,ASS002,1,2024-10-05
RESP04775,STU163,Q002-06,ASS002,1,2024-10-05
RESP04776,STU163,Q002-07,ASS002,1,2024-10-05
RESP04777,STU163,Q002-08,ASS002,1,2024-10-05
RESP04778,STU163,Q002-09,ASS002,1,2024-10-05
RESP04779,STU163,Q002-10,ASS002,0,2024-10-05
RESP04780,STU163,Q002-11,ASS002,1,2024-10-05
RESP04781,STU163,Q002-12,ASS002,0,2024-10-05
RESP04782,STU164,Q002-01,ASS002,1,2024-10-05
RESP04783,STU164,Q002-02,ASS002,1,2024-10-05
RESP04784,STU164,Q002-03,ASS002,1,2024-10-05
RESP04785,STU164,Q002-04,ASS002,0,2024-10-05
RESP04786,STU164,Q002-05,ASS002,1,2024-10-05
RESP04787,STU164,Q002-06,ASS002,1,2024-10-05
RESP04788,STU164,Q002-07,ASS002,1,2024-10-05
RESP04789,STU164,Q002-08,ASS002,1,2024-10-05
RESP04790,STU164,Q002-09,ASS002,1,2024-10-05
RESP04791,STU164,Q002-10,ASS002,0,2024-10-05
RESP04792,STU164,Q002-11,ASS002,1,2024-10-05
RESP04793,STU164,Q002-12,ASS002,1,2024-10-05
RESP04794,STU165,Q002-01,ASS002,1,2024-10-05
RESP04795,STU165,Q002-02,ASS002,1,2024-10-05
RESP04796,STU165,Q002-03,ASS002,1,2024-10-05
RESP04797,STU165,Q002-04,ASS002,0,2024-10-05
RESP04798,STU165,Q002-05,ASS002,1,2024-10-05
RESP04799,STU165,Q002-06,ASS002,1,2024-10-05
RESP04800,STU165,Q002-07,ASS002,1,2024-10-05
RESP04801,STU165,Q002-08,ASS002,1,2024-10-05
RESP04802,STU165,Q002-09,ASS002,1,2024-10-05
RESP04803,STU165,Q002-09,ASS002,1,2024-10-05
RESP04804,STU165,Q002-10,ASS002,1,2024-10-05
RESP04805,STU165,Q002-11,ASS002,1,2024-10-05
RESP04806,STU165,Q002-12,ASS002,1,2024-10-05
RESP04807,STU166,Q002-01,ASS002,1,2024-10-05
RESP04808,STU166,Q002-02,ASS002,1,2024-10-05
RESP04809,STU166,Q002-03,ASS002,1,2024-10-05
RESP04810,STU166,Q002-04,ASS002,0,2024-10-05
RESP04811,STU166,Q002-05,ASS002,1,2024-10-05
RESP04812,STU166,Q002-06,ASS002,1,2024-10-05
RESP04813,STU166,Q002-07,ASS002,1,2024-10-05
RESP04814,STU166,Q002-08,ASS002,1,2024-10-05
RESP04815,STU166,Q002-09,ASS002,0,2024-10-05
RESP04816,STU166,Q002-09,ASS002,0,2024-10-05
RESP04817,STU166,Q002-10,ASS002,0,2024-10-05
RESP04818,STU166,Q002-11,ASS002,1,2024-10-05
RESP04819,STU166,Q002-12,ASS002,1,2024-10-05
RESP04820,STU166,Q002-12,ASS002,1,2024-10-05
RESP04821,STU167,Q002-01,ASS002,1,2024-10-05
RESP04822,STU167,Q002-02,ASS002,1,2024-10-05
RESP04823,STU167,Q002-03,ASS002,1,2024-10-05
RESP04824,STU167,Q002-04,ASS002,1,2024-10-05
RESP04825,STU167,Q002-05,ASS002,1,2024-10-05
RESP04826,STU167,Q002-06,ASS002,1,2024-10-05
RESP04827,STU167,Q002-07,ASS002,0,2024-10-05
RESP04828,STU167,Q002-08,ASS002,1,2024-10-05
RESP04829,STU167,Q002-09,ASS002,1,2024-10-05
RESP04830,STU167,Q002-10,ASS002,1,2024-10-05
RESP04831,STU167,Q002-11,ASS002,0,2024-10-05
RESP04832,STU167,Q002-12,ASS002,0,2024-10-05
RESP04833,STU168,Q002-01,ASS002,1,2024-10-05
RESP04834,STU168,Q002-02,ASS002,1,2024-10-05
RESP04835,STU168,Q002-03,ASS002,1,2024-10-05
RESP04836,STU168,Q002-04,ASS002,1,2024-10-05
RESP04837,STU168,Q002-05,ASS002,1,2024-10-05
RESP04838,STU168,Q002-06,ASS002,1,2024-10-05
RESP04839,STU168,Q002-07,ASS002,0,2024-10-05
RESP04840,STU168,Q002-08,ASS002,1,2024-10-05
RESP04841,STU168,Q002-09,ASS002,1,2024-10-05
RESP04842,STU168,Q002-10,ASS002,0,2024-10-05
RESP04843,STU168,Q002-11,ASS002,0,2024-10-05
RESP04844,STU168,Q002-12,ASS002,1,2024-10-05
RESP04845,STU169,Q002-01,ASS002,0,2024-10-05
RESP04846,STU169,Q002-02,ASS002,1,2024-10-05
RESP04847,STU169,Q002-02,ASS002,1,2024-10-05
RESP04848,STU169,Q002-03,ASS002,0,2024-10-05
RESP04849,STU169,Q002-04,ASS002,1,2024-10-05
RESP04850,STU169,Q002-05,ASS002,0,2024-10-05
RESP04851,STU169,Q002-06,ASS002,1,2024-10-05
RESP04852,STU169,Q002-07,ASS002,1,2024-10-05
RESP04853,STU169,Q002-08,ASS002,1,2024-10-05
RESP04854,STU169,Q002-09,ASS002,0,2024-10-05
RESP04855,STU169,Q002-10,ASS002,0,2024-10-05
RESP04856,STU169,Q002-11,ASS002,0,2024-10-05
RESP04857,STU169,Q002-11,ASS002,0,2024-10-05
RESP04858,STU169,Q002-12,ASS002,1,2024-10-05
RESP04859,STU170,Q002-01,ASS002,1,2024-10-05
RESP04860,STU170,Q002-02,ASS002,1,2024-10-05
RESP04861,STU170,Q002-03,ASS002,1,2024-10-05
RESP04862,STU170,Q002-04,ASS002,1,2024-10-05
RESP04863,STU170,Q002-05,ASS002,1,2024-10-05
RESP04864,STU170,Q002-06,ASS002,1,2024-10-05
RESP04865,STU170,Q002-07,ASS002,1,2024-10-05
RESP04866,STU170,Q002-08,ASS002,1,2024-10-05
RESP04867,STU170,Q002-09,ASS002,1,2024-10-05
RESP04868,STU170,Q002-10,ASS002,1,2024-10-05
RESP04869,STU170,Q002-11,ASS002,1,2024-10-05
RESP04870,STU170,Q002-12,ASS002,1,2024-10-05
RESP04871,STU171,Q002-01,ASS002,1,2024-10-05
RESP04872,STU171,Q002-02,ASS002,0,2024-10-05
RESP04873,STU171,Q002-03,ASS002,1,2024-10-05
RESP04874,STU171,Q002-04,ASS002,0,2024-10-05
RESP04875,STU171,Q002-05,ASS002,0,2024-10-05
RESP04876,STU171,Q002-06,ASS002,1,2024-10-05
RESP04877,STU171,Q002-07,ASS002,0,2024-10-05
RESP04878,STU171,Q002-08,ASS002,0,2024-10-05
RESP04879,STU171,Q002-09,ASS002,0,2024-10-05
RESP04880,STU171,Q002-10,ASS002,0,2024-10-05
RESP04881,STU171,Q002-11,ASS002,0,2024-10-05
RESP04882,STU171,Q002-12,ASS002,0,2024-10-05
RESP04883,STU172,Q002-01,ASS002,0,2024-10-05
RESP04884,STU172,Q002-02,ASS002,1,2024-10-05
RESP04885,STU172,Q002-03,ASS002,0,2024-10-05
RESP04886,STU172,Q002-04,ASS002,0,2024-10-05
RESP04887,STU172,Q002-05,ASS002,1,2024-10-05
RESP04888,STU172,Q002-06,ASS002,1,2024-10-05
RESP04889,STU172,Q002-07,ASS002,1,2024-10-05
RESP04890,STU172,Q002-07,ASS002,1,2024-10-05
RESP04891,STU172,Q002-08,ASS002,1,2024-10-05
RESP04892,STU172,Q002-09,ASS002,1,2024-10-05
RESP04893,STU172,Q002-10,ASS002,1,2024-10-05
RESP04894,STU172,Q002-11,ASS002,1,2024-10-05
RESP04895,STU172,Q002-12,ASS002,1,2024-10-05
RESP04896,STU173,Q002-01,ASS002,1,2024-10-05
RESP04897,STU173,Q002-02,ASS002,1,2024-10-05
RESP04898,STU173,Q002-03,ASS002,1,2024-10-05
RESP04899,STU173,Q002-04,ASS002,1,2024-10-05
RESP04900,STU173,Q002-05,ASS002,1,2024-10-05
RESP04901,STU173,Q002-06,ASS002,1,2024-10-05
RESP04902,STU173,Q002-07,ASS002,0,2024-10-05
RESP04903,STU173,Q002-08,ASS002,0,2024-10-05
RESP04904,STU173,Q002-09,ASS002,1,2024-10-05
RESP04905,STU173,Q002-10,ASS002,1,2024-10-05
RESP04906,STU173,Q002-11,ASS002,1,2024-10-05
RESP04907,STU173,Q002-12,ASS002,1,2024-10-05
RESP04908,STU174,Q002-01,ASS002,0,2024-10-05
RESP04909,STU174,Q002-02,ASS002,1,2024-10-05
RESP04910,STU174,Q002-03,ASS002,1,2024-10-05
RESP04911,STU174,Q002-04,ASS002,1,2024-10-05
RESP04912,STU174,Q002-05,ASS002,1,2024-10-05
RESP04913,STU174,Q002-06,ASS002,1,2024-10-05
RESP04914,STU174,Q002-07,ASS002,1,2024-10-05
RESP04915,STU174,Q002-08,ASS002,1,2024-10-05
RESP04916,STU174,Q002-09,ASS002,1,2024-10-05
RESP04917,STU174,Q002-10,ASS002,1,2024-10-05
RESP04918,STU174,Q002-11,ASS002,1,2024-10-05
RESP04919,STU174,Q002-12,ASS002,1,2024-10-05
RESP04920,STU175,Q002-01,ASS002,1,2024-10-05
RESP04921,STU175,Q002-02,ASS002,1,2024-10-05
RESP04922,STU175,Q002-03,ASS002,1,2024-10-05
RESP04923,STU175,Q002-04,ASS002,0,2024-10-05
RESP04924,STU175,Q002-05,ASS002,1,2024-10-05
RESP04925,STU175,Q002-06,ASS002,0,2024-10-05
RESP04926,STU175,Q002-07,ASS002,0,2024-10-05
RESP04927,STU175,Q002-08,ASS002,1,2024-10-05
RESP04928,STU175,Q002-09,ASS002,1,2024-10-05
RESP04929,STU175,Q002-10,ASS002,1,2024-10-05
RESP04930,STU175,Q002-11,ASS002,1,2024-10-05
RESP04931,STU175,Q002-12,ASS002,0,2024-10-05
RESP04932,STU176,Q002-01,ASS002,0,2024-10-05
RESP04933,STU176,Q002-02,ASS002,0,2024-10-05
RESP04934,STU176,Q002-03,ASS002,1,2024-10-05
RESP04935,STU176,Q002-04,ASS002,0,2024-10-05
RESP04936,STU176,Q002-05,ASS002,1,2024-10-05
RESP04937,STU176,Q002-06,ASS002,1,2024-10-05
RESP04938,STU176,Q002-07,ASS002,1,2024-10-05
RESP04939,STU176,Q002-08,ASS002,1,2024-10-05
RESP04940,STU176,Q002-09,ASS002,1,2024-10-05
RESP04941,STU176,Q002-10,ASS002,1,2024-10-05
RESP04942,STU176,Q002-11,ASS002,1,2024-10-05
RESP04943,STU176,Q002-11,ASS002,1,2024-10-05
RESP04944,STU176,Q002-12,ASS002,1,2024-10-05
RESP04945,STU177,Q002-01,ASS002,1,2024-10-05
RESP04946,STU177,Q002-02,ASS002,1,2024-10-05
RESP04947,STU177,Q002-02,ASS002,1,2024-10-05
RESP04948,STU177,Q002-03,ASS002,1,2024-10-05
RESP04949,STU177,Q002-04,ASS002,1,2024-10-05
RESP04950,STU177,Q002-05,ASS002,1,2024-10-05
RESP04951,STU177,Q002-06,ASS002,1,2024-10-05
RESP04952,STU177,Q002-07,ASS002,1,2024-10-05
RESP04953,STU177,Q002-08,ASS002,1,2024-10-05
RESP04954,STU177,Q002-09,ASS002,1,2024-10-05
RESP04955,STU177,Q002-10,ASS002,1,2024-10-05
RESP04956,STU177,Q002-11,ASS002,1,2024-10-05
RESP04957,STU177,Q002-12,ASS002,1,2024-10-05
RESP04958,STU178,Q002-01,ASS002,1,2024-10-05
RESP04959,STU178,Q002-02,ASS002,0,2024-10-05
RESP04960,STU178,Q002-03,ASS002,0,2024-10-05
RESP04961,STU178,Q002-04,ASS002,0,2024-10-05
RESP04962,STU178,Q002-05,ASS002,0,2024-10-05
RESP04963,STU178,Q002-06,ASS002,0,2024-10-05
RESP04964,STU178,Q002-07,ASS002,0,2024-10-05
RESP04965,STU178,Q002-08,ASS002,1,2024-10-05
RESP04966,STU178,Q002-09,ASS002,0,2024-10-05
RESP04967,STU178,Q002-10,ASS002,0,2024-10-05
RESP04968,STU178,Q002-11,ASS002,0,2024-10-05
RESP04969,STU178,Q002-12,ASS002,0,2024-10-05
RESP04970,STU179,Q002-01,ASS002,1,2024-10-05
RESP04971,STU179,Q002-02,ASS002,1,2024-10-05
RESP04972,STU179,Q002-03,ASS002,1,2024-10-05
RESP04973,STU179,Q002-04,ASS002,1,2024-10-05
RESP04974,STU179,Q002-05,ASS002,0,2024-10-05
RESP04975,STU179,Q002-06,ASS002,1,2024-10-05
RESP04976,STU179,Q002-07,ASS002,1,2024-10-05
RESP04977,STU179,Q002-08,ASS002,1,2024-10-05
RESP04978,STU179,Q002-09,ASS002,1,2024-10-05
RESP04979,STU179,Q002-10,ASS002,1,2024-10-05
RESP04980,STU179,Q002-11,ASS002,1,2024-10-05
RESP04981,STU179,Q002-12,ASS002,1,2024-10-05
RESP04982,STU180,Q002-01,ASS002,1,2024-10-05
RESP04983,STU180,Q002-02,ASS002,1,2024-10-05
RESP04984,STU180,Q002-03,ASS002,1,2024-10-05
RESP04985,STU180,Q002-04,ASS002,1,2024-10-05
RESP04986,STU180,Q002-05,ASS002,1,2024-10-05
RESP04987,STU180,Q002-06,ASS002,1,2024-10-05
RESP04988,STU180,Q002-07,ASS002,1,2024-10-05
RESP04989,STU180,Q002-08,ASS002,1,2024-10-05
RESP04990,STU180,Q002-08,ASS002,1,2024-10-05
RESP04991,STU180,Q002-09,ASS002,0,2024-10-05
RESP04992,STU180,Q002-10,ASS002,0,2024-10-05
RESP04993,STU180,Q002-11,ASS002,0,2024-10-05
RESP04994,STU180,Q002-12,ASS002,1,2024-10-05
RESP04995,STU001,Q003-01,ASS003,1,2024-11-10
RESP04996,STU001,Q003-02,ASS003,0,2024-11-10
RESP04997,STU001,Q003-03,ASS003,1,2024-11-10
RESP04998,STU001,Q003-04,ASS003,1,2024-11-10
RESP04999,STU001,Q003-05,ASS003,0,2024-11-10
RESP05000,STU001,Q003-06,ASS003,1,2024-11-10
RESP05001,STU001,Q003-06,ASS003,1,2024-11-10
RESP05002,STU001,Q003-07,ASS003,1,2024-11-10
RESP05003,STU001,Q003-08,ASS003,0,2024-11-10
RESP05004,STU001,Q003-09,ASS003,1,2024-11-10
RESP05005,STU001,Q003-10,ASS003,0,2024-11-10
RESP05006,STU001,Q003-11,ASS003,1,2024-11-10
RESP05007,STU001,Q003-12,ASS003,1,2024-11-10
RESP05008,STU001,Q003-13,ASS003,0,2024-11-10
RESP05009,STU001,Q003-14,ASS003,0,2024-11-10
RESP05010,STU001,Q003-15,ASS003,1,2024-11-10
RESP05011,STU001,Q003-16,ASS003,0,2024-11-10
RESP05012,STU001,Q003-17,ASS003,1,2024-11-10
RESP05013,STU001,Q003-18,ASS003,1,2024-11-10
RESP05014,STU002,Q003-01,ASS003,0,2024-11-10
RESP05015,STU002,Q003-02,ASS003,1,2024-11-10
RESP05016,STU002,Q003-03,ASS003,0,2024-11-10
RESP05017,STU002,Q003-04,ASS003,1,2024-11-10
RESP05018,STU002,Q003-05,ASS003,0,2024-11-10
RESP05019,STU002,Q003-06,ASS003,0,2024-11-10
RESP05020,STU002,Q003-07,ASS003,0,2024-11-10
RESP05021,STU002,Q003-08,ASS003,0,2024-11-10
RESP05022,STU002,Q003-09,ASS003,0,2024-11-10
RESP05023,STU002,Q003-10,ASS003,0,2024-11-10
RESP05024,STU002,Q003-11,ASS003,0,2024-11-10
RESP05025,STU002,Q003-12,ASS003,0,2024-11-10
RESP05026,STU002,Q003-13,ASS003,0,2024-11-10
RESP05027,STU002,Q003-14,ASS003,0,2024-11-10
RESP05028,STU002,Q003-15,ASS003,0,2024-11-10
RESP05029,STU002,Q003-16,ASS003,0,2024-11-10
RESP05030,STU002,Q003-17,ASS003,1,2024-11-10
RESP05031,STU002,Q003-18,ASS003,0,2024-11-10
RESP05032,STU003,Q003-01,ASS003,0,2024-11-10
RESP05033,STU003,Q003-02,ASS003,0,2024-11-10
RESP05034,STU003,Q003-03,ASS003,1,2024-11-10
RESP05035,STU003,Q003-04,ASS003,1,2024-11-10
RESP05036,STU003,Q003-05,ASS003,0,2024-11-10
RESP05037,STU003,Q003-06,ASS003,1,2024-11-10
RESP05038,STU003,Q003-07,ASS003,1,2024-11-10
RESP05039,STU003,Q003-08,ASS003,1,2024-11-10
RESP05040,STU003,Q003-09,ASS003,0,2024-11-10
RESP05041,STU003,Q003-10,ASS003,1,2024-11-10
RESP05042,STU003,Q003-11,ASS003,0,2024-11-10
RESP05043,STU003,Q003-12,ASS003,1,2024-11-10
RESP05044,STU003,Q003-13,ASS003,0,2024-11-10
RESP05045,STU003,Q003-14,ASS003,0,2024-11-10
RESP05046,STU003,Q003-15,ASS003,0,2024-11-10
RESP05047,STU003,Q003-16,ASS003,0,2024-11-10
RESP05048,STU003,Q003-17,ASS003,1,2024-11-10
RESP05049,STU003,Q003-18,ASS003,1,2024-11-10
RESP05050,STU004,Q003-01,ASS003,1,2024-11-10
RESP05051,STU004,Q003-02,ASS003,1,2024-11-10
RESP05052,STU004,Q003-03,ASS003,1,2024-11-10
RESP05053,STU004,Q003-04,ASS003,0,2024-11-10
RESP05054,STU004,Q003-05,ASS003,0,2024-11-10
RESP05055,STU004,Q003-06,ASS003,1,2024-11-10
RESP05056,STU004,Q003-07,ASS003,1,2024-11-10
RESP05057,STU004,Q003-07,ASS003,1,2024-11-10
RESP05058,STU004,Q003-08,ASS003,0,2024-11-10
RESP05059,STU004,Q003-09,ASS003,0,2024-11-10
RESP05060,STU004,Q003-10,ASS003,0,2024-11-10
RESP05061,STU004,Q003-11,ASS003,1,2024-11-10
RESP05062,STU004,Q003-12,ASS003,1,2024-11-10
RESP05063,STU004,Q003-13,ASS003,0,2024-11-10
RESP05064,STU004,Q003-14,ASS003,1,2024-11-10
RESP05065,STU004,Q003-15,ASS003,0,2024-11-10
RESP05066,STU004,Q003-16,ASS003,0,2024-11-10
RESP05067,STU004,Q003-17,ASS003,0,2024-11-10
RESP05068,STU004,Q003-18,ASS003,1,2024-11-10
RESP05069,STU005,Q003-01,ASS003,1,2024-11-10
RESP05070,STU005,Q003-02,ASS003,1,2024-11-10
RESP05071,STU005,Q003-03,ASS003,1,2024-11-10
RESP05072,STU005,Q003-04,ASS003,1,2024-11-10
RESP05073,STU005,Q003-05,ASS003,1,2024-11-10
RESP05074,STU005,Q003-06,ASS003,1,2024-11-10
RESP05075,STU005,Q003-07,ASS003,1,2024-11-10
RESP05076,STU005,Q003-08,ASS003,0,2024-11-10
RESP05077,STU005,Q003-09,ASS003,1,2024-11-10
RESP05078,STU005,Q003-10,ASS003,1,2024-11-10
RESP05079,STU005,Q003-11,ASS003,1,2024-11-10
RESP05080,STU005,Q003-12,ASS003,1,2024-11-10
RESP05081,STU005,Q003-13,ASS003,1,2024-11-10
RESP05082,STU005,Q003-14,ASS003,1,2024-11-10
RESP05083,STU005,Q003-15,ASS003,1,2024-11-10
RESP05084,STU005,Q003-16,ASS003,1,2024-11-10
RESP05085,STU005,Q003-17,ASS003,0,2024-11-10
RESP05086,STU005,Q003-18,ASS003,1,2024-11-10
RESP05087,STU006,Q003-01,ASS003,0,2024-11-10
RESP05088,STU006,Q003-01,ASS003,0,2024-11-10
RESP05089,STU006,Q003-02,ASS003,0,2024-11-10
RESP05090,STU006,Q003-03,ASS003,0,2024-11-10
RESP05091,STU006,Q003-04,ASS003,0,2024-11-10
RESP05092,STU006,Q003-05,ASS003,0,2024-11-10
RESP05093,STU006,Q003-06,ASS003,1,2024-11-10
RESP05094,STU006,Q003-07,ASS003,0,2024-11-10
RESP05095,STU006,Q003-08,ASS003,0,2024-11-10
RESP05096,STU006,Q003-09,ASS003,0,2024-11-10
RESP05097,STU006,Q003-10,ASS003,0,2024-11-10
RESP05098,STU006,Q003-11,ASS003,0,2024-11-10
RESP05099,STU006,Q003-12,ASS003,0,2024-11-10
RESP05100,STU006,Q003-13,ASS003,1,2024-11-10
RESP05101,STU006,Q003-14,ASS003,0,2024-11-10
RESP05102,STU006,Q003-15,ASS003,0,2024-11-10
RESP05103,STU006,Q003-16,ASS003,0,2024-11-10
RESP05104,STU006,Q003-17,ASS003,1,2024-11-10
RESP05105,STU006,Q003-18,ASS003,0,2024-11-10
RESP05106,STU007,Q003-01,ASS003,0,2024-11-10
RESP05107,STU007,Q003-02,ASS003,1,2024-11-10
RESP05108,STU007,Q003-03,ASS003,1,2024-11-10
RESP05109,STU007,Q003-04,ASS003,0,2024-11-10
RESP05110,STU007,Q003-05,ASS003,0,2024-11-10
RESP05111,STU007,Q003-06,ASS003,0,2024-11-10
RESP05112,STU007,Q003-07,ASS003,0,2024-11-10
RESP05113,STU007,Q003-08,ASS003,0,2024-11-10
RESP05114,STU007,Q003-09,ASS003,0,2024-11-10
RESP05115,STU007,Q003-10,ASS003,0,2024-11-10
RESP05116,STU007,Q003-11,ASS003,1,2024-11-10
RESP05117,STU007,Q003-12,ASS003,1,2024-11-10
RESP05118,STU007,Q003-13,ASS003,1,2024-11-10
RESP05119,STU007,Q003-14,ASS003,1,2024-11-10
RESP05120,STU007,Q003-15,ASS003,0,2024-11-10
RESP05121,STU007,Q003-16,ASS003,0,2024-11-10
RESP05122,STU007,Q003-17,ASS003,0,2024-11-10
RESP05123,STU007,Q003-18,ASS003,0,2024-11-10
RESP05124,STU008,Q003-01,ASS003,0,2024-11-10
RESP05125,STU008,Q003-02,ASS003,1,2024-11-10
RESP05126,STU008,Q003-03,ASS003,0,2024-11-10
RESP05127,STU008,Q003-04,ASS003,1,2024-11-10
RESP05128,STU008,Q003-05,ASS003,1,2024-11-10
RESP05129,STU008,Q003-06,ASS003,1,2024-11-10
RESP05130,STU008,Q003-07,ASS003,1,2024-11-10
RESP05131,STU008,Q003-08,ASS003,1,2024-11-10
RESP05132,STU008,Q003-09,ASS003,0,2024-11-10
RESP05133,STU008,Q003-10,ASS003,0,2024-11-10
RESP05134,STU008,Q003-11,ASS003,0,2024-11-10
RESP05135,STU008,Q003-12,ASS003,1,2024-11-10
RESP05136,STU008,Q003-13,ASS003,0,2024-11-10
RESP05137,STU008,Q003-14,ASS003,0,2024-11-10
RESP05138,STU008,Q003-15,ASS003,1,2024-11-10
RESP05139,STU008,Q003-16,ASS003,1,2024-11-10
RESP05140,STU008,Q003-17,ASS003,0,2024-11-10
RESP05141,STU008,Q003-18,ASS003,0,2024-11-10
RESP05142,STU009,Q003-01,ASS003,0,2024-11-10
RESP05143,STU009,Q003-02,ASS003,1,2024-11-10
RESP05144,STU009,Q003-03,ASS003,0,2024-11-10
RESP05145,STU009,Q003-03,ASS003,0,2024-11-10
RESP05146,STU009,Q003-04,ASS003,0,2024-11-10
RESP05147,STU009,Q003-05,ASS003,0,2024-11-10
RESP05148,STU009,Q003-06,ASS003,0,2024-11-10
RESP05149,STU009,Q003-07,ASS003,0,2024-11-10
RESP05150,STU009,Q003-08,ASS003,0,2024-11-10
RESP05151,STU009,Q003-09,ASS003,0,2024-11-10
RESP05152,STU009,Q003-10,ASS003,0,2024-11-10
RESP05153,STU009,Q003-11,ASS003,1,2024-11-10
RESP05154,STU009,Q003-12,ASS003,1,2024-11-10
RESP05155,STU009,Q003-13,ASS003,0,2024-11-10
RESP05156,STU009,Q003-14,ASS003,1,2024-11-10
RESP05157,STU009,Q003-15,ASS003,1,2024-11-10
RESP05158,STU009,Q003-16,ASS003,0,2024-11-10
RESP05159,STU009,Q003-17,ASS003,1,2024-11-10
RESP05160,STU009,Q003-18,ASS003,0,2024-11-10
RESP05161,STU010,Q003-01,ASS003,0,2024-11-10
RESP05162,STU010,Q003-02,ASS003,1,2024-11-10
RESP05163,STU010,Q003-03,ASS003,0,2024-11-10
RESP05164,STU010,Q003-04,ASS003,0,2024-11-10
RESP05165,STU010,Q003-04,ASS003,0,2024-11-10
RESP05166,STU010,Q003-05,ASS003,0,2024-11-10
RESP05167,STU010,Q003-06,ASS003,1,2024-11-10
RESP05168,STU010,Q003-07,ASS003,0,2024-11-10
RESP05169,STU010,Q003-08,ASS003,0,2024-11-10
RESP05170,STU010,Q003-09,ASS003,1,2024-11-10
RESP05171,STU010,Q003-10,ASS003,0,2024-11-10
RESP05172,STU010,Q003-11,ASS003,0,2024-11-10
RESP05173,STU010,Q003-12,ASS003,1,2024-11-10
RESP05174,STU010,Q003-13,ASS003,0,2024-11-10
RESP05175,STU010,Q003-14,ASS003,0,2024-11-10
RESP05176,STU010,Q003-15,ASS003,0,2024-11-10
RESP05177,STU010,Q003-16,ASS003,0,2024-11-10
RESP05178,STU010,Q003-17,ASS003,0,2024-11-10
RESP05179,STU010,Q003-18,ASS003,1,2024-11-10
RESP05180,STU011,Q003-01,ASS003,1,2024-11-10
RESP05181,STU011,Q003-02,ASS003,1,2024-11-10
RESP05182,STU011,Q003-03,ASS003,1,2024-11-10
RESP05183,STU011,Q003-04,ASS003,0,2024-11-10
RESP05184,STU011,Q003-05,ASS003,1,2024-11-10
RESP05185,STU011,Q003-06,ASS003,0,2024-11-10
RESP05186,STU011,Q003-07,ASS003,0,2024-11-10
RESP05187,STU011,Q003-07,ASS003,0,2024-11-10
RESP05188,STU011,Q003-08,ASS003,0,2024-11-10
RESP05189,STU011,Q003-09,ASS003,0,2024-11-10
RESP05190,STU011,Q003-10,ASS003,0,2024-11-10
RESP05191,STU011,Q003-11,ASS003,1,2024-11-10
RESP05192,STU011,Q003-12,ASS003,1,2024-11-10
RESP05193,STU011,Q003-13,ASS003,1,2024-11-10
RESP05194,STU011,Q003-14,ASS003,1,2024-11-10
RESP05195,STU011,Q003-15,ASS003,1,2024-11-10
RESP05196,STU011,Q003-16,ASS003,0,2024-11-10
RESP05197,STU011,Q003-17,ASS003,1,2024-11-10
RESP05198,STU011,Q003-18,ASS003,1,2024-11-10
RESP05199,STU012,Q003-01,ASS003,0,2024-11-10
RESP05200,STU012,Q003-02,ASS003,0,2024-11-10
RESP05201,STU012,Q003-03,ASS003,1,2024-11-10
RESP05202,STU012,Q003-04,ASS003,1,2024-11-10
RESP05203,STU012,Q003-05,ASS003,0,2024-11-10
RESP05204,STU012,Q003-06,ASS003,1,2024-11-10
RESP05205,STU012,Q003-06,ASS003,1,2024-11-10
RESP05206,STU012,Q003-07,ASS003,1,2024-11-10
RESP05207,STU012,Q003-08,ASS003,0,2024-11-10
RESP05208,STU012,Q003-09,ASS003,1,2024-11-10
RESP05209,STU012,Q003-10,ASS003,0,2024-11-10
RESP05210,STU012,Q003-11,ASS003,1,2024-11-10
RESP05211,STU012,Q003-12,ASS003,1,2024-11-10
RESP05212,STU012,Q003-13,ASS003,1,2024-11-10
RESP05213,STU012,Q003-14,ASS003,0,2024-11-10
RESP05214,STU012,Q003-15,ASS003,1,2024-11-10
RESP05215,STU012,Q003-16,ASS003,1,2024-11-10
RESP05216,STU012,Q003-17,ASS003,0,2024-11-10
RESP05217,STU012,Q003-17,ASS003,0,2024-11-10
RESP05218,STU012,Q003-18,ASS003,1,2024-11-10
RESP05219,STU013,Q003-01,ASS003,1,2024-11-10
RESP05220,STU013,Q003-02,ASS003,1,2024-11-10
RESP05221,STU013,Q003-03,ASS003,1,2024-11-10
RESP05222,STU013,Q003-04,ASS003,1,2024-11-10
RESP05223,STU013,Q003-05,ASS003,1,2024-11-10
RESP05224,STU013,Q003-06,ASS003,1,2024-11-10
RESP05225,STU013,Q003-07,ASS003,1,2024-11-10
RESP05226,STU013,Q003-08,ASS003,0,2024-11-10
RESP05227,STU013,Q003-09,ASS003,1,2024-11-10
RESP05228,STU013,Q003-10,ASS003,1,2024-11-10
RESP05229,STU013,Q003-11,ASS003,1,2024-11-10
RESP05230,STU013,Q003-12,ASS003,1,2024-11-10
RESP05231,STU013,Q003-13,ASS003,1,2024-11-10
RESP05232,STU013,Q003-14,ASS003,0,2024-11-10
RESP05233,STU013,Q003-15,ASS003,0,2024-11-10
RESP05234,STU013,Q003-16,ASS003,1,2024-11-10
RESP05235,STU013,Q003-17,ASS003,0,2024-11-10
RESP05236,STU013,Q003-18,ASS003,0,2024-11-10
RESP05237,STU014,Q003-01,ASS003,0,2024-11-10
RESP05238,STU014,Q003-02,ASS003,0,2024-11-10
RESP05239,STU014,Q003-02,ASS003,0,2024-11-10
RESP05240,STU014,Q003-03,ASS003,0,2024-11-10
RESP05241,STU014,Q003-04,ASS003,1,2024-11-10
RESP05242,STU014,Q003-05,ASS003,1,2024-11-10
RESP05243,STU014,Q003-06,ASS003,0,2024-11-10
RESP05244,STU014,Q003-07,ASS003,0,2024-11-10
RESP05245,STU014,Q003-08,ASS003,0,2024-11-10
RESP05246,STU014,Q003-09,ASS003,0,2024-11-10
RESP05247,STU014,Q003-10,ASS003,0,2024-11-10
RESP05248,STU014,Q003-11,ASS003,0,2024-11-10
RESP05249,STU014,Q003-12,ASS003,1,2024-11-10
RESP05250,STU014,Q003-13,ASS003,1,2024-11-10
RESP05251,STU014,Q003-14,ASS003,0,2024-11-10
RESP05252,STU014,Q003-15,ASS003,0,2024-11-10
RESP05253,STU014,Q003-16,ASS003,0,2024-11-10
RESP05254,STU014,Q003-17,ASS003,1,2024-11-10
RESP05255,STU014,Q003-18,ASS003,0,2024-11-10
RESP05256,STU014,Q003-18,ASS003,0,2024-11-10
RESP05257,STU015,Q003-01,ASS003,0,2024-11-10
RESP05258,STU015,Q003-02,ASS003,0,2024-11-10
RESP05259,STU015,Q003-03,ASS003,1,2024-11-10
RESP05260,STU015,Q003-04,ASS003,1,2024-11-10
RESP05261,STU015,Q003-05,ASS003,0,2024-11-10
RESP05262,STU015,Q003-06,ASS003,0,2024-11-10
RESP05263,STU015,Q003-07,ASS003,0,2024-11-10
RESP05264,STU015,Q003-08,ASS003,0,2024-11-10
RESP05265,STU015,Q003-09,ASS003,0,2024-11-10
RESP05266,STU015,Q003-10,ASS003,0,2024-11-10
RESP05267,STU015,Q003-11,ASS003,1,2024-11-10
RESP05268,STU015,Q003-12,ASS003,0,2024-11-10
RESP05269,STU015,Q003-13,ASS003,0,2024-11-10
RESP05270,STU015,Q003-14,ASS003,1,2024-11-10
RESP05271,STU015,Q003-15,ASS003,0,2024-11-10
RESP05272,STU015,Q003-16,ASS003,0,2024-11-10
RESP05273,STU015,Q003-17,ASS003,1,2024-11-10
RESP05274,STU015,Q003-18,ASS003,0,2024-11-10
RESP05275,STU016,Q003-01,ASS003,1,2024-11-10
RESP05276,STU016,Q003-02,ASS003,0,2024-11-10
RESP05277,STU016,Q003-03,ASS003,0,2024-11-10
RESP05278,STU016,Q003-04,ASS003,1,2024-11-10
RESP05279,STU016,Q003-05,ASS003,0,2024-11-10
RESP05280,STU016,Q003-06,ASS003,1,2024-11-10
RESP05281,STU016,Q003-07,ASS003,0,2024-11-10
RESP05282,STU016,Q003-08,ASS003,1,2024-11-10
RESP05283,STU016,Q003-09,ASS003,1,2024-11-10
RESP05284,STU016,Q003-10,ASS003,0,2024-11-10
RESP05285,STU016,Q003-11,ASS003,1,2024-11-10
RESP05286,STU016,Q003-12,ASS003,0,2024-11-10
RESP05287,STU016,Q003-13,ASS003,0,2024-11-10
RESP05288,STU016,Q003-14,ASS003,0,2024-11-10
RESP05289,STU016,Q003-15,ASS003,0,2024-11-10
RESP05290,STU016,Q003-16,ASS003,0,2024-11-10
RESP05291,STU016,Q003-17,ASS003,1,2024-11-10
RESP05292,STU016,Q003-18,ASS003,0,2024-11-10
RESP05293,STU017,Q003-01,ASS003,1,2024-11-10
RESP05294,STU017,Q003-02,ASS003,0,2024-11-10
RESP05295,STU017,Q003-03,ASS003,1,2024-11-10
RESP05296,STU017,Q003-04,ASS003,1,2024-11-10
RESP05297,STU017,Q003-05,ASS003,1,2024-11-10
RESP05298,STU017,Q003-06,ASS003,1,2024-11-10
RESP05299,STU017,Q003-07,ASS003,1,2024-11-10
RESP05300,STU017,Q003-08,ASS003,1,2024-11-10
RESP05301,STU017,Q003-09,ASS003,1,2024-11-10
RESP05302,STU017,Q003-10,ASS003,1,2024-11-10
RESP05303,STU017,Q003-11,ASS003,1,2024-11-10
RESP05304,STU017,Q003-12,ASS003,1,2024-11-10
RESP05305,STU017,Q003-13,ASS003,1,2024-11-10
RESP05306,STU017,Q003-14,ASS003,0,2024-11-10
RESP05307,STU017,Q003-15,ASS003,1,2024-11-10
RESP05308,STU017,Q003-16,ASS003,1,2024-11-10
RESP05309,STU017,Q003-17,ASS003,1,2024-11-10
RESP05310,STU017,Q003-18,ASS003,1,2024-11-10
RESP05311,STU018,Q003-01,ASS003,1,2024-11-10
RESP05312,STU018,Q003-02,ASS003,1,2024-11-10
RESP05313,STU018,Q003-03,ASS003,0,2024-11-10
RESP05314,STU018,Q003-04,ASS003,0,2024-11-10
RESP05315,STU018,Q003-05,ASS003,0,2024-11-10
RESP05316,STU018,Q003-06,ASS003,0,2024-11-10
RESP05317,STU018,Q003-07,ASS003,1,2024-11-10
RESP05318,STU018,Q003-08,ASS003,0,2024-11-10
RESP05319,STU018,Q003-09,ASS003,0,2024-11-10
RESP05320,STU018,Q003-10,ASS003,0,2024-11-10
RESP05321,STU018,Q003-11,ASS003,0,2024-11-10
RESP05322,STU018,Q003-12,ASS003,1,2024-11-10
RESP05323,STU018,Q003-12,ASS003,1,2024-11-10
RESP05324,STU018,Q003-13,ASS003,0,2024-11-10
RESP05325,STU018,Q003-14,ASS003,0,2024-11-10
RESP05326,STU018,Q003-15,ASS003,1,2024-11-10
RESP05327,STU018,Q003-16,ASS003,0,2024-11-10
RESP05328,STU018,Q003-17,ASS003,0,2024-11-10
RESP05329,STU018,Q003-18,ASS003,0,2024-11-10
RESP05330,STU019,Q003-01,ASS003,0,2024-11-10
RESP05331,STU019,Q003-02,ASS003,1,2024-11-10
RESP05332,STU019,Q003-03,ASS003,0,2024-11-10
RESP05333,STU019,Q003-04,ASS003,1,2024-11-10
RESP05334,STU019,Q003-05,ASS003,0,2024-11-10
RESP05335,STU019,Q003-06,ASS003,1,2024-11-10
RESP05336,STU019,Q003-07,ASS003,1,2024-11-10
RESP05337,STU019,Q003-08,ASS003,0,2024-11-10
RESP05338,STU019,Q003-09,ASS003,1,2024-11-10
RESP05339,STU019,Q003-10,ASS003,1,2024-11-10
RESP05340,STU019,Q003-11,ASS003,1,2024-11-10
RESP05341,STU019,Q003-12,ASS003,1,2024-11-10
RESP05342,STU019,Q003-13,ASS003,1,2024-11-10
RESP05343,STU019,Q003-14,ASS003,1,2024-11-10
RESP05344,STU019,Q003-15,ASS003,1,2024-11-10
RESP05345,STU019,Q003-16,ASS003,1,2024-11-10
RESP05346,STU019,Q003-17,ASS003,1,2024-11-10
RESP05347,STU019,Q003-18,ASS003,0,2024-11-10
RESP05348,STU020,Q003-01,ASS003,0,2024-11-10
RESP05349,STU020,Q003-02,ASS003,0,2024-11-10
RESP05350,STU020,Q003-03,ASS003,0,2024-11-10
RESP05351,STU020,Q003-04,ASS003,0,2024-11-10
RESP05352,STU020,Q003-05,ASS003,0,2024-11-10
RESP05353,STU020,Q003-06,ASS003,1,2024-11-10
RESP05354,STU020,Q003-07,ASS003,0,2024-11-10
RESP05355,STU020,Q003-08,ASS003,0,2024-11-10
RESP05356,STU020,Q003-09,ASS003,1,2024-11-10
RESP05357,STU020,Q003-10,ASS003,1,2024-11-10
RESP05358,STU020,Q003-11,ASS003,1,2024-11-10
RESP05359,STU020,Q003-12,ASS003,0,2024-11-10
RESP05360,STU020,Q003-13,ASS003,1,2024-11-10
RESP05361,STU020,Q003-14,ASS003,1,2024-11-10
RESP05362,STU020,Q003-15,ASS003,0,2024-11-10
RESP05363,STU020,Q003-16,ASS003,0,2024-11-10
RESP05364,STU020,Q003-17,ASS003,0,2024-11-10
RESP05365,STU020,Q003-18,ASS003,1,2024-11-10
RESP05366,STU021,Q003-01,ASS003,1,2024-11-10
RESP05367,STU021,Q003-02,ASS003,1,2024-11-10
RESP05368,STU021,Q003-02,ASS003,1,2024-11-10
RESP05369,STU021,Q003-03,ASS003,1,2024-11-10
RESP05370,STU021,Q003-04,ASS003,0,2024-11-10
RESP05371,STU021,Q003-05,ASS003,1,2024-11-10
RESP05372,STU021,Q003-06,ASS003,1,2024-11-10
RESP05373,STU021,Q003-07,ASS003,1,2024-11-10
RESP05374,STU021,Q003-08,ASS003,0,2024-11-10
RESP05375,STU021,Q003-09,ASS003,0,2024-11-10
RESP05376,STU021,Q003-10,ASS003,1,2024-11-10
RESP05377,STU021,Q003-11,ASS003,1,2024-11-10
RESP05378,STU021,Q003-12,ASS003,1,2024-11-10
RESP05379,STU021,Q003-13,ASS003,0,2024-11-10
RESP05380,STU021,Q003-14,ASS003,0,2024-11-10
RESP05381,STU021,Q003-15,ASS003,0,2024-11-10
RESP05382,STU021,Q003-16,ASS003,1,2024-11-10
RESP05383,STU021,Q003-17,ASS003,1,2024-11-10
RESP05384,STU021,Q003-18,ASS003,0,2024-11-10
RESP05385,STU021,Q003-18,ASS003,0,2024-11-10
RESP05386,STU022,Q003-01,ASS003,1,2024-11-10
RESP05387,STU022,Q003-02,ASS003,1,2024-11-10
RESP05388,STU022,Q003-03,ASS003,1,2024-11-10
RESP05389,STU022,Q003-04,ASS003,1,2024-11-10
RESP05390,STU022,Q003-05,ASS003,0,2024-11-10
RESP05391,STU022,Q003-06,ASS003,1,2024-11-10
RESP05392,STU022,Q003-07,ASS003,1,2024-11-10
RESP05393,STU022,Q003-08,ASS003,1,2024-11-10
RESP05394,STU022,Q003-09,ASS003,1,2024-11-10
RESP05395,STU022,Q003-10,ASS003,1,2024-11-10
RESP05396,STU022,Q003-11,ASS003,1,2024-11-10
RESP05397,STU022,Q003-12,ASS003,1,2024-11-10
RESP05398,STU022,Q003-13,ASS003,0,2024-11-10
RESP05399,STU022,Q003-14,ASS003,1,2024-11-10
RESP05400,STU022,Q003-15,ASS003,1,2024-11-10
RESP05401,STU022,Q003-16,ASS003,1,2024-11-10
RESP05402,STU022,Q003-17,ASS003,1,2024-11-10
RESP05403,STU022,Q003-18,ASS003,0,2024-11-10
RESP05404,STU023,Q003-01,ASS003,1,2024-11-10
RESP05405,STU023,Q003-02,ASS003,0,2024-11-10
RESP05406,STU023,Q003-03,ASS003,1,2024-11-10
RESP05407,STU023,Q003-04,ASS003,1,2024-11-10
RESP05408,STU023,Q003-05,ASS003,1,2024-11-10
RESP05409,STU023,Q003-06,ASS003,1,2024-11-10
RESP05410,STU023,Q003-07,ASS003,0,2024-11-10
RESP05411,STU023,Q003-08,ASS003,1,2024-11-10
RESP05412,STU023,Q003-09,ASS003,1,2024-11-10
RESP05413,STU023,Q003-10,ASS003,0,2024-11-10
RESP05414,STU023,Q003-11,ASS003,0,2024-11-10
RESP05415,STU023,Q003-11,ASS003,0,2024-11-10
RESP05416,STU023,Q003-12,ASS003,1,2024-11-10
RESP05417,STU023,Q003-13,ASS003,0,2024-11-10
RESP05418,STU023,Q003-14,ASS003,0,2024-11-10
RESP05419,STU023,Q003-15,ASS003,1,2024-11-10
RESP05420,STU023,Q003-16,ASS003,1,2024-11-10
RESP05421,STU023,Q003-17,ASS003,0,2024-11-10
RESP05422,STU023,Q003-17,ASS003,0,2024-11-10
RESP05423,STU023,Q003-18,ASS003,0,2024-11-10
RESP05424,STU024,Q003-01,ASS003,1,2024-11-10
RESP05425,STU024,Q003-02,ASS003,1,2024-11-10
RESP05426,STU024,Q003-03,ASS003,1,2024-11-10
RESP05427,STU024,Q003-04,ASS003,1,2024-11-10
RESP05428,STU024,Q003-05,ASS003,0,2024-11-10
RESP05429,STU024,Q003-06,ASS003,1,2024-11-10
RESP05430,STU024,Q003-07,ASS003,0,2024-11-10
RESP05431,STU024,Q003-08,ASS003,0,2024-11-10
RESP05432,STU024,Q003-09,ASS003,1,2024-11-10
RESP05433,STU024,Q003-10,ASS003,1,2024-11-10
RESP05434,STU024,Q003-11,ASS003,1,2024-11-10
RESP05435,STU024,Q003-12,ASS003,1,2024-11-10
RESP05436,STU024,Q003-13,ASS003,1,2024-11-10
RESP05437,STU024,Q003-14,ASS003,0,2024-11-10
RESP05438,STU024,Q003-15,ASS003,0,2024-11-10
RESP05439,STU024,Q003-15,ASS003,0,2024-11-10
RESP05440,STU024,Q003-16,ASS003,0,2024-11-10
RESP05441,STU024,Q003-17,ASS003,1,2024-11-10
RESP05442,STU024,Q003-18,ASS003,1,2024-11-10
RESP05443,STU025,Q003-01,ASS003,1,2024-11-10
RESP05444,STU025,Q003-02,ASS003,1,2024-11-10
RESP05445,STU025,Q003-03,ASS003,1,2024-11-10
RESP05446,STU025,Q003-04,ASS003,1,2024-11-10
RESP05447,STU025,Q003-05,ASS003,1,2024-11-10
RESP05448,STU025,Q003-06,ASS003,1,2024-11-10
RESP05449,STU025,Q003-07,ASS003,1,2024-11-10
RESP05450,STU025,Q003-08,ASS003,1,2024-11-10
RESP05451,STU025,Q003-09,ASS003,1,2024-11-10
RESP05452,STU025,Q003-10,ASS003,1,2024-11-10
RESP05453,STU025,Q003-11,ASS003,1,2024-11-10
RESP05454,STU025,Q003-12,ASS003,1,2024-11-10
RESP05455,STU025,Q003-13,ASS003,1,2024-11-10
RESP05456,STU025,Q003-14,ASS003,1,2024-11-10
RESP05457,STU025,Q003-15,ASS003,1,2024-11-10
RESP05458,STU025,Q003-16,ASS003,1,2024-11-10
RESP05459,STU025,Q003-17,ASS003,1,2024-11-10
RESP05460,STU025,Q003-18,ASS003,1,2024-11-10
RESP05461,STU026,Q003-01,ASS003,0,2024-11-10
RESP05462,STU026,Q003-02,ASS003,1,2024-11-10
RESP05463,STU026,Q003-03,ASS003,1,2024-11-10
RESP05464,STU026,Q003-04,ASS003,1,2024-11-10
RESP05465,STU026,Q003-05,ASS003,0,2024-11-10
RESP05466,STU026,Q003-06,ASS003,0,2024-11-10
RESP05467,STU026,Q003-07,ASS003,0,2024-11-10
RESP05468,STU026,Q003-08,ASS003,0,2024-11-10
RESP05469,STU026,Q003-09,ASS003,0,2024-11-10
RESP05470,STU026,Q003-10,ASS003,0,2024-11-10
RESP05471,STU026,Q003-11,ASS003,1,2024-11-10
RESP05472,STU026,Q003-12,ASS003,0,2024-11-10
RESP05473,STU026,Q003-13,ASS003,1,2024-11-10
RESP05474,STU026,Q003-14,ASS003,1,2024-11-10
RESP05475,STU026,Q003-15,ASS003,0,2024-11-10
RESP05476,STU026,Q003-16,ASS003,0,2024-11-10
RESP05477,STU026,Q003-17,ASS003,0,2024-11-10
RESP05478,STU026,Q003-18,ASS003,0,2024-11-10
RESP05479,STU027,Q003-01,ASS003,1,2024-11-10
RESP05480,STU027,Q003-02,ASS003,0,2024-11-10
RESP05481,STU027,Q003-03,ASS003,0,2024-11-10
RESP05482,STU027,Q003-04,ASS003,1,2024-11-10
RESP05483,STU027,Q003-05,ASS003,0,2024-11-10
RESP05484,STU027,Q003-06,ASS003,0,2024-11-10
RESP05485,STU027,Q003-07,ASS003,0,2024-11-10
RESP05486,STU027,Q003-08,ASS003,1,2024-11-10
RESP05487,STU027,Q003-09,ASS003,0,2024-11-10
RESP05488,STU027,Q003-10,ASS003,0,2024-11-10
RESP05489,STU027,Q003-11,ASS003,0,2024-11-10
RESP05490,STU027,Q003-12,ASS003,1,2024-11-10
RESP05491,STU027,Q003-13,ASS003,0,2024-11-10
RESP05492,STU027,Q003-14,ASS003,0,2024-11-10
RESP05493,STU027,Q003-15,ASS003,0,2024-11-10
RESP05494,STU027,Q003-16,ASS003,0,2024-11-10
RESP05495,STU027,Q003-17,ASS003,0,2024-11-10
RESP05496,STU027,Q003-18,ASS003,0,2024-11-10
RESP05497,STU028,Q003-01,ASS003,1,2024-11-10
RESP05498,STU028,Q003-02,ASS003,1,2024-11-10
RESP05499,STU028,Q003-03,ASS003,1,2024-11-10
RESP05500,STU028,Q003-04,ASS003,0,2024-11-10
RESP05501,STU028,Q003-05,ASS003,0,2024-11-10
RESP05502,STU028,Q003-06,ASS003,1,2024-11-10
RESP05503,STU028,Q003-07,ASS003,1,2024-11-10
RESP05504,STU028,Q003-08,ASS003,0,2024-11-10
RESP05505,STU028,Q003-09,ASS003,0,2024-11-10
RESP05506,STU028,Q003-10,ASS003,0,2024-11-10
RESP05507,STU028,Q003-11,ASS003,0,2024-11-10
RESP05508,STU028,Q003-12,ASS003,0,2024-11-10
RESP05509,STU028,Q003-13,ASS003,1,2024-11-10
RESP05510,STU028,Q003-14,ASS003,0,2024-11-10
RESP05511,STU028,Q003-15,ASS003,1,2024-11-10
RESP05512,STU028,Q003-16,ASS003,0,2024-11-10
RESP05513,STU028,Q003-17,ASS003,0,2024-11-10
RESP05514,STU028,Q003-18,ASS003,1,2024-11-10
RESP05515,STU029,Q003-01,ASS003,0,2024-11-10
RESP05516,STU029,Q003-02,ASS003,1,2024-11-10
RESP05517,STU029,Q003-03,ASS003,0,2024-11-10
RESP05518,STU029,Q003-04,ASS003,1,2024-11-10
RESP05519,STU029,Q003-05,ASS003,0,2024-11-10
RESP05520,STU029,Q003-06,ASS003,0,2024-11-10
RESP05521,STU029,Q003-07,ASS003,1,2024-11-10
RESP05522,STU029,Q003-08,ASS003,0,2024-11-10
RESP05523,STU029,Q003-09,ASS003,0,2024-11-10
RESP05524,STU029,Q003-10,ASS003,0,2024-11-10
RESP05525,STU029,Q003-11,ASS003,1,2024-11-10
RESP05526,STU029,Q003-12,ASS003,0,2024-11-10
RESP05527,STU029,Q003-13,ASS003,0,2024-11-10
RESP05528,STU029,Q003-13,ASS003,0,2024-11-10
RESP05529,STU029,Q003-14,ASS003,0,2024-11-10
RESP05530,STU029,Q003-15,ASS003,0,2024-11-10
RESP05531,STU029,Q003-16,ASS003,0,2024-11-10
RESP05532,STU029,Q003-17,ASS003,1,2024-11-10
RESP05533,STU029,Q003-18,ASS003,1,2024-11-10
RESP05534,STU030,Q003-01,ASS003,1,2024-11-10
RESP05535,STU030,Q003-02,ASS003,1,2024-11-10
RESP05536,STU030,Q003-03,ASS003,1,2024-11-10
RESP05537,STU030,Q003-04,ASS003,1,2024-11-10
RESP05538,STU030,Q003-05,ASS003,1,2024-11-10
RESP05539,STU030,Q003-06,ASS003,0,2024-11-10
RESP05540,STU030,Q003-07,ASS003,1,2024-11-10
RESP05541,STU030,Q003-08,ASS003,1,2024-11-10
RESP05542,STU030,Q003-09,ASS003,1,2024-11-10
RESP05543,STU030,Q003-10,ASS003,1,2024-11-10
RESP05544,STU030,Q003-11,ASS003,1,2024-11-10
RESP05545,STU030,Q003-12,ASS003,1,2024-11-10
RESP05546,STU030,Q003-13,ASS003,1,2024-11-10
RESP05547,STU030,Q003-14,ASS003,1,2024-11-10
RESP05548,STU030,Q003-15,ASS003,1,2024-11-10
RESP05549,STU030,Q003-16,ASS003,1,2024-11-10
RESP05550,STU030,Q003-17,ASS003,1,2024-11-10
RESP05551,STU030,Q003-18,ASS003,1,2024-11-10
RESP05552,STU031,Q003-01,ASS003,1,2024-11-10
RESP05553,STU031,Q003-02,ASS003,0,2024-11-10
RESP05554,STU031,Q003-03,ASS003,0,2024-11-10
RESP05555,STU031,Q003-04,ASS003,0,2024-11-10
RESP05556,STU031,Q003-05,ASS003,1,2024-11-10
RESP05557,STU031,Q003-06,ASS003,0,2024-11-10
RESP05558,STU031,Q003-07,ASS003,1,2024-11-10
RESP05559,STU031,Q003-08,ASS003,0,2024-11-10
RESP05560,STU031,Q003-09,ASS003,1,2024-11-10
RESP05561,STU031,Q003-10,ASS003,0,2024-11-10
RESP05562,STU031,Q003-11,ASS003,0,2024-11-10
RESP05563,STU031,Q003-12,ASS003,0,2024-11-10
RESP05564,STU031,Q003-12,ASS003,0,2024-11-10
RESP05565,STU031,Q003-13,ASS003,1,2024-11-10
RESP05566,STU031,Q003-14,ASS003,0,2024-11-10
RESP05567,STU031,Q003-15,ASS003,1,2024-11-10
RESP05568,STU031,Q003-16,ASS003,1,2024-11-10
RESP05569,STU031,Q003-17,ASS003,1,2024-11-10
RESP05570,STU031,Q003-18,ASS003,1,2024-11-10
RESP05571,STU032,Q003-01,ASS003,1,2024-11-10
RESP05572,STU032,Q003-02,ASS003,1,2024-11-10
RESP05573,STU032,Q003-03,ASS003,1,2024-11-10
RESP05574,STU032,Q003-03,ASS003,1,2024-11-10
RESP05575,STU032,Q003-04,ASS003,1,2024-11-10
RESP05576,STU032,Q003-05,ASS003,1,2024-11-10
RESP05577,STU032,Q003-06,ASS003,1,2024-11-10
RESP05578,STU032,Q003-07,ASS003,1,2024-11-10
RESP05579,STU032,Q003-08,ASS003,1,2024-11-10
RESP05580,STU032,Q003-09,ASS003,1,2024-11-10
RESP05581,STU032,Q003-10,ASS003,1,2024-11-10
RESP05582,STU032,Q003-11,ASS003,1,2024-11-10
RESP05583,STU032,Q003-12,ASS003,1,2024-11-10
RESP05584,STU032,Q003-13,ASS003,1,2024-11-10
RESP05585,STU032,Q003-14,ASS003,1,2024-11-10
RESP05586,STU032,Q003-15,ASS003,0,2024-11-10
RESP05587,STU032,Q003-16,ASS003,0,2024-11-10
RESP05588,STU032,Q003-17,ASS003,1,2024-11-10
RESP05589,STU032,Q003-18,ASS003,0,2024-11-10
RESP05590,STU033,Q003-01,ASS003,1,2024-11-10
RESP05591,STU033,Q003-02,ASS003,1,2024-11-10
RESP05592,STU033,Q003-03,ASS003,1,2024-11-10
RESP05593,STU033,Q003-04,ASS003,1,2024-11-10
RESP05594,STU033,Q003-05,ASS003,0,2024-11-10
RESP05595,STU033,Q003-06,ASS003,1,2024-11-10
RESP05596,STU033,Q003-07,ASS003,1,2024-11-10
RESP05597,STU033,Q003-08,ASS003,0,2024-11-10
RESP05598,STU033,Q003-09,ASS003,1,2024-11-10
RESP05599,STU033,Q003-10,ASS003,1,2024-11-10
RESP05600,STU033,Q003-11,ASS003,1,2024-11-10
RESP05601,STU033,Q003-12,ASS003,1,2024-11-10
RESP05602,STU033,Q003-13,ASS003,0,2024-11-10
RESP05603,STU033,Q003-14,ASS003,0,2024-11-10
RESP05604,STU033,Q003-15,ASS003,0,2024-11-10
RESP05605,STU033,Q003-16,ASS003,1,2024-11-10
RESP05606,STU033,Q003-17,ASS003,0,2024-11-10
RESP05607,STU033,Q003-18,ASS003,1,2024-11-10
RESP05608,STU034,Q003-01,ASS003,0,2024-11-10
RESP05609,STU034,Q003-02,ASS003,0,2024-11-10
RESP05610,STU034,Q003-03,ASS003,0,2024-11-10
RESP05611,STU034,Q003-04,ASS003,0,2024-11-10
RESP05612,STU034,Q003-05,ASS003,0,2024-11-10
RESP05613,STU034,Q003-06,ASS003,0,2024-11-10
RESP05614,STU034,Q003-07,ASS003,0,2024-11-10
RESP05615,STU034,Q003-08,ASS003,1,2024-11-10
RESP05616,STU034,Q003-09,ASS003,0,2024-11-10
RESP05617,STU034,Q003-10,ASS003,0,2024-11-10
RESP05618,STU034,Q003-11,ASS003,0,2024-11-10
RESP05619,STU034,Q003-12,ASS003,0,2024-11-10
RESP05620,STU034,Q003-13,ASS003,1,2024-11-10
RESP05621,STU034,Q003-14,ASS003,1,2024-11-10
RESP05622,STU034,Q003-15,ASS003,0,2024-11-10
RESP05623,STU034,Q003-16,ASS003,0,2024-11-10
RESP05624,STU034,Q003-17,ASS003,0,2024-11-10
RESP05625,STU034,Q003-18,ASS003,1,2024-11-10
RESP05626,STU035,Q003-01,ASS003,1,2024-11-10
RESP05627,STU035,Q003-01,ASS003,1,2024-11-10
RESP05628,STU035,Q003-02,ASS003,0,2024-11-10
RESP05629,STU035,Q003-03,ASS003,1,2024-11-10
RESP05630,STU035,Q003-04,ASS003,0,2024-11-10
RESP05631,STU035,Q003-05,ASS003,0,2024-11-10
RESP05632,STU035,Q003-06,ASS003,1,2024-11-10
RESP05633,STU035,Q003-07,ASS003,0,2024-11-10
RESP05634,STU035,Q003-08,ASS003,0,2024-11-10
RESP05635,STU035,Q003-09,ASS003,0,2024-11-10
RESP05636,STU035,Q003-10,ASS003,0,2024-11-10
RESP05637,STU035,Q003-11,ASS003,1,2024-11-10
RESP05638,STU035,Q003-12,ASS003,1,2024-11-10
RESP05639,STU035,Q003-13,ASS003,0,2024-11-10
RESP05640,STU035,Q003-14,ASS003,0,2024-11-10
RESP05641,STU035,Q003-15,ASS003,0,2024-11-10
RESP05642,STU035,Q003-16,ASS003,0,2024-11-10
RESP05643,STU035,Q003-17,ASS003,1,2024-11-10
RESP05644,STU035,Q003-18,ASS003,0,2024-11-10
RESP05645,STU036,Q003-01,ASS003,1,2024-11-10
RESP05646,STU036,Q003-02,ASS003,0,2024-11-10
RESP05647,STU036,Q003-03,ASS003,0,2024-11-10
RESP05648,STU036,Q003-04,ASS003,0,2024-11-10
RESP05649,STU036,Q003-05,ASS003,0,2024-11-10
RESP05650,STU036,Q003-06,ASS003,0,2024-11-10
RESP05651,STU036,Q003-06,ASS003,0,2024-11-10
RESP05652,STU036,Q003-07,ASS003,0,2024-11-10
RESP05653,STU036,Q003-08,ASS003,0,2024-11-10
RESP05654,STU036,Q003-09,ASS003,1,2024-11-10
RESP05655,STU036,Q003-10,ASS003,1,2024-11-10
RESP05656,STU036,Q003-11,ASS003,0,2024-11-10
RESP05657,STU036,Q003-12,ASS003,1,2024-11-10
RESP05658,STU036,Q003-13,ASS003,0,2024-11-10
RESP05659,STU036,Q003-14,ASS003,0,2024-11-10
RESP05660,STU036,Q003-15,ASS003,0,2024-11-10
RESP05661,STU036,Q003-16,ASS003,0,2024-11-10
RESP05662,STU036,Q003-17,ASS003,0,2024-11-10
RESP05663,STU036,Q003-18,ASS003,0,2024-11-10
RESP05664,STU037,Q003-01,ASS003,1,2024-11-10
RESP05665,STU037,Q003-02,ASS003,0,2024-11-10
RESP05666,STU037,Q003-03,ASS003,0,2024-11-10
RESP05667,STU037,Q003-03,ASS003,0,2024-11-10
RESP05668,STU037,Q003-04,ASS003,1,2024-11-10
RESP05669,STU037,Q003-05,ASS003,0,2024-11-10
RESP05670,STU037,Q003-06,ASS003,1,2024-11-10
RESP05671,STU037,Q003-07,ASS003,1,2024-11-10
RESP05672,STU037,Q003-08,ASS003,0,2024-11-10
RESP05673,STU037,Q003-09,ASS003,0,2024-11-10
RESP05674,STU037,Q003-10,ASS003,1,2024-11-10
RESP05675,STU037,Q003-11,ASS003,0,2024-11-10
RESP05676,STU037,Q003-11,ASS003,0,2024-11-10
RESP05677,STU037,Q003-12,ASS003,0,2024-11-10
RESP05678,STU037,Q003-13,ASS003,1,2024-11-10
RESP05679,STU037,Q003-14,ASS003,0,2024-11-10
RESP05680,STU037,Q003-15,ASS003,1,2024-11-10
RESP05681,STU037,Q003-16,ASS003,0,2024-11-10
RESP05682,STU037,Q003-17,ASS003,0,2024-11-10
RESP05683,STU037,Q003-18,ASS003,0,2024-11-10
RESP05684,STU038,Q003-01,ASS003,1,2024-11-10
RESP05685,STU038,Q003-02,ASS003,1,2024-11-10
RESP05686,STU038,Q003-03,ASS003,1,2024-11-10
RESP05687,STU038,Q003-04,ASS003,0,2024-11-10
RESP05688,STU038,Q003-05,ASS003,0,2024-11-10
RESP05689,STU038,Q003-06,ASS003,0,2024-11-10
RESP05690,STU038,Q003-06,ASS003,0,2024-11-10
RESP05691,STU038,Q003-07,ASS003,1,2024-11-10
RESP05692,STU038,Q003-08,ASS003,1,2024-11-10
RESP05693,STU038,Q003-09,ASS003,1,2024-11-10
RESP05694,STU038,Q003-10,ASS003,1,2024-11-10
RESP05695,STU038,Q003-11,ASS003,1,2024-11-10
RESP05696,STU038,Q003-12,ASS003,0,2024-11-10
RESP05697,STU038,Q003-13,ASS003,0,2024-11-10
RESP05698,STU038,Q003-14,ASS003,0,2024-11-10
RESP05699,STU038,Q003-15,ASS003,0,2024-11-10
RESP05700,STU038,Q003-16,ASS003,1,2024-11-10
RESP05701,STU038,Q003-17,ASS003,0,2024-11-10
RESP05702,STU038,Q003-18,ASS003,1,2024-11-10
RESP05703,STU039,Q003-01,ASS003,0,2024-11-10
RESP05704,STU039,Q003-02,ASS003,1,2024-11-10
RESP05705,STU039,Q003-03,ASS003,1,2024-11-10
RESP05706,STU039,Q003-04,ASS003,1,2024-11-10
RESP05707,STU039,Q003-05,ASS003,1,2024-11-10
RESP05708,STU039,Q003-06,ASS003,1,2024-11-10
RESP05709,STU039,Q003-07,ASS003,1,2024-11-10
RESP05710,STU039,Q003-08,ASS003,1,2024-11-10
RESP05711,STU039,Q003-09,ASS003,0,2024-11-10
RESP05712,STU039,Q003-10,ASS003,0,2024-11-10
RESP05713,STU039,Q003-11,ASS003,1,2024-11-10
RESP05714,STU039,Q003-12,ASS003,0,2024-11-10
RESP05715,STU039,Q003-13,ASS003,0,2024-11-10
RESP05716,STU039,Q003-14,ASS003,1,2024-11-10
RESP05717,STU039,Q003-15,ASS003,0,2024-11-10
RESP05718,STU039,Q003-16,ASS003,0,2024-11-10
RESP05719,STU039,Q003-17,ASS003,1,2024-11-10
RESP05720,STU039,Q003-18,ASS003,0,2024-11-10
RESP05721,STU040,Q003-01,ASS003,1,2024-11-10
RESP05722,STU040,Q003-02,ASS003,1,2024-11-10
RESP05723,STU040,Q003-03,ASS003,1,2024-11-10
RESP05724,STU040,Q003-04,ASS003,1,2024-11-10
RESP05725,STU040,Q003-05,ASS003,0,2024-11-10
RESP05726,STU040,Q003-06,ASS003,1,2024-11-10
RESP05727,STU040,Q003-07,ASS003,0,2024-11-10
RESP05728,STU040,Q003-08,ASS003,1,2024-11-10
RESP05729,STU040,Q003-09,ASS003,0,2024-11-10
RESP05730,STU040,Q003-10,ASS003,0,2024-11-10
RESP05731,STU040,Q003-11,ASS003,0,2024-11-10
RESP05732,STU040,Q003-12,ASS003,1,2024-11-10
RESP05733,STU040,Q003-13,ASS003,0,2024-11-10
RESP05734,STU040,Q003-14,ASS003,0,2024-11-10
RESP05735,STU040,Q003-15,ASS003,0,2024-11-10
RESP05736,STU040,Q003-16,ASS003,0,2024-11-10
RESP05737,STU040,Q003-17,ASS003,0,2024-11-10
RESP05738,STU040,Q003-18,ASS003,1,2024-11-10
RESP05739,STU041,Q003-01,ASS003,1,2024-11-10
RESP05740,STU041,Q003-02,ASS003,1,2024-11-10
RESP05741,STU041,Q003-03,ASS003,1,2024-11-10
RESP05742,STU041,Q003-04,ASS003,0,2024-11-10
RESP05743,STU041,Q003-05,ASS003,0,2024-11-10
RESP05744,STU041,Q003-06,ASS003,1,2024-11-10
RESP05745,STU041,Q003-07,ASS003,1,2024-11-10
RESP05746,STU041,Q003-08,ASS003,0,2024-11-10
RESP05747,STU041,Q003-09,ASS003,0,2024-11-10
RESP05748,STU041,Q003-10,ASS003,0,2024-11-10
RESP05749,STU041,Q003-11,ASS003,0,2024-11-10
RESP05750,STU041,Q003-12,ASS003,1,2024-11-10
RESP05751,STU041,Q003-13,ASS003,0,2024-11-10
RESP05752,STU041,Q003-14,ASS003,1,2024-11-10
RESP05753,STU041,Q003-15,ASS003,1,2024-11-10
RESP05754,STU041,Q003-15,ASS003,1,2024-11-10
RESP05755,STU041,Q003-16,ASS003,1,2024-11-10
RESP05756,STU041,Q003-17,ASS003,1,2024-11-10
RESP05757,STU041,Q003-18,ASS003,1,2024-11-10
RESP05758,STU042,Q003-01,ASS003,1,2024-11-10
RESP05759,STU042,Q003-02,ASS003,1,2024-11-10
RESP05760,STU042,Q003-03,ASS003,1,2024-11-10
RESP05761,STU042,Q003-04,ASS003,0,2024-11-10
RESP05762,STU042,Q003-05,ASS003,1,2024-11-10
RESP05763,STU042,Q003-06,ASS003,1,2024-11-10
RESP05764,STU042,Q003-07,ASS003,1,2024-11-10
RESP05765,STU042,Q003-08,ASS003,1,2024-11-10
RESP05766,STU042,Q003-09,ASS003,1,2024-11-10
RESP05767,STU042,Q003-10,ASS003,1,2024-11-10
RESP05768,STU042,Q003-11,ASS003,1,2024-11-10
RESP05769,STU042,Q003-12,ASS003,1,2024-11-10
RESP05770,STU042,Q003-13,ASS003,1,2024-11-10
RESP05771,STU042,Q003-14,ASS003,1,2024-11-10
RESP05772,STU042,Q003-15,ASS003,1,2024-11-10
RESP05773,STU042,Q003-16,ASS003,1,2024-11-10
RESP05774,STU042,Q003-17,ASS003,1,2024-11-10
RESP05775,STU042,Q003-17,ASS003,1,2024-11-10
RESP05776,STU042,Q003-18,ASS003,1,2024-11-10
RESP05777,STU043,Q003-01,ASS003,0,2024-11-10
RESP05778,STU043,Q003-02,ASS003,0,2024-11-10
RESP05779,STU043,Q003-03,ASS003,1,2024-11-10
RESP05780,STU043,Q003-04,ASS003,1,2024-11-10
RESP05781,STU043,Q003-05,ASS003,1,2024-11-10
RESP05782,STU043,Q003-06,ASS003,1,2024-11-10
RESP05783,STU043,Q003-07,ASS003,0,2024-11-10
RESP05784,STU043,Q003-08,ASS003,1,2024-11-10
RESP05785,STU043,Q003-09,ASS003,0,2024-11-10
RESP05786,STU043,Q003-10,ASS003,0,2024-11-10
RESP05787,STU043,Q003-11,ASS003,1,2024-11-10
RESP05788,STU043,Q003-12,ASS003,1,2024-11-10
RESP05789,STU043,Q003-13,ASS003,1,2024-11-10
RESP05790,STU043,Q003-14,ASS003,1,2024-11-10
RESP05791,STU043,Q003-15,ASS003,1,2024-11-10
RESP05792,STU043,Q003-16,ASS003,0,2024-11-10
RESP05793,STU043,Q003-17,ASS003,1,2024-11-10
RESP05794,STU043,Q003-18,ASS003,1,2024-11-10
RESP05795,STU044,Q003-01,ASS003,0,2024-11-10
RESP05796,STU044,Q003-02,ASS003,0,2024-11-10
RESP05797,STU044,Q003-03,ASS003,1,2024-11-10
RESP05798,STU044,Q003-03,ASS003,1,2024-11-10
RESP05799,STU044,Q003-04,ASS003,0,2024-11-10
RESP05800,STU044,Q003-05,ASS003,0,2024-11-10
RESP05801,STU044,Q003-06,ASS003,0,2024-11-10
RESP05802,STU044,Q003-07,ASS003,0,2024-11-10
RESP05803,STU044,Q003-08,ASS003,1,2024-11-10
RESP05804,STU044,Q003-09,ASS003,1,2024-11-10
RESP05805,STU044,Q003-10,ASS003,0,2024-11-10
RESP05806,STU044,Q003-11,ASS003,1,2024-11-10
RESP05807,STU044,Q003-12,ASS003,0,2024-11-10
RESP05808,STU044,Q003-13,ASS003,1,2024-11-10
RESP05809,STU044,Q003-14,ASS003,0,2024-11-10
RESP05810,STU044,Q003-15,ASS003,0,2024-11-10
RESP05811,STU044,Q003-16,ASS003,0,2024-11-10
RESP05812,STU044,Q003-16,ASS003,0,2024-11-10
RESP05813,STU044,Q003-17,ASS003,0,2024-11-10
RESP05814,STU044,Q003-18,ASS003,0,2024-11-10
RESP05815,STU045,Q003-01,ASS003,0,2024-11-10
RESP05816,STU045,Q003-02,ASS003,1,2024-11-10
RESP05817,STU045,Q003-03,ASS003,1,2024-11-10
RESP05818,STU045,Q003-04,ASS003,0,2024-11-10
RESP05819,STU045,Q003-05,ASS003,1,2024-11-10
RESP05820,STU045,Q003-06,ASS003,1,2024-11-10
RESP05821,STU045,Q003-07,ASS003,1,2024-11-10
RESP05822,STU045,Q003-07,ASS003,1,2024-11-10
RESP05823,STU045,Q003-08,ASS003,1,2024-11-10
RESP05824,STU045,Q003-09,ASS003,1,2024-11-10
RESP05825,STU045,Q003-10,ASS003,0,2024-11-10
RESP05826,STU045,Q003-11,ASS003,1,2024-11-10
RESP05827,STU045,Q003-12,ASS003,1,2024-11-10
RESP05828,STU045,Q003-13,ASS003,0,2024-11-10
RESP05829,STU045,Q003-14,ASS003,0,2024-11-10
RESP05830,STU045,Q003-15,ASS003,0,2024-11-10
RESP05831,STU045,Q003-16,ASS003,1,2024-11-10
RESP05832,STU045,Q003-17,ASS003,0,2024-11-10
RESP05833,STU045,Q003-18,ASS003,0,2024-11-10
RESP05834,STU046,Q003-01,ASS003,1,2024-11-10
RESP05835,STU046,Q003-02,ASS003,0,2024-11-10
RESP05836,STU046,Q003-03,ASS003,1,2024-11-10
RESP05837,STU046,Q003-04,ASS003,1,2024-11-10
RESP05838,STU046,Q003-05,ASS003,1,2024-11-10
RESP05839,STU046,Q003-06,ASS003,1,2024-11-10
RESP05840,STU046,Q003-07,ASS003,0,2024-11-10
RESP05841,STU046,Q003-08,ASS003,0,2024-11-10
RESP05842,STU046,Q003-09,ASS003,1,2024-11-10
RESP05843,STU046,Q003-10,ASS003,0,2024-11-10
RESP05844,STU046,Q003-11,ASS003,1,2024-11-10
RESP05845,STU046,Q003-12,ASS003,0,2024-11-10
RESP05846,STU046,Q003-12,ASS003,0,2024-11-10
RESP05847,STU046,Q003-13,ASS003,0,2024-11-10
RESP05848,STU046,Q003-14,ASS003,0,2024-11-10
RESP05849,STU046,Q003-15,ASS003,0,2024-11-10
RESP05850,STU046,Q003-16,ASS003,0,2024-11-10
RESP05851,STU046,Q003-17,ASS003,0,2024-11-10
RESP05852,STU046,Q003-18,ASS003,0,2024-11-10
RESP05853,STU047,Q003-01,ASS003,0,2024-11-10
RESP05854,STU047,Q003-02,ASS003,1,2024-11-10
RESP05855,STU047,Q003-03,ASS003,0,2024-11-10
RESP05856,STU047,Q003-04,ASS003,0,2024-11-10
RESP05857,STU047,Q003-05,ASS003,0,2024-11-10
RESP05858,STU047,Q003-06,ASS003,0,2024-11-10
RESP05859,STU047,Q003-07,ASS003,0,2024-11-10
RESP05860,STU047,Q003-08,ASS003,0,2024-11-10
RESP05861,STU047,Q003-09,ASS003,0,2024-11-10
RESP05862,STU047,Q003-09,ASS003,0,2024-11-10
RESP05863,STU047,Q003-10,ASS003,0,2024-11-10
RESP05864,STU047,Q003-11,ASS003,1,2024-11-10
RESP05865,STU047,Q003-12,ASS003,0,2024-11-10
RESP05866,STU047,Q003-13,ASS003,0,2024-11-10
RESP05867,STU047,Q003-14,ASS003,0,2024-11-10
RESP05868,STU047,Q003-15,ASS003,0,2024-11-10
RESP05869,STU047,Q003-16,ASS003,0,2024-11-10
RESP05870,STU047,Q003-17,ASS003,0,2024-11-10
RESP05871,STU047,Q003-18,ASS003,0,2024-11-10
RESP05872,STU048,Q003-01,ASS003,1,2024-11-10
RESP05873,STU048,Q003-02,ASS003,1,2024-11-10
RESP05874,STU048,Q003-03,ASS003,1,2024-11-10
RESP05875,STU048,Q003-04,ASS003,0,2024-11-10
RESP05876,STU048,Q003-05,ASS003,0,2024-11-10
RESP05877,STU048,Q003-06,ASS003,1,2024-11-10
RESP05878,STU048,Q003-07,ASS003,1,2024-11-10
RESP05879,STU048,Q003-08,ASS003,1,2024-11-10
RESP05880,STU048,Q003-09,ASS003,0,2024-11-10
RESP05881,STU048,Q003-10,ASS003,1,2024-11-10
RESP05882,STU048,Q003-10,ASS003,1,2024-11-10
RESP05883,STU048,Q003-11,ASS003,0,2024-11-10
RESP05884,STU048,Q003-12,ASS003,1,2024-11-10
RESP05885,STU048,Q003-13,ASS003,1,2024-11-10
RESP05886,STU048,Q003-14,ASS003,0,2024-11-10
RESP05887,STU048,Q003-15,ASS003,1,2024-11-10
RESP05888,STU048,Q003-16,ASS003,1,2024-11-10
RESP05889,STU048,Q003-17,ASS003,0,2024-11-10
RESP05890,STU048,Q003-18,ASS003,1,2024-11-10
RESP05891,STU049,Q003-01,ASS003,0,2024-11-10
RESP05892,STU049,Q003-02,ASS003,0,2024-11-10
RESP05893,STU049,Q003-03,ASS003,0,2024-11-10
RESP05894,STU049,Q003-04,ASS003,1,2024-11-10
RESP05895,STU049,Q003-05,ASS003,0,2024-11-10
RESP05896,STU049,Q003-06,ASS003,1,2024-11-10
RESP05897,STU049,Q003-07,ASS003,1,2024-11-10
RESP05898,STU049,Q003-08,ASS003,0,2024-11-10
RESP05899,STU049,Q003-09,ASS003,0,2024-11-10
RESP05900,STU049,Q003-09,ASS003,0,2024-11-10
RESP05901,STU049,Q003-10,ASS003,0,2024-11-10
RESP05902,STU049,Q003-11,ASS003,1,2024-11-10
RESP05903,STU049,Q003-12,ASS003,0,2024-11-10
RESP05904,STU049,Q003-13,ASS003,0,2024-11-10
RESP05905,STU049,Q003-14,ASS003,0,2024-11-10
RESP05906,STU049,Q003-15,ASS003,0,2024-11-10
RESP05907,STU049,Q003-16,ASS003,0,2024-11-10
RESP05908,STU049,Q003-17,ASS003,1,2024-11-10
RESP05909,STU049,Q003-18,ASS003,1,2024-11-10
RESP05910,STU050,Q003-01,ASS003,0,2024-11-10
RESP05911,STU050,Q003-02,ASS003,1,2024-11-10
RESP05912,STU050,Q003-03,ASS003,1,2024-11-10
RESP05913,STU050,Q003-04,ASS003,1,2024-11-10
RESP05914,STU050,Q003-05,ASS003,0,2024-11-10
RESP05915,STU050,Q003-05,ASS003,0,2024-11-10
RESP05916,STU050,Q003-06,ASS003,1,2024-11-10
RESP05917,STU050,Q003-07,ASS003,1,2024-11-10
RESP05918,STU050,Q003-08,ASS003,0,2024-11-10
RESP05919,STU050,Q003-09,ASS003,1,2024-11-10
RESP05920,STU050,Q003-10,ASS003,1,2024-11-10
RESP05921,STU050,Q003-11,ASS003,1,2024-11-10
RESP05922,STU050,Q003-12,ASS003,1,2024-11-10
RESP05923,STU050,Q003-13,ASS003,0,2024-11-10
RESP05924,STU050,Q003-14,ASS003,0,2024-11-10
RESP05925,STU050,Q003-14,ASS003,0,2024-11-10
RESP05926,STU050,Q003-15,ASS003,0,2024-11-10
RESP05927,STU050,Q003-16,ASS003,0,2024-11-10
RESP05928,STU050,Q003-17,ASS003,0,2024-11-10
RESP05929,STU050,Q003-18,ASS003,1,2024-11-10
RESP05930,STU051,Q003-01,ASS003,1,2024-11-10
RESP05931,STU051,Q003-02,ASS003,0,2024-11-10
RESP05932,STU051,Q003-03,ASS003,0,2024-11-10
RESP05933,STU051,Q003-04,ASS003,0,2024-11-10
RESP05934,STU051,Q003-05,ASS003,0,2024-11-10
RESP05935,STU051,Q003-06,ASS003,0,2024-11-10
RESP05936,STU051,Q003-07,ASS003,1,2024-11-10
RESP05937,STU051,Q003-08,ASS003,0,2024-11-10
RESP05938,STU051,Q003-09,ASS003,0,2024-11-10
RESP05939,STU051,Q003-10,ASS003,0,2024-11-10
RESP05940,STU051,Q003-11,ASS003,0,2024-11-10
RESP05941,STU051,Q003-12,ASS003,0,2024-11-10
RESP05942,STU051,Q003-13,ASS003,0,2024-11-10
RESP05943,STU051,Q003-14,ASS003,0,2024-11-10
RESP05944,STU051,Q003-15,ASS003,0,2024-11-10
RESP05945,STU051,Q003-16,ASS003,1,2024-11-10
RESP05946,STU051,Q003-17,ASS003,0,2024-11-10
RESP05947,STU051,Q003-18,ASS003,0,2024-11-10
RESP05948,STU052,Q003-01,ASS003,1,2024-11-10
RESP05949,STU052,Q003-02,ASS003,1,2024-11-10
RESP05950,STU052,Q003-03,ASS003,1,2024-11-10
RESP05951,STU052,Q003-04,ASS003,1,2024-11-10
RESP05952,STU052,Q003-05,ASS003,1,2024-11-10
RESP05953,STU052,Q003-06,ASS003,1,2024-11-10
RESP05954,STU052,Q003-07,ASS003,1,2024-11-10
RESP05955,STU052,Q003-08,ASS003,1,2024-11-10
RESP05956,STU052,Q003-09,ASS003,0,2024-11-10
RESP05957,STU052,Q003-10,ASS003,1,2024-11-10
RESP05958,STU052,Q003-11,ASS003,1,2024-11-10
RESP05959,STU052,Q003-12,ASS003,0,2024-11-10
RESP05960,STU052,Q003-13,ASS003,0,2024-11-10
RESP05961,STU052,Q003-14,ASS003,0,2024-11-10
RESP05962,STU052,Q003-15,ASS003,0,2024-11-10
RESP05963,STU052,Q003-16,ASS003,0,2024-11-10
RESP05964,STU052,Q003-17,ASS003,1,2024-11-10
RESP05965,STU052,Q003-18,ASS003,1,2024-11-10
RESP05966,STU053,Q003-01,ASS003,0,2024-11-10
RESP05967,STU053,Q003-02,ASS003,0,2024-11-10
RESP05968,STU053,Q003-03,ASS003,0,2024-11-10
RESP05969,STU053,Q003-04,ASS003,0,2024-11-10
RESP05970,STU053,Q003-05,ASS003,1,2024-11-10
RESP05971,STU053,Q003-06,ASS003,1,2024-11-10
RESP05972,STU053,Q003-07,ASS003,0,2024-11-10
RESP05973,STU053,Q003-08,ASS003,1,2024-11-10
RESP05974,STU053,Q003-08,ASS003,1,2024-11-10
RESP05975,STU053,Q003-09,ASS003,1,2024-11-10
RESP05976,STU053,Q003-10,ASS003,0,2024-11-10
RESP05977,STU053,Q003-11,ASS003,1,2024-11-10
RESP05978,STU053,Q003-12,ASS003,1,2024-11-10
RESP05979,STU053,Q003-13,ASS003,0,2024-11-10
RESP05980,STU053,Q003-13,ASS003,0,2024-11-10
RESP05981,STU053,Q003-14,ASS003,0,2024-11-10
RESP05982,STU053,Q003-15,ASS003,1,2024-11-10
RESP05983,STU053,Q003-16,ASS003,0,2024-11-10
RESP05984,STU053,Q003-17,ASS003,0,2024-11-10
RESP05985,STU053,Q003-18,ASS003,0,2024-11-10
RESP05986,STU054,Q003-01,ASS003,0,2024-11-10
RESP05987,STU054,Q003-02,ASS003,1,2024-11-10
RESP05988,STU054,Q003-03,ASS003,0,2024-11-10
RESP05989,STU054,Q003-04,ASS003,0,2024-11-10
RESP05990,STU054,Q003-05,ASS003,0,2024-11-10
RESP05991,STU054,Q003-06,ASS003,0,2024-11-10
RESP05992,STU054,Q003-07,ASS003,0,2024-11-10
RESP05993,STU054,Q003-08,ASS003,0,2024-11-10
RESP05994,STU054,Q003-09,ASS003,1,2024-11-10
RESP05995,STU054,Q003-10,ASS003,1,2024-11-10
RESP05996,STU054,Q003-11,ASS003,0,2024-11-10
RESP05997,STU054,Q003-12,ASS003,1,2024-11-10
RESP05998,STU054,Q003-13,ASS003,0,2024-11-10
RESP05999,STU054,Q003-14,ASS003,0,2024-11-10
RESP06000,STU054,Q003-15,ASS003,0,2024-11-10
RESP06001,STU054,Q003-16,ASS003,0,2024-11-10
RESP06002,STU054,Q003-17,ASS003,1,2024-11-10
RESP06003,STU054,Q003-18,ASS003,0,2024-11-10
RESP06004,STU055,Q003-01,ASS003,1,2024-11-10
RESP06005,STU055,Q003-02,ASS003,1,2024-11-10
RESP06006,STU055,Q003-03,ASS003,1,2024-11-10
RESP06007,STU055,Q003-04,ASS003,0,2024-11-10
RESP06008,STU055,Q003-05,ASS003,0,2024-11-10
RESP06009,STU055,Q003-06,ASS003,1,2024-11-10
RESP06010,STU055,Q003-07,ASS003,1,2024-11-10
RESP06011,STU055,Q003-08,ASS003,0,2024-11-10
RESP06012,STU055,Q003-09,ASS003,0,2024-11-10
RESP06013,STU055,Q003-10,ASS003,0,2024-11-10
RESP06014,STU055,Q003-11,ASS003,1,2024-11-10
RESP06015,STU055,Q003-12,ASS003,1,2024-11-10
RESP06016,STU055,Q003-13,ASS003,0,2024-11-10
RESP06017,STU055,Q003-14,ASS003,1,2024-11-10
RESP06018,STU055,Q003-15,ASS003,0,2024-11-10
RESP06019,STU055,Q003-16,ASS003,0,2024-11-10
RESP06020,STU055,Q003-17,ASS003,0,2024-11-10
RESP06021,STU055,Q003-18,ASS003,0,2024-11-10
RESP06022,STU056,Q003-01,ASS003,1,2024-11-10
RESP06023,STU056,Q003-02,ASS003,1,2024-11-10
RESP06024,STU056,Q003-03,ASS003,0,2024-11-10
RESP06025,STU056,Q003-03,ASS003,0,2024-11-10
RESP06026,STU056,Q003-04,ASS003,0,2024-11-10
RESP06027,STU056,Q003-05,ASS003,0,2024-11-10
RESP06028,STU056,Q003-06,ASS003,0,2024-11-10
RESP06029,STU056,Q003-07,ASS003,0,2024-11-10
RESP06030,STU056,Q003-08,ASS003,1,2024-11-10
RESP06031,STU056,Q003-09,ASS003,0,2024-11-10
RESP06032,STU056,Q003-10,ASS003,1,2024-11-10
RESP06033,STU056,Q003-11,ASS003,0,2024-11-10
RESP06034,STU056,Q003-12,ASS003,0,2024-11-10
RESP06035,STU056,Q003-13,ASS003,0,2024-11-10
RESP06036,STU056,Q003-14,ASS003,1,2024-11-10
RESP06037,STU056,Q003-15,ASS003,1,2024-11-10
RESP06038,STU056,Q003-16,ASS003,0,2024-11-10
RESP06039,STU056,Q003-17,ASS003,0,2024-11-10
RESP06040,STU056,Q003-18,ASS003,0,2024-11-10
RESP06041,STU057,Q003-01,ASS003,1,2024-11-10
RESP06042,STU057,Q003-02,ASS003,1,2024-11-10
RESP06043,STU057,Q003-03,ASS003,1,2024-11-10
RESP06044,STU057,Q003-04,ASS003,1,2024-11-10
RESP06045,STU057,Q003-05,ASS003,1,2024-11-10
RESP06046,STU057,Q003-05,ASS003,1,2024-11-10
RESP06047,STU057,Q003-06,ASS003,1,2024-11-10
RESP06048,STU057,Q003-07,ASS003,1,2024-11-10
RESP06049,STU057,Q003-08,ASS003,0,2024-11-10
RESP06050,STU057,Q003-09,ASS003,1,2024-11-10
RESP06051,STU057,Q003-10,ASS003,1,2024-11-10
RESP06052,STU057,Q003-11,ASS003,1,2024-11-10
RESP06053,STU057,Q003-12,ASS003,1,2024-11-10
RESP06054,STU057,Q003-13,ASS003,1,2024-11-10
RESP06055,STU057,Q003-14,ASS003,1,2024-11-10
RESP06056,STU057,Q003-15,ASS003,0,2024-11-10
RESP06057,STU057,Q003-16,ASS003,0,2024-11-10
RESP06058,STU057,Q003-17,ASS003,0,2024-11-10
RESP06059,STU057,Q003-18,ASS003,1,2024-11-10
RESP06060,STU058,Q003-01,ASS003,1,2024-11-10
RESP06061,STU058,Q003-02,ASS003,0,2024-11-10
RESP06062,STU058,Q003-03,ASS003,1,2024-11-10
RESP06063,STU058,Q003-04,ASS003,1,2024-11-10
RESP06064,STU058,Q003-05,ASS003,0,2024-11-10
RESP06065,STU058,Q003-06,ASS003,0,2024-11-10
RESP06066,STU058,Q003-07,ASS003,0,2024-11-10
RESP06067,STU058,Q003-08,ASS003,1,2024-11-10
RESP06068,STU058,Q003-09,ASS003,0,2024-11-10
RESP06069,STU058,Q003-10,ASS003,0,2024-11-10
RESP06070,STU058,Q003-11,ASS003,0,2024-11-10
RESP06071,STU058,Q003-12,ASS003,1,2024-11-10
RESP06072,STU058,Q003-13,ASS003,0,2024-11-10
RESP06073,STU058,Q003-14,ASS003,0,2024-11-10
RESP06074,STU058,Q003-15,ASS003,0,2024-11-10
RESP06075,STU058,Q003-16,ASS003,0,2024-11-10
RESP06076,STU058,Q003-17,ASS003,1,2024-11-10
RESP06077,STU058,Q003-18,ASS003,1,2024-11-10
RESP06078,STU059,Q003-01,ASS003,0,2024-11-10
RESP06079,STU059,Q003-02,ASS003,1,2024-11-10
RESP06080,STU059,Q003-03,ASS003,0,2024-11-10
RESP06081,STU059,Q003-04,ASS003,1,2024-11-10
RESP06082,STU059,Q003-05,ASS003,0,2024-11-10
RESP06083,STU059,Q003-06,ASS003,1,2024-11-10
RESP06084,STU059,Q003-07,ASS003,1,2024-11-10
RESP06085,STU059,Q003-08,ASS003,0,2024-11-10
RESP06086,STU059,Q003-09,ASS003,1,2024-11-10
RESP06087,STU059,Q003-10,ASS003,0,2024-11-10
RESP06088,STU059,Q003-11,ASS003,1,2024-11-10
RESP06089,STU059,Q003-12,ASS003,1,2024-11-10
RESP06090,STU059,Q003-13,ASS003,0,2024-11-10
RESP06091,STU059,Q003-14,ASS003,1,2024-11-10
RESP06092,STU059,Q003-15,ASS003,1,2024-11-10
RESP06093,STU059,Q003-16,ASS003,1,2024-11-10
RESP06094,STU059,Q003-17,ASS003,1,2024-11-10
RESP06095,STU059,Q003-18,ASS003,1,2024-11-10
RESP06096,STU060,Q003-01,ASS003,1,2024-11-10
RESP06097,STU060,Q003-02,ASS003,1,2024-11-10
RESP06098,STU060,Q003-03,ASS003,1,2024-11-10
RESP06099,STU060,Q003-04,ASS003,1,2024-11-10
RESP06100,STU060,Q003-05,ASS003,1,2024-11-10
RESP06101,STU060,Q003-06,ASS003,1,2024-11-10
RESP06102,STU060,Q003-07,ASS003,1,2024-11-10
RESP06103,STU060,Q003-08,ASS003,1,2024-11-10
RESP06104,STU060,Q003-09,ASS003,1,2024-11-10
RESP06105,STU060,Q003-10,ASS003,1,2024-11-10
RESP06106,STU060,Q003-11,ASS003,1,2024-11-10
RESP06107,STU060,Q003-12,ASS003,1,2024-11-10
RESP06108,STU060,Q003-13,ASS003,1,2024-11-10
RESP06109,STU060,Q003-14,ASS003,0,2024-11-10
RESP06110,STU060,Q003-15,ASS003,1,2024-11-10
RESP06111,STU060,Q003-16,ASS003,1,2024-11-10
RESP06112,STU060,Q003-17,ASS003,1,2024-11-10
RESP06113,STU060,Q003-18,ASS003,1,2024-11-10
RESP06114,STU061,Q003-01,ASS003,0,2024-11-10
RESP06115,STU061,Q003-02,ASS003,1,2024-11-10
RESP06116,STU061,Q003-03,ASS003,1,2024-11-10
RESP06117,STU061,Q003-04,ASS003,1,2024-11-10
RESP06118,STU061,Q003-05,ASS003,1,2024-11-10
RESP06119,STU061,Q003-06,ASS003,1,2024-11-10
RESP06120,STU061,Q003-07,ASS003,1,2024-11-10
RESP06121,STU061,Q003-08,ASS003,1,2024-11-10
RESP06122,STU061,Q003-09,ASS003,1,2024-11-10
RESP06123,STU061,Q003-10,ASS003,0,2024-11-10
RESP06124,STU061,Q003-11,ASS003,1,2024-11-10
RESP06125,STU061,Q003-12,ASS003,1,2024-11-10
RESP06126,STU061,Q003-13,ASS003,1,2024-11-10
RESP06127,STU061,Q003-14,ASS003,1,2024-11-10
RESP06128,STU061,Q003-15,ASS003,0,2024-11-10
RESP06129,STU061,Q003-16,ASS003,1,2024-11-10
RESP06130,STU061,Q003-17,ASS003,0,2024-11-10
RESP06131,STU061,Q003-18,ASS003,1,2024-11-10
RESP06132,STU062,Q003-01,ASS003,0,2024-11-10
RESP06133,STU062,Q003-02,ASS003,0,2024-11-10
RESP06134,STU062,Q003-03,ASS003,1,2024-11-10
RESP06135,STU062,Q003-03,ASS003,1,2024-11-10
RESP06136,STU062,Q003-04,ASS003,0,2024-11-10
RESP06137,STU062,Q003-05,ASS003,1,2024-11-10
RESP06138,STU062,Q003-06,ASS003,1,2024-11-10
RESP06139,STU062,Q003-07,ASS003,1,2024-11-10
RESP06140,STU062,Q003-08,ASS003,0,2024-11-10
RESP06141,STU062,Q003-09,ASS003,0,2024-11-10
RESP06142,STU062,Q003-10,ASS003,1,2024-11-10
RESP06143,STU062,Q003-11,ASS003,1,2024-11-10
RESP06144,STU062,Q003-12,ASS003,0,2024-11-10
RESP06145,STU062,Q003-13,ASS003,0,2024-11-10
RESP06146,STU062,Q003-14,ASS003,1,2024-11-10
RESP06147,STU062,Q003-15,ASS003,0,2024-11-10
RESP06148,STU062,Q003-16,ASS003,0,2024-11-10
RESP06149,STU062,Q003-17,ASS003,1,2024-11-10
RESP06150,STU062,Q003-18,ASS003,1,2024-11-10
RESP06151,STU063,Q003-01,ASS003,1,2024-11-10
RESP06152,STU063,Q003-02,ASS003,0,2024-11-10
RESP06153,STU063,Q003-03,ASS003,1,2024-11-10
RESP06154,STU063,Q003-04,ASS003,1,2024-11-10
RESP06155,STU063,Q003-05,ASS003,0,2024-11-10
RESP06156,STU063,Q003-06,ASS003,1,2024-11-10
RESP06157,STU063,Q003-06,ASS003,1,2024-11-10
RESP06158,STU063,Q003-07,ASS003,0,2024-11-10
RESP06159,STU063,Q003-08,ASS003,0,2024-11-10
RESP06160,STU063,Q003-09,ASS003,1,2024-11-10
RESP06161,STU063,Q003-10,ASS003,0,2024-11-10
RESP06162,STU063,Q003-11,ASS003,1,2024-11-10
RESP06163,STU063,Q003-12,ASS003,1,2024-11-10
RESP06164,STU063,Q003-13,ASS003,1,2024-11-10
RESP06165,STU063,Q003-14,ASS003,0,2024-11-10
RESP06166,STU063,Q003-15,ASS003,0,2024-11-10
RESP06167,STU063,Q003-16,ASS003,0,2024-11-10
RESP06168,STU063,Q003-17,ASS003,0,2024-11-10
RESP06169,STU063,Q003-18,ASS003,0,2024-11-10
RESP06170,STU063,Q003-18,ASS003,0,2024-11-10
RESP06171,STU064,Q003-01,ASS003,1,2024-11-10
RESP06172,STU064,Q003-02,ASS003,1,2024-11-10
RESP06173,STU064,Q003-03,ASS003,1,2024-11-10
RESP06174,STU064,Q003-04,ASS003,1,2024-11-10
RESP06175,STU064,Q003-05,ASS003,1,2024-11-10
RESP06176,STU064,Q003-06,ASS003,1,2024-11-10
RESP06177,STU064,Q003-07,ASS003,1,2024-11-10
RESP06178,STU064,Q003-08,ASS003,1,2024-11-10
RESP06179,STU064,Q003-09,ASS003,1,2024-11-10
RESP06180,STU064,Q003-10,ASS003,1,2024-11-10
RESP06181,STU064,Q003-11,ASS003,1,2024-11-10
RESP06182,STU064,Q003-12,ASS003,1,2024-11-10
RESP06183,STU064,Q003-13,ASS003,0,2024-11-10
RESP06184,STU064,Q003-14,ASS003,0,2024-11-10
RESP06185,STU064,Q003-15,ASS003,1,2024-11-10
RESP06186,STU064,Q003-16,ASS003,1,2024-11-10
RESP06187,STU064,Q003-17,ASS003,1,2024-11-10
RESP06188,STU064,Q003-18,ASS003,1,2024-11-10
RESP06189,STU065,Q003-01,ASS003,0,2024-11-10
RESP06190,STU065,Q003-02,ASS003,0,2024-11-10
RESP06191,STU065,Q003-03,ASS003,0,2024-11-10
RESP06192,STU065,Q003-04,ASS003,0,2024-11-10
RESP06193,STU065,Q003-05,ASS003,0,2024-11-10
RESP06194,STU065,Q003-06,ASS003,1,2024-11-10
RESP06195,STU065,Q003-06,ASS003,1,2024-11-10
RESP06196,STU065,Q003-07,ASS003,0,2024-11-10
RESP06197,STU065,Q003-08,ASS003,1,2024-11-10
RESP06198,STU065,Q003-09,ASS003,0,2024-11-10
RESP06199,STU065,Q003-10,ASS003,0,2024-11-10
RESP06200,STU065,Q003-11,ASS003,0,2024-11-10
RESP06201,STU065,Q003-12,ASS003,1,2024-11-10
RESP06202,STU065,Q003-13,ASS003,1,2024-11-10
RESP06203,STU065,Q003-14,ASS003,0,2024-11-10
RESP06204,STU065,Q003-15,ASS003,0,2024-11-10
RESP06205,STU065,Q003-16,ASS003,0,2024-11-10
RESP06206,STU065,Q003-17,ASS003,0,2024-11-10
RESP06207,STU065,Q003-18,ASS003,0,2024-11-10
RESP06208,STU066,Q003-01,ASS003,1,2024-11-10
RESP06209,STU066,Q003-02,ASS003,1,2024-11-10
RESP06210,STU066,Q003-03,ASS003,1,2024-11-10
RESP06211,STU066,Q003-04,ASS003,0,2024-11-10
RESP06212,STU066,Q003-05,ASS003,1,2024-11-10
RESP06213,STU066,Q003-06,ASS003,1,2024-11-10
RESP06214,STU066,Q003-07,ASS003,1,2024-11-10
RESP06215,STU066,Q003-08,ASS003,0,2024-11-10
RESP06216,STU066,Q003-09,ASS003,0,2024-11-10
RESP06217,STU066,Q003-10,ASS003,0,2024-11-10
RESP06218,STU066,Q003-11,ASS003,1,2024-11-10
RESP06219,STU066,Q003-12,ASS003,1,2024-11-10
RESP06220,STU066,Q003-13,ASS003,0,2024-11-10
RESP06221,STU066,Q003-14,ASS003,1,2024-11-10
RESP06222,STU066,Q003-15,ASS003,0,2024-11-10
RESP06223,STU066,Q003-16,ASS003,0,2024-11-10
RESP06224,STU066,Q003-17,ASS003,1,2024-11-10
RESP06225,STU066,Q003-18,ASS003,0,2024-11-10
RESP06226,STU067,Q003-01,ASS003,1,2024-11-10
RESP06227,STU067,Q003-02,ASS003,1,2024-11-10
RESP06228,STU067,Q003-03,ASS003,1,2024-11-10
RESP06229,STU067,Q003-04,ASS003,0,2024-11-10
RESP06230,STU067,Q003-05,ASS003,0,2024-11-10
RESP06231,STU067,Q003-06,ASS003,0,2024-11-10
RESP06232,STU067,Q003-07,ASS003,0,2024-11-10
RESP06233,STU067,Q003-08,ASS003,0,2024-11-10
RESP06234,STU067,Q003-09,ASS003,1,2024-11-10
RESP06235,STU067,Q003-10,ASS003,0,2024-11-10
RESP06236,STU067,Q003-11,ASS003,1,2024-11-10
RESP06237,STU067,Q003-12,ASS003,1,2024-11-10
RESP06238,STU067,Q003-13,ASS003,1,2024-11-10
RESP06239,STU067,Q003-14,ASS003,1,2024-11-10
RESP06240,STU067,Q003-15,ASS003,0,2024-11-10
RESP06241,STU067,Q003-16,ASS003,0,2024-11-10
RESP06242,STU067,Q003-17,ASS003,0,2024-11-10
RESP06243,STU067,Q003-18,ASS003,0,2024-11-10
RESP06244,STU068,Q003-01,ASS003,1,2024-11-10
RESP06245,STU068,Q003-02,ASS003,0,2024-11-10
RESP06246,STU068,Q003-03,ASS003,0,2024-11-10
RESP06247,STU068,Q003-04,ASS003,1,2024-11-10
RESP06248,STU068,Q003-05,ASS003,0,2024-11-10
RESP06249,STU068,Q003-06,ASS003,1,2024-11-10
RESP06250,STU068,Q003-07,ASS003,0,2024-11-10
RESP06251,STU068,Q003-08,ASS003,1,2024-11-10
RESP06252,STU068,Q003-09,ASS003,0,2024-11-10
RESP06253,STU068,Q003-10,ASS003,0,2024-11-10
RESP06254,STU068,Q003-11,ASS003,0,2024-11-10
RESP06255,STU068,Q003-12,ASS003,1,2024-11-10
RESP06256,STU068,Q003-13,ASS003,0,2024-11-10
RESP06257,STU068,Q003-14,ASS003,0,2024-11-10
RESP06258,STU068,Q003-15,ASS003,0,2024-11-10
RESP06259,STU068,Q003-16,ASS003,0,2024-11-10
RESP06260,STU068,Q003-17,ASS003,0,2024-11-10
RESP06261,STU068,Q003-18,ASS003,0,2024-11-10
RESP06262,STU069,Q003-01,ASS003,0,2024-11-10
RESP06263,STU069,Q003-02,ASS003,0,2024-11-10
RESP06264,STU069,Q003-03,ASS003,1,2024-11-10
RESP06265,STU069,Q003-04,ASS003,0,2024-11-10
RESP06266,STU069,Q003-05,ASS003,0,2024-11-10
RESP06267,STU069,Q003-06,ASS003,1,2024-11-10
RESP06268,STU069,Q003-07,ASS003,1,2024-11-10
RESP06269,STU069,Q003-08,ASS003,1,2024-11-10
RESP06270,STU069,Q003-09,ASS003,0,2024-11-10
RESP06271,STU069,Q003-10,ASS003,1,2024-11-10
RESP06272,STU069,Q003-11,ASS003,0,2024-11-10
RESP06273,STU069,Q003-12,ASS003,0,2024-11-10
RESP06274,STU069,Q003-13,ASS003,1,2024-11-10
RESP06275,STU069,Q003-14,ASS003,0,2024-11-10
RESP06276,STU069,Q003-15,ASS003,0,2024-11-10
RESP06277,STU069,Q003-16,ASS003,0,2024-11-10
RESP06278,STU069,Q003-17,ASS003,0,2024-11-10
RESP06279,STU069,Q003-18,ASS003,1,2024-11-10
RESP06280,STU070,Q003-01,ASS003,1,2024-11-10
RESP06281,STU070,Q003-02,ASS003,0,2024-11-10
RESP06282,STU070,Q003-03,ASS003,1,2024-11-10
RESP06283,STU070,Q003-04,ASS003,1,2024-11-10
RESP06284,STU070,Q003-05,ASS003,1,2024-11-10
RESP06285,STU070,Q003-06,ASS003,1,2024-11-10
RESP06286,STU070,Q003-07,ASS003,1,2024-11-10
RESP06287,STU070,Q003-08,ASS003,1,2024-11-10
RESP06288,STU070,Q003-09,ASS003,1,2024-11-10
RESP06289,STU070,Q003-09,ASS003,1,2024-11-10
RESP06290,STU070,Q003-10,ASS003,1,2024-11-10
RESP06291,STU070,Q003-11,ASS003,1,2024-11-10
RESP06292,STU070,Q003-12,ASS003,1,2024-11-10
RESP06293,STU070,Q003-13,ASS003,0,2024-11-10
RESP06294,STU070,Q003-14,ASS003,0,2024-11-10
RESP06295,STU070,Q003-15,ASS003,1,2024-11-10
RESP06296,STU070,Q003-16,ASS003,0,2024-11-10
RESP06297,STU070,Q003-17,ASS003,1,2024-11-10
RESP06298,STU070,Q003-18,ASS003,0,2024-11-10
RESP06299,STU071,Q003-01,ASS003,1,2024-11-10
RESP06300,STU071,Q003-02,ASS003,1,2024-11-10
RESP06301,STU071,Q003-03,ASS003,1,2024-11-10
RESP06302,STU071,Q003-04,ASS003,0,2024-11-10
RESP06303,STU071,Q003-05,ASS003,0,2024-11-10
RESP06304,STU071,Q003-06,ASS003,0,2024-11-10
RESP06305,STU071,Q003-07,ASS003,1,2024-11-10
RESP06306,STU071,Q003-08,ASS003,1,2024-11-10
RESP06307,STU071,Q003-09,ASS003,1,2024-11-10
RESP06308,STU071,Q003-10,ASS003,1,2024-11-10
RESP06309,STU071,Q003-11,ASS003,0,2024-11-10
RESP06310,STU071,Q003-12,ASS003,1,2024-11-10
RESP06311,STU071,Q003-13,ASS003,1,2024-11-10
RESP06312,STU071,Q003-14,ASS003,1,2024-11-10
RESP06313,STU071,Q003-15,ASS003,1,2024-11-10
RESP06314,STU071,Q003-16,ASS003,0,2024-11-10
RESP06315,STU071,Q003-17,ASS003,1,2024-11-10
RESP06316,STU071,Q003-18,ASS003,0,2024-11-10
RESP06317,STU072,Q003-01,ASS003,1,2024-11-10
RESP06318,STU072,Q003-02,ASS003,0,2024-11-10
RESP06319,STU072,Q003-03,ASS003,0,2024-11-10
RESP06320,STU072,Q003-04,ASS003,1,2024-11-10
RESP06321,STU072,Q003-05,ASS003,1,2024-11-10
RESP06322,STU072,Q003-06,ASS003,0,2024-11-10
RESP06323,STU072,Q003-07,ASS003,0,2024-11-10
RESP06324,STU072,Q003-08,ASS003,0,2024-11-10
RESP06325,STU072,Q003-09,ASS003,1,2024-11-10
RESP06326,STU072,Q003-10,ASS003,1,2024-11-10
RESP06327,STU072,Q003-11,ASS003,1,2024-11-10
RESP06328,STU072,Q003-12,ASS003,1,2024-11-10
RESP06329,STU072,Q003-13,ASS003,0,2024-11-10
RESP06330,STU072,Q003-14,ASS003,0,2024-11-10
RESP06331,STU072,Q003-15,ASS003,1,2024-11-10
RESP06332,STU072,Q003-16,ASS003,0,2024-11-10
RESP06333,STU072,Q003-17,ASS003,0,2024-11-10
RESP06334,STU072,Q003-18,ASS003,0,2024-11-10
RESP06335,STU073,Q003-01,ASS003,1,2024-11-10
RESP06336,STU073,Q003-02,ASS003,1,2024-11-10
RESP06337,STU073,Q003-03,ASS003,1,2024-11-10
RESP06338,STU073,Q003-04,ASS003,1,2024-11-10
RESP06339,STU073,Q003-05,ASS003,1,2024-11-10
RESP06340,STU073,Q003-06,ASS003,1,2024-11-10
RESP06341,STU073,Q003-07,ASS003,1,2024-11-10
RESP06342,STU073,Q003-08,ASS003,0,2024-11-10
RESP06343,STU073,Q003-09,ASS003,0,2024-11-10
RESP06344,STU073,Q003-10,ASS003,0,2024-11-10
RESP06345,STU073,Q003-11,ASS003,1,2024-11-10
RESP06346,STU073,Q003-12,ASS003,1,2024-11-10
RESP06347,STU073,Q003-13,ASS003,1,2024-11-10
RESP06348,STU073,Q003-14,ASS003,1,2024-11-10
RESP06349,STU073,Q003-15,ASS003,1,2024-11-10
RESP06350,STU073,Q003-16,ASS003,1,2024-11-10
RESP06351,STU073,Q003-17,ASS003,1,2024-11-10
RESP06352,STU073,Q003-18,ASS003,1,2024-11-10
RESP06353,STU074,Q003-01,ASS003,0,2024-11-10
RESP06354,STU074,Q003-02,ASS003,0,2024-11-10
RESP06355,STU074,Q003-03,ASS003,1,2024-11-10
RESP06356,STU074,Q003-04,ASS003,0,2024-11-10
RESP06357,STU074,Q003-05,ASS003,0,2024-11-10
RESP06358,STU074,Q003-06,ASS003,1,2024-11-10
RESP06359,STU074,Q003-07,ASS003,0,2024-11-10
RESP06360,STU074,Q003-08,ASS003,0,2024-11-10
RESP06361,STU074,Q003-09,ASS003,0,2024-11-10
RESP06362,STU074,Q003-10,ASS003,0,2024-11-10
RESP06363,STU074,Q003-11,ASS003,0,2024-11-10
RESP06364,STU074,Q003-12,ASS003,0,2024-11-10
RESP06365,STU074,Q003-13,ASS003,0,2024-11-10
RESP06366,STU074,Q003-14,ASS003,0,2024-11-10
RESP06367,STU074,Q003-15,ASS003,1,2024-11-10
RESP06368,STU074,Q003-16,ASS003,1,2024-11-10
RESP06369,STU074,Q003-17,ASS003,1,2024-11-10
RESP06370,STU074,Q003-18,ASS003,0,2024-11-10
RESP06371,STU075,Q003-01,ASS003,1,2024-11-10
RESP06372,STU075,Q003-02,ASS003,1,2024-11-10
RESP06373,STU075,Q003-03,ASS003,1,2024-11-10
RESP06374,STU075,Q003-04,ASS003,1,2024-11-10
RESP06375,STU075,Q003-04,ASS003,1,2024-11-10
RESP06376,STU075,Q003-05,ASS003,1,2024-11-10
RESP06377,STU075,Q003-06,ASS003,1,2024-11-10
RESP06378,STU075,Q003-07,ASS003,1,2024-11-10
RESP06379,STU075,Q003-08,ASS003,0,2024-11-10
RESP06380,STU075,Q003-09,ASS003,1,2024-11-10
RESP06381,STU075,Q003-10,ASS003,0,2024-11-10
RESP06382,STU075,Q003-11,ASS003,1,2024-11-10
RESP06383,STU075,Q003-12,ASS003,1,2024-11-10
RESP06384,STU075,Q003-13,ASS003,0,2024-11-10
RESP06385,STU075,Q003-14,ASS003,0,2024-11-10
RESP06386,STU075,Q003-15,ASS003,1,2024-11-10
RESP06387,STU075,Q003-16,ASS003,0,2024-11-10
RESP06388,STU075,Q003-17,ASS003,0,2024-11-10
RESP06389,STU075,Q003-18,ASS003,1,2024-11-10
RESP06390,STU075,Q003-18,ASS003,1,2024-11-10
RESP06391,STU076,Q003-01,ASS003,1,2024-11-10
RESP06392,STU076,Q003-02,ASS003,1,2024-11-10
RESP06393,STU076,Q003-03,ASS003,1,2024-11-10
RESP06394,STU076,Q003-04,ASS003,0,2024-11-10
RESP06395,STU076,Q003-05,ASS003,0,2024-11-10
RESP06396,STU076,Q003-06,ASS003,1,2024-11-10
RESP06397,STU076,Q003-07,ASS003,0,2024-11-10
RESP06398,STU076,Q003-08,ASS003,0,2024-11-10
RESP06399,STU076,Q003-09,ASS003,1,2024-11-10
RESP06400,STU076,Q003-10,ASS003,1,2024-11-10
RESP06401,STU076,Q003-11,ASS003,1,2024-11-10
RESP06402,STU076,Q003-12,ASS003,1,2024-11-10
RESP06403,STU076,Q003-12,ASS003,1,2024-11-10
RESP06404,STU076,Q003-13,ASS003,1,2024-11-10
RESP06405,STU076,Q003-14,ASS003,0,2024-11-10
RESP06406,STU076,Q003-15,ASS003,0,2024-11-10
RESP06407,STU076,Q003-16,ASS003,1,2024-11-10
RESP06408,STU076,Q003-17,ASS003,0,2024-11-10
RESP06409,STU076,Q003-18,ASS003,0,2024-11-10
RESP06410,STU077,Q003-01,ASS003,1,2024-11-10
RESP06411,STU077,Q003-02,ASS003,1,2024-11-10
RESP06412,STU077,Q003-03,ASS003,1,2024-11-10
RESP06413,STU077,Q003-04,ASS003,0,2024-11-10
RESP06414,STU077,Q003-05,ASS003,1,2024-11-10
RESP06415,STU077,Q003-06,ASS003,1,2024-11-10
RESP06416,STU077,Q003-07,ASS003,1,2024-11-10
RESP06417,STU077,Q003-08,ASS003,1,2024-11-10
RESP06418,STU077,Q003-09,ASS003,1,2024-11-10
RESP06419,STU077,Q003-10,ASS003,0,2024-11-10
RESP06420,STU077,Q003-11,ASS003,1,2024-11-10
RESP06421,STU077,Q003-12,ASS003,1,2024-11-10
RESP06422,STU077,Q003-13,ASS003,1,2024-11-10
RESP06423,STU077,Q003-14,ASS003,1,2024-11-10
RESP06424,STU077,Q003-15,ASS003,1,2024-11-10
RESP06425,STU077,Q003-16,ASS003,1,2024-11-10
RESP06426,STU077,Q003-17,ASS003,1,2024-11-10
RESP06427,STU077,Q003-18,ASS003,1,2024-11-10
RESP06428,STU078,Q003-01,ASS003,0,2024-11-10
RESP06429,STU078,Q003-02,ASS003,0,2024-11-10
RESP06430,STU078,Q003-03,ASS003,1,2024-11-10
RESP06431,STU078,Q003-04,ASS003,0,2024-11-10
RESP06432,STU078,Q003-05,ASS003,0,2024-11-10
RESP06433,STU078,Q003-06,ASS003,0,2024-11-10
RESP06434,STU078,Q003-07,ASS003,0,2024-11-10
RESP06435,STU078,Q003-08,ASS003,0,2024-11-10
RESP06436,STU078,Q003-09,ASS003,1,2024-11-10
RESP06437,STU078,Q003-10,ASS003,0,2024-11-10
RESP06438,STU078,Q003-11,ASS003,1,2024-11-10
RESP06439,STU078,Q003-11,ASS003,1,2024-11-10
RESP06440,STU078,Q003-12,ASS003,0,2024-11-10
RESP06441,STU078,Q003-13,ASS003,0,2024-11-10
RESP06442,STU078,Q003-14,ASS003,1,2024-11-10
RESP06443,STU078,Q003-15,ASS003,0,2024-11-10
RESP06444,STU078,Q003-16,ASS003,0,2024-11-10
RESP06445,STU078,Q003-17,ASS003,0,2024-11-10
RESP06446,STU078,Q003-18,ASS003,1,2024-11-10
RESP06447,STU079,Q003-01,ASS003,0,2024-11-10
RESP06448,STU079,Q003-02,ASS003,0,2024-11-10
RESP06449,STU079,Q003-03,ASS003,1,2024-11-10
RESP06450,STU079,Q003-04,ASS003,0,2024-11-10
RESP06451,STU079,Q003-05,ASS003,0,2024-11-10
RESP06452,STU079,Q003-06,ASS003,0,2024-11-10
RESP06453,STU079,Q003-07,ASS003,0,2024-11-10
RESP06454,STU079,Q003-08,ASS003,0,2024-11-10
RESP06455,STU079,Q003-09,ASS003,1,2024-11-10
RESP06456,STU079,Q003-10,ASS003,1,2024-11-10
RESP06457,STU079,Q003-11,ASS003,1,2024-11-10
RESP06458,STU079,Q003-12,ASS003,1,2024-11-10
RESP06459,STU079,Q003-12,ASS003,1,2024-11-10
RESP06460,STU079,Q003-13,ASS003,0,2024-11-10
RESP06461,STU079,Q003-14,ASS003,1,2024-11-10
RESP06462,STU079,Q003-15,ASS003,1,2024-11-10
RESP06463,STU079,Q003-16,ASS003,0,2024-11-10
RESP06464,STU079,Q003-17,ASS003,1,2024-11-10
RESP06465,STU079,Q003-18,ASS003,0,2024-11-10
RESP06466,STU080,Q003-01,ASS003,1,2024-11-10
RESP06467,STU080,Q003-02,ASS003,1,2024-11-10
RESP06468,STU080,Q003-03,ASS003,1,2024-11-10
RESP06469,STU080,Q003-04,ASS003,0,2024-11-10
RESP06470,STU080,Q003-05,ASS003,1,2024-11-10
RESP06471,STU080,Q003-06,ASS003,1,2024-11-10
RESP06472,STU080,Q003-07,ASS003,1,2024-11-10
RESP06473,STU080,Q003-08,ASS003,0,2024-11-10
RESP06474,STU080,Q003-09,ASS003,0,2024-11-10
RESP06475,STU080,Q003-10,ASS003,0,2024-11-10
RESP06476,STU080,Q003-11,ASS003,0,2024-11-10
RESP06477,STU080,Q003-12,ASS003,0,2024-11-10
RESP06478,STU080,Q003-13,ASS003,1,2024-11-10
RESP06479,STU080,Q003-14,ASS003,1,2024-11-10
RESP06480,STU080,Q003-14,ASS003,1,2024-11-10
RESP06481,STU080,Q003-15,ASS003,1,2024-11-10
RESP06482,STU080,Q003-16,ASS003,1,2024-11-10
RESP06483,STU080,Q003-17,ASS003,0,2024-11-10
RESP06484,STU080,Q003-18,ASS003,1,2024-11-10
RESP06485,STU081,Q003-01,ASS003,0,2024-11-10
RESP06486,STU081,Q003-02,ASS003,1,2024-11-10
RESP06487,STU081,Q003-03,ASS003,1,2024-11-10
RESP06488,STU081,Q003-04,ASS003,1,2024-11-10
RESP06489,STU081,Q003-05,ASS003,1,2024-11-10
RESP06490,STU081,Q003-06,ASS003,0,2024-11-10
RESP06491,STU081,Q003-07,ASS003,1,2024-11-10
RESP06492,STU081,Q003-08,ASS003,0,2024-11-10
RESP06493,STU081,Q003-09,ASS003,0,2024-11-10
RESP06494,STU081,Q003-10,ASS003,0,2024-11-10
RESP06495,STU081,Q003-11,ASS003,1,2024-11-10
RESP06496,STU081,Q003-12,ASS003,1,2024-11-10
RESP06497,STU081,Q003-13,ASS003,1,2024-11-10
RESP06498,STU081,Q003-14,ASS003,0,2024-11-10
RESP06499,STU081,Q003-15,ASS003,1,2024-11-10
RESP06500,STU081,Q003-16,ASS003,1,2024-11-10
RESP06501,STU081,Q003-17,ASS003,1,2024-11-10
RESP06502,STU081,Q003-18,ASS003,1,2024-11-10
RESP06503,STU082,Q003-01,ASS003,1,2024-11-10
RESP06504,STU082,Q003-02,ASS003,0,2024-11-10
RESP06505,STU082,Q003-03,ASS003,1,2024-11-10
RESP06506,STU082,Q003-04,ASS003,0,2024-11-10
RESP06507,STU082,Q003-05,ASS003,1,2024-11-10
RESP06508,STU082,Q003-06,ASS003,1,2024-11-10
RESP06509,STU082,Q003-07,ASS003,1,2024-11-10
RESP06510,STU082,Q003-08,ASS003,0,2024-11-10
RESP06511,STU082,Q003-09,ASS003,1,2024-11-10
RESP06512,STU082,Q003-10,ASS003,0,2024-11-10
RESP06513,STU082,Q003-11,ASS003,1,2024-11-10
RESP06514,STU082,Q003-12,ASS003,0,2024-11-10
RESP06515,STU082,Q003-13,ASS003,1,2024-11-10
RESP06516,STU082,Q003-14,ASS003,0,2024-11-10
RESP06517,STU082,Q003-15,ASS003,0,2024-11-10
RESP06518,STU082,Q003-16,ASS003,1,2024-11-10
RESP06519,STU082,Q003-17,ASS003,1,2024-11-10
RESP06520,STU082,Q003-18,ASS003,1,2024-11-10
RESP06521,STU083,Q003-01,ASS003,1,2024-11-10
RESP06522,STU083,Q003-02,ASS003,1,2024-11-10
RESP06523,STU083,Q003-03,ASS003,1,2024-11-10
RESP06524,STU083,Q003-04,ASS003,1,2024-11-10
RESP06525,STU083,Q003-05,ASS003,1,2024-11-10
RESP06526,STU083,Q003-06,ASS003,1,2024-11-10
RESP06527,STU083,Q003-07,ASS003,0,2024-11-10
RESP06528,STU083,Q003-08,ASS003,1,2024-11-10
RESP06529,STU083,Q003-09,ASS003,1,2024-11-10
RESP06530,STU083,Q003-10,ASS003,1,2024-11-10
RESP06531,STU083,Q003-11,ASS003,0,2024-11-10
RESP06532,STU083,Q003-12,ASS003,1,2024-11-10
RESP06533,STU083,Q003-12,ASS003,1,2024-11-10
RESP06534,STU083,Q003-13,ASS003,1,2024-11-10
RESP06535,STU083,Q003-14,ASS003,1,2024-11-10
RESP06536,STU083,Q003-15,ASS003,1,2024-11-10
RESP06537,STU083,Q003-16,ASS003,1,2024-11-10
RESP06538,STU083,Q003-17,ASS003,1,2024-11-10
RESP06539,STU083,Q003-18,ASS003,0,2024-11-10
RESP06540,STU084,Q003-01,ASS003,1,2024-11-10
RESP06541,STU084,Q003-02,ASS003,0,2024-11-10
RESP06542,STU084,Q003-03,ASS003,1,2024-11-10
RESP06543,STU084,Q003-04,ASS003,1,2024-11-10
RESP06544,STU084,Q003-05,ASS003,0,2024-11-10
RESP06545,STU084,Q003-06,ASS003,1,2024-11-10
RESP06546,STU084,Q003-07,ASS003,1,2024-11-10
RESP06547,STU084,Q003-07,ASS003,1,2024-11-10
RESP06548,STU084,Q003-08,ASS003,0,2024-11-10
RESP06549,STU084,Q003-09,ASS003,0,2024-11-10
RESP06550,STU084,Q003-10,ASS003,0,2024-11-10
RESP06551,STU084,Q003-11,ASS003,1,2024-11-10
RESP06552,STU084,Q003-12,ASS003,1,2024-11-10
RESP06553,STU084,Q003-13,ASS003,0,2024-11-10
RESP06554,STU084,Q003-13,ASS003,0,2024-11-10
RESP06555,STU084,Q003-14,ASS003,0,2024-11-10
RESP06556,STU084,Q003-15,ASS003,0,2024-11-10
RESP06557,STU084,Q003-16,ASS003,0,2024-11-10
RESP06558,STU084,Q003-17,ASS003,0,2024-11-10
RESP06559,STU084,Q003-18,ASS003,0,2024-11-10
RESP06560,STU085,Q003-01,ASS003,1,2024-11-10
RESP06561,STU085,Q003-02,ASS003,1,2024-11-10
RESP06562,STU085,Q003-02,ASS003,1,2024-11-10
RESP06563,STU085,Q003-03,ASS003,1,2024-11-10
RESP06564,STU085,Q003-04,ASS003,1,2024-11-10
RESP06565,STU085,Q003-05,ASS003,1,2024-11-10
RESP06566,STU085,Q003-06,ASS003,1,2024-11-10
RESP06567,STU085,Q003-07,ASS003,1,2024-11-10
RESP06568,STU085,Q003-08,ASS003,1,2024-11-10
RESP06569,STU085,Q003-09,ASS003,0,2024-11-10
RESP06570,STU085,Q003-10,ASS003,1,2024-11-10
RESP06571,STU085,Q003-11,ASS003,1,2024-11-10
RESP06572,STU085,Q003-12,ASS003,1,2024-11-10
RESP06573,STU085,Q003-13,ASS003,1,2024-11-10
RESP06574,STU085,Q003-14,ASS003,1,2024-11-10
RESP06575,STU085,Q003-15,ASS003,0,2024-11-10
RESP06576,STU085,Q003-16,ASS003,1,2024-11-10
RESP06577,STU085,Q003-17,ASS003,1,2024-11-10
RESP06578,STU085,Q003-18,ASS003,1,2024-11-10
RESP06579,STU086,Q003-01,ASS003,0,2024-11-10
RESP06580,STU086,Q003-02,ASS003,1,2024-11-10
RESP06581,STU086,Q003-03,ASS003,1,2024-11-10
RESP06582,STU086,Q003-04,ASS003,0,2024-11-10
RESP06583,STU086,Q003-05,ASS003,0,2024-11-10
RESP06584,STU086,Q003-06,ASS003,1,2024-11-10
RESP06585,STU086,Q003-07,ASS003,0,2024-11-10
RESP06586,STU086,Q003-08,ASS003,0,2024-11-10
RESP06587,STU086,Q003-09,ASS003,1,2024-11-10
RESP06588,STU086,Q003-10,ASS003,1,2024-11-10
RESP06589,STU086,Q003-11,ASS003,1,2024-11-10
RESP06590,STU086,Q003-12,ASS003,1,2024-11-10
RESP06591,STU086,Q003-13,ASS003,1,2024-11-10
RESP06592,STU086,Q003-14,ASS003,1,2024-11-10
RESP06593,STU086,Q003-15,ASS003,0,2024-11-10
RESP06594,STU086,Q003-16,ASS003,1,2024-11-10
RESP06595,STU086,Q003-17,ASS003,1,2024-11-10
RESP06596,STU086,Q003-18,ASS003,0,2024-11-10
RESP06597,STU087,Q003-01,ASS003,0,2024-11-10
RESP06598,STU087,Q003-02,ASS003,0,2024-11-10
RESP06599,STU087,Q003-03,ASS003,1,2024-11-10
RESP06600,STU087,Q003-04,ASS003,1,2024-11-10
RESP06601,STU087,Q003-04,ASS003,1,2024-11-10
RESP06602,STU087,Q003-05,ASS003,0,2024-11-10
RESP06603,STU087,Q003-06,ASS003,1,2024-11-10
RESP06604,STU087,Q003-07,ASS003,0,2024-11-10
RESP06605,STU087,Q003-08,ASS003,1,2024-11-10
RESP06606,STU087,Q003-09,ASS003,1,2024-11-10
RESP06607,STU087,Q003-10,ASS003,0,2024-11-10
RESP06608,STU087,Q003-11,ASS003,0,2024-11-10
RESP06609,STU087,Q003-12,ASS003,1,2024-11-10
RESP06610,STU087,Q003-13,ASS003,0,2024-11-10
RESP06611,STU087,Q003-14,ASS003,0,2024-11-10
RESP06612,STU087,Q003-14,ASS003,0,2024-11-10
RESP06613,STU087,Q003-15,ASS003,0,2024-11-10
RESP06614,STU087,Q003-16,ASS003,1,2024-11-10
RESP06615,STU087,Q003-17,ASS003,1,2024-11-10
RESP06616,STU087,Q003-18,ASS003,0,2024-11-10
RESP06617,STU088,Q003-01,ASS003,1,2024-11-10
RESP06618,STU088,Q003-02,ASS003,1,2024-11-10
RESP06619,STU088,Q003-03,ASS003,1,2024-11-10
RESP06620,STU088,Q003-04,ASS003,1,2024-11-10
RESP06621,STU088,Q003-05,ASS003,0,2024-11-10
RESP06622,STU088,Q003-05,ASS003,0,2024-11-10
RESP06623,STU088,Q003-06,ASS003,1,2024-11-10
RESP06624,STU088,Q003-07,ASS003,1,2024-11-10
RESP06625,STU088,Q003-08,ASS003,0,2024-11-10
RESP06626,STU088,Q003-09,ASS003,1,2024-11-10
RESP06627,STU088,Q003-10,ASS003,1,2024-11-10
RESP06628,STU088,Q003-11,ASS003,1,2024-11-10
RESP06629,STU088,Q003-12,ASS003,1,2024-11-10
RESP06630,STU088,Q003-13,ASS003,1,2024-11-10
RESP06631,STU088,Q003-14,ASS003,0,2024-11-10
RESP06632,STU088,Q003-15,ASS003,0,2024-11-10
RESP06633,STU088,Q003-16,ASS003,1,2024-11-10
RESP06634,STU088,Q003-17,ASS003,1,2024-11-10
RESP06635,STU088,Q003-17,ASS003,1,2024-11-10
RESP06636,STU088,Q003-18,ASS003,1,2024-11-10
RESP06637,STU089,Q003-01,ASS003,1,2024-11-10
RESP06638,STU089,Q003-02,ASS003,1,2024-11-10
RESP06639,STU089,Q003-03,ASS003,1,2024-11-10
RESP06640,STU089,Q003-04,ASS003,1,2024-11-10
RESP06641,STU089,Q003-05,ASS003,0,2024-11-10
RESP06642,STU089,Q003-06,ASS003,1,2024-11-10
RESP06643,STU089,Q003-07,ASS003,1,2024-11-10
RESP06644,STU089,Q003-08,ASS003,0,2024-11-10
RESP06645,STU089,Q003-09,ASS003,0,2024-11-10
RESP06646,STU089,Q003-10,ASS003,0,2024-11-10
RESP06647,STU089,Q003-11,ASS003,0,2024-11-10
RESP06648,STU089,Q003-12,ASS003,1,2024-11-10
RESP06649,STU089,Q003-13,ASS003,1,2024-11-10
RESP06650,STU089,Q003-14,ASS003,0,2024-11-10
RESP06651,STU089,Q003-15,ASS003,1,2024-11-10
RESP06652,STU089,Q003-16,ASS003,1,2024-11-10
RESP06653,STU089,Q003-17,ASS003,1,2024-11-10
RESP06654,STU089,Q003-18,ASS003,1,2024-11-10
RESP06655,STU090,Q003-01,ASS003,0,2024-11-10
RESP06656,STU090,Q003-02,ASS003,1,2024-11-10
RESP06657,STU090,Q003-03,ASS003,0,2024-11-10
RESP06658,STU090,Q003-04,ASS003,0,2024-11-10
RESP06659,STU090,Q003-05,ASS003,1,2024-11-10
RESP06660,STU090,Q003-06,ASS003,0,2024-11-10
RESP06661,STU090,Q003-07,ASS003,0,2024-11-10
RESP06662,STU090,Q003-08,ASS003,0,2024-11-10
RESP06663,STU090,Q003-09,ASS003,1,2024-11-10
RESP06664,STU090,Q003-10,ASS003,0,2024-11-10
RESP06665,STU090,Q003-11,ASS003,0,2024-11-10
RESP06666,STU090,Q003-12,ASS003,1,2024-11-10
RESP06667,STU090,Q003-13,ASS003,1,2024-11-10
RESP06668,STU090,Q003-14,ASS003,1,2024-11-10
RESP06669,STU090,Q003-15,ASS003,1,2024-11-10
RESP06670,STU090,Q003-16,ASS003,0,2024-11-10
RESP06671,STU090,Q003-17,ASS003,1,2024-11-10
RESP06672,STU090,Q003-18,ASS003,1,2024-11-10
RESP06673,STU091,Q003-01,ASS003,0,2024-11-10
RESP06674,STU091,Q003-02,ASS003,1,2024-11-10
RESP06675,STU091,Q003-03,ASS003,0,2024-11-10
RESP06676,STU091,Q003-04,ASS003,0,2024-11-10
RESP06677,STU091,Q003-05,ASS003,0,2024-11-10
RESP06678,STU091,Q003-06,ASS003,1,2024-11-10
RESP06679,STU091,Q003-07,ASS003,0,2024-11-10
RESP06680,STU091,Q003-08,ASS003,0,2024-11-10
RESP06681,STU091,Q003-09,ASS003,0,2024-11-10
RESP06682,STU091,Q003-10,ASS003,1,2024-11-10
RESP06683,STU091,Q003-11,ASS003,0,2024-11-10
RESP06684,STU091,Q003-12,ASS003,0,2024-11-10
RESP06685,STU091,Q003-13,ASS003,0,2024-11-10
RESP06686,STU091,Q003-14,ASS003,0,2024-11-10
RESP06687,STU091,Q003-15,ASS003,1,2024-11-10
RESP06688,STU091,Q003-16,ASS003,0,2024-11-10
RESP06689,STU091,Q003-16,ASS003,0,2024-11-10
RESP06690,STU091,Q003-17,ASS003,1,2024-11-10
RESP06691,STU091,Q003-18,ASS003,0,2024-11-10
RESP06692,STU092,Q003-01,ASS003,1,2024-11-10
RESP06693,STU092,Q003-02,ASS003,1,2024-11-10
RESP06694,STU092,Q003-03,ASS003,1,2024-11-10
RESP06695,STU092,Q003-04,ASS003,1,2024-11-10
RESP06696,STU092,Q003-05,ASS003,1,2024-11-10
RESP06697,STU092,Q003-06,ASS003,1,2024-11-10
RESP06698,STU092,Q003-07,ASS003,1,2024-11-10
RESP06699,STU092,Q003-08,ASS003,1,2024-11-10
RESP06700,STU092,Q003-09,ASS003,1,2024-11-10
RESP06701,STU092,Q003-10,ASS003,1,2024-11-10
RESP06702,STU092,Q003-11,ASS003,1,2024-11-10
RESP06703,STU092,Q003-12,ASS003,1,2024-11-10
RESP06704,STU092,Q003-13,ASS003,1,2024-11-10
RESP06705,STU092,Q003-14,ASS003,1,2024-11-10
RESP06706,STU092,Q003-15,ASS003,1,2024-11-10
RESP06707,STU092,Q003-16,ASS003,1,2024-11-10
RESP06708,STU092,Q003-17,ASS003,1,2024-11-10
RESP06709,STU092,Q003-18,ASS003,1,2024-11-10
RESP06710,STU093,Q003-01,ASS003,1,2024-11-10
RESP06711,STU093,Q003-02,ASS003,1,2024-11-10
RESP06712,STU093,Q003-03,ASS003,1,2024-11-10
RESP06713,STU093,Q003-04,ASS003,1,2024-11-10
RESP06714,STU093,Q003-05,ASS003,1,2024-11-10
RESP06715,STU093,Q003-06,ASS003,1,2024-11-10
RESP06716,STU093,Q003-07,ASS003,1,2024-11-10
RESP06717,STU093,Q003-08,ASS003,1,2024-11-10
RESP06718,STU093,Q003-09,ASS003,0,2024-11-10
RESP06719,STU093,Q003-10,ASS003,0,2024-11-10
RESP06720,STU093,Q003-11,ASS003,1,2024-11-10
RESP06721,STU093,Q003-12,ASS003,1,2024-11-10
RESP06722,STU093,Q003-13,ASS003,0,2024-11-10
RESP06723,STU093,Q003-14,ASS003,1,2024-11-10
RESP06724,STU093,Q003-15,ASS003,0,2024-11-10
RESP06725,STU093,Q003-16,ASS003,0,2024-11-10
RESP06726,STU093,Q003-17,ASS003,0,2024-11-10
RESP06727,STU093,Q003-18,ASS003,1,2024-11-10
RESP06728,STU094,Q003-01,ASS003,1,2024-11-10
RESP06729,STU094,Q003-02,ASS003,1,2024-11-10
RESP06730,STU094,Q003-03,ASS003,0,2024-11-10
RESP06731,STU094,Q003-04,ASS003,0,2024-11-10
RESP06732,STU094,Q003-05,ASS003,1,2024-11-10
RESP06733,STU094,Q003-06,ASS003,1,2024-11-10
RESP06734,STU094,Q003-07,ASS003,0,2024-11-10
RESP06735,STU094,Q003-08,ASS003,0,2024-11-10
RESP06736,STU094,Q003-09,ASS003,0,2024-11-10
RESP06737,STU094,Q003-10,ASS003,1,2024-11-10
RESP06738,STU094,Q003-10,ASS003,1,2024-11-10
RESP06739,STU094,Q003-11,ASS003,0,2024-11-10
RESP06740,STU094,Q003-12,ASS003,1,2024-11-10
RESP06741,STU094,Q003-13,ASS003,0,2024-11-10
RESP06742,STU094,Q003-14,ASS003,1,2024-11-10
RESP06743,STU094,Q003-15,ASS003,1,2024-11-10
RESP06744,STU094,Q003-16,ASS003,1,2024-11-10
RESP06745,STU094,Q003-17,ASS003,0,2024-11-10
RESP06746,STU094,Q003-18,ASS003,1,2024-11-10
RESP06747,STU095,Q003-01,ASS003,1,2024-11-10
RESP06748,STU095,Q003-02,ASS003,0,2024-11-10
RESP06749,STU095,Q003-03,ASS003,1,2024-11-10
RESP06750,STU095,Q003-04,ASS003,1,2024-11-10
RESP06751,STU095,Q003-05,ASS003,1,2024-11-10
RESP06752,STU095,Q003-06,ASS003,0,2024-11-10
RESP06753,STU095,Q003-07,ASS003,1,2024-11-10
RESP06754,STU095,Q003-08,ASS003,1,2024-11-10
RESP06755,STU095,Q003-09,ASS003,0,2024-11-10
RESP06756,STU095,Q003-10,ASS003,0,2024-11-10
RESP06757,STU095,Q003-11,ASS003,0,2024-11-10
RESP06758,STU095,Q003-11,ASS003,0,2024-11-10
RESP06759,STU095,Q003-12,ASS003,1,2024-11-10
RESP06760,STU095,Q003-13,ASS003,1,2024-11-10
RESP06761,STU095,Q003-14,ASS003,1,2024-11-10
RESP06762,STU095,Q003-15,ASS003,1,2024-11-10
RESP06763,STU095,Q003-16,ASS003,1,2024-11-10
RESP06764,STU095,Q003-17,ASS003,0,2024-11-10
RESP06765,STU095,Q003-18,ASS003,1,2024-11-10
RESP06766,STU096,Q003-01,ASS003,0,2024-11-10
RESP06767,STU096,Q003-02,ASS003,1,2024-11-10
RESP06768,STU096,Q003-03,ASS003,1,2024-11-10
RESP06769,STU096,Q003-04,ASS003,0,2024-11-10
RESP06770,STU096,Q003-05,ASS003,0,2024-11-10
RESP06771,STU096,Q003-06,ASS003,0,2024-11-10
RESP06772,STU096,Q003-07,ASS003,0,2024-11-10
RESP06773,STU096,Q003-08,ASS003,0,2024-11-10
RESP06774,STU096,Q003-09,ASS003,0,2024-11-10
RESP06775,STU096,Q003-10,ASS003,0,2024-11-10
RESP06776,STU096,Q003-11,ASS003,1,2024-11-10
RESP06777,STU096,Q003-12,ASS003,0,2024-11-10
RESP06778,STU096,Q003-13,ASS003,1,2024-11-10
RESP06779,STU096,Q003-14,ASS003,0,2024-11-10
RESP06780,STU096,Q003-15,ASS003,0,2024-11-10
RESP06781,STU096,Q003-16,ASS003,1,2024-11-10
RESP06782,STU096,Q003-17,ASS003,1,2024-11-10
RESP06783,STU096,Q003-18,ASS003,1,2024-11-10
RESP06784,STU097,Q003-01,ASS003,1,2024-11-10
RESP06785,STU097,Q003-02,ASS003,0,2024-11-10
RESP06786,STU097,Q003-03,ASS003,1,2024-11-10
RESP06787,STU097,Q003-04,ASS003,0,2024-11-10
RESP06788,STU097,Q003-05,ASS003,1,2024-11-10
RESP06789,STU097,Q003-06,ASS003,1,2024-11-10
RESP06790,STU097,Q003-07,ASS003,1,2024-11-10
RESP06791,STU097,Q003-07,ASS003,1,2024-11-10
RESP06792,STU097,Q003-08,ASS003,0,2024-11-10
RESP06793,STU097,Q003-09,ASS003,1,2024-11-10
RESP06794,STU097,Q003-10,ASS003,1,2024-11-10
RESP06795,STU097,Q003-11,ASS003,1,2024-11-10
RESP06796,STU097,Q003-11,ASS003,1,2024-11-10
RESP06797,STU097,Q003-12,ASS003,1,2024-11-10
RESP06798,STU097,Q003-13,ASS003,1,2024-11-10
RESP06799,STU097,Q003-14,ASS003,1,2024-11-10
RESP06800,STU097,Q003-15,ASS003,1,2024-11-10
RESP06801,STU097,Q003-16,ASS003,0,2024-11-10
RESP06802,STU097,Q003-17,ASS003,0,2024-11-10
RESP06803,STU097,Q003-18,ASS003,1,2024-11-10
RESP06804,STU098,Q003-01,ASS003,1,2024-11-10
RESP06805,STU098,Q003-02,ASS003,1,2024-11-10
RESP06806,STU098,Q003-03,ASS003,0,2024-11-10
RESP06807,STU098,Q003-04,ASS003,0,2024-11-10
RESP06808,STU098,Q003-05,ASS003,1,2024-11-10
RESP06809,STU098,Q003-06,ASS003,1,2024-11-10
RESP06810,STU098,Q003-07,ASS003,1,2024-11-10
RESP06811,STU098,Q003-07,ASS003,1,2024-11-10
RESP06812,STU098,Q003-08,ASS003,1,2024-11-10
RESP06813,STU098,Q003-09,ASS003,1,2024-11-10
RESP06814,STU098,Q003-10,ASS003,1,2024-11-10
RESP06815,STU098,Q003-11,ASS003,1,2024-11-10
RESP06816,STU098,Q003-12,ASS003,1,2024-11-10
RESP06817,STU098,Q003-13,ASS003,1,2024-11-10
RESP06818,STU098,Q003-14,ASS003,1,2024-11-10
RESP06819,STU098,Q003-15,ASS003,0,2024-11-10
RESP06820,STU098,Q003-16,ASS003,1,2024-11-10
RESP06821,STU098,Q003-17,ASS003,0,2024-11-10
RESP06822,STU098,Q003-18,ASS003,1,2024-11-10
RESP06823,STU098,Q003-18,ASS003,1,2024-11-10
RESP06824,STU099,Q003-01,ASS003,0,2024-11-10
RESP06825,STU099,Q003-02,ASS003,0,2024-11-10
RESP06826,STU099,Q003-03,ASS003,0,2024-11-10
RESP06827,STU099,Q003-04,ASS003,0,2024-11-10
RESP06828,STU099,Q003-05,ASS003,0,2024-11-10
RESP06829,STU099,Q003-06,ASS003,0,2024-11-10
RESP06830,STU099,Q003-07,ASS003,0,2024-11-10
RESP06831,STU099,Q003-08,ASS003,1,2024-11-10
RESP06832,STU099,Q003-09,ASS003,0,2024-11-10
RESP06833,STU099,Q003-10,ASS003,0,2024-11-10
RESP06834,STU099,Q003-11,ASS003,0,2024-11-10
RESP06835,STU099,Q003-12,ASS003,0,2024-11-10
RESP06836,STU099,Q003-13,ASS003,0,2024-11-10
RESP06837,STU099,Q003-14,ASS003,0,2024-11-10
RESP06838,STU099,Q003-15,ASS003,0,2024-11-10
RESP06839,STU099,Q003-16,ASS003,1,2024-11-10
RESP06840,STU099,Q003-17,ASS003,0,2024-11-10
RESP06841,STU099,Q003-18,ASS003,1,2024-11-10
RESP06842,STU100,Q003-01,ASS003,1,2024-11-10
RESP06843,STU100,Q003-02,ASS003,1,2024-11-10
RESP06844,STU100,Q003-03,ASS003,1,2024-11-10
RESP06845,STU100,Q003-04,ASS003,1,2024-11-10
RESP06846,STU100,Q003-05,ASS003,1,2024-11-10
RESP06847,STU100,Q003-06,ASS003,0,2024-11-10
RESP06848,STU100,Q003-06,ASS003,0,2024-11-10
RESP06849,STU100,Q003-07,ASS003,1,2024-11-10
RESP06850,STU100,Q003-08,ASS003,1,2024-11-10
RESP06851,STU100,Q003-09,ASS003,1,2024-11-10
RESP06852,STU100,Q003-10,ASS003,1,2024-11-10
RESP06853,STU100,Q003-11,ASS003,1,2024-11-10
RESP06854,STU100,Q003-12,ASS003,1,2024-11-10
RESP06855,STU100,Q003-13,ASS003,0,2024-11-10
RESP06856,STU100,Q003-14,ASS003,1,2024-11-10
RESP06857,STU100,Q003-15,ASS003,1,2024-11-10
RESP06858,STU100,Q003-16,ASS003,1,2024-11-10
RESP06859,STU100,Q003-17,ASS003,1,2024-11-10
RESP06860,STU100,Q003-18,ASS003,0,2024-11-10
RESP06861,STU101,Q003-01,ASS003,1,2024-11-10
RESP06862,STU101,Q003-01,ASS003,1,2024-11-10
RESP06863,STU101,Q003-02,ASS003,0,2024-11-10
RESP06864,STU101,Q003-03,ASS003,1,2024-11-10
RESP06865,STU101,Q003-04,ASS003,0,2024-11-10
RESP06866,STU101,Q003-05,ASS003,1,2024-11-10
RESP06867,STU101,Q003-06,ASS003,1,2024-11-10
RESP06868,STU101,Q003-07,ASS003,1,2024-11-10
RESP06869,STU101,Q003-08,ASS003,1,2024-11-10
RESP06870,STU101,Q003-09,ASS003,1,2024-11-10
RESP06871,STU101,Q003-10,ASS003,0,2024-11-10
RESP06872,STU101,Q003-11,ASS003,0,2024-11-10
RESP06873,STU101,Q003-12,ASS003,0,2024-11-10
RESP06874,STU101,Q003-13,ASS003,1,2024-11-10
RESP06875,STU101,Q003-14,ASS003,1,2024-11-10
RESP06876,STU101,Q003-15,ASS003,1,2024-11-10
RESP06877,STU101,Q003-16,ASS003,1,2024-11-10
RESP06878,STU101,Q003-16,ASS003,1,2024-11-10
RESP06879,STU101,Q003-17,ASS003,1,2024-11-10
RESP06880,STU101,Q003-18,ASS003,1,2024-11-10
RESP06881,STU102,Q003-01,ASS003,1,2024-11-10
RESP06882,STU102,Q003-02,ASS003,1,2024-11-10
RESP06883,STU102,Q003-03,ASS003,1,2024-11-10
RESP06884,STU102,Q003-04,ASS003,1,2024-11-10
RESP06885,STU102,Q003-05,ASS003,0,2024-11-10
RESP06886,STU102,Q003-06,ASS003,1,2024-11-10
RESP06887,STU102,Q003-07,ASS003,1,2024-11-10
RESP06888,STU102,Q003-08,ASS003,0,2024-11-10
RESP06889,STU102,Q003-09,ASS003,1,2024-11-10
RESP06890,STU102,Q003-10,ASS003,1,2024-11-10
RESP06891,STU102,Q003-11,ASS003,1,2024-11-10
RESP06892,STU102,Q003-12,ASS003,1,2024-11-10
RESP06893,STU102,Q003-13,ASS003,0,2024-11-10
RESP06894,STU102,Q003-14,ASS003,1,2024-11-10
RESP06895,STU102,Q003-15,ASS003,1,2024-11-10
RESP06896,STU102,Q003-16,ASS003,1,2024-11-10
RESP06897,STU102,Q003-17,ASS003,0,2024-11-10
RESP06898,STU102,Q003-18,ASS003,0,2024-11-10
RESP06899,STU103,Q003-01,ASS003,0,2024-11-10
RESP06900,STU103,Q003-02,ASS003,0,2024-11-10
RESP06901,STU103,Q003-03,ASS003,0,2024-11-10
RESP06902,STU103,Q003-04,ASS003,1,2024-11-10
RESP06903,STU103,Q003-05,ASS003,0,2024-11-10
RESP06904,STU103,Q003-06,ASS003,1,2024-11-10
RESP06905,STU103,Q003-07,ASS003,0,2024-11-10
RESP06906,STU103,Q003-08,ASS003,0,2024-11-10
RESP06907,STU103,Q003-09,ASS003,0,2024-11-10
RESP06908,STU103,Q003-10,ASS003,1,2024-11-10
RESP06909,STU103,Q003-11,ASS003,1,2024-11-10
RESP06910,STU103,Q003-12,ASS003,1,2024-11-10
RESP06911,STU103,Q003-13,ASS003,0,2024-11-10
RESP06912,STU103,Q003-13,ASS003,0,2024-11-10
RESP06913,STU103,Q003-14,ASS003,0,2024-11-10
RESP06914,STU103,Q003-15,ASS003,0,2024-11-10
RESP06915,STU103,Q003-16,ASS003,1,2024-11-10
RESP06916,STU103,Q003-17,ASS003,0,2024-11-10
RESP06917,STU103,Q003-18,ASS003,0,2024-11-10
RESP06918,STU104,Q003-01,ASS003,1,2024-11-10
RESP06919,STU104,Q003-02,ASS003,1,2024-11-10
RESP06920,STU104,Q003-03,ASS003,1,2024-11-10
RESP06921,STU104,Q003-04,ASS003,1,2024-11-10
RESP06922,STU104,Q003-05,ASS003,0,2024-11-10
RESP06923,STU104,Q003-06,ASS003,1,2024-11-10
RESP06924,STU104,Q003-07,ASS003,0,2024-11-10
RESP06925,STU104,Q003-08,ASS003,1,2024-11-10
RESP06926,STU104,Q003-09,ASS003,0,2024-11-10
RESP06927,STU104,Q003-10,ASS003,0,2024-11-10
RESP06928,STU104,Q003-11,ASS003,1,2024-11-10
RESP06929,STU104,Q003-12,ASS003,0,2024-11-10
RESP06930,STU104,Q003-13,ASS003,1,2024-11-10
RESP06931,STU104,Q003-14,ASS003,0,2024-11-10
RESP06932,STU104,Q003-15,ASS003,0,2024-11-10
RESP06933,STU104,Q003-16,ASS003,1,2024-11-10
RESP06934,STU104,Q003-17,ASS003,0,2024-11-10
RESP06935,STU104,Q003-18,ASS003,1,2024-11-10
RESP06936,STU105,Q003-01,ASS003,1,2024-11-10
RESP06937,STU105,Q003-02,ASS003,1,2024-11-10
RESP06938,STU105,Q003-03,ASS003,1,2024-11-10
RESP06939,STU105,Q003-04,ASS003,1,2024-11-10
RESP06940,STU105,Q003-05,ASS003,0,2024-11-10
RESP06941,STU105,Q003-06,ASS003,1,2024-11-10
RESP06942,STU105,Q003-07,ASS003,1,2024-11-10
RESP06943,STU105,Q003-08,ASS003,1,2024-11-10
RESP06944,STU105,Q003-09,ASS003,1,2024-11-10
RESP06945,STU105,Q003-10,ASS003,1,2024-11-10
RESP06946,STU105,Q003-11,ASS003,0,2024-11-10
RESP06947,STU105,Q003-12,ASS003,1,2024-11-10
RESP06948,STU105,Q003-13,ASS003,1,2024-11-10
RESP06949,STU105,Q003-14,ASS003,1,2024-11-10
RESP06950,STU105,Q003-14,ASS003,1,2024-11-10
RESP06951,STU105,Q003-15,ASS003,0,2024-11-10
RESP06952,STU105,Q003-16,ASS003,1,2024-11-10
RESP06953,STU105,Q003-17,ASS003,1,2024-11-10
RESP06954,STU105,Q003-18,ASS003,1,2024-11-10
RESP06955,STU106,Q003-01,ASS003,0,2024-11-10
RESP06956,STU106,Q003-02,ASS003,0,2024-11-10
RESP06957,STU106,Q003-03,ASS003,1,2024-11-10
RESP06958,STU106,Q003-04,ASS003,0,2024-11-10
RESP06959,STU106,Q003-05,ASS003,1,2024-11-10
RESP06960,STU106,Q003-06,ASS003,1,2024-11-10
RESP06961,STU106,Q003-07,ASS003,0,2024-11-10
RESP06962,STU106,Q003-08,ASS003,0,2024-11-10
RESP06963,STU106,Q003-09,ASS003,1,2024-11-10
RESP06964,STU106,Q003-10,ASS003,1,2024-11-10
RESP06965,STU106,Q003-11,ASS003,1,2024-11-10
RESP06966,STU106,Q003-11,ASS003,1,2024-11-10
RESP06967,STU106,Q003-12,ASS003,0,2024-11-10
RESP06968,STU106,Q003-13,ASS003,1,2024-11-10
RESP06969,STU106,Q003-14,ASS003,0,2024-11-10
RESP06970,STU106,Q003-14,ASS003,0,2024-11-10
RESP06971,STU106,Q003-15,ASS003,1,2024-11-10
RESP06972,STU106,Q003-16,ASS003,1,2024-11-10
RESP06973,STU106,Q003-17,ASS003,0,2024-11-10
RESP06974,STU106,Q003-18,ASS003,0,2024-11-10
RESP06975,STU107,Q003-01,ASS003,1,2024-11-10
RESP06976,STU107,Q003-02,ASS003,1,2024-11-10
RESP06977,STU107,Q003-03,ASS003,0,2024-11-10
RESP06978,STU107,Q003-04,ASS003,1,2024-11-10
RESP06979,STU107,Q003-05,ASS003,0,2024-11-10
RESP06980,STU107,Q003-06,ASS003,1,2024-11-10
RESP06981,STU107,Q003-07,ASS003,1,2024-11-10
RESP06982,STU107,Q003-08,ASS003,0,2024-11-10
RESP06983,STU107,Q003-09,ASS003,1,2024-11-10
RESP06984,STU107,Q003-10,ASS003,1,2024-11-10
RESP06985,STU107,Q003-11,ASS003,1,2024-11-10
RESP06986,STU107,Q003-12,ASS003,1,2024-11-10
RESP06987,STU107,Q003-13,ASS003,1,2024-11-10
RESP06988,STU107,Q003-14,ASS003,0,2024-11-10
RESP06989,STU107,Q003-15,ASS003,1,2024-11-10
RESP06990,STU107,Q003-16,ASS003,1,2024-11-10
RESP06991,STU107,Q003-17,ASS003,1,2024-11-10
RESP06992,STU107,Q003-18,ASS003,0,2024-11-10
RESP06993,STU108,Q003-01,ASS003,1,2024-11-10
RESP06994,STU108,Q003-02,ASS003,1,2024-11-10
RESP06995,STU108,Q003-03,ASS003,1,2024-11-10
RESP06996,STU108,Q003-04,ASS003,1,2024-11-10
RESP06997,STU108,Q003-05,ASS003,0,2024-11-10
RESP06998,STU108,Q003-06,ASS003,1,2024-11-10
RESP06999,STU108,Q003-07,ASS003,0,2024-11-10
RESP07000,STU108,Q003-08,ASS003,0,2024-11-10
RESP07001,STU108,Q003-09,ASS003,1,2024-11-10
RESP07002,STU108,Q003-10,ASS003,1,2024-11-10
RESP07003,STU108,Q003-11,ASS003,1,2024-11-10
RESP07004,STU108,Q003-12,ASS003,1,2024-11-10
RESP07005,STU108,Q003-13,ASS003,1,2024-11-10
RESP07006,STU108,Q003-14,ASS003,1,2024-11-10
RESP07007,STU108,Q003-15,ASS003,1,2024-11-10
RESP07008,STU108,Q003-16,ASS003,0,2024-11-10
RESP07009,STU108,Q003-17,ASS003,1,2024-11-10
RESP07010,STU108,Q003-18,ASS003,0,2024-11-10
RESP07011,STU109,Q003-01,ASS003,0,2024-11-10
RESP07012,STU109,Q003-02,ASS003,1,2024-11-10
RESP07013,STU109,Q003-03,ASS003,1,2024-11-10
RESP07014,STU109,Q003-04,ASS003,1,2024-11-10
RESP07015,STU109,Q003-05,ASS003,1,2024-11-10
RESP07016,STU109,Q003-06,ASS003,1,2024-11-10
RESP07017,STU109,Q003-07,ASS003,1,2024-11-10
RESP07018,STU109,Q003-08,ASS003,1,2024-11-10
RESP07019,STU109,Q003-09,ASS003,1,2024-11-10
RESP07020,STU109,Q003-10,ASS003,1,2024-11-10
RESP07021,STU109,Q003-11,ASS003,1,2024-11-10
RESP07022,STU109,Q003-12,ASS003,1,2024-11-10
RESP07023,STU109,Q003-13,ASS003,1,2024-11-10
RESP07024,STU109,Q003-14,ASS003,1,2024-11-10
RESP07025,STU109,Q003-15,ASS003,1,2024-11-10
RESP07026,STU109,Q003-16,ASS003,0,2024-11-10
RESP07027,STU109,Q003-17,ASS003,0,2024-11-10
RESP07028,STU109,Q003-18,ASS003,1,2024-11-10
RESP07029,STU110,Q003-01,ASS003,1,2024-11-10
RESP07030,STU110,Q003-02,ASS003,0,2024-11-10
RESP07031,STU110,Q003-03,ASS003,0,2024-11-10
RESP07032,STU110,Q003-04,ASS003,1,2024-11-10
RESP07033,STU110,Q003-05,ASS003,0,2024-11-10
RESP07034,STU110,Q003-06,ASS003,0,2024-11-10
RESP07035,STU110,Q003-07,ASS003,1,2024-11-10
RESP07036,STU110,Q003-08,ASS003,0,2024-11-10
RESP07037,STU110,Q003-09,ASS003,0,2024-11-10
RESP07038,STU110,Q003-10,ASS003,0,2024-11-10
RESP07039,STU110,Q003-11,ASS003,1,2024-11-10
RESP07040,STU110,Q003-12,ASS003,0,2024-11-10
RESP07041,STU110,Q003-13,ASS003,0,2024-11-10
RESP07042,STU110,Q003-14,ASS003,1,2024-11-10
RESP07043,STU110,Q003-15,ASS003,0,2024-11-10
RESP07044,STU110,Q003-16,ASS003,0,2024-11-10
RESP07045,STU110,Q003-17,ASS003,1,2024-11-10
RESP07046,STU110,Q003-18,ASS003,1,2024-11-10
RESP07047,STU111,Q003-01,ASS003,1,2024-11-10
RESP07048,STU111,Q003-02,ASS003,1,2024-11-10
RESP07049,STU111,Q003-03,ASS003,1,2024-11-10
RESP07050,STU111,Q003-04,ASS003,1,2024-11-10
RESP07051,STU111,Q003-05,ASS003,0,2024-11-10
RESP07052,STU111,Q003-06,ASS003,1,2024-11-10
RESP07053,STU111,Q003-07,ASS003,0,2024-11-10
RESP07054,STU111,Q003-08,ASS003,0,2024-11-10
RESP07055,STU111,Q003-09,ASS003,0,2024-11-10
RESP07056,STU111,Q003-10,ASS003,0,2024-11-10
RESP07057,STU111,Q003-11,ASS003,1,2024-11-10
RESP07058,STU111,Q003-12,ASS003,0,2024-11-10
RESP07059,STU111,Q003-13,ASS003,1,2024-11-10
RESP07060,STU111,Q003-14,ASS003,1,2024-11-10
RESP07061,STU111,Q003-15,ASS003,1,2024-11-10
RESP07062,STU111,Q003-16,ASS003,1,2024-11-10
RESP07063,STU111,Q003-17,ASS003,1,2024-11-10
RESP07064,STU111,Q003-18,ASS003,0,2024-11-10
RESP07065,STU112,Q003-01,ASS003,1,2024-11-10
RESP07066,STU112,Q003-02,ASS003,1,2024-11-10
RESP07067,STU112,Q003-03,ASS003,0,2024-11-10
RESP07068,STU112,Q003-04,ASS003,0,2024-11-10
RESP07069,STU112,Q003-05,ASS003,0,2024-11-10
RESP07070,STU112,Q003-06,ASS003,1,2024-11-10
RESP07071,STU112,Q003-07,ASS003,0,2024-11-10
RESP07072,STU112,Q003-08,ASS003,0,2024-11-10
RESP07073,STU112,Q003-09,ASS003,0,2024-11-10
RESP07074,STU112,Q003-10,ASS003,0,2024-11-10
RESP07075,STU112,Q003-11,ASS003,0,2024-11-10
RESP07076,STU112,Q003-12,ASS003,0,2024-11-10
RESP07077,STU112,Q003-13,ASS003,0,2024-11-10
RESP07078,STU112,Q003-14,ASS003,0,2024-11-10
RESP07079,STU112,Q003-15,ASS003,0,2024-11-10
RESP07080,STU112,Q003-16,ASS003,0,2024-11-10
RESP07081,STU112,Q003-17,ASS003,0,2024-11-10
RESP07082,STU112,Q003-18,ASS003,0,2024-11-10
RESP07083,STU113,Q003-01,ASS003,0,2024-11-10
RESP07084,STU113,Q003-02,ASS003,1,2024-11-10
RESP07085,STU113,Q003-03,ASS003,1,2024-11-10
RESP07086,STU113,Q003-04,ASS003,0,2024-11-10
RESP07087,STU113,Q003-05,ASS003,0,2024-11-10
RESP07088,STU113,Q003-06,ASS003,0,2024-11-10
RESP07089,STU113,Q003-07,ASS003,0,2024-11-10
RESP07090,STU113,Q003-08,ASS003,0,2024-11-10
RESP07091,STU113,Q003-09,ASS003,0,2024-11-10
RESP07092,STU113,Q003-10,ASS003,1,2024-11-10
RESP07093,STU113,Q003-11,ASS003,0,2024-11-10
RESP07094,STU113,Q003-12,ASS003,1,2024-11-10
RESP07095,STU113,Q003-13,ASS003,0,2024-11-10
RESP07096,STU113,Q003-14,ASS003,0,2024-11-10
RESP07097,STU113,Q003-15,ASS003,0,2024-11-10
RESP07098,STU113,Q003-16,ASS003,1,2024-11-10
RESP07099,STU113,Q003-17,ASS003,0,2024-11-10
RESP07100,STU113,Q003-18,ASS003,0,2024-11-10
RESP07101,STU114,Q003-01,ASS003,0,2024-11-10
RESP07102,STU114,Q003-02,ASS003,1,2024-11-10
RESP07103,STU114,Q003-02,ASS003,1,2024-11-10
RESP07104,STU114,Q003-03,ASS003,1,2024-11-10
RESP07105,STU114,Q003-04,ASS003,0,2024-11-10
RESP07106,STU114,Q003-05,ASS003,0,2024-11-10
RESP07107,STU114,Q003-06,ASS003,0,2024-11-10
RESP07108,STU114,Q003-07,ASS003,0,2024-11-10
RESP07109,STU114,Q003-08,ASS003,1,2024-11-10
RESP07110,STU114,Q003-09,ASS003,1,2024-11-10
RESP07111,STU114,Q003-10,ASS003,0,2024-11-10
RESP07112,STU114,Q003-11,ASS003,1,2024-11-10
RESP07113,STU114,Q003-12,ASS003,1,2024-11-10
RESP07114,STU114,Q003-13,ASS003,1,2024-11-10
RESP07115,STU114,Q003-14,ASS003,1,2024-11-10
RESP07116,STU114,Q003-15,ASS003,1,2024-11-10
RESP07117,STU114,Q003-16,ASS003,1,2024-11-10
RESP07118,STU114,Q003-17,ASS003,0,2024-11-10
RESP07119,STU114,Q003-18,ASS003,1,2024-11-10
RESP07120,STU115,Q003-01,ASS003,1,2024-11-10
RESP07121,STU115,Q003-02,ASS003,1,2024-11-10
RESP07122,STU115,Q003-03,ASS003,0,2024-11-10
RESP07123,STU115,Q003-04,ASS003,0,2024-11-10
RESP07124,STU115,Q003-05,ASS003,1,2024-11-10
RESP07125,STU115,Q003-06,ASS003,1,2024-11-10
RESP07126,STU115,Q003-07,ASS003,1,2024-11-10
RESP07127,STU115,Q003-08,ASS003,0,2024-11-10
RESP07128,STU115,Q003-09,ASS003,0,2024-11-10
RESP07129,STU115,Q003-10,ASS003,0,2024-11-10
RESP07130,STU115,Q003-11,ASS003,0,2024-11-10
RESP07131,STU115,Q003-12,ASS003,1,2024-11-10
RESP07132,STU115,Q003-13,ASS003,1,2024-11-10
RESP07133,STU115,Q003-14,ASS003,0,2024-11-10
RESP07134,STU115,Q003-15,ASS003,1,2024-11-10
RESP07135,STU115,Q003-16,ASS003,0,2024-11-10
RESP07136,STU115,Q003-17,ASS003,0,2024-11-10
RESP07137,STU115,Q003-18,ASS003,1,2024-11-10
RESP07138,STU116,Q003-01,ASS003,0,2024-11-10
RESP07139,STU116,Q003-02,ASS003,1,2024-11-10
RESP07140,STU116,Q003-03,ASS003,1,2024-11-10
RESP07141,STU116,Q003-04,ASS003,0,2024-11-10
RESP07142,STU116,Q003-05,ASS003,0,2024-11-10
RESP07143,STU116,Q003-06,ASS003,0,2024-11-10
RESP07144,STU116,Q003-07,ASS003,1,2024-11-10
RESP07145,STU116,Q003-08,ASS003,0,2024-11-10
RESP07146,STU116,Q003-09,ASS003,1,2024-11-10
RESP07147,STU116,Q003-10,ASS003,0,2024-11-10
RESP07148,STU116,Q003-11,ASS003,1,2024-11-10
RESP07149,STU116,Q003-12,ASS003,1,2024-11-10
RESP07150,STU116,Q003-13,ASS003,1,2024-11-10
RESP07151,STU116,Q003-14,ASS003,1,2024-11-10
RESP07152,STU116,Q003-15,ASS003,1,2024-11-10
RESP07153,STU116,Q003-16,ASS003,1,2024-11-10
RESP07154,STU116,Q003-17,ASS003,1,2024-11-10
RESP07155,STU116,Q003-18,ASS003,1,2024-11-10
RESP07156,STU117,Q003-01,ASS003,0,2024-11-10
RESP07157,STU117,Q003-02,ASS003,1,2024-11-10
RESP07158,STU117,Q003-03,ASS003,0,2024-11-10
RESP07159,STU117,Q003-04,ASS003,1,2024-11-10
RESP07160,STU117,Q003-05,ASS003,1,2024-11-10
RESP07161,STU117,Q003-06,ASS003,1,2024-11-10
RESP07162,STU117,Q003-07,ASS003,0,2024-11-10
RESP07163,STU117,Q003-08,ASS003,0,2024-11-10
RESP07164,STU117,Q003-09,ASS003,0,2024-11-10
RESP07165,STU117,Q003-10,ASS003,1,2024-11-10
RESP07166,STU117,Q003-11,ASS003,0,2024-11-10
RESP07167,STU117,Q003-12,ASS003,0,2024-11-10
RESP07168,STU117,Q003-13,ASS003,1,2024-11-10
RESP07169,STU117,Q003-14,ASS003,0,2024-11-10
RESP07170,STU117,Q003-15,ASS003,0,2024-11-10
RESP07171,STU117,Q003-16,ASS003,0,2024-11-10
RESP07172,STU117,Q003-17,ASS003,1,2024-11-10
RESP07173,STU117,Q003-18,ASS003,0,2024-11-10
RESP07174,STU118,Q003-01,ASS003,0,2024-11-10
RESP07175,STU118,Q003-02,ASS003,1,2024-11-10
RESP07176,STU118,Q003-03,ASS003,1,2024-11-10
RESP07177,STU118,Q003-04,ASS003,1,2024-11-10
RESP07178,STU118,Q003-05,ASS003,0,2024-11-10
RESP07179,STU118,Q003-06,ASS003,1,2024-11-10
RESP07180,STU118,Q003-07,ASS003,1,2024-11-10
RESP07181,STU118,Q003-08,ASS003,1,2024-11-10
RESP07182,STU118,Q003-09,ASS003,0,2024-11-10
RESP07183,STU118,Q003-10,ASS003,1,2024-11-10
RESP07184,STU118,Q003-11,ASS003,1,2024-11-10
RESP07185,STU118,Q003-12,ASS003,0,2024-11-10
RESP07186,STU118,Q003-13,ASS003,1,2024-11-10
RESP07187,STU118,Q003-14,ASS003,1,2024-11-10
RESP07188,STU118,Q003-15,ASS003,1,2024-11-10
RESP07189,STU118,Q003-16,ASS003,0,2024-11-10
RESP07190,STU118,Q003-17,ASS003,0,2024-11-10
RESP07191,STU118,Q003-18,ASS003,1,2024-11-10
RESP07192,STU119,Q003-01,ASS003,1,2024-11-10
RESP07193,STU119,Q003-02,ASS003,1,2024-11-10
RESP07194,STU119,Q003-03,ASS003,0,2024-11-10
RESP07195,STU119,Q003-04,ASS003,1,2024-11-10
RESP07196,STU119,Q003-05,ASS003,0,2024-11-10
RESP07197,STU119,Q003-06,ASS003,1,2024-11-10
RESP07198,STU119,Q003-07,ASS003,0,2024-11-10
RESP07199,STU119,Q003-08,ASS003,0,2024-11-10
RESP07200,STU119,Q003-09,ASS003,0,2024-11-10
RESP07201,STU119,Q003-10,ASS003,1,2024-11-10
RESP07202,STU119,Q003-11,ASS003,0,2024-11-10
RESP07203,STU119,Q003-12,ASS003,0,2024-11-10
RESP07204,STU119,Q003-13,ASS003,1,2024-11-10
RESP07205,STU119,Q003-14,ASS003,1,2024-11-10
RESP07206,STU119,Q003-15,ASS003,0,2024-11-10
RESP07207,STU119,Q003-16,ASS003,0,2024-11-10
RESP07208,STU119,Q003-17,ASS003,1,2024-11-10
RESP07209,STU119,Q003-18,ASS003,1,2024-11-10
RESP07210,STU120,Q003-01,ASS003,1,2024-11-10
RESP07211,STU120,Q003-02,ASS003,0,2024-11-10
RESP07212,STU120,Q003-03,ASS003,0,2024-11-10
RESP07213,STU120,Q003-04,ASS003,1,2024-11-10
RESP07214,STU120,Q003-05,ASS003,0,2024-11-10
RESP07215,STU120,Q003-06,ASS003,1,2024-11-10
RESP07216,STU120,Q003-07,ASS003,0,2024-11-10
RESP07217,STU120,Q003-08,ASS003,0,2024-11-10
RESP07218,STU120,Q003-09,ASS003,0,2024-11-10
RESP07219,STU120,Q003-10,ASS003,0,2024-11-10
RESP07220,STU120,Q003-11,ASS003,0,2024-11-10
RESP07221,STU120,Q003-12,ASS003,0,2024-11-10
RESP07222,STU120,Q003-13,ASS003,1,2024-11-10
RESP07223,STU120,Q003-14,ASS003,0,2024-11-10
RESP07224,STU120,Q003-15,ASS003,0,2024-11-10
RESP07225,STU120,Q003-16,ASS003,0,2024-11-10
RESP07226,STU120,Q003-17,ASS003,1,2024-11-10
RESP07227,STU120,Q003-18,ASS003,0,2024-11-10
RESP07228,STU121,Q003-01,ASS003,0,2024-11-10
RESP07229,STU121,Q003-02,ASS003,1,2024-11-10
RESP07230,STU121,Q003-03,ASS003,0,2024-11-10
RESP07231,STU121,Q003-04,ASS003,0,2024-11-10
RESP07232,STU121,Q003-05,ASS003,1,2024-11-10
RESP07233,STU121,Q003-06,ASS003,1,2024-11-10
RESP07234,STU121,Q003-07,ASS003,1,2024-11-10
RESP07235,STU121,Q003-08,ASS003,1,2024-11-10
RESP07236,STU121,Q003-09,ASS003,0,2024-11-10
RESP07237,STU121,Q003-10,ASS003,1,2024-11-10
RESP07238,STU121,Q003-11,ASS003,0,2024-11-10
RESP07239,STU121,Q003-12,ASS003,0,2024-11-10
RESP07240,STU121,Q003-13,ASS003,1,2024-11-10
RESP07241,STU121,Q003-14,ASS003,1,2024-11-10
RESP07242,STU121,Q003-15,ASS003,0,2024-11-10
RESP07243,STU121,Q003-16,ASS003,1,2024-11-10
RESP07244,STU121,Q003-17,ASS003,0,2024-11-10
RESP07245,STU121,Q003-18,ASS003,1,2024-11-10
RESP07246,STU122,Q003-01,ASS003,1,2024-11-10
RESP07247,STU122,Q003-02,ASS003,0,2024-11-10
RESP07248,STU122,Q003-03,ASS003,0,2024-11-10
RESP07249,STU122,Q003-04,ASS003,0,2024-11-10
RESP07250,STU122,Q003-05,ASS003,0,2024-11-10
RESP07251,STU122,Q003-06,ASS003,0,2024-11-10
RESP07252,STU122,Q003-07,ASS003,0,2024-11-10
RESP07253,STU122,Q003-08,ASS003,0,2024-11-10
RESP07254,STU122,Q003-09,ASS003,0,2024-11-10
RESP07255,STU122,Q003-10,ASS003,0,2024-11-10
RESP07256,STU122,Q003-11,ASS003,0,2024-11-10
RESP07257,STU122,Q003-12,ASS003,1,2024-11-10
RESP07258,STU122,Q003-12,ASS003,1,2024-11-10
RESP07259,STU122,Q003-13,ASS003,0,2024-11-10
RESP07260,STU122,Q003-14,ASS003,0,2024-11-10
RESP07261,STU122,Q003-15,ASS003,0,2024-11-10
RESP07262,STU122,Q003-16,ASS003,0,2024-11-10
RESP07263,STU122,Q003-17,ASS003,0,2024-11-10
RESP07264,STU122,Q003-18,ASS003,0,2024-11-10
RESP07265,STU123,Q003-01,ASS003,0,2024-11-10
RESP07266,STU123,Q003-02,ASS003,1,2024-11-10
RESP07267,STU123,Q003-03,ASS003,0,2024-11-10
RESP07268,STU123,Q003-04,ASS003,0,2024-11-10
RESP07269,STU123,Q003-05,ASS003,0,2024-11-10
RESP07270,STU123,Q003-06,ASS003,1,2024-11-10
RESP07271,STU123,Q003-07,ASS003,1,2024-11-10
RESP07272,STU123,Q003-08,ASS003,0,2024-11-10
RESP07273,STU123,Q003-09,ASS003,0,2024-11-10
RESP07274,STU123,Q003-10,ASS003,0,2024-11-10
RESP07275,STU123,Q003-11,ASS003,1,2024-11-10
RESP07276,STU123,Q003-12,ASS003,1,2024-11-10
RESP07277,STU123,Q003-13,ASS003,1,2024-11-10
RESP07278,STU123,Q003-14,ASS003,0,2024-11-10
RESP07279,STU123,Q003-15,ASS003,1,2024-11-10
RESP07280,STU123,Q003-16,ASS003,0,2024-11-10
RESP07281,STU123,Q003-17,ASS003,0,2024-11-10
RESP07282,STU123,Q003-18,ASS003,0,2024-11-10
RESP07283,STU124,Q003-01,ASS003,1,2024-11-10
RESP07284,STU124,Q003-02,ASS003,1,2024-11-10
RESP07285,STU124,Q003-03,ASS003,1,2024-11-10
RESP07286,STU124,Q003-04,ASS003,0,2024-11-10
RESP07287,STU124,Q003-05,ASS003,1,2024-11-10
RESP07288,STU124,Q003-06,ASS003,1,2024-11-10
RESP07289,STU124,Q003-07,ASS003,1,2024-11-10
RESP07290,STU124,Q003-08,ASS003,1,2024-11-10
RESP07291,STU124,Q003-09,ASS003,0,2024-11-10
RESP07292,STU124,Q003-10,ASS003,1,2024-11-10
RESP07293,STU124,Q003-11,ASS003,1,2024-11-10
RESP07294,STU124,Q003-12,ASS003,1,2024-11-10
RESP07295,STU124,Q003-12,ASS003,1,2024-11-10
RESP07296,STU124,Q003-13,ASS003,1,2024-11-10
RESP07297,STU124,Q003-14,ASS003,1,2024-11-10
RESP07298,STU124,Q003-15,ASS003,1,2024-11-10
RESP07299,STU124,Q003-16,ASS003,0,2024-11-10
RESP07300,STU124,Q003-17,ASS003,1,2024-11-10
RESP07301,STU124,Q003-17,ASS003,1,2024-11-10
RESP07302,STU124,Q003-18,ASS003,1,2024-11-10
RESP07303,STU125,Q003-01,ASS003,0,2024-11-10
RESP07304,STU125,Q003-02,ASS003,0,2024-11-10
RESP07305,STU125,Q003-03,ASS003,1,2024-11-10
RESP07306,STU125,Q003-04,ASS003,0,2024-11-10
RESP07307,STU125,Q003-05,ASS003,1,2024-11-10
RESP07308,STU125,Q003-06,ASS003,1,2024-11-10
RESP07309,STU125,Q003-07,ASS003,0,2024-11-10
RESP07310,STU125,Q003-08,ASS003,0,2024-11-10
RESP07311,STU125,Q003-09,ASS003,0,2024-11-10
RESP07312,STU125,Q003-10,ASS003,1,2024-11-10
RESP07313,STU125,Q003-11,ASS003,0,2024-11-10
RESP07314,STU125,Q003-12,ASS003,1,2024-11-10
RESP07315,STU125,Q003-13,ASS003,0,2024-11-10
RESP07316,STU125,Q003-14,ASS003,0,2024-11-10
RESP07317,STU125,Q003-15,ASS003,0,2024-11-10
RESP07318,STU125,Q003-16,ASS003,1,2024-11-10
RESP07319,STU125,Q003-17,ASS003,0,2024-11-10
RESP07320,STU125,Q003-18,ASS003,0,2024-11-10
RESP07321,STU126,Q003-01,ASS003,1,2024-11-10
RESP07322,STU126,Q003-02,ASS003,1,2024-11-10
RESP07323,STU126,Q003-03,ASS003,0,2024-11-10
RESP07324,STU126,Q003-04,ASS003,1,2024-11-10
RESP07325,STU126,Q003-05,ASS003,1,2024-11-10
RESP07326,STU126,Q003-06,ASS003,0,2024-11-10
RESP07327,STU126,Q003-07,ASS003,0,2024-11-10
RESP07328,STU126,Q003-08,ASS003,1,2024-11-10
RESP07329,STU126,Q003-09,ASS003,0,2024-11-10
RESP07330,STU126,Q003-10,ASS003,1,2024-11-10
RESP07331,STU126,Q003-11,ASS003,0,2024-11-10
RESP07332,STU126,Q003-12,ASS003,1,2024-11-10
RESP07333,STU126,Q003-13,ASS003,0,2024-11-10
RESP07334,STU126,Q003-14,ASS003,1,2024-11-10
RESP07335,STU126,Q003-15,ASS003,0,2024-11-10
RESP07336,STU126,Q003-16,ASS003,0,2024-11-10
RESP07337,STU126,Q003-17,ASS003,1,2024-11-10
RESP07338,STU126,Q003-18,ASS003,0,2024-11-10
RESP07339,STU127,Q003-01,ASS003,1,2024-11-10
RESP07340,STU127,Q003-01,ASS003,1,2024-11-10
RESP07341,STU127,Q003-02,ASS003,1,2024-11-10
RESP07342,STU127,Q003-03,ASS003,0,2024-11-10
RESP07343,STU127,Q003-04,ASS003,0,2024-11-10
RESP07344,STU127,Q003-05,ASS003,0,2024-11-10
RESP07345,STU127,Q003-06,ASS003,0,2024-11-10
RESP07346,STU127,Q003-07,ASS003,0,2024-11-10
RESP07347,STU127,Q003-08,ASS003,1,2024-11-10
RESP07348,STU127,Q003-09,ASS003,0,2024-11-10
RESP07349,STU127,Q003-10,ASS003,1,2024-11-10
RESP07350,STU127,Q003-11,ASS003,1,2024-11-10
RESP07351,STU127,Q003-12,ASS003,1,2024-11-10
RESP07352,STU127,Q003-12,ASS003,1,2024-11-10
RESP07353,STU127,Q003-13,ASS003,1,2024-11-10
RESP07354,STU127,Q003-14,ASS003,1,2024-11-10
RESP07355,STU127,Q003-15,ASS003,1,2024-11-10
RESP07356,STU127,Q003-16,ASS003,0,2024-11-10
RESP07357,STU127,Q003-17,ASS003,1,2024-11-10
RESP07358,STU127,Q003-18,ASS003,0,2024-11-10
RESP07359,STU128,Q003-01,ASS003,0,2024-11-10
RESP07360,STU128,Q003-02,ASS003,1,2024-11-10
RESP07361,STU128,Q003-03,ASS003,1,2024-11-10
RESP07362,STU128,Q003-04,ASS003,0,2024-11-10
RESP07363,STU128,Q003-05,ASS003,1,2024-11-10
RESP07364,STU128,Q003-06,ASS003,0,2024-11-10
RESP07365,STU128,Q003-07,ASS003,1,2024-11-10
RESP07366,STU128,Q003-08,ASS003,1,2024-11-10
RESP07367,STU128,Q003-09,ASS003,1,2024-11-10
RESP07368,STU128,Q003-10,ASS003,1,2024-11-10
RESP07369,STU128,Q003-11,ASS003,1,2024-11-10
RESP07370,STU128,Q003-12,ASS003,1,2024-11-10
RESP07371,STU128,Q003-13,ASS003,0,2024-11-10
RESP07372,STU128,Q003-14,ASS003,1,2024-11-10
RESP07373,STU128,Q003-15,ASS003,1,2024-11-10
RESP07374,STU128,Q003-16,ASS003,1,2024-11-10
RESP07375,STU128,Q003-16,ASS003,1,2024-11-10
RESP07376,STU128,Q003-17,ASS003,1,2024-11-10
RESP07377,STU128,Q003-18,ASS003,0,2024-11-10
RESP07378,STU129,Q003-01,ASS003,1,2024-11-10
RESP07379,STU129,Q003-02,ASS003,1,2024-11-10
RESP07380,STU129,Q003-03,ASS003,1,2024-11-10
RESP07381,STU129,Q003-04,ASS003,1,2024-11-10
RESP07382,STU129,Q003-05,ASS003,0,2024-11-10
RESP07383,STU129,Q003-06,ASS003,1,2024-11-10
RESP07384,STU129,Q003-07,ASS003,0,2024-11-10
RESP07385,STU129,Q003-08,ASS003,0,2024-11-10
RESP07386,STU129,Q003-09,ASS003,0,2024-11-10
RESP07387,STU129,Q003-10,ASS003,1,2024-11-10
RESP07388,STU129,Q003-11,ASS003,1,2024-11-10
RESP07389,STU129,Q003-12,ASS003,1,2024-11-10
RESP07390,STU129,Q003-13,ASS003,1,2024-11-10
RESP07391,STU129,Q003-14,ASS003,1,2024-11-10
RESP07392,STU129,Q003-15,ASS003,1,2024-11-10
RESP07393,STU129,Q003-16,ASS003,0,2024-11-10
RESP07394,STU129,Q003-16,ASS003,0,2024-11-10
RESP07395,STU129,Q003-17,ASS003,1,2024-11-10
RESP07396,STU129,Q003-18,ASS003,1,2024-11-10
RESP07397,STU130,Q003-01,ASS003,0,2024-11-10
RESP07398,STU130,Q003-02,ASS003,1,2024-11-10
RESP07399,STU130,Q003-03,ASS003,1,2024-11-10
RESP07400,STU130,Q003-04,ASS003,0,2024-11-10
RESP07401,STU130,Q003-05,ASS003,0,2024-11-10
RESP07402,STU130,Q003-06,ASS003,0,2024-11-10
RESP07403,STU130,Q003-07,ASS003,0,2024-11-10
RESP07404,STU130,Q003-08,ASS003,0,2024-11-10
RESP07405,STU130,Q003-09,ASS003,0,2024-11-10
RESP07406,STU130,Q003-10,ASS003,1,2024-11-10
RESP07407,STU130,Q003-11,ASS003,0,2024-11-10
RESP07408,STU130,Q003-12,ASS003,0,2024-11-10
RESP07409,STU130,Q003-13,ASS003,0,2024-11-10
RESP07410,STU130,Q003-14,ASS003,0,2024-11-10
RESP07411,STU130,Q003-15,ASS003,0,2024-11-10
RESP07412,STU130,Q003-16,ASS003,1,2024-11-10
RESP07413,STU130,Q003-17,ASS003,0,2024-11-10
RESP07414,STU130,Q003-18,ASS003,1,2024-11-10
RESP07415,STU131,Q003-01,ASS003,1,2024-11-10
RESP07416,STU131,Q003-02,ASS003,1,2024-11-10
RESP07417,STU131,Q003-03,ASS003,0,2024-11-10
RESP07418,STU131,Q003-04,ASS003,1,2024-11-10
RESP07419,STU131,Q003-05,ASS003,1,2024-11-10
RESP07420,STU131,Q003-06,ASS003,1,2024-11-10
RESP07421,STU131,Q003-07,ASS003,0,2024-11-10
RESP07422,STU131,Q003-08,ASS003,1,2024-11-10
RESP07423,STU131,Q003-09,ASS003,1,2024-11-10
RESP07424,STU131,Q003-10,ASS003,1,2024-11-10
RESP07425,STU131,Q003-11,ASS003,1,2024-11-10
RESP07426,STU131,Q003-12,ASS003,1,2024-11-10
RESP07427,STU131,Q003-13,ASS003,0,2024-11-10
RESP07428,STU131,Q003-14,ASS003,0,2024-11-10
RESP07429,STU131,Q003-15,ASS003,0,2024-11-10
RESP07430,STU131,Q003-16,ASS003,1,2024-11-10
RESP07431,STU131,Q003-17,ASS003,1,2024-11-10
RESP07432,STU131,Q003-18,ASS003,0,2024-11-10
RESP07433,STU132,Q003-01,ASS003,1,2024-11-10
RESP07434,STU132,Q003-02,ASS003,0,2024-11-10
RESP07435,STU132,Q003-03,ASS003,0,2024-11-10
RESP07436,STU132,Q003-04,ASS003,1,2024-11-10
RESP07437,STU132,Q003-05,ASS003,0,2024-11-10
RESP07438,STU132,Q003-06,ASS003,0,2024-11-10
RESP07439,STU132,Q003-07,ASS003,1,2024-11-10
RESP07440,STU132,Q003-08,ASS003,0,2024-11-10
RESP07441,STU132,Q003-09,ASS003,0,2024-11-10
RESP07442,STU132,Q003-10,ASS003,0,2024-11-10
RESP07443,STU132,Q003-11,ASS003,0,2024-11-10
RESP07444,STU132,Q003-12,ASS003,1,2024-11-10
RESP07445,STU132,Q003-12,ASS003,1,2024-11-10
RESP07446,STU132,Q003-13,ASS003,0,2024-11-10
RESP07447,STU132,Q003-14,ASS003,0,2024-11-10
RESP07448,STU132,Q003-15,ASS003,0,2024-11-10
RESP07449,STU132,Q003-16,ASS003,0,2024-11-10
RESP07450,STU132,Q003-17,ASS003,0,2024-11-10
RESP07451,STU132,Q003-18,ASS003,1,2024-11-10
RESP07452,STU133,Q003-01,ASS003,1,2024-11-10
RESP07453,STU133,Q003-02,ASS003,0,2024-11-10
RESP07454,STU133,Q003-03,ASS003,1,2024-11-10
RESP07455,STU133,Q003-04,ASS003,1,2024-11-10
RESP07456,STU133,Q003-05,ASS003,0,2024-11-10
RESP07457,STU133,Q003-06,ASS003,0,2024-11-10
RESP07458,STU133,Q003-07,ASS003,1,2024-11-10
RESP07459,STU133,Q003-07,ASS003,1,2024-11-10
RESP07460,STU133,Q003-08,ASS003,0,2024-11-10
RESP07461,STU133,Q003-09,ASS003,1,2024-11-10
RESP07462,STU133,Q003-10,ASS003,0,2024-11-10
RESP07463,STU133,Q003-11,ASS003,1,2024-11-10
RESP07464,STU133,Q003-12,ASS003,1,2024-11-10
RESP07465,STU133,Q003-13,ASS003,0,2024-11-10
RESP07466,STU133,Q003-14,ASS003,0,2024-11-10
RESP07467,STU133,Q003-15,ASS003,0,2024-11-10
RESP07468,STU133,Q003-16,ASS003,1,2024-11-10
RESP07469,STU133,Q003-17,ASS003,0,2024-11-10
RESP07470,STU133,Q003-18,ASS003,0,2024-11-10
RESP07471,STU134,Q003-01,ASS003,1,2024-11-10
RESP07472,STU134,Q003-02,ASS003,0,2024-11-10
RESP07473,STU134,Q003-03,ASS003,1,2024-11-10
RESP07474,STU134,Q003-04,ASS003,1,2024-11-10
RESP07475,STU134,Q003-05,ASS003,1,2024-11-10
RESP07476,STU134,Q003-06,ASS003,0,2024-11-10
RESP07477,STU134,Q003-07,ASS003,1,2024-11-10
RESP07478,STU134,Q003-08,ASS003,1,2024-11-10
RESP07479,STU134,Q003-09,ASS003,1,2024-11-10
RESP07480,STU134,Q003-10,ASS003,1,2024-11-10
RESP07481,STU134,Q003-11,ASS003,1,2024-11-10
RESP07482,STU134,Q003-12,ASS003,1,2024-11-10
RESP07483,STU134,Q003-13,ASS003,1,2024-11-10
RESP07484,STU134,Q003-14,ASS003,1,2024-11-10
RESP07485,STU134,Q003-15,ASS003,0,2024-11-10
RESP07486,STU134,Q003-16,ASS003,1,2024-11-10
RESP07487,STU134,Q003-17,ASS003,1,2024-11-10
RESP07488,STU134,Q003-18,ASS003,1,2024-11-10
RESP07489,STU135,Q003-01,ASS003,0,2024-11-10
RESP07490,STU135,Q003-02,ASS003,0,2024-11-10
RESP07491,STU135,Q003-03,ASS003,0,2024-11-10
RESP07492,STU135,Q003-04,ASS003,0,2024-11-10
RESP07493,STU135,Q003-05,ASS003,1,2024-11-10
RESP07494,STU135,Q003-06,ASS003,1,2024-11-10
RESP07495,STU135,Q003-07,ASS003,0,2024-11-10
RESP07496,STU135,Q003-08,ASS003,0,2024-11-10
RESP07497,STU135,Q003-09,ASS003,0,2024-11-10
RESP07498,STU135,Q003-10,ASS003,0,2024-11-10
RESP07499,STU135,Q003-11,ASS003,1,2024-11-10
RESP07500,STU135,Q003-12,ASS003,0,2024-11-10
RESP07501,STU135,Q003-13,ASS003,0,2024-11-10
RESP07502,STU135,Q003-14,ASS003,0,2024-11-10
RESP07503,STU135,Q003-15,ASS003,1,2024-11-10
RESP07504,STU135,Q003-16,ASS003,0,2024-11-10
RESP07505,STU135,Q003-17,ASS003,1,2024-11-10
RESP07506,STU135,Q003-18,ASS003,0,2024-11-10
RESP07507,STU136,Q003-01,ASS003,1,2024-11-10
RESP07508,STU136,Q003-01,ASS003,1,2024-11-10
RESP07509,STU136,Q003-02,ASS003,0,2024-11-10
RESP07510,STU136,Q003-03,ASS003,1,2024-11-10
RESP07511,STU136,Q003-04,ASS003,1,2024-11-10
RESP07512,STU136,Q003-05,ASS003,0,2024-11-10
RESP07513,STU136,Q003-06,ASS003,0,2024-11-10
RESP07514,STU136,Q003-07,ASS003,0,2024-11-10
RESP07515,STU136,Q003-08,ASS003,0,2024-11-10
RESP07516,STU136,Q003-09,ASS003,1,2024-11-10
RESP07517,STU136,Q003-10,ASS003,1,2024-11-10
RESP07518,STU136,Q003-11,ASS003,1,2024-11-10
RESP07519,STU136,Q003-12,ASS003,1,2024-11-10
RESP07520,STU136,Q003-13,ASS003,1,2024-11-10
RESP07521,STU136,Q003-14,ASS003,1,2024-11-10
RESP07522,STU136,Q003-15,ASS003,0,2024-11-10
RESP07523,STU136,Q003-16,ASS003,1,2024-11-10
RESP07524,STU136,Q003-17,ASS003,0,2024-11-10
RESP07525,STU136,Q003-18,ASS003,1,2024-11-10
RESP07526,STU137,Q003-01,ASS003,1,2024-11-10
RESP07527,STU137,Q003-02,ASS003,0,2024-11-10
RESP07528,STU137,Q003-03,ASS003,1,2024-11-10
RESP07529,STU137,Q003-04,ASS003,1,2024-11-10
RESP07530,STU137,Q003-05,ASS003,0,2024-11-10
RESP07531,STU137,Q003-06,ASS003,0,2024-11-10
RESP07532,STU137,Q003-07,ASS003,1,2024-11-10
RESP07533,STU137,Q003-08,ASS003,0,2024-11-10
RESP07534,STU137,Q003-09,ASS003,0,2024-11-10
RESP07535,STU137,Q003-10,ASS003,1,2024-11-10
RESP07536,STU137,Q003-11,ASS003,0,2024-11-10
RESP07537,STU137,Q003-11,ASS003,0,2024-11-10
RESP07538,STU137,Q003-12,ASS003,1,2024-11-10
RESP07539,STU137,Q003-13,ASS003,1,2024-11-10
RESP07540,STU137,Q003-14,ASS003,0,2024-11-10
RESP07541,STU137,Q003-15,ASS003,0,2024-11-10
RESP07542,STU137,Q003-16,ASS003,1,2024-11-10
RESP07543,STU137,Q003-17,ASS003,1,2024-11-10
RESP07544,STU137,Q003-18,ASS003,1,2024-11-10
RESP07545,STU138,Q003-01,ASS003,1,2024-11-10
RESP07546,STU138,Q003-02,ASS003,0,2024-11-10
RESP07547,STU138,Q003-03,ASS003,0,2024-11-10
RESP07548,STU138,Q003-04,ASS003,0,2024-11-10
RESP07549,STU138,Q003-05,ASS003,1,2024-11-10
RESP07550,STU138,Q003-06,ASS003,0,2024-11-10
RESP07551,STU138,Q003-07,ASS003,0,2024-11-10
RESP07552,STU138,Q003-08,ASS003,0,2024-11-10
RESP07553,STU138,Q003-09,ASS003,0,2024-11-10
RESP07554,STU138,Q003-10,ASS003,1,2024-11-10
RESP07555,STU138,Q003-11,ASS003,0,2024-11-10
RESP07556,STU138,Q003-12,ASS003,0,2024-11-10
RESP07557,STU138,Q003-13,ASS003,0,2024-11-10
RESP07558,STU138,Q003-14,ASS003,0,2024-11-10
RESP07559,STU138,Q003-15,ASS003,1,2024-11-10
RESP07560,STU138,Q003-16,ASS003,0,2024-11-10
RESP07561,STU138,Q003-17,ASS003,0,2024-11-10
RESP07562,STU138,Q003-18,ASS003,0,2024-11-10
RESP07563,STU139,Q003-01,ASS003,1,2024-11-10
RESP07564,STU139,Q003-02,ASS003,1,2024-11-10
RESP07565,STU139,Q003-03,ASS003,0,2024-11-10
RESP07566,STU139,Q003-04,ASS003,1,2024-11-10
RESP07567,STU139,Q003-05,ASS003,1,2024-11-10
RESP07568,STU139,Q003-06,ASS003,1,2024-11-10
RESP07569,STU139,Q003-06,ASS003,1,2024-11-10
RESP07570,STU139,Q003-07,ASS003,1,2024-11-10
RESP07571,STU139,Q003-08,ASS003,0,2024-11-10
RESP07572,STU139,Q003-09,ASS003,1,2024-11-10
RESP07573,STU139,Q003-10,ASS003,1,2024-11-10
RESP07574,STU139,Q003-11,ASS003,0,2024-11-10
RESP07575,STU139,Q003-12,ASS003,1,2024-11-10
RESP07576,STU139,Q003-13,ASS003,0,2024-11-10
RESP07577,STU139,Q003-14,ASS003,0,2024-11-10
RESP07578,STU139,Q003-15,ASS003,1,2024-11-10
RESP07579,STU139,Q003-16,ASS003,1,2024-11-10
RESP07580,STU139,Q003-17,ASS003,0,2024-11-10
RESP07581,STU139,Q003-18,ASS003,1,2024-11-10
RESP07582,STU140,Q003-01,ASS003,1,2024-11-10
RESP07583,STU140,Q003-02,ASS003,0,2024-11-10
RESP07584,STU140,Q003-02,ASS003,0,2024-11-10
RESP07585,STU140,Q003-03,ASS003,1,2024-11-10
RESP07586,STU140,Q003-04,ASS003,0,2024-11-10
RESP07587,STU140,Q003-05,ASS003,1,2024-11-10
RESP07588,STU140,Q003-06,ASS003,0,2024-11-10
RESP07589,STU140,Q003-07,ASS003,1,2024-11-10
RESP07590,STU140,Q003-08,ASS003,1,2024-11-10
RESP07591,STU140,Q003-09,ASS003,1,2024-11-10
RESP07592,STU140,Q003-10,ASS003,0,2024-11-10
RESP07593,STU140,Q003-11,ASS003,1,2024-11-10
RESP07594,STU140,Q003-12,ASS003,1,2024-11-10
RESP07595,STU140,Q003-13,ASS003,0,2024-11-10
RESP07596,STU140,Q003-14,ASS003,0,2024-11-10
RESP07597,STU140,Q003-14,ASS003,0,2024-11-10
RESP07598,STU140,Q003-15,ASS003,0,2024-11-10
RESP07599,STU140,Q003-16,ASS003,0,2024-11-10
RESP07600,STU140,Q003-17,ASS003,1,2024-11-10
RESP07601,STU140,Q003-18,ASS003,0,2024-11-10
RESP07602,STU141,Q003-01,ASS003,0,2024-11-10
RESP07603,STU141,Q003-02,ASS003,1,2024-11-10
RESP07604,STU141,Q003-03,ASS003,1,2024-11-10
RESP07605,STU141,Q003-04,ASS003,1,2024-11-10
RESP07606,STU141,Q003-04,ASS003,1,2024-11-10
RESP07607,STU141,Q003-05,ASS003,1,2024-11-10
RESP07608,STU141,Q003-06,ASS003,0,2024-11-10
RESP07609,STU141,Q003-07,ASS003,0,2024-11-10
RESP07610,STU141,Q003-08,ASS003,0,2024-11-10
RESP07611,STU141,Q003-09,ASS003,0,2024-11-10
RESP07612,STU141,Q003-10,ASS003,0,2024-11-10
RESP07613,STU141,Q003-10,ASS003,0,2024-11-10
RESP07614,STU141,Q003-11,ASS003,1,2024-11-10
RESP07615,STU141,Q003-12,ASS003,1,2024-11-10
RESP07616,STU141,Q003-13,ASS003,0,2024-11-10
RESP07617,STU141,Q003-14,ASS003,1,2024-11-10
RESP07618,STU141,Q003-15,ASS003,1,2024-11-10
RESP07619,STU141,Q003-16,ASS003,1,2024-11-10
RESP07620,STU141,Q003-17,ASS003,1,2024-11-10
RESP07621,STU141,Q003-18,ASS003,0,2024-11-10
RESP07622,STU142,Q003-01,ASS003,1,2024-11-10
RESP07623,STU142,Q003-02,ASS003,0,2024-11-10
RESP07624,STU142,Q003-03,ASS003,0,2024-11-10
RESP07625,STU142,Q003-04,ASS003,0,2024-11-10
RESP07626,STU142,Q003-05,ASS003,1,2024-11-10
RESP07627,STU142,Q003-06,ASS003,1,2024-11-10
RESP07628,STU142,Q003-07,ASS003,0,2024-11-10
RESP07629,STU142,Q003-08,ASS003,0,2024-11-10
RESP07630,STU142,Q003-09,ASS003,0,2024-11-10
RESP07631,STU142,Q003-10,ASS003,0,2024-11-10
RESP07632,STU142,Q003-11,ASS003,0,2024-11-10
RESP07633,STU142,Q003-12,ASS003,0,2024-11-10
RESP07634,STU142,Q003-13,ASS003,0,2024-11-10
RESP07635,STU142,Q003-14,ASS003,1,2024-11-10
RESP07636,STU142,Q003-15,ASS003,0,2024-11-10
RESP07637,STU142,Q003-16,ASS003,0,2024-11-10
RESP07638,STU142,Q003-17,ASS003,0,2024-11-10
RESP07639,STU142,Q003-18,ASS003,0,2024-11-10
RESP07640,STU143,Q003-01,ASS003,1,2024-11-10
RESP07641,STU143,Q003-02,ASS003,1,2024-11-10
RESP07642,STU143,Q003-03,ASS003,1,2024-11-10
RESP07643,STU143,Q003-04,ASS003,0,2024-11-10
RESP07644,STU143,Q003-05,ASS003,0,2024-11-10
RESP07645,STU143,Q003-06,ASS003,1,2024-11-10
RESP07646,STU143,Q003-07,ASS003,0,2024-11-10
RESP07647,STU143,Q003-08,ASS003,1,2024-11-10
RESP07648,STU143,Q003-09,ASS003,0,2024-11-10
RESP07649,STU143,Q003-10,ASS003,1,2024-11-10
RESP07650,STU143,Q003-11,ASS003,1,2024-11-10
RESP07651,STU143,Q003-12,ASS003,1,2024-11-10
RESP07652,STU143,Q003-13,ASS003,1,2024-11-10
RESP07653,STU143,Q003-14,ASS003,1,2024-11-10
RESP07654,STU143,Q003-15,ASS003,1,2024-11-10
RESP07655,STU143,Q003-16,ASS003,1,2024-11-10
RESP07656,STU143,Q003-17,ASS003,0,2024-11-10
RESP07657,STU143,Q003-18,ASS003,1,2024-11-10
RESP07658,STU144,Q003-01,ASS003,0,2024-11-10
RESP07659,STU144,Q003-02,ASS003,1,2024-11-10
RESP07660,STU144,Q003-03,ASS003,0,2024-11-10
RESP07661,STU144,Q003-04,ASS003,0,2024-11-10
RESP07662,STU144,Q003-05,ASS003,0,2024-11-10
RESP07663,STU144,Q003-06,ASS003,0,2024-11-10
RESP07664,STU144,Q003-07,ASS003,1,2024-11-10
RESP07665,STU144,Q003-08,ASS003,0,2024-11-10
RESP07666,STU144,Q003-09,ASS003,0,2024-11-10
RESP07667,STU144,Q003-10,ASS003,1,2024-11-10
RESP07668,STU144,Q003-11,ASS003,1,2024-11-10
RESP07669,STU144,Q003-12,ASS003,1,2024-11-10
RESP07670,STU144,Q003-13,ASS003,0,2024-11-10
RESP07671,STU144,Q003-14,ASS003,0,2024-11-10
RESP07672,STU144,Q003-15,ASS003,1,2024-11-10
RESP07673,STU144,Q003-16,ASS003,0,2024-11-10
RESP07674,STU144,Q003-17,ASS003,0,2024-11-10
RESP07675,STU144,Q003-18,ASS003,1,2024-11-10
RESP07676,STU145,Q003-01,ASS003,1,2024-11-10
RESP07677,STU145,Q003-02,ASS003,0,2024-11-10
RESP07678,STU145,Q003-03,ASS003,1,2024-11-10
RESP07679,STU145,Q003-04,ASS003,0,2024-11-10
RESP07680,STU145,Q003-05,ASS003,0,2024-11-10
RESP07681,STU145,Q003-06,ASS003,0,2024-11-10
RESP07682,STU145,Q003-07,ASS003,0,2024-11-10
RESP07683,STU145,Q003-08,ASS003,1,2024-11-10
RESP07684,STU145,Q003-09,ASS003,0,2024-11-10
RESP07685,STU145,Q003-10,ASS003,0,2024-11-10
RESP07686,STU145,Q003-11,ASS003,0,2024-11-10
RESP07687,STU145,Q003-12,ASS003,0,2024-11-10
RESP07688,STU145,Q003-13,ASS003,0,2024-11-10
RESP07689,STU145,Q003-14,ASS003,0,2024-11-10
RESP07690,STU145,Q003-15,ASS003,0,2024-11-10
RESP07691,STU145,Q003-16,ASS003,0,2024-11-10
RESP07692,STU145,Q003-17,ASS003,0,2024-11-10
RESP07693,STU145,Q003-18,ASS003,0,2024-11-10
RESP07694,STU146,Q003-01,ASS003,1,2024-11-10
RESP07695,STU146,Q003-02,ASS003,1,2024-11-10
RESP07696,STU146,Q003-03,ASS003,1,2024-11-10
RESP07697,STU146,Q003-04,ASS003,0,2024-11-10
RESP07698,STU146,Q003-05,ASS003,1,2024-11-10
RESP07699,STU146,Q003-06,ASS003,1,2024-11-10
RESP07700,STU146,Q003-07,ASS003,0,2024-11-10
RESP07701,STU146,Q003-08,ASS003,0,2024-11-10
RESP07702,STU146,Q003-09,ASS003,1,2024-11-10
RESP07703,STU146,Q003-10,ASS003,1,2024-11-10
RESP07704,STU146,Q003-11,ASS003,1,2024-11-10
RESP07705,STU146,Q003-12,ASS003,1,2024-11-10
RESP07706,STU146,Q003-13,ASS003,0,2024-11-10
RESP07707,STU146,Q003-14,ASS003,1,2024-11-10
RESP07708,STU146,Q003-15,ASS003,1,2024-11-10
RESP07709,STU146,Q003-16,ASS003,0,2024-11-10
RESP07710,STU146,Q003-17,ASS003,0,2024-11-10
RESP07711,STU146,Q003-18,ASS003,1,2024-11-10
RESP07712,STU147,Q003-01,ASS003,0,2024-11-10
RESP07713,STU147,Q003-02,ASS003,0,2024-11-10
RESP07714,STU147,Q003-03,ASS003,1,2024-11-10
RESP07715,STU147,Q003-04,ASS003,1,2024-11-10
RESP07716,STU147,Q003-05,ASS003,1,2024-11-10
RESP07717,STU147,Q003-05,ASS003,1,2024-11-10
RESP07718,STU147,Q003-06,ASS003,1,2024-11-10
RESP07719,STU147,Q003-07,ASS003,0,2024-11-10
RESP07720,STU147,Q003-08,ASS003,1,2024-11-10
RESP07721,STU147,Q003-08,ASS003,1,2024-11-10
RESP07722,STU147,Q003-09,ASS003,0,2024-11-10
RESP07723,STU147,Q003-10,ASS003,0,2024-11-10
RESP07724,STU147,Q003-11,ASS003,0,2024-11-10
RESP07725,STU147,Q003-12,ASS003,1,2024-11-10
RESP07726,STU147,Q003-13,ASS003,0,2024-11-10
RESP07727,STU147,Q003-14,ASS003,0,2024-11-10
RESP07728,STU147,Q003-15,ASS003,1,2024-11-10
RESP07729,STU147,Q003-16,ASS003,0,2024-11-10
RESP07730,STU147,Q003-17,ASS003,1,2024-11-10
RESP07731,STU147,Q003-18,ASS003,0,2024-11-10
RESP07732,STU148,Q003-01,ASS003,1,2024-11-10
RESP07733,STU148,Q003-02,ASS003,1,2024-11-10
RESP07734,STU148,Q003-03,ASS003,1,2024-11-10
RESP07735,STU148,Q003-04,ASS003,1,2024-11-10
RESP07736,STU148,Q003-05,ASS003,1,2024-11-10
RESP07737,STU148,Q003-06,ASS003,1,2024-11-10
RESP07738,STU148,Q003-07,ASS003,1,2024-11-10
RESP07739,STU148,Q003-07,ASS003,1,2024-11-10
RESP07740,STU148,Q003-08,ASS003,0,2024-11-10
RESP07741,STU148,Q003-09,ASS003,1,2024-11-10
RESP07742,STU148,Q003-10,ASS003,0,2024-11-10
RESP07743,STU148,Q003-10,ASS003,0,2024-11-10
RESP07744,STU148,Q003-11,ASS003,1,2024-11-10
RESP07745,STU148,Q003-12,ASS003,1,2024-11-10
RESP07746,STU148,Q003-13,ASS003,1,2024-11-10
RESP07747,STU148,Q003-14,ASS003,1,2024-11-10
RESP07748,STU148,Q003-15,ASS003,1,2024-11-10
RESP07749,STU148,Q003-16,ASS003,0,2024-11-10
RESP07750,STU148,Q003-17,ASS003,1,2024-11-10
RESP07751,STU148,Q003-18,ASS003,0,2024-11-10
RESP07752,STU149,Q003-01,ASS003,1,2024-11-10
RESP07753,STU149,Q003-02,ASS003,0,2024-11-10
RESP07754,STU149,Q003-03,ASS003,0,2024-11-10
RESP07755,STU149,Q003-04,ASS003,0,2024-11-10
RESP07756,STU149,Q003-04,ASS003,0,2024-11-10
RESP07757,STU149,Q003-05,ASS003,1,2024-11-10
RESP07758,STU149,Q003-06,ASS003,1,2024-11-10
RESP07759,STU149,Q003-07,ASS003,0,2024-11-10
RESP07760,STU149,Q003-08,ASS003,0,2024-11-10
RESP07761,STU149,Q003-09,ASS003,0,2024-11-10
RESP07762,STU149,Q003-10,ASS003,0,2024-11-10
RESP07763,STU149,Q003-11,ASS003,1,2024-11-10
RESP07764,STU149,Q003-12,ASS003,1,2024-11-10
RESP07765,STU149,Q003-13,ASS003,0,2024-11-10
RESP07766,STU149,Q003-14,ASS003,1,2024-11-10
RESP07767,STU149,Q003-15,ASS003,1,2024-11-10
RESP07768,STU149,Q003-15,ASS003,1,2024-11-10
RESP07769,STU149,Q003-16,ASS003,1,2024-11-10
RESP07770,STU149,Q003-17,ASS003,0,2024-11-10
RESP07771,STU149,Q003-18,ASS003,0,2024-11-10
RESP07772,STU150,Q003-01,ASS003,0,2024-11-10
RESP07773,STU150,Q003-02,ASS003,1,2024-11-10
RESP07774,STU150,Q003-03,ASS003,1,2024-11-10
RESP07775,STU150,Q003-04,ASS003,0,2024-11-10
RESP07776,STU150,Q003-05,ASS003,1,2024-11-10
RESP07777,STU150,Q003-06,ASS003,1,2024-11-10
RESP07778,STU150,Q003-07,ASS003,0,2024-11-10
RESP07779,STU150,Q003-08,ASS003,1,2024-11-10
RESP07780,STU150,Q003-09,ASS003,1,2024-11-10
RESP07781,STU150,Q003-10,ASS003,0,2024-11-10
RESP07782,STU150,Q003-11,ASS003,0,2024-11-10
RESP07783,STU150,Q003-12,ASS003,1,2024-11-10
RESP07784,STU150,Q003-13,ASS003,1,2024-11-10
RESP07785,STU150,Q003-14,ASS003,1,2024-11-10
RESP07786,STU150,Q003-15,ASS003,0,2024-11-10
RESP07787,STU150,Q003-16,ASS003,0,2024-11-10
RESP07788,STU150,Q003-17,ASS003,0,2024-11-10
RESP07789,STU150,Q003-18,ASS003,1,2024-11-10
RESP07790,STU151,Q003-01,ASS003,0,2024-11-10
RESP07791,STU151,Q003-02,ASS003,0,2024-11-10
RESP07792,STU151,Q003-03,ASS003,1,2024-11-10
RESP07793,STU151,Q003-04,ASS003,0,2024-11-10
RESP07794,STU151,Q003-05,ASS003,1,2024-11-10
RESP07795,STU151,Q003-06,ASS003,0,2024-11-10
RESP07796,STU151,Q003-07,ASS003,0,2024-11-10
RESP07797,STU151,Q003-08,ASS003,1,2024-11-10
RESP07798,STU151,Q003-09,ASS003,0,2024-11-10
RESP07799,STU151,Q003-10,ASS003,0,2024-11-10
RESP07800,STU151,Q003-11,ASS003,0,2024-11-10
RESP07801,STU151,Q003-12,ASS003,0,2024-11-10
RESP07802,STU151,Q003-13,ASS003,1,2024-11-10
RESP07803,STU151,Q003-14,ASS003,0,2024-11-10
RESP07804,STU151,Q003-15,ASS003,0,2024-11-10
RESP07805,STU151,Q003-16,ASS003,0,2024-11-10
RESP07806,STU151,Q003-17,ASS003,0,2024-11-10
RESP07807,STU151,Q003-18,ASS003,0,2024-11-10
RESP07808,STU152,Q003-01,ASS003,1,2024-11-10
RESP07809,STU152,Q003-02,ASS003,1,2024-11-10
RESP07810,STU152,Q003-02,ASS003,1,2024-11-10
RESP07811,STU152,Q003-03,ASS003,1,2024-11-10
RESP07812,STU152,Q003-04,ASS003,0,2024-11-10
RESP07813,STU152,Q003-05,ASS003,1,2024-11-10
RESP07814,STU152,Q003-06,ASS003,0,2024-11-10
RESP07815,STU152,Q003-07,ASS003,1,2024-11-10
RESP07816,STU152,Q003-08,ASS003,0,2024-11-10
RESP07817,STU152,Q003-09,ASS003,1,2024-11-10
RESP07818,STU152,Q003-10,ASS003,1,2024-11-10
RESP07819,STU152,Q003-11,ASS003,1,2024-11-10
RESP07820,STU152,Q003-12,ASS003,0,2024-11-10
RESP07821,STU152,Q003-13,ASS003,0,2024-11-10
RESP07822,STU152,Q003-14,ASS003,0,2024-11-10
RESP07823,STU152,Q003-15,ASS003,1,2024-11-10
RESP07824,STU152,Q003-16,ASS003,1,2024-11-10
RESP07825,STU152,Q003-17,ASS003,0,2024-11-10
RESP07826,STU152,Q003-18,ASS003,1,2024-11-10
RESP07827,STU153,Q003-01,ASS003,1,2024-11-10
RESP07828,STU153,Q003-02,ASS003,0,2024-11-10
RESP07829,STU153,Q003-03,ASS003,0,2024-11-10
RESP07830,STU153,Q003-04,ASS003,0,2024-11-10
RESP07831,STU153,Q003-05,ASS003,1,2024-11-10
RESP07832,STU153,Q003-06,ASS003,0,2024-11-10
RESP07833,STU153,Q003-07,ASS003,0,2024-11-10
RESP07834,STU153,Q003-08,ASS003,1,2024-11-10
RESP07835,STU153,Q003-09,ASS003,1,2024-11-10
RESP07836,STU153,Q003-09,ASS003,1,2024-11-10
RESP07837,STU153,Q003-10,ASS003,1,2024-11-10
RESP07838,STU153,Q003-11,ASS003,0,2024-11-10
RESP07839,STU153,Q003-12,ASS003,1,2024-11-10
RESP07840,STU153,Q003-13,ASS003,1,2024-11-10
RESP07841,STU153,Q003-14,ASS003,1,2024-11-10
RESP07842,STU153,Q003-15,ASS003,0,2024-11-10
RESP07843,STU153,Q003-16,ASS003,1,2024-11-10
RESP07844,STU153,Q003-17,ASS003,1,2024-11-10
RESP07845,STU153,Q003-18,ASS003,1,2024-11-10
RESP07846,STU154,Q003-01,ASS003,1,2024-11-10
RESP07847,STU154,Q003-02,ASS003,1,2024-11-10
RESP07848,STU154,Q003-03,ASS003,0,2024-11-10
RESP07849,STU154,Q003-04,ASS003,0,2024-11-10
RESP07850,STU154,Q003-05,ASS003,0,2024-11-10
RESP07851,STU154,Q003-06,ASS003,0,2024-11-10
RESP07852,STU154,Q003-07,ASS003,1,2024-11-10
RESP07853,STU154,Q003-08,ASS003,0,2024-11-10
RESP07854,STU154,Q003-09,ASS003,1,2024-11-10
RESP07855,STU154,Q003-10,ASS003,1,2024-11-10
RESP07856,STU154,Q003-11,ASS003,1,2024-11-10
RESP07857,STU154,Q003-12,ASS003,1,2024-11-10
RESP07858,STU154,Q003-13,ASS003,1,2024-11-10
RESP07859,STU154,Q003-14,ASS003,1,2024-11-10
RESP07860,STU154,Q003-15,ASS003,0,2024-11-10
RESP07861,STU154,Q003-16,ASS003,0,2024-11-10
RESP07862,STU154,Q003-17,ASS003,1,2024-11-10
RESP07863,STU154,Q003-18,ASS003,1,2024-11-10
RESP07864,STU155,Q003-01,ASS003,0,2024-11-10
RESP07865,STU155,Q003-02,ASS003,1,2024-11-10
RESP07866,STU155,Q003-03,ASS003,0,2024-11-10
RESP07867,STU155,Q003-04,ASS003,1,2024-11-10
RESP07868,STU155,Q003-05,ASS003,1,2024-11-10
RESP07869,STU155,Q003-06,ASS003,1,2024-11-10
RESP07870,STU155,Q003-07,ASS003,0,2024-11-10
RESP07871,STU155,Q003-08,ASS003,1,2024-11-10
RESP07872,STU155,Q003-09,ASS003,0,2024-11-10
RESP07873,STU155,Q003-10,ASS003,0,2024-11-10
RESP07874,STU155,Q003-11,ASS003,1,2024-11-10
RESP07875,STU155,Q003-12,ASS003,0,2024-11-10
RESP07876,STU155,Q003-13,ASS003,0,2024-11-10
RESP07877,STU155,Q003-14,ASS003,0,2024-11-10
RESP07878,STU155,Q003-15,ASS003,0,2024-11-10
RESP07879,STU155,Q003-16,ASS003,1,2024-11-10
RESP07880,STU155,Q003-17,ASS003,1,2024-11-10
RESP07881,STU155,Q003-18,ASS003,1,2024-11-10
RESP07882,STU156,Q003-01,ASS003,1,2024-11-10
RESP07883,STU156,Q003-02,ASS003,0,2024-11-10
RESP07884,STU156,Q003-03,ASS003,1,2024-11-10
RESP07885,STU156,Q003-04,ASS003,0,2024-11-10
RESP07886,STU156,Q003-05,ASS003,1,2024-11-10
RESP07887,STU156,Q003-06,ASS003,0,2024-11-10
RESP07888,STU156,Q003-07,ASS003,0,2024-11-10
RESP07889,STU156,Q003-08,ASS003,0,2024-11-10
RESP07890,STU156,Q003-09,ASS003,0,2024-11-10
RESP07891,STU156,Q003-10,ASS003,0,2024-11-10
RESP07892,STU156,Q003-11,ASS003,1,2024-11-10
RESP07893,STU156,Q003-12,ASS003,0,2024-11-10
RESP07894,STU156,Q003-13,ASS003,0,2024-11-10
RESP07895,STU156,Q003-14,ASS003,0,2024-11-10
RESP07896,STU156,Q003-15,ASS003,1,2024-11-10
RESP07897,STU156,Q003-16,ASS003,1,2024-11-10
RESP07898,STU156,Q003-17,ASS003,0,2024-11-10
RESP07899,STU156,Q003-18,ASS003,0,2024-11-10
RESP07900,STU157,Q003-01,ASS003,1,2024-11-10
RESP07901,STU157,Q003-02,ASS003,0,2024-11-10
RESP07902,STU157,Q003-03,ASS003,0,2024-11-10
RESP07903,STU157,Q003-04,ASS003,1,2024-11-10
RESP07904,STU157,Q003-05,ASS003,0,2024-11-10
RESP07905,STU157,Q003-06,ASS003,0,2024-11-10
RESP07906,STU157,Q003-07,ASS003,0,2024-11-10
RESP07907,STU157,Q003-08,ASS003,1,2024-11-10
RESP07908,STU157,Q003-09,ASS003,1,2024-11-10
RESP07909,STU157,Q003-10,ASS003,0,2024-11-10
RESP07910,STU157,Q003-11,ASS003,0,2024-11-10
RESP07911,STU157,Q003-12,ASS003,1,2024-11-10
RESP07912,STU157,Q003-13,ASS003,0,2024-11-10
RESP07913,STU157,Q003-14,ASS003,1,2024-11-10
RESP07914,STU157,Q003-15,ASS003,1,2024-11-10
RESP07915,STU157,Q003-16,ASS003,0,2024-11-10
RESP07916,STU157,Q003-17,ASS003,1,2024-11-10
RESP07917,STU157,Q003-18,ASS003,1,2024-11-10
RESP07918,STU158,Q003-01,ASS003,0,2024-11-10
RESP07919,STU158,Q003-02,ASS003,1,2024-11-10
RESP07920,STU158,Q003-03,ASS003,1,2024-11-10
RESP07921,STU158,Q003-04,ASS003,1,2024-11-10
RESP07922,STU158,Q003-05,ASS003,1,2024-11-10
RESP07923,STU158,Q003-06,ASS003,1,2024-11-10
RESP07924,STU158,Q003-07,ASS003,1,2024-11-10
RESP07925,STU158,Q003-08,ASS003,1,2024-11-10
RESP07926,STU158,Q003-09,ASS003,1,2024-11-10
RESP07927,STU158,Q003-10,ASS003,1,2024-11-10
RESP07928,STU158,Q003-11,ASS003,1,2024-11-10
RESP07929,STU158,Q003-12,ASS003,1,2024-11-10
RESP07930,STU158,Q003-13,ASS003,0,2024-11-10
RESP07931,STU158,Q003-14,ASS003,0,2024-11-10
RESP07932,STU158,Q003-15,ASS003,1,2024-11-10
RESP07933,STU158,Q003-16,ASS003,1,2024-11-10
RESP07934,STU158,Q003-17,ASS003,1,2024-11-10
RESP07935,STU158,Q003-18,ASS003,1,2024-11-10
RESP07936,STU159,Q003-01,ASS003,1,2024-11-10
RESP07937,STU159,Q003-02,ASS003,1,2024-11-10
RESP07938,STU159,Q003-03,ASS003,1,2024-11-10
RESP07939,STU159,Q003-04,ASS003,1,2024-11-10
RESP07940,STU159,Q003-05,ASS003,1,2024-11-10
RESP07941,STU159,Q003-06,ASS003,1,2024-11-10
RESP07942,STU159,Q003-07,ASS003,1,2024-11-10
RESP07943,STU159,Q003-08,ASS003,1,2024-11-10
RESP07944,STU159,Q003-09,ASS003,1,2024-11-10
RESP07945,STU159,Q003-10,ASS003,0,2024-11-10
RESP07946,STU159,Q003-11,ASS003,1,2024-11-10
RESP07947,STU159,Q003-12,ASS003,1,2024-11-10
RESP07948,STU159,Q003-13,ASS003,1,2024-11-10
RESP07949,STU159,Q003-14,ASS003,1,2024-11-10
RESP07950,STU159,Q003-15,ASS003,1,2024-11-10
RESP07951,STU159,Q003-15,ASS003,1,2024-11-10
RESP07952,STU159,Q003-16,ASS003,1,2024-11-10
RESP07953,STU159,Q003-17,ASS003,0,2024-11-10
RESP07954,STU159,Q003-18,ASS003,1,2024-11-10
RESP07955,STU160,Q003-01,ASS003,1,2024-11-10
RESP07956,STU160,Q003-02,ASS003,0,2024-11-10
RESP07957,STU160,Q003-03,ASS003,0,2024-11-10
RESP07958,STU160,Q003-04,ASS003,0,2024-11-10
RESP07959,STU160,Q003-05,ASS003,0,2024-11-10
RESP07960,STU160,Q003-06,ASS003,1,2024-11-10
RESP07961,STU160,Q003-07,ASS003,1,2024-11-10
RESP07962,STU160,Q003-08,ASS003,0,2024-11-10
RESP07963,STU160,Q003-09,ASS003,1,2024-11-10
RESP07964,STU160,Q003-10,ASS003,0,2024-11-10
RESP07965,STU160,Q003-11,ASS003,0,2024-11-10
RESP07966,STU160,Q003-12,ASS003,1,2024-11-10
RESP07967,STU160,Q003-13,ASS003,1,2024-11-10
RESP07968,STU160,Q003-13,ASS003,1,2024-11-10
RESP07969,STU160,Q003-14,ASS003,0,2024-11-10
RESP07970,STU160,Q003-15,ASS003,1,2024-11-10
RESP07971,STU160,Q003-16,ASS003,1,2024-11-10
RESP07972,STU160,Q003-17,ASS003,0,2024-11-10
RESP07973,STU160,Q003-18,ASS003,0,2024-11-10
RESP07974,STU161,Q003-01,ASS003,1,2024-11-10
RESP07975,STU161,Q003-02,ASS003,1,2024-11-10
RESP07976,STU161,Q003-03,ASS003,1,2024-11-10
RESP07977,STU161,Q003-04,ASS003,1,2024-11-10
RESP07978,STU161,Q003-04,ASS003,1,2024-11-10
RESP07979,STU161,Q003-05,ASS003,0,2024-11-10
RESP07980,STU161,Q003-06,ASS003,1,2024-11-10
RESP07981,STU161,Q003-07,ASS003,0,2024-11-10
RESP07982,STU161,Q003-08,ASS003,1,2024-11-10
RESP07983,STU161,Q003-09,ASS003,0,2024-11-10
RESP07984,STU161,Q003-10,ASS003,1,2024-11-10
RESP07985,STU161,Q003-11,ASS003,1,2024-11-10
RESP07986,STU161,Q003-12,ASS003,1,2024-11-10
RESP07987,STU161,Q003-13,ASS003,1,2024-11-10
RESP07988,STU161,Q003-14,ASS003,1,2024-11-10
RESP07989,STU161,Q003-14,ASS003,1,2024-11-10
RESP07990,STU161,Q003-15,ASS003,0,2024-11-10
RESP07991,STU161,Q003-16,ASS003,0,2024-11-10
RESP07992,STU161,Q003-17,ASS003,1,2024-11-10
RESP07993,STU161,Q003-18,ASS003,1,2024-11-10
RESP07994,STU162,Q003-01,ASS003,0,2024-11-10
RESP07995,STU162,Q003-02,ASS003,0,2024-11-10
RESP07996,STU162,Q003-03,ASS003,1,2024-11-10
RESP07997,STU162,Q003-04,ASS003,0,2024-11-10
RESP07998,STU162,Q003-05,ASS003,0,2024-11-10
RESP07999,STU162,Q003-06,ASS003,0,2024-11-10
RESP08000,STU162,Q003-07,ASS003,0,2024-11-10
RESP08001,STU162,Q003-08,ASS003,1,2024-11-10
RESP08002,STU162,Q003-09,ASS003,0,2024-11-10
RESP08003,STU162,Q003-10,ASS003,1,2024-11-10
RESP08004,STU162,Q003-11,ASS003,0,2024-11-10
RESP08005,STU162,Q003-12,ASS003,0,2024-11-10
RESP08006,STU162,Q003-13,ASS003,0,2024-11-10
RESP08007,STU162,Q003-14,ASS003,0,2024-11-10
RESP08008,STU162,Q003-15,ASS003,0,2024-11-10
RESP08009,STU162,Q003-16,ASS003,1,2024-11-10
RESP08010,STU162,Q003-17,ASS003,0,2024-11-10
RESP08011,STU162,Q003-18,ASS003,0,2024-11-10
RESP08012,STU163,Q003-01,ASS003,0,2024-11-10
RESP08013,STU163,Q003-02,ASS003,0,2024-11-10
RESP08014,STU163,Q003-03,ASS003,1,2024-11-10
RESP08015,STU163,Q003-04,ASS003,0,2024-11-10
RESP08016,STU163,Q003-04,ASS003,0,2024-11-10
RESP08017,STU163,Q003-05,ASS003,0,2024-11-10
RESP08018,STU163,Q003-06,ASS003,1,2024-11-10
RESP08019,STU163,Q003-07,ASS003,0,2024-11-10
RESP08020,STU163,Q003-08,ASS003,1,2024-11-10
RESP08021,STU163,Q003-09,ASS003,0,2024-11-10
RESP08022,STU163,Q003-10,ASS003,0,2024-11-10
RESP08023,STU163,Q003-11,ASS003,0,2024-11-10
RESP08024,STU163,Q003-12,ASS003,0,2024-11-10
RESP08025,STU163,Q003-13,ASS003,0,2024-11-10
RESP08026,STU163,Q003-14,ASS003,0,2024-11-10
RESP08027,STU163,Q003-15,ASS003,0,2024-11-10
RESP08028,STU163,Q003-16,ASS003,0,2024-11-10
RESP08029,STU163,Q003-17,ASS003,0,2024-11-10
RESP08030,STU163,Q003-18,ASS003,0,2024-11-10
RESP08031,STU164,Q003-01,ASS003,1,2024-11-10
RESP08032,STU164,Q003-02,ASS003,1,2024-11-10
RESP08033,STU164,Q003-03,ASS003,1,2024-11-10
RESP08034,STU164,Q003-04,ASS003,0,2024-11-10
RESP08035,STU164,Q003-05,ASS003,1,2024-11-10
RESP08036,STU164,Q003-06,ASS003,1,2024-11-10
RESP08037,STU164,Q003-07,ASS003,1,2024-11-10
RESP08038,STU164,Q003-07,ASS003,1,2024-11-10
RESP08039,STU164,Q003-08,ASS003,1,2024-11-10
RESP08040,STU164,Q003-09,ASS003,1,2024-11-10
RESP08041,STU164,Q003-10,ASS003,0,2024-11-10
RESP08042,STU164,Q003-11,ASS003,1,2024-11-10
RESP08043,STU164,Q003-12,ASS003,1,2024-11-10
RESP08044,STU164,Q003-13,ASS003,1,2024-11-10
RESP08045,STU164,Q003-14,ASS003,1,2024-11-10
RESP08046,STU164,Q003-15,ASS003,0,2024-11-10
RESP08047,STU164,Q003-16,ASS003,0,2024-11-10
RESP08048,STU164,Q003-17,ASS003,0,2024-11-10
RESP08049,STU164,Q003-18,ASS003,1,2024-11-10
RESP08050,STU165,Q003-01,ASS003,0,2024-11-10
RESP08051,STU165,Q003-02,ASS003,0,2024-11-10
RESP08052,STU165,Q003-03,ASS003,1,2024-11-10
RESP08053,STU165,Q003-04,ASS003,0,2024-11-10
RESP08054,STU165,Q003-05,ASS003,0,2024-11-10
RESP08055,STU165,Q003-06,ASS003,0,2024-11-10
RESP08056,STU165,Q003-07,ASS003,0,2024-11-10
RESP08057,STU165,Q003-08,ASS003,0,2024-11-10
RESP08058,STU165,Q003-09,ASS003,1,2024-11-10
RESP08059,STU165,Q003-10,ASS003,1,2024-11-10
RESP08060,STU165,Q003-11,ASS003,0,2024-11-10
RESP08061,STU165,Q003-12,ASS003,0,2024-11-10
RESP08062,STU165,Q003-13,ASS003,0,2024-11-10
RESP08063,STU165,Q003-14,ASS003,1,2024-11-10
RESP08064,STU165,Q003-15,ASS003,1,2024-11-10
RESP08065,STU165,Q003-16,ASS003,0,2024-11-10
RESP08066,STU165,Q003-17,ASS003,0,2024-11-10
RESP08067,STU165,Q003-18,ASS003,0,2024-11-10
RESP08068,STU166,Q003-01,ASS003,1,2024-11-10
RESP08069,STU166,Q003-02,ASS003,0,2024-11-10
RESP08070,STU166,Q003-03,ASS003,1,2024-11-10
RESP08071,STU166,Q003-04,ASS003,1,2024-11-10
RESP08072,STU166,Q003-05,ASS003,0,2024-11-10
RESP08073,STU166,Q003-06,ASS003,1,2024-11-10
RESP08074,STU166,Q003-07,ASS003,0,2024-11-10
RESP08075,STU166,Q003-08,ASS003,0,2024-11-10
RESP08076,STU166,Q003-09,ASS003,0,2024-11-10
RESP08077,STU166,Q003-10,ASS003,0,2024-11-10
RESP08078,STU166,Q003-10,ASS003,0,2024-11-10
RESP08079,STU166,Q003-11,ASS003,1,2024-11-10
RESP08080,STU166,Q003-12,ASS003,1,2024-11-10
RESP08081,STU166,Q003-13,ASS003,0,2024-11-10
RESP08082,STU166,Q003-14,ASS003,1,2024-11-10
RESP08083,STU166,Q003-15,ASS003,0,2024-11-10
RESP08084,STU166,Q003-16,ASS003,1,2024-11-10
RESP08085,STU166,Q003-16,ASS003,1,2024-11-10
RESP08086,STU166,Q003-17,ASS003,1,2024-11-10
RESP08087,STU166,Q003-18,ASS003,0,2024-11-10
RESP08088,STU167,Q003-01,ASS003,1,2024-11-10
RESP08089,STU167,Q003-02,ASS003,1,2024-11-10
RESP08090,STU167,Q003-03,ASS003,0,2024-11-10
RESP08091,STU167,Q003-04,ASS003,1,2024-11-10
RESP08092,STU167,Q003-05,ASS003,1,2024-11-10
RESP08093,STU167,Q003-06,ASS003,0,2024-11-10
RESP08094,STU167,Q003-07,ASS003,1,2024-11-10
RESP08095,STU167,Q003-08,ASS003,0,2024-11-10
RESP08096,STU167,Q003-09,ASS003,1,2024-11-10
RESP08097,STU167,Q003-10,ASS003,0,2024-11-10
RESP08098,STU167,Q003-11,ASS003,1,2024-11-10
RESP08099,STU167,Q003-12,ASS003,0,2024-11-10
RESP08100,STU167,Q003-13,ASS003,0,2024-11-10
RESP08101,STU167,Q003-14,ASS003,1,2024-11-10
RESP08102,STU167,Q003-15,ASS003,1,2024-11-10
RESP08103,STU167,Q003-16,ASS003,0,2024-11-10
RESP08104,STU167,Q003-17,ASS003,1,2024-11-10
RESP08105,STU167,Q003-18,ASS003,1,2024-11-10
RESP08106,STU168,Q003-01,ASS003,1,2024-11-10
RESP08107,STU168,Q003-02,ASS003,0,2024-11-10
RESP08108,STU168,Q003-03,ASS003,0,2024-11-10
RESP08109,STU168,Q003-04,ASS003,0,2024-11-10
RESP08110,STU168,Q003-05,ASS003,0,2024-11-10
RESP08111,STU168,Q003-06,ASS003,1,2024-11-10
RESP08112,STU168,Q003-07,ASS003,0,2024-11-10
RESP08113,STU168,Q003-08,ASS003,0,2024-11-10
RESP08114,STU168,Q003-09,ASS003,0,2024-11-10
RESP08115,STU168,Q003-10,ASS003,1,2024-11-10
RESP08116,STU168,Q003-11,ASS003,1,2024-11-10
RESP08117,STU168,Q003-12,ASS003,0,2024-11-10
RESP08118,STU168,Q003-13,ASS003,0,2024-11-10
RESP08119,STU168,Q003-14,ASS003,0,2024-11-10
RESP08120,STU168,Q003-15,ASS003,1,2024-11-10
RESP08121,STU168,Q003-16,ASS003,0,2024-11-10
RESP08122,STU168,Q003-17,ASS003,0,2024-11-10
RESP08123,STU168,Q003-18,ASS003,1,2024-11-10
RESP08124,STU169,Q003-01,ASS003,0,2024-11-10
RESP08125,STU169,Q003-02,ASS003,0,2024-11-10
RESP08126,STU169,Q003-03,ASS003,1,2024-11-10
RESP08127,STU169,Q003-04,ASS003,0,2024-11-10
RESP08128,STU169,Q003-05,ASS003,1,2024-11-10
RESP08129,STU169,Q003-06,ASS003,1,2024-11-10
RESP08130,STU169,Q003-07,ASS003,0,2024-11-10
RESP08131,STU169,Q003-08,ASS003,0,2024-11-10
RESP08132,STU169,Q003-08,ASS003,0,2024-11-10
RESP08133,STU169,Q003-09,ASS003,0,2024-11-10
RESP08134,STU169,Q003-10,ASS003,0,2024-11-10
RESP08135,STU169,Q003-11,ASS003,1,2024-11-10
RESP08136,STU169,Q003-12,ASS003,0,2024-11-10
RESP08137,STU169,Q003-13,ASS003,0,2024-11-10
RESP08138,STU169,Q003-14,ASS003,0,2024-11-10
RESP08139,STU169,Q003-15,ASS003,0,2024-11-10
RESP08140,STU169,Q003-16,ASS003,0,2024-11-10
RESP08141,STU169,Q003-17,ASS003,0,2024-11-10
RESP08142,STU169,Q003-18,ASS003,0,2024-11-10
RESP08143,STU170,Q003-01,ASS003,1,2024-11-10
RESP08144,STU170,Q003-02,ASS003,1,2024-11-10
RESP08145,STU170,Q003-03,ASS003,1,2024-11-10
RESP08146,STU170,Q003-04,ASS003,1,2024-11-10
RESP08147,STU170,Q003-05,ASS003,1,2024-11-10
RESP08148,STU170,Q003-06,ASS003,1,2024-11-10
RESP08149,STU170,Q003-07,ASS003,1,2024-11-10
RESP08150,STU170,Q003-07,ASS003,1,2024-11-10
RESP08151,STU170,Q003-08,ASS003,1,2024-11-10
RESP08152,STU170,Q003-08,ASS003,1,2024-11-10
RESP08153,STU170,Q003-09,ASS003,1,2024-11-10
RESP08154,STU170,Q003-10,ASS003,1,2024-11-10
RESP08155,STU170,Q003-11,ASS003,1,2024-11-10
RESP08156,STU170,Q003-12,ASS003,1,2024-11-10
RESP08157,STU170,Q003-13,ASS003,1,2024-11-10
RESP08158,STU170,Q003-14,ASS003,1,2024-11-10
RESP08159,STU170,Q003-15,ASS003,1,2024-11-10
RESP08160,STU170,Q003-16,ASS003,1,2024-11-10
RESP08161,STU170,Q003-17,ASS003,1,2024-11-10
RESP08162,STU170,Q003-18,ASS003,1,2024-11-10
RESP08163,STU171,Q003-01,ASS003,0,2024-11-10
RESP08164,STU171,Q003-02,ASS003,1,2024-11-10
RESP08165,STU171,Q003-03,ASS003,1,2024-11-10
RESP08166,STU171,Q003-04,ASS003,1,2024-11-10
RESP08167,STU171,Q003-05,ASS003,0,2024-11-10
RESP08168,STU171,Q003-06,ASS003,1,2024-11-10
RESP08169,STU171,Q003-07,ASS003,0,2024-11-10
RESP08170,STU171,Q003-08,ASS003,1,2024-11-10
RESP08171,STU171,Q003-09,ASS003,0,2024-11-10
RESP08172,STU171,Q003-10,ASS003,0,2024-11-10
RESP08173,STU171,Q003-11,ASS003,0,2024-11-10
RESP08174,STU171,Q003-12,ASS003,0,2024-11-10
RESP08175,STU171,Q003-13,ASS003,0,2024-11-10
RESP08176,STU171,Q003-14,ASS003,1,2024-11-10
RESP08177,STU171,Q003-15,ASS003,0,2024-11-10
RESP08178,STU171,Q003-16,ASS003,0,2024-11-10
RESP08179,STU171,Q003-17,ASS003,0,2024-11-10
RESP08180,STU171,Q003-18,ASS003,1,2024-11-10
RESP08181,STU172,Q003-01,ASS003,1,2024-11-10
RESP08182,STU172,Q003-02,ASS003,1,2024-11-10
RESP08183,STU172,Q003-03,ASS003,1,2024-11-10
RESP08184,STU172,Q003-04,ASS003,0,2024-11-10
RESP08185,STU172,Q003-05,ASS003,1,2024-11-10
RESP08186,STU172,Q003-06,ASS003,1,2024-11-10
RESP08187,STU172,Q003-07,ASS003,1,2024-11-10
RESP08188,STU172,Q003-08,ASS003,0,2024-11-10
RESP08189,STU172,Q003-09,ASS003,1,2024-11-10
RESP08190,STU172,Q003-10,ASS003,0,2024-11-10
RESP08191,STU172,Q003-11,ASS003,0,2024-11-10
RESP08192,STU172,Q003-12,ASS003,0,2024-11-10
RESP08193,STU172,Q003-13,ASS003,1,2024-11-10
RESP08194,STU172,Q003-14,ASS003,1,2024-11-10
RESP08195,STU172,Q003-15,ASS003,1,2024-11-10
RESP08196,STU172,Q003-16,ASS003,1,2024-11-10
RESP08197,STU172,Q003-17,ASS003,1,2024-11-10
RESP08198,STU172,Q003-18,ASS003,1,2024-11-10
RESP08199,STU173,Q003-01,ASS003,1,2024-11-10
RESP08200,STU173,Q003-02,ASS003,0,2024-11-10
RESP08201,STU173,Q003-03,ASS003,1,2024-11-10
RESP08202,STU173,Q003-04,ASS003,0,2024-11-10
RESP08203,STU173,Q003-05,ASS003,1,2024-11-10
RESP08204,STU173,Q003-06,ASS003,1,2024-11-10
RESP08205,STU173,Q003-07,ASS003,0,2024-11-10
RESP08206,STU173,Q003-08,ASS003,0,2024-11-10
RESP08207,STU173,Q003-09,ASS003,0,2024-11-10
RESP08208,STU173,Q003-10,ASS003,1,2024-11-10
RESP08209,STU173,Q003-11,ASS003,1,2024-11-10
RESP08210,STU173,Q003-12,ASS003,1,2024-11-10
RESP08211,STU173,Q003-13,ASS003,0,2024-11-10
RESP08212,STU173,Q003-14,ASS003,0,2024-11-10
RESP08213,STU173,Q003-15,ASS003,0,2024-11-10
RESP08214,STU173,Q003-16,ASS003,0,2024-11-10
RESP08215,STU173,Q003-17,ASS003,0,2024-11-10
RESP08216,STU173,Q003-18,ASS003,1,2024-11-10
RESP08217,STU174,Q003-01,ASS003,1,2024-11-10
RESP08218,STU174,Q003-02,ASS003,1,2024-11-10
RESP08219,STU174,Q003-03,ASS003,0,2024-11-10
RESP08220,STU174,Q003-04,ASS003,0,2024-11-10
RESP08221,STU174,Q003-04,ASS003,0,2024-11-10
RESP08222,STU174,Q003-05,ASS003,0,2024-11-10
RESP08223,STU174,Q003-06,ASS003,0,2024-11-10
RESP08224,STU174,Q003-07,ASS003,0,2024-11-10
RESP08225,STU174,Q003-08,ASS003,0,2024-11-10
RESP08226,STU174,Q003-09,ASS003,0,2024-11-10
RESP08227,STU174,Q003-10,ASS003,0,2024-11-10
RESP08228,STU174,Q003-11,ASS003,1,2024-11-10
RESP08229,STU174,Q003-12,ASS003,0,2024-11-10
RESP08230,STU174,Q003-13,ASS003,1,2024-11-10
RESP08231,STU174,Q003-14,ASS003,0,2024-11-10
RESP08232,STU174,Q003-15,ASS003,1,2024-11-10
RESP08233,STU174,Q003-16,ASS003,0,2024-11-10
RESP08234,STU174,Q003-17,ASS003,0,2024-11-10
RESP08235,STU174,Q003-18,ASS003,1,2024-11-10
RESP08236,STU175,Q003-01,ASS003,1,2024-11-10
RESP08237,STU175,Q003-02,ASS003,1,2024-11-10
RESP08238,STU175,Q003-03,ASS003,1,2024-11-10
RESP08239,STU175,Q003-04,ASS003,0,2024-11-10
RESP08240,STU175,Q003-05,ASS003,0,2024-11-10
RESP08241,STU175,Q003-06,ASS003,1,2024-11-10
RESP08242,STU175,Q003-07,ASS003,0,2024-11-10
RESP08243,STU175,Q003-08,ASS003,0,2024-11-10
RESP08244,STU175,Q003-09,ASS003,1,2024-11-10
RESP08245,STU175,Q003-10,ASS003,1,2024-11-10
RESP08246,STU175,Q003-11,ASS003,1,2024-11-10
RESP08247,STU175,Q003-12,ASS003,0,2024-11-10
RESP08248,STU175,Q003-13,ASS003,0,2024-11-10
RESP08249,STU175,Q003-14,ASS003,0,2024-11-10
RESP08250,STU175,Q003-15,ASS003,0,2024-11-10
RESP08251,STU175,Q003-16,ASS003,0,2024-11-10
RESP08252,STU175,Q003-17,ASS003,0,2024-11-10
RESP08253,STU175,Q003-18,ASS003,0,2024-11-10
RESP08254,STU176,Q003-01,ASS003,1,2024-11-10
RESP08255,STU176,Q003-02,ASS003,1,2024-11-10
RESP08256,STU176,Q003-03,ASS003,1,2024-11-10
RESP08257,STU176,Q003-04,ASS003,1,2024-11-10
RESP08258,STU176,Q003-05,ASS003,0,2024-11-10
RESP08259,STU176,Q003-06,ASS003,0,2024-11-10
RESP08260,STU176,Q003-07,ASS003,1,2024-11-10
RESP08261,STU176,Q003-08,ASS003,1,2024-11-10
RESP08262,STU176,Q003-09,ASS003,0,2024-11-10
RESP08263,STU176,Q003-10,ASS003,1,2024-11-10
RESP08264,STU176,Q003-11,ASS003,1,2024-11-10
RESP08265,STU176,Q003-12,ASS003,1,2024-11-10
RESP08266,STU176,Q003-13,ASS003,0,2024-11-10
RESP08267,STU176,Q003-14,ASS003,1,2024-11-10
RESP08268,STU176,Q003-15,ASS003,1,2024-11-10
RESP08269,STU176,Q003-16,ASS003,1,2024-11-10
RESP08270,STU176,Q003-17,ASS003,0,2024-11-10
RESP08271,STU176,Q003-18,ASS003,1,2024-11-10
RESP08272,STU177,Q003-01,ASS003,1,2024-11-10
RESP08273,STU177,Q003-02,ASS003,1,2024-11-10
RESP08274,STU177,Q003-03,ASS003,1,2024-11-10
RESP08275,STU177,Q003-04,ASS003,0,2024-11-10
RESP08276,STU177,Q003-05,ASS003,1,2024-11-10
RESP08277,STU177,Q003-06,ASS003,1,2024-11-10
RESP08278,STU177,Q003-07,ASS003,0,2024-11-10
RESP08279,STU177,Q003-07,ASS003,0,2024-11-10
RESP08280,STU177,Q003-08,ASS003,1,2024-11-10
RESP08281,STU177,Q003-09,ASS003,1,2024-11-10
RESP08282,STU177,Q003-10,ASS003,1,2024-11-10
RESP08283,STU177,Q003-11,ASS003,1,2024-11-10
RESP08284,STU177,Q003-12,ASS003,1,2024-11-10
RESP08285,STU177,Q003-13,ASS003,1,2024-11-10
RESP08286,STU177,Q003-14,ASS003,1,2024-11-10
RESP08287,STU177,Q003-15,ASS003,1,2024-11-10
RESP08288,STU177,Q003-16,ASS003,1,2024-11-10
RESP08289,STU177,Q003-17,ASS003,1,2024-11-10
RESP08290,STU177,Q003-18,ASS003,1,2024-11-10
RESP08291,STU178,Q003-01,ASS003,1,2024-11-10
RESP08292,STU178,Q003-02,ASS003,1,2024-11-10
RESP08293,STU178,Q003-03,ASS003,0,2024-11-10
RESP08294,STU178,Q003-04,ASS003,1,2024-11-10
RESP08295,STU178,Q003-05,ASS003,0,2024-11-10
RESP08296,STU178,Q003-06,ASS003,0,2024-11-10
RESP08297,STU178,Q003-07,ASS003,0,2024-11-10
RESP08298,STU178,Q003-08,ASS003,0,2024-11-10
RESP08299,STU178,Q003-09,ASS003,0,2024-11-10
RESP08300,STU178,Q003-10,ASS003,0,2024-11-10
RESP08301,STU178,Q003-11,ASS003,0,2024-11-10
RESP08302,STU178,Q003-12,ASS003,0,2024-11-10
RESP08303,STU178,Q003-13,ASS003,0,2024-11-10
RESP08304,STU178,Q003-14,ASS003,1,2024-11-10
RESP08305,STU178,Q003-15,ASS003,0,2024-11-10
RESP08306,STU178,Q003-16,ASS003,1,2024-11-10
RESP08307,STU178,Q003-17,ASS003,0,2024-11-10
RESP08308,STU178,Q003-18,ASS003,0,2024-11-10
RESP08309,STU179,Q003-01,ASS003,1,2024-11-10
RESP08310,STU179,Q003-02,ASS003,1,2024-11-10
RESP08311,STU179,Q003-03,ASS003,0,2024-11-10
RESP08312,STU179,Q003-04,ASS003,0,2024-11-10
RESP08313,STU179,Q003-05,ASS003,0,2024-11-10
RESP08314,STU179,Q003-06,ASS003,0,2024-11-10
RESP08315,STU179,Q003-07,ASS003,1,2024-11-10
RESP08316,STU179,Q003-08,ASS003,0,2024-11-10
RESP08317,STU179,Q003-09,ASS003,0,2024-11-10
RESP08318,STU179,Q003-10,ASS003,1,2024-11-10
RESP08319,STU179,Q003-11,ASS003,1,2024-11-10
RESP08320,STU179,Q003-12,ASS003,1,2024-11-10
RESP08321,STU179,Q003-13,ASS003,0,2024-11-10
RESP08322,STU179,Q003-14,ASS003,0,2024-11-10
RESP08323,STU179,Q003-15,ASS003,1,2024-11-10
RESP08324,STU179,Q003-16,ASS003,0,2024-11-10
RESP08325,STU179,Q003-17,ASS003,0,2024-11-10
RESP08326,STU179,Q003-18,ASS003,0,2024-11-10
RESP08327,STU180,Q003-01,ASS003,1,2024-11-10
RESP08328,STU180,Q003-02,ASS003,0,2024-11-10
RESP08329,STU180,Q003-03,ASS003,1,2024-11-10
RESP08330,STU180,Q003-04,ASS003,0,2024-11-10
RESP08331,STU180,Q003-05,ASS003,0,2024-11-10
RESP08332,STU180,Q003-06,ASS003,1,2024-11-10
RESP08333,STU180,Q003-07,ASS003,1,2024-11-10
RESP08334,STU180,Q003-08,ASS003,0,2024-11-10
RESP08335,STU180,Q003-08,ASS003,0,2024-11-10
RESP08336,STU180,Q003-09,ASS003,0,2024-11-10
RESP08337,STU180,Q003-10,ASS003,1,2024-11-10
RESP08338,STU180,Q003-11,ASS003,0,2024-11-10
RESP08339,STU180,Q003-12,ASS003,1,2024-11-10
RESP08340,STU180,Q003-12,ASS003,1,2024-11-10
RESP08341,STU180,Q003-13,ASS003,1,2024-11-10
RESP08342,STU180,Q003-14,ASS003,0,2024-11-10
RESP08343,STU180,Q003-15,ASS003,0,2024-11-10
RESP08344,STU180,Q003-16,ASS003,0,2024-11-10
RESP08345,STU180,Q003-17,ASS003,0,2024-11-10
RESP08346,STU180,Q003-18,ASS003,0,2024-11-10
RESP08347,STU001,Q004-01,ASS004,0,2024-12-01
RESP08348,STU001,Q004-02,ASS004,1,2024-12-01
RESP08349,STU001,Q004-03,ASS004,1,2024-12-01
RESP08350,STU001,Q004-04,ASS004,1,2024-12-01
RESP08351,STU001,Q004-05,ASS004,1,2024-12-01
RESP08352,STU001,Q004-06,ASS004,1,2024-12-01
RESP08353,STU001,Q004-07,ASS004,1,2024-12-01
RESP08354,STU001,Q004-08,ASS004,1,2024-12-01
RESP08355,STU001,Q004-09,ASS004,1,2024-12-01
RESP08356,STU001,Q004-10,ASS004,1,2024-12-01
RESP08357,STU002,Q004-01,ASS004,0,2024-12-01
RESP08358,STU002,Q004-02,ASS004,1,2024-12-01
RESP08359,STU002,Q004-03,ASS004,1,2024-12-01
RESP08360,STU002,Q004-04,ASS004,1,2024-12-01
RESP08361,STU002,Q004-05,ASS004,1,2024-12-01
RESP08362,STU002,Q004-05,ASS004,1,2024-12-01
RESP08363,STU002,Q004-06,ASS004,1,2024-12-01
RESP08364,STU002,Q004-07,ASS004,0,2024-12-01
RESP08365,STU002,Q004-08,ASS004,0,2024-12-01
RESP08366,STU002,Q004-09,ASS004,1,2024-12-01
RESP08367,STU002,Q004-10,ASS004,1,2024-12-01
RESP08368,STU003,Q004-01,ASS004,0,2024-12-01
RESP08369,STU003,Q004-02,ASS004,0,2024-12-01
RESP08370,STU003,Q004-03,ASS004,0,2024-12-01
RESP08371,STU003,Q004-04,ASS004,1,2024-12-01
RESP08372,STU003,Q004-05,ASS004,1,2024-12-01
RESP08373,STU003,Q004-06,ASS004,0,2024-12-01
RESP08374,STU003,Q004-07,ASS004,0,2024-12-01
RESP08375,STU003,Q004-08,ASS004,1,2024-12-01
RESP08376,STU003,Q004-09,ASS004,0,2024-12-01
RESP08377,STU003,Q004-10,ASS004,1,2024-12-01
RESP08378,STU004,Q004-01,ASS004,1,2024-12-01
RESP08379,STU004,Q004-02,ASS004,1,2024-12-01
RESP08380,STU004,Q004-03,ASS004,1,2024-12-01
RESP08381,STU004,Q004-04,ASS004,1,2024-12-01
RESP08382,STU004,Q004-05,ASS004,1,2024-12-01
RESP08383,STU004,Q004-06,ASS004,1,2024-12-01
RESP08384,STU004,Q004-07,ASS004,1,2024-12-01
RESP08385,STU004,Q004-08,ASS004,1,2024-12-01
RESP08386,STU004,Q004-09,ASS004,1,2024-12-01
RESP08387,STU004,Q004-10,ASS004,1,2024-12-01
RESP08388,STU005,Q004-01,ASS004,1,2024-12-01
RESP08389,STU005,Q004-02,ASS004,1,2024-12-01
RESP08390,STU005,Q004-03,ASS004,1,2024-12-01
RESP08391,STU005,Q004-04,ASS004,1,2024-12-01
RESP08392,STU005,Q004-05,ASS004,1,2024-12-01
RESP08393,STU005,Q004-06,ASS004,1,2024-12-01
RESP08394,STU005,Q004-07,ASS004,0,2024-12-01
RESP08395,STU005,Q004-08,ASS004,1,2024-12-01
RESP08396,STU005,Q004-09,ASS004,1,2024-12-01
RESP08397,STU005,Q004-10,ASS004,1,2024-12-01
RESP08398,STU006,Q004-01,ASS004,1,2024-12-01
RESP08399,STU006,Q004-02,ASS004,0,2024-12-01
RESP08400,STU006,Q004-03,ASS004,1,2024-12-01
RESP08401,STU006,Q004-04,ASS004,0,2024-12-01
RESP08402,STU006,Q004-05,ASS004,0,2024-12-01
RESP08403,STU006,Q004-06,ASS004,0,2024-12-01
RESP08404,STU006,Q004-07,ASS004,1,2024-12-01
RESP08405,STU006,Q004-08,ASS004,0,2024-12-01
RESP08406,STU006,Q004-09,ASS004,0,2024-12-01
RESP08407,STU006,Q004-10,ASS004,0,2024-12-01
RESP08408,STU007,Q004-01,ASS004,1,2024-12-01
RESP08409,STU007,Q004-01,ASS004,1,2024-12-01
RESP08410,STU007,Q004-02,ASS004,0,2024-12-01
RESP08411,STU007,Q004-03,ASS004,1,2024-12-01
RESP08412,STU007,Q004-04,ASS004,1,2024-12-01
RESP08413,STU007,Q004-05,ASS004,1,2024-12-01
RESP08414,STU007,Q004-06,ASS004,1,2024-12-01
RESP08415,STU007,Q004-07,ASS004,1,2024-12-01
RESP08416,STU007,Q004-08,ASS004,1,2024-12-01
RESP08417,STU007,Q004-09,ASS004,1,2024-12-01
RESP08418,STU007,Q004-09,ASS004,1,2024-12-01
RESP08419,STU007,Q004-10,ASS004,0,2024-12-01
RESP08420,STU008,Q004-01,ASS004,1,2024-12-01
RESP08421,STU008,Q004-02,ASS004,1,2024-12-01
RESP08422,STU008,Q004-03,ASS004,1,2024-12-01
RESP08423,STU008,Q004-04,ASS004,1,2024-12-01
RESP08424,STU008,Q004-05,ASS004,1,2024-12-01
RESP08425,STU008,Q004-06,ASS004,1,2024-12-01
RESP08426,STU008,Q004-07,ASS004,1,2024-12-01
RESP08427,STU008,Q004-08,ASS004,1,2024-12-01
RESP08428,STU008,Q004-09,ASS004,1,2024-12-01
RESP08429,STU008,Q004-10,ASS004,1,2024-12-01
RESP08430,STU009,Q004-01,ASS004,1,2024-12-01
RESP08431,STU009,Q004-02,ASS004,1,2024-12-01
RESP08432,STU009,Q004-03,ASS004,1,2024-12-01
RESP08433,STU009,Q004-04,ASS004,1,2024-12-01
RESP08434,STU009,Q004-05,ASS004,1,2024-12-01
RESP08435,STU009,Q004-06,ASS004,1,2024-12-01
RESP08436,STU009,Q004-07,ASS004,1,2024-12-01
RESP08437,STU009,Q004-08,ASS004,1,2024-12-01
RESP08438,STU009,Q004-09,ASS004,1,2024-12-01
RESP08439,STU009,Q004-10,ASS004,1,2024-12-01
RESP08440,STU010,Q004-01,ASS004,1,2024-12-01
RESP08441,STU010,Q004-02,ASS004,1,2024-12-01
RESP08442,STU010,Q004-03,ASS004,1,2024-12-01
RESP08443,STU010,Q004-04,ASS004,1,2024-12-01
RESP08444,STU010,Q004-05,ASS004,0,2024-12-01
RESP08445,STU010,Q004-06,ASS004,0,2024-12-01
RESP08446,STU010,Q004-07,ASS004,1,2024-12-01
RESP08447,STU010,Q004-08,ASS004,1,2024-12-01
RESP08448,STU010,Q004-09,ASS004,1,2024-12-01
RESP08449,STU010,Q004-10,ASS004,1,2024-12-01
RESP08450,STU011,Q004-01,ASS004,1,2024-12-01
RESP08451,STU011,Q004-02,ASS004,1,2024-12-01
RESP08452,STU011,Q004-03,ASS004,1,2024-12-01
RESP08453,STU011,Q004-04,ASS004,1,2024-12-01
RESP08454,STU011,Q004-05,ASS004,1,2024-12-01
RESP08455,STU011,Q004-06,ASS004,0,2024-12-01
RESP08456,STU011,Q004-07,ASS004,1,2024-12-01
RESP08457,STU011,Q004-08,ASS004,1,2024-12-01
RESP08458,STU011,Q004-09,ASS004,1,2024-12-01
RESP08459,STU011,Q004-09,ASS004,1,2024-12-01
RESP08460,STU011,Q004-10,ASS004,1,2024-12-01
RESP08461,STU012,Q004-01,ASS004,1,2024-12-01
RESP08462,STU012,Q004-02,ASS004,1,2024-12-01
RESP08463,STU012,Q004-02,ASS004,1,2024-12-01
RESP08464,STU012,Q004-03,ASS004,1,2024-12-01
RESP08465,STU012,Q004-04,ASS004,1,2024-12-01
RESP08466,STU012,Q004-05,ASS004,0,2024-12-01
RESP08467,STU012,Q004-06,ASS004,0,2024-12-01
RESP08468,STU012,Q004-07,ASS004,1,2024-12-01
RESP08469,STU012,Q004-08,ASS004,1,2024-12-01
RESP08470,STU012,Q004-09,ASS004,0,2024-12-01
RESP08471,STU012,Q004-10,ASS004,1,2024-12-01
RESP08472,STU013,Q004-01,ASS004,1,2024-12-01
RESP08473,STU013,Q004-02,ASS004,1,2024-12-01
RESP08474,STU013,Q004-03,ASS004,1,2024-12-01
RESP08475,STU013,Q004-04,ASS004,0,2024-12-01
RESP08476,STU013,Q004-05,ASS004,1,2024-12-01
RESP08477,STU013,Q004-06,ASS004,1,2024-12-01
RESP08478,STU013,Q004-07,ASS004,1,2024-12-01
RESP08479,STU013,Q004-08,ASS004,1,2024-12-01
RESP08480,STU013,Q004-09,ASS004,1,2024-12-01
RESP08481,STU013,Q004-10,ASS004,1,2024-12-01
RESP08482,STU014,Q004-01,ASS004,1,2024-12-01
RESP08483,STU014,Q004-02,ASS004,1,2024-12-01
RESP08484,STU014,Q004-03,ASS004,1,2024-12-01
RESP08485,STU014,Q004-04,ASS004,1,2024-12-01
RESP08486,STU014,Q004-05,ASS004,1,2024-12-01
RESP08487,STU014,Q004-06,ASS004,1,2024-12-01
RESP08488,STU014,Q004-07,ASS004,1,2024-12-01
RESP08489,STU014,Q004-08,ASS004,1,2024-12-01
RESP08490,STU014,Q004-09,ASS004,1,2024-12-01
RESP08491,STU014,Q004-10,ASS004,1,2024-12-01
RESP08492,STU015,Q004-01,ASS004,1,2024-12-01
RESP08493,STU015,Q004-02,ASS004,1,2024-12-01
RESP08494,STU015,Q004-03,ASS004,1,2024-12-01
RESP08495,STU015,Q004-04,ASS004,1,2024-12-01
RESP08496,STU015,Q004-05,ASS004,0,2024-12-01
RESP08497,STU015,Q004-06,ASS004,1,2024-12-01
RESP08498,STU015,Q004-07,ASS004,1,2024-12-01
RESP08499,STU015,Q004-08,ASS004,1,2024-12-01
RESP08500,STU015,Q004-09,ASS004,1,2024-12-01
RESP08501,STU015,Q004-10,ASS004,1,2024-12-01
RESP08502,STU016,Q004-01,ASS004,1,2024-12-01
RESP08503,STU016,Q004-02,ASS004,1,2024-12-01
RESP08504,STU016,Q004-03,ASS004,1,2024-12-01
RESP08505,STU016,Q004-04,ASS004,1,2024-12-01
RESP08506,STU016,Q004-05,ASS004,1,2024-12-01
RESP08507,STU016,Q004-06,ASS004,1,2024-12-01
RESP08508,STU016,Q004-07,ASS004,1,2024-12-01
RESP08509,STU016,Q004-08,ASS004,1,2024-12-01
RESP08510,STU016,Q004-09,ASS004,1,2024-12-01
RESP08511,STU016,Q004-10,ASS004,1,2024-12-01
RESP08512,STU017,Q004-01,ASS004,1,2024-12-01
RESP08513,STU017,Q004-02,ASS004,1,2024-12-01
RESP08514,STU017,Q004-03,ASS004,1,2024-12-01
RESP08515,STU017,Q004-04,ASS004,1,2024-12-01
RESP08516,STU017,Q004-05,ASS004,1,2024-12-01
RESP08517,STU017,Q004-06,ASS004,1,2024-12-01
RESP08518,STU017,Q004-07,ASS004,0,2024-12-01
RESP08519,STU017,Q004-08,ASS004,1,2024-12-01
RESP08520,STU017,Q004-09,ASS004,1,2024-12-01
RESP08521,STU017,Q004-10,ASS004,1,2024-12-01
RESP08522,STU018,Q004-01,ASS004,1,2024-12-01
RESP08523,STU018,Q004-02,ASS004,1,2024-12-01
RESP08524,STU018,Q004-03,ASS004,1,2024-12-01
RESP08525,STU018,Q004-04,ASS004,1,2024-12-01
RESP08526,STU018,Q004-05,ASS004,0,2024-12-01
RESP08527,STU018,Q004-06,ASS004,1,2024-12-01
RESP08528,STU018,Q004-07,ASS004,1,2024-12-01
RESP08529,STU018,Q004-08,ASS004,1,2024-12-01
RESP08530,STU018,Q004-09,ASS004,1,2024-12-01
RESP08531,STU018,Q004-10,ASS004,1,2024-12-01
RESP08532,STU019,Q004-01,ASS004,1,2024-12-01
RESP08533,STU019,Q004-02,ASS004,1,2024-12-01
RESP08534,STU019,Q004-03,ASS004,1,2024-12-01
RESP08535,STU019,Q004-04,ASS004,1,2024-12-01
RESP08536,STU019,Q004-05,ASS004,1,2024-12-01
RESP08537,STU019,Q004-06,ASS004,1,2024-12-01
RESP08538,STU019,Q004-07,ASS004,1,2024-12-01
RESP08539,STU019,Q004-08,ASS004,1,2024-12-01
RESP08540,STU019,Q004-09,ASS004,1,2024-12-01
RESP08541,STU019,Q004-10,ASS004,1,2024-12-01
RESP08542,STU020,Q004-01,ASS004,1,2024-12-01
RESP08543,STU020,Q004-02,ASS004,1,2024-12-01
RESP08544,STU020,Q004-03,ASS004,1,2024-12-01
RESP08545,STU020,Q004-04,ASS004,0,2024-12-01
RESP08546,STU020,Q004-04,ASS004,0,2024-12-01
RESP08547,STU020,Q004-05,ASS004,1,2024-12-01
RESP08548,STU020,Q004-06,ASS004,1,2024-12-01
RESP08549,STU020,Q004-07,ASS004,1,2024-12-01
RESP08550,STU020,Q004-08,ASS004,1,2024-12-01
RESP08551,STU020,Q004-09,ASS004,1,2024-12-01
RESP08552,STU020,Q004-10,ASS004,1,2024-12-01
RESP08553,STU021,Q004-01,ASS004,1,2024-12-01
RESP08554,STU021,Q004-02,ASS004,1,2024-12-01
RESP08555,STU021,Q004-03,ASS004,1,2024-12-01
RESP08556,STU021,Q004-04,ASS004,1,2024-12-01
RESP08557,STU021,Q004-05,ASS004,1,2024-12-01
RESP08558,STU021,Q004-06,ASS004,1,2024-12-01
RESP08559,STU021,Q004-07,ASS004,1,2024-12-01
RESP08560,STU021,Q004-07,ASS004,1,2024-12-01
RESP08561,STU021,Q004-08,ASS004,1,2024-12-01
RESP08562,STU021,Q004-09,ASS004,1,2024-12-01
RESP08563,STU021,Q004-10,ASS004,1,2024-12-01
RESP08564,STU021,Q004-10,ASS004,1,2024-12-01
RESP08565,STU022,Q004-01,ASS004,1,2024-12-01
RESP08566,STU022,Q004-02,ASS004,1,2024-12-01
RESP08567,STU022,Q004-03,ASS004,1,2024-12-01
RESP08568,STU022,Q004-04,ASS004,1,2024-12-01
RESP08569,STU022,Q004-05,ASS004,1,2024-12-01
RESP08570,STU022,Q004-06,ASS004,1,2024-12-01
RESP08571,STU022,Q004-07,ASS004,1,2024-12-01
RESP08572,STU022,Q004-08,ASS004,1,2024-12-01
RESP08573,STU022,Q004-09,ASS004,1,2024-12-01
RESP08574,STU022,Q004-10,ASS004,1,2024-12-01
RESP08575,STU023,Q004-01,ASS004,1,2024-12-01
RESP08576,STU023,Q004-02,ASS004,0,2024-12-01
RESP08577,STU023,Q004-03,ASS004,1,2024-12-01
RESP08578,STU023,Q004-04,ASS004,1,2024-12-01
RESP08579,STU023,Q004-05,ASS004,1,2024-12-01
RESP08580,STU023,Q004-06,ASS004,1,2024-12-01
RESP08581,STU023,Q004-07,ASS004,0,2024-12-01
RESP08582,STU023,Q004-08,ASS004,1,2024-12-01
RESP08583,STU023,Q004-09,ASS004,1,2024-12-01
RESP08584,STU023,Q004-10,ASS004,0,2024-12-01
RESP08585,STU024,Q004-01,ASS004,1,2024-12-01
RESP08586,STU024,Q004-02,ASS004,1,2024-12-01
RESP08587,STU024,Q004-03,ASS004,1,2024-12-01
RESP08588,STU024,Q004-04,ASS004,1,2024-12-01
RESP08589,STU024,Q004-05,ASS004,1,2024-12-01
RESP08590,STU024,Q004-06,ASS004,1,2024-12-01
RESP08591,STU024,Q004-07,ASS004,1,2024-12-01
RESP08592,STU024,Q004-08,ASS004,1,2024-12-01
RESP08593,STU024,Q004-09,ASS004,1,2024-12-01
RESP08594,STU024,Q004-10,ASS004,1,2024-12-01
RESP08595,STU025,Q004-01,ASS004,1,2024-12-01
RESP08596,STU025,Q004-02,ASS004,1,2024-12-01
RESP08597,STU025,Q004-03,ASS004,1,2024-12-01
RESP08598,STU025,Q004-04,ASS004,1,2024-12-01
RESP08599,STU025,Q004-05,ASS004,1,2024-12-01
RESP08600,STU025,Q004-06,ASS004,1,2024-12-01
RESP08601,STU025,Q004-07,ASS004,1,2024-12-01
RESP08602,STU025,Q004-08,ASS004,1,2024-12-01
RESP08603,STU025,Q004-09,ASS004,1,2024-12-01
RESP08604,STU025,Q004-10,ASS004,1,2024-12-01
RESP08605,STU026,Q004-01,ASS004,1,2024-12-01
RESP08606,STU026,Q004-02,ASS004,0,2024-12-01
RESP08607,STU026,Q004-03,ASS004,1,2024-12-01
RESP08608,STU026,Q004-04,ASS004,1,2024-12-01
RESP08609,STU026,Q004-05,ASS004,1,2024-12-01
RESP08610,STU026,Q004-06,ASS004,1,2024-12-01
RESP08611,STU026,Q004-07,ASS004,0,2024-12-01
RESP08612,STU026,Q004-08,ASS004,1,2024-12-01
RESP08613,STU026,Q004-09,ASS004,1,2024-12-01
RESP08614,STU026,Q004-10,ASS004,1,2024-12-01
RESP08615,STU027,Q004-01,ASS004,1,2024-12-01
RESP08616,STU027,Q004-02,ASS004,0,2024-12-01
RESP08617,STU027,Q004-03,ASS004,1,2024-12-01
RESP08618,STU027,Q004-04,ASS004,0,2024-12-01
RESP08619,STU027,Q004-05,ASS004,1,2024-12-01
RESP08620,STU027,Q004-06,ASS004,1,2024-12-01
RESP08621,STU027,Q004-07,ASS004,1,2024-12-01
RESP08622,STU027,Q004-08,ASS004,1,2024-12-01
RESP08623,STU027,Q004-09,ASS004,1,2024-12-01
RESP08624,STU027,Q004-10,ASS004,1,2024-12-01
RESP08625,STU028,Q004-01,ASS004,1,2024-12-01
RESP08626,STU028,Q004-02,ASS004,1,2024-12-01
RESP08627,STU028,Q004-02,ASS004,1,2024-12-01
RESP08628,STU028,Q004-03,ASS004,1,2024-12-01
RESP08629,STU028,Q004-04,ASS004,1,2024-12-01
RESP08630,STU028,Q004-05,ASS004,1,2024-12-01
RESP08631,STU028,Q004-06,ASS004,1,2024-12-01
RESP08632,STU028,Q004-07,ASS004,1,2024-12-01
RESP08633,STU028,Q004-08,ASS004,1,2024-12-01
RESP08634,STU028,Q004-09,ASS004,1,2024-12-01
RESP08635,STU028,Q004-10,ASS004,1,2024-12-01
RESP08636,STU029,Q004-01,ASS004,0,2024-12-01
RESP08637,STU029,Q004-02,ASS004,0,2024-12-01
RESP08638,STU029,Q004-03,ASS004,0,2024-12-01
RESP08639,STU029,Q004-03,ASS004,0,2024-12-01
RESP08640,STU029,Q004-04,ASS004,0,2024-12-01
RESP08641,STU029,Q004-05,ASS004,0,2024-12-01
RESP08642,STU029,Q004-06,ASS004,0,2024-12-01
RESP08643,STU029,Q004-07,ASS004,0,2024-12-01
RESP08644,STU029,Q004-08,ASS004,1,2024-12-01
RESP08645,STU029,Q004-09,ASS004,0,2024-12-01
RESP08646,STU029,Q004-10,ASS004,0,2024-12-01
RESP08647,STU030,Q004-01,ASS004,1,2024-12-01
RESP08648,STU030,Q004-02,ASS004,1,2024-12-01
RESP08649,STU030,Q004-03,ASS004,1,2024-12-01
RESP08650,STU030,Q004-04,ASS004,1,2024-12-01
RESP08651,STU030,Q004-05,ASS004,1,2024-12-01
RESP08652,STU030,Q004-06,ASS004,1,2024-12-01
RESP08653,STU030,Q004-07,ASS004,0,2024-12-01
RESP08654,STU030,Q004-08,ASS004,1,2024-12-01
RESP08655,STU030,Q004-09,ASS004,1,2024-12-01
RESP08656,STU030,Q004-10,ASS004,1,2024-12-01
RESP08657,STU031,Q004-01,ASS004,1,2024-12-01
RESP08658,STU031,Q004-02,ASS004,1,2024-12-01
RESP08659,STU031,Q004-03,ASS004,1,2024-12-01
RESP08660,STU031,Q004-04,ASS004,1,2024-12-01
RESP08661,STU031,Q004-05,ASS004,1,2024-12-01
RESP08662,STU031,Q004-06,ASS004,1,2024-12-01
RESP08663,STU031,Q004-07,ASS004,1,2024-12-01
RESP08664,STU031,Q004-08,ASS004,1,2024-12-01
RESP08665,STU031,Q004-09,ASS004,1,2024-12-01
RESP08666,STU031,Q004-10,ASS004,0,2024-12-01
RESP08667,STU032,Q004-01,ASS004,1,2024-12-01
RESP08668,STU032,Q004-02,ASS004,1,2024-12-01
RESP08669,STU032,Q004-03,ASS004,1,2024-12-01
RESP08670,STU032,Q004-04,ASS004,1,2024-12-01
RESP08671,STU032,Q004-05,ASS004,1,2024-12-01
RESP08672,STU032,Q004-06,ASS004,1,2024-12-01
RESP08673,STU032,Q004-07,ASS004,1,2024-12-01
RESP08674,STU032,Q004-08,ASS004,1,2024-12-01
RESP08675,STU032,Q004-09,ASS004,1,2024-12-01
RESP08676,STU032,Q004-10,ASS004,1,2024-12-01
RESP08677,STU033,Q004-01,ASS004,1,2024-12-01
RESP08678,STU033,Q004-02,ASS004,1,2024-12-01
RESP08679,STU033,Q004-03,ASS004,1,2024-12-01
RESP08680,STU033,Q004-04,ASS004,1,2024-12-01
RESP08681,STU033,Q004-05,ASS004,1,2024-12-01
RESP08682,STU033,Q004-06,ASS004,1,2024-12-01
RESP08683,STU033,Q004-07,ASS004,1,2024-12-01
RESP08684,STU033,Q004-08,ASS004,1,2024-12-01
RESP08685,STU033,Q004-09,ASS004,1,2024-12-01
RESP08686,STU033,Q004-10,ASS004,1,2024-12-01
RESP08687,STU034,Q004-01,ASS004,1,2024-12-01
RESP08688,STU034,Q004-02,ASS004,1,2024-12-01
RESP08689,STU034,Q004-03,ASS004,1,2024-12-01
RESP08690,STU034,Q004-04,ASS004,1,2024-12-01
RESP08691,STU034,Q004-05,ASS004,1,2024-12-01
RESP08692,STU034,Q004-06,ASS004,1,2024-12-01
RESP08693,STU034,Q004-07,ASS004,1,2024-12-01
RESP08694,STU034,Q004-08,ASS004,1,2024-12-01
RESP08695,STU034,Q004-09,ASS004,1,2024-12-01
RESP08696,STU034,Q004-10,ASS004,1,2024-12-01
RESP08697,STU035,Q004-01,ASS004,0,2024-12-01
RESP08698,STU035,Q004-02,ASS004,0,2024-12-01
RESP08699,STU035,Q004-03,ASS004,1,2024-12-01
RESP08700,STU035,Q004-04,ASS004,1,2024-12-01
RESP08701,STU035,Q004-05,ASS004,1,2024-12-01
RESP08702,STU035,Q004-06,ASS004,1,2024-12-01
RESP08703,STU035,Q004-07,ASS004,1,2024-12-01
RESP08704,STU035,Q004-08,ASS004,1,2024-12-01
RESP08705,STU035,Q004-09,ASS004,1,2024-12-01
RESP08706,STU035,Q004-09,ASS004,1,2024-12-01
RESP08707,STU035,Q004-10,ASS004,0,2024-12-01
RESP08708,STU036,Q004-01,ASS004,1,2024-12-01
RESP08709,STU036,Q004-02,ASS004,1,2024-12-01
RESP08710,STU036,Q004-03,ASS004,1,2024-12-01
RESP08711,STU036,Q004-04,ASS004,1,2024-12-01
RESP08712,STU036,Q004-05,ASS004,1,2024-12-01
RESP08713,STU036,Q004-06,ASS004,1,2024-12-01
RESP08714,STU036,Q004-07,ASS004,1,2024-12-01
RESP08715,STU036,Q004-08,ASS004,1,2024-12-01
RESP08716,STU036,Q004-09,ASS004,1,2024-12-01
RESP08717,STU036,Q004-10,ASS004,1,2024-12-01
RESP08718,STU037,Q004-01,ASS004,1,2024-12-01
RESP08719,STU037,Q004-02,ASS004,1,2024-12-01
RESP08720,STU037,Q004-03,ASS004,1,2024-12-01
RESP08721,STU037,Q004-04,ASS004,1,2024-12-01
RESP08722,STU037,Q004-05,ASS004,1,2024-12-01
RESP08723,STU037,Q004-06,ASS004,1,2024-12-01
RESP08724,STU037,Q004-06,ASS004,1,2024-12-01
RESP08725,STU037,Q004-07,ASS004,0,2024-12-01
RESP08726,STU037,Q004-08,ASS004,1,2024-12-01
RESP08727,STU037,Q004-09,ASS004,1,2024-12-01
RESP08728,STU037,Q004-10,ASS004,1,2024-12-01
RESP08729,STU038,Q004-01,ASS004,0,2024-12-01
RESP08730,STU038,Q004-02,ASS004,1,2024-12-01
RESP08731,STU038,Q004-03,ASS004,1,2024-12-01
RESP08732,STU038,Q004-04,ASS004,1,2024-12-01
RESP08733,STU038,Q004-05,ASS004,1,2024-12-01
RESP08734,STU038,Q004-06,ASS004,0,2024-12-01
RESP08735,STU038,Q004-07,ASS004,0,2024-12-01
RESP08736,STU038,Q004-08,ASS004,1,2024-12-01
RESP08737,STU038,Q004-09,ASS004,0,2024-12-01
RESP08738,STU038,Q004-10,ASS004,0,2024-12-01
RESP08739,STU039,Q004-01,ASS004,1,2024-12-01
RESP08740,STU039,Q004-02,ASS004,0,2024-12-01
RESP08741,STU039,Q004-03,ASS004,1,2024-12-01
RESP08742,STU039,Q004-04,ASS004,1,2024-12-01
RESP08743,STU039,Q004-05,ASS004,1,2024-12-01
RESP08744,STU039,Q004-06,ASS004,1,2024-12-01
RESP08745,STU039,Q004-06,ASS004,1,2024-12-01
RESP08746,STU039,Q004-07,ASS004,1,2024-12-01
RESP08747,STU039,Q004-08,ASS004,1,2024-12-01
RESP08748,STU039,Q004-09,ASS004,1,2024-12-01
RESP08749,STU039,Q004-10,ASS004,1,2024-12-01
RESP08750,STU040,Q004-01,ASS004,1,2024-12-01
RESP08751,STU040,Q004-02,ASS004,0,2024-12-01
RESP08752,STU040,Q004-03,ASS004,1,2024-12-01
RESP08753,STU040,Q004-04,ASS004,1,2024-12-01
RESP08754,STU040,Q004-05,ASS004,0,2024-12-01
RESP08755,STU040,Q004-06,ASS004,0,2024-12-01
RESP08756,STU040,Q004-07,ASS004,1,2024-12-01
RESP08757,STU040,Q004-08,ASS004,1,2024-12-01
RESP08758,STU040,Q004-09,ASS004,0,2024-12-01
RESP08759,STU040,Q004-10,ASS004,1,2024-12-01
RESP08760,STU041,Q004-01,ASS004,1,2024-12-01
RESP08761,STU041,Q004-02,ASS004,1,2024-12-01
RESP08762,STU041,Q004-03,ASS004,1,2024-12-01
RESP08763,STU041,Q004-04,ASS004,1,2024-12-01
RESP08764,STU041,Q004-05,ASS004,1,2024-12-01
RESP08765,STU041,Q004-06,ASS004,0,2024-12-01
RESP08766,STU041,Q004-07,ASS004,1,2024-12-01
RESP08767,STU041,Q004-08,ASS004,1,2024-12-01
RESP08768,STU041,Q004-09,ASS004,1,2024-12-01
RESP08769,STU041,Q004-10,ASS004,1,2024-12-01
RESP08770,STU042,Q004-01,ASS004,1,2024-12-01
RESP08771,STU042,Q004-02,ASS004,1,2024-12-01
RESP08772,STU042,Q004-03,ASS004,1,2024-12-01
RESP08773,STU042,Q004-04,ASS004,1,2024-12-01
RESP08774,STU042,Q004-05,ASS004,1,2024-12-01
RESP08775,STU042,Q004-06,ASS004,1,2024-12-01
RESP08776,STU042,Q004-07,ASS004,1,2024-12-01
RESP08777,STU042,Q004-08,ASS004,1,2024-12-01
RESP08778,STU042,Q004-09,ASS004,1,2024-12-01
RESP08779,STU042,Q004-10,ASS004,1,2024-12-01
RESP08780,STU043,Q004-01,ASS004,1,2024-12-01
RESP08781,STU043,Q004-02,ASS004,1,2024-12-01
RESP08782,STU043,Q004-03,ASS004,1,2024-12-01
RESP08783,STU043,Q004-04,ASS004,1,2024-12-01
RESP08784,STU043,Q004-05,ASS004,1,2024-12-01
RESP08785,STU043,Q004-06,ASS004,1,2024-12-01
RESP08786,STU043,Q004-07,ASS004,1,2024-12-01
RESP08787,STU043,Q004-08,ASS004,1,2024-12-01
RESP08788,STU043,Q004-09,ASS004,1,2024-12-01
RESP08789,STU043,Q004-10,ASS004,1,2024-12-01
RESP08790,STU044,Q004-01,ASS004,1,2024-12-01
RESP08791,STU044,Q004-02,ASS004,1,2024-12-01
RESP08792,STU044,Q004-03,ASS004,1,2024-12-01
RESP08793,STU044,Q004-03,ASS004,1,2024-12-01
RESP08794,STU044,Q004-04,ASS004,1,2024-12-01
RESP08795,STU044,Q004-05,ASS004,1,2024-12-01
RESP08796,STU044,Q004-06,ASS004,1,2024-12-01
RESP08797,STU044,Q004-07,ASS004,1,2024-12-01
RESP08798,STU044,Q004-08,ASS004,1,2024-12-01
RESP08799,STU044,Q004-09,ASS004,0,2024-12-01
RESP08800,STU044,Q004-10,ASS004,1,2024-12-01
RESP08801,STU045,Q004-01,ASS004,1,2024-12-01
RESP08802,STU045,Q004-02,ASS004,1,2024-12-01
RESP08803,STU045,Q004-03,ASS004,1,2024-12-01
RESP08804,STU045,Q004-04,ASS004,1,2024-12-01
RESP08805,STU045,Q004-05,ASS004,1,2024-12-01
RESP08806,STU045,Q004-06,ASS004,0,2024-12-01
RESP08807,STU045,Q004-07,ASS004,0,2024-12-01
RESP08808,STU045,Q004-08,ASS004,1,2024-12-01
RESP08809,STU045,Q004-09,ASS004,1,2024-12-01
RESP08810,STU045,Q004-10,ASS004,1,2024-12-01
RESP08811,STU046,Q004-01,ASS004,1,2024-12-01
RESP08812,STU046,Q004-02,ASS004,1,2024-12-01
RESP08813,STU046,Q004-03,ASS004,1,2024-12-01
RESP08814,STU046,Q004-04,ASS004,1,2024-12-01
RESP08815,STU046,Q004-05,ASS004,1,2024-12-01
RESP08816,STU046,Q004-06,ASS004,1,2024-12-01
RESP08817,STU046,Q004-07,ASS004,1,2024-12-01
RESP08818,STU046,Q004-08,ASS004,1,2024-12-01
RESP08819,STU046,Q004-09,ASS004,1,2024-12-01
RESP08820,STU046,Q004-10,ASS004,0,2024-12-01
RESP08821,STU047,Q004-01,ASS004,0,2024-12-01
RESP08822,STU047,Q004-02,ASS004,0,2024-12-01
RESP08823,STU047,Q004-03,ASS004,1,2024-12-01
RESP08824,STU047,Q004-04,ASS004,0,2024-12-01
RESP08825,STU047,Q004-05,ASS004,1,2024-12-01
RESP08826,STU047,Q004-06,ASS004,1,2024-12-01
RESP08827,STU047,Q004-07,ASS004,0,2024-12-01
RESP08828,STU047,Q004-08,ASS004,0,2024-12-01
RESP08829,STU047,Q004-09,ASS004,1,2024-12-01
RESP08830,STU047,Q004-10,ASS004,0,2024-12-01
RESP08831,STU048,Q004-01,ASS004,1,2024-12-01
RESP08832,STU048,Q004-02,ASS004,1,2024-12-01
RESP08833,STU048,Q004-03,ASS004,0,2024-12-01
RESP08834,STU048,Q004-04,ASS004,1,2024-12-01
RESP08835,STU048,Q004-05,ASS004,1,2024-12-01
RESP08836,STU048,Q004-06,ASS004,1,2024-12-01
RESP08837,STU048,Q004-07,ASS004,1,2024-12-01
RESP08838,STU048,Q004-08,ASS004,1,2024-12-01
RESP08839,STU048,Q004-09,ASS004,1,2024-12-01
RESP08840,STU048,Q004-10,ASS004,1,2024-12-01
RESP08841,STU049,Q004-01,ASS004,1,2024-12-01
RESP08842,STU049,Q004-02,ASS004,1,2024-12-01
RESP08843,STU049,Q004-03,ASS004,1,2024-12-01
RESP08844,STU049,Q004-04,ASS004,1,2024-12-01
RESP08845,STU049,Q004-05,ASS004,1,2024-12-01
RESP08846,STU049,Q004-06,ASS004,1,2024-12-01
RESP08847,STU049,Q004-07,ASS004,1,2024-12-01
RESP08848,STU049,Q004-08,ASS004,1,2024-12-01
RESP08849,STU049,Q004-09,ASS004,0,2024-12-01
RESP08850,STU049,Q004-10,ASS004,1,2024-12-01
RESP08851,STU050,Q004-01,ASS004,0,2024-12-01
RESP08852,STU050,Q004-02,ASS004,1,2024-12-01
RESP08853,STU050,Q004-03,ASS004,1,2024-12-01
RESP08854,STU050,Q004-04,ASS004,1,2024-12-01
RESP08855,STU050,Q004-05,ASS004,1,2024-12-01
RESP08856,STU050,Q004-06,ASS004,1,2024-12-01
RESP08857,STU050,Q004-07,ASS004,1,2024-12-01
RESP08858,STU050,Q004-07,ASS004,1,2024-12-01
RESP08859,STU050,Q004-08,ASS004,1,2024-12-01
RESP08860,STU050,Q004-09,ASS004,1,2024-12-01
RESP08861,STU050,Q004-10,ASS004,1,2024-12-01
RESP08862,STU050,Q004-10,ASS004,1,2024-12-01
RESP08863,STU051,Q004-01,ASS004,1,2024-12-01
RESP08864,STU051,Q004-02,ASS004,1,2024-12-01
RESP08865,STU051,Q004-03,ASS004,1,2024-12-01
RESP08866,STU051,Q004-04,ASS004,1,2024-12-01
RESP08867,STU051,Q004-05,ASS004,1,2024-12-01
RESP08868,STU051,Q004-06,ASS004,1,2024-12-01
RESP08869,STU051,Q004-07,ASS004,1,2024-12-01
RESP08870,STU051,Q004-08,ASS004,1,2024-12-01
RESP08871,STU051,Q004-09,ASS004,1,2024-12-01
RESP08872,STU051,Q004-10,ASS004,1,2024-12-01
RESP08873,STU052,Q004-01,ASS004,1,2024-12-01
RESP08874,STU052,Q004-02,ASS004,0,2024-12-01
RESP08875,STU052,Q004-03,ASS004,1,2024-12-01
RESP08876,STU052,Q004-04,ASS004,1,2024-12-01
RESP08877,STU052,Q004-05,ASS004,0,2024-12-01
RESP08878,STU052,Q004-06,ASS004,1,2024-12-01
RESP08879,STU052,Q004-07,ASS004,1,2024-12-01
RESP08880,STU052,Q004-08,ASS004,1,2024-12-01
RESP08881,STU052,Q004-09,ASS004,1,2024-12-01
RESP08882,STU052,Q004-10,ASS004,1,2024-12-01
RESP08883,STU053,Q004-01,ASS004,1,2024-12-01
RESP08884,STU053,Q004-02,ASS004,1,2024-12-01
RESP08885,STU053,Q004-03,ASS004,1,2024-12-01
RESP08886,STU053,Q004-04,ASS004,1,2024-12-01
RESP08887,STU053,Q004-05,ASS004,1,2024-12-01
RESP08888,STU053,Q004-06,ASS004,1,2024-12-01
RESP08889,STU053,Q004-07,ASS004,0,2024-12-01
RESP08890,STU053,Q004-08,ASS004,1,2024-12-01
RESP08891,STU053,Q004-09,ASS004,1,2024-12-01
RESP08892,STU053,Q004-10,ASS004,1,2024-12-01
RESP08893,STU054,Q004-01,ASS004,1,2024-12-01
RESP08894,STU054,Q004-02,ASS004,0,2024-12-01
RESP08895,STU054,Q004-03,ASS004,1,2024-12-01
RESP08896,STU054,Q004-04,ASS004,1,2024-12-01
RESP08897,STU054,Q004-05,ASS004,1,2024-12-01
RESP08898,STU054,Q004-06,ASS004,1,2024-12-01
RESP08899,STU054,Q004-07,ASS004,1,2024-12-01
RESP08900,STU054,Q004-08,ASS004,0,2024-12-01
RESP08901,STU054,Q004-09,ASS004,1,2024-12-01
RESP08902,STU054,Q004-10,ASS004,1,2024-12-01
RESP08903,STU054,Q004-10,ASS004,1,2024-12-01
RESP08904,STU055,Q004-01,ASS004,1,2024-12-01
RESP08905,STU055,Q004-02,ASS004,1,2024-12-01
RESP08906,STU055,Q004-03,ASS004,0,2024-12-01
RESP08907,STU055,Q004-04,ASS004,1,2024-12-01
RESP08908,STU055,Q004-05,ASS004,1,2024-12-01
RESP08909,STU055,Q004-06,ASS004,1,2024-12-01
RESP08910,STU055,Q004-07,ASS004,1,2024-12-01
RESP08911,STU055,Q004-08,ASS004,1,2024-12-01
RESP08912,STU055,Q004-09,ASS004,0,2024-12-01
RESP08913,STU055,Q004-10,ASS004,1,2024-12-01
RESP08914,STU056,Q004-01,ASS004,0,2024-12-01
RESP08915,STU056,Q004-02,ASS004,1,2024-12-01
RESP08916,STU056,Q004-03,ASS004,0,2024-12-01
RESP08917,STU056,Q004-03,ASS004,0,2024-12-01
RESP08918,STU056,Q004-04,ASS004,0,2024-12-01
RESP08919,STU056,Q004-05,ASS004,1,2024-12-01
RESP08920,STU056,Q004-06,ASS004,0,2024-12-01
RESP08921,STU056,Q004-07,ASS004,0,2024-12-01
RESP08922,STU056,Q004-08,ASS004,1,2024-12-01
RESP08923,STU056,Q004-09,ASS004,0,2024-12-01
RESP08924,STU056,Q004-10,ASS004,0,2024-12-01
RESP08925,STU057,Q004-01,ASS004,1,2024-12-01
RESP08926,STU057,Q004-02,ASS004,1,2024-12-01
RESP08927,STU057,Q004-03,ASS004,1,2024-12-01
RESP08928,STU057,Q004-04,ASS004,1,2024-12-01
RESP08929,STU057,Q004-05,ASS004,1,2024-12-01
RESP08930,STU057,Q004-06,ASS004,1,2024-12-01
RESP08931,STU057,Q004-07,ASS004,1,2024-12-01
RESP08932,STU057,Q004-08,ASS004,1,2024-12-01
RESP08933,STU057,Q004-09,ASS004,1,2024-12-01
RESP08934,STU057,Q004-10,ASS004,1,2024-12-01
RESP08935,STU058,Q004-01,ASS004,1,2024-12-01
RESP08936,STU058,Q004-02,ASS004,1,2024-12-01
RESP08937,STU058,Q004-03,ASS004,1,2024-12-01
RESP08938,STU058,Q004-04,ASS004,1,2024-12-01
RESP08939,STU058,Q004-05,ASS004,1,2024-12-01
RESP08940,STU058,Q004-06,ASS004,1,2024-12-01
RESP08941,STU058,Q004-07,ASS004,1,2024-12-01
RESP08942,STU058,Q004-08,ASS004,1,2024-12-01
RESP08943,STU058,Q004-09,ASS004,1,2024-12-01
RESP08944,STU058,Q004-10,ASS004,1,2024-12-01
RESP08945,STU059,Q004-01,ASS004,1,2024-12-01
RESP08946,STU059,Q004-02,ASS004,1,2024-12-01
RESP08947,STU059,Q004-03,ASS004,1,2024-12-01
RESP08948,STU059,Q004-04,ASS004,1,2024-12-01
RESP08949,STU059,Q004-05,ASS004,1,2024-12-01
RESP08950,STU059,Q004-06,ASS004,1,2024-12-01
RESP08951,STU059,Q004-07,ASS004,1,2024-12-01
RESP08952,STU059,Q004-08,ASS004,1,2024-12-01
RESP08953,STU059,Q004-09,ASS004,1,2024-12-01
RESP08954,STU059,Q004-10,ASS004,1,2024-12-01
RESP08955,STU060,Q004-01,ASS004,1,2024-12-01
RESP08956,STU060,Q004-02,ASS004,1,2024-12-01
RESP08957,STU060,Q004-03,ASS004,1,2024-12-01
RESP08958,STU060,Q004-04,ASS004,1,2024-12-01
RESP08959,STU060,Q004-05,ASS004,1,2024-12-01
RESP08960,STU060,Q004-06,ASS004,1,2024-12-01
RESP08961,STU060,Q004-07,ASS004,1,2024-12-01
RESP08962,STU060,Q004-08,ASS004,1,2024-12-01
RESP08963,STU060,Q004-09,ASS004,1,2024-12-01
RESP08964,STU060,Q004-10,ASS004,1,2024-12-01
RESP08965,STU061,Q004-01,ASS004,0,2024-12-01
RESP08966,STU061,Q004-02,ASS004,0,2024-12-01
RESP08967,STU061,Q004-03,ASS004,0,2024-12-01
RESP08968,STU061,Q004-04,ASS004,1,2024-12-01
RESP08969,STU061,Q004-05,ASS004,1,2024-12-01
RESP08970,STU061,Q004-06,ASS004,1,2024-12-01
RESP08971,STU061,Q004-07,ASS004,1,2024-12-01
RESP08972,STU061,Q004-07,ASS004,1,2024-12-01
RESP08973,STU061,Q004-08,ASS004,1,2024-12-01
RESP08974,STU061,Q004-09,ASS004,1,2024-12-01
RESP08975,STU061,Q004-10,ASS004,1,2024-12-01
RESP08976,STU062,Q004-01,ASS004,1,2024-12-01
RESP08977,STU062,Q004-02,ASS004,1,2024-12-01
RESP08978,STU062,Q004-03,ASS004,1,2024-12-01
RESP08979,STU062,Q004-04,ASS004,1,2024-12-01
RESP08980,STU062,Q004-05,ASS004,1,2024-12-01
RESP08981,STU062,Q004-06,ASS004,1,2024-12-01
RESP08982,STU062,Q004-07,ASS004,0,2024-12-01
RESP08983,STU062,Q004-08,ASS004,1,2024-12-01
RESP08984,STU062,Q004-09,ASS004,0,2024-12-01
RESP08985,STU062,Q004-10,ASS004,1,2024-12-01
RESP08986,STU063,Q004-01,ASS004,1,2024-12-01
RESP08987,STU063,Q004-02,ASS004,1,2024-12-01
RESP08988,STU063,Q004-03,ASS004,1,2024-12-01
RESP08989,STU063,Q004-04,ASS004,1,2024-12-01
RESP08990,STU063,Q004-05,ASS004,0,2024-12-01
RESP08991,STU063,Q004-06,ASS004,1,2024-12-01
RESP08992,STU063,Q004-07,ASS004,1,2024-12-01
RESP08993,STU063,Q004-08,ASS004,1,2024-12-01
RESP08994,STU063,Q004-09,ASS004,1,2024-12-01
RESP08995,STU063,Q004-10,ASS004,1,2024-12-01
RESP08996,STU064,Q004-01,ASS004,1,2024-12-01
RESP08997,STU064,Q004-02,ASS004,1,2024-12-01
RESP08998,STU064,Q004-03,ASS004,1,2024-12-01
RESP08999,STU064,Q004-04,ASS004,1,2024-12-01
RESP09000,STU064,Q004-05,ASS004,0,2024-12-01
RESP09001,STU064,Q004-06,ASS004,0,2024-12-01
RESP09002,STU064,Q004-07,ASS004,1,2024-12-01
RESP09003,STU064,Q004-08,ASS004,1,2024-12-01
RESP09004,STU064,Q004-09,ASS004,0,2024-12-01
RESP09005,STU064,Q004-10,ASS004,1,2024-12-01
RESP09006,STU065,Q004-01,ASS004,1,2024-12-01
RESP09007,STU065,Q004-02,ASS004,1,2024-12-01
RESP09008,STU065,Q004-03,ASS004,1,2024-12-01
RESP09009,STU065,Q004-04,ASS004,1,2024-12-01
RESP09010,STU065,Q004-04,ASS004,1,2024-12-01
RESP09011,STU065,Q004-05,ASS004,1,2024-12-01
RESP09012,STU065,Q004-06,ASS004,1,2024-12-01
RESP09013,STU065,Q004-06,ASS004,1,2024-12-01
RESP09014,STU065,Q004-07,ASS004,0,2024-12-01
RESP09015,STU065,Q004-08,ASS004,1,2024-12-01
RESP09016,STU065,Q004-09,ASS004,0,2024-12-01
RESP09017,STU065,Q004-10,ASS004,1,2024-12-01
RESP09018,STU066,Q004-01,ASS004,1,2024-12-01
RESP09019,STU066,Q004-02,ASS004,0,2024-12-01
RESP09020,STU066,Q004-03,ASS004,0,2024-12-01
RESP09021,STU066,Q004-04,ASS004,0,2024-12-01
RESP09022,STU066,Q004-05,ASS004,1,2024-12-01
RESP09023,STU066,Q004-06,ASS004,1,2024-12-01
RESP09024,STU066,Q004-07,ASS004,1,2024-12-01
RESP09025,STU066,Q004-08,ASS004,1,2024-12-01
RESP09026,STU066,Q004-09,ASS004,1,2024-12-01
RESP09027,STU066,Q004-10,ASS004,1,2024-12-01
RESP09028,STU067,Q004-01,ASS004,1,2024-12-01
RESP09029,STU067,Q004-02,ASS004,1,2024-12-01
RESP09030,STU067,Q004-03,ASS004,0,2024-12-01
RESP09031,STU067,Q004-04,ASS004,1,2024-12-01
RESP09032,STU067,Q004-05,ASS004,1,2024-12-01
RESP09033,STU067,Q004-06,ASS004,1,2024-12-01
RESP09034,STU067,Q004-07,ASS004,0,2024-12-01
RESP09035,STU067,Q004-08,ASS004,1,2024-12-01
RESP09036,STU067,Q004-09,ASS004,1,2024-12-01
RESP09037,STU067,Q004-10,ASS004,1,2024-12-01
RESP09038,STU068,Q004-01,ASS004,1,2024-12-01
RESP09039,STU068,Q004-02,ASS004,0,2024-12-01
RESP09040,STU068,Q004-03,ASS004,1,2024-12-01
RESP09041,STU068,Q004-04,ASS004,0,2024-12-01
RESP09042,STU068,Q004-05,ASS004,1,2024-12-01
RESP09043,STU068,Q004-06,ASS004,1,2024-12-01
RESP09044,STU068,Q004-07,ASS004,1,2024-12-01
RESP09045,STU068,Q004-08,ASS004,1,2024-12-01
RESP09046,STU068,Q004-09,ASS004,1,2024-12-01
RESP09047,STU068,Q004-10,ASS004,1,2024-12-01
RESP09048,STU069,Q004-01,ASS004,1,2024-12-01
RESP09049,STU069,Q004-02,ASS004,1,2024-12-01
RESP09050,STU069,Q004-03,ASS004,1,2024-12-01
RESP09051,STU069,Q004-04,ASS004,1,2024-12-01
RESP09052,STU069,Q004-05,ASS004,1,2024-12-01
RESP09053,STU069,Q004-06,ASS004,1,2024-12-01
RESP09054,STU069,Q004-07,ASS004,1,2024-12-01
RESP09055,STU069,Q004-08,ASS004,1,2024-12-01
RESP09056,STU069,Q004-09,ASS004,1,2024-12-01
RESP09057,STU069,Q004-10,ASS004,1,2024-12-01
RESP09058,STU070,Q004-01,ASS004,1,2024-12-01
RESP09059,STU070,Q004-02,ASS004,1,2024-12-01
RESP09060,STU070,Q004-03,ASS004,1,2024-12-01
RESP09061,STU070,Q004-04,ASS004,1,2024-12-01
RESP09062,STU070,Q004-05,ASS004,0,2024-12-01
RESP09063,STU070,Q004-06,ASS004,1,2024-12-01
RESP09064,STU070,Q004-07,ASS004,1,2024-12-01
RESP09065,STU070,Q004-08,ASS004,1,2024-12-01
RESP09066,STU070,Q004-09,ASS004,1,2024-12-01
RESP09067,STU070,Q004-10,ASS004,1,2024-12-01
RESP09068,STU071,Q004-01,ASS004,0,2024-12-01
RESP09069,STU071,Q004-02,ASS004,0,2024-12-01
RESP09070,STU071,Q004-03,ASS004,1,2024-12-01
RESP09071,STU071,Q004-04,ASS004,1,2024-12-01
RESP09072,STU071,Q004-05,ASS004,0,2024-12-01
RESP09073,STU071,Q004-06,ASS004,0,2024-12-01
RESP09074,STU071,Q004-07,ASS004,1,2024-12-01
RESP09075,STU071,Q004-08,ASS004,1,2024-12-01
RESP09076,STU071,Q004-09,ASS004,1,2024-12-01
RESP09077,STU071,Q004-10,ASS004,0,2024-12-01
RESP09078,STU072,Q004-01,ASS004,1,2024-12-01
RESP09079,STU072,Q004-02,ASS004,1,2024-12-01
RESP09080,STU072,Q004-03,ASS004,0,2024-12-01
RESP09081,STU072,Q004-04,ASS004,1,2024-12-01
RESP09082,STU072,Q004-05,ASS004,0,2024-12-01
RESP09083,STU072,Q004-06,ASS004,1,2024-12-01
RESP09084,STU072,Q004-07,ASS004,1,2024-12-01
RESP09085,STU072,Q004-08,ASS004,1,2024-12-01
RESP09086,STU072,Q004-09,ASS004,0,2024-12-01
RESP09087,STU072,Q004-10,ASS004,1,2024-12-01
RESP09088,STU073,Q004-01,ASS004,1,2024-12-01
RESP09089,STU073,Q004-02,ASS004,1,2024-12-01
RESP09090,STU073,Q004-03,ASS004,1,2024-12-01
RESP09091,STU073,Q004-04,ASS004,1,2024-12-01
RESP09092,STU073,Q004-05,ASS004,1,2024-12-01
RESP09093,STU073,Q004-05,ASS004,1,2024-12-01
RESP09094,STU073,Q004-06,ASS004,1,2024-12-01
RESP09095,STU073,Q004-07,ASS004,1,2024-12-01
RESP09096,STU073,Q004-08,ASS004,1,2024-12-01
RESP09097,STU073,Q004-09,ASS004,1,2024-12-01
RESP09098,STU073,Q004-10,ASS004,1,2024-12-01
RESP09099,STU074,Q004-01,ASS004,0,2024-12-01
RESP09100,STU074,Q004-02,ASS004,0,2024-12-01
RESP09101,STU074,Q004-03,ASS004,1,2024-12-01
RESP09102,STU074,Q004-04,ASS004,0,2024-12-01
RESP09103,STU074,Q004-05,ASS004,0,2024-12-01
RESP09104,STU074,Q004-06,ASS004,1,2024-12-01
RESP09105,STU074,Q004-07,ASS004,1,2024-12-01
RESP09106,STU074,Q004-08,ASS004,0,2024-12-01
RESP09107,STU074,Q004-09,ASS004,1,2024-12-01
RESP09108,STU074,Q004-10,ASS004,0,2024-12-01
RESP09109,STU075,Q004-01,ASS004,1,2024-12-01
RESP09110,STU075,Q004-02,ASS004,0,2024-12-01
RESP09111,STU075,Q004-03,ASS004,1,2024-12-01
RESP09112,STU075,Q004-04,ASS004,1,2024-12-01
RESP09113,STU075,Q004-05,ASS004,1,2024-12-01
RESP09114,STU075,Q004-06,ASS004,1,2024-12-01
RESP09115,STU075,Q004-07,ASS004,1,2024-12-01
RESP09116,STU075,Q004-07,ASS004,1,2024-12-01
RESP09117,STU075,Q004-08,ASS004,1,2024-12-01
RESP09118,STU075,Q004-09,ASS004,1,2024-12-01
RESP09119,STU075,Q004-10,ASS004,1,2024-12-01
RESP09120,STU076,Q004-01,ASS004,1,2024-12-01
RESP09121,STU076,Q004-02,ASS004,1,2024-12-01
RESP09122,STU076,Q004-03,ASS004,1,2024-12-01
RESP09123,STU076,Q004-04,ASS004,1,2024-12-01
RESP09124,STU076,Q004-05,ASS004,1,2024-12-01
RESP09125,STU076,Q004-06,ASS004,1,2024-12-01
RESP09126,STU076,Q004-07,ASS004,1,2024-12-01
RESP09127,STU076,Q004-08,ASS004,1,2024-12-01
RESP09128,STU076,Q004-09,ASS004,1,2024-12-01
RESP09129,STU076,Q004-10,ASS004,1,2024-12-01
RESP09130,STU077,Q004-01,ASS004,1,2024-12-01
RESP09131,STU077,Q004-02,ASS004,1,2024-12-01
RESP09132,STU077,Q004-03,ASS004,1,2024-12-01
RESP09133,STU077,Q004-04,ASS004,0,2024-12-01
RESP09134,STU077,Q004-05,ASS004,1,2024-12-01
RESP09135,STU077,Q004-06,ASS004,1,2024-12-01
RESP09136,STU077,Q004-07,ASS004,1,2024-12-01
RESP09137,STU077,Q004-08,ASS004,1,2024-12-01
RESP09138,STU077,Q004-09,ASS004,0,2024-12-01
RESP09139,STU077,Q004-10,ASS004,1,2024-12-01
RESP09140,STU078,Q004-01,ASS004,0,2024-12-01
RESP09141,STU078,Q004-02,ASS004,1,2024-12-01
RESP09142,STU078,Q004-03,ASS004,0,2024-12-01
RESP09143,STU078,Q004-04,ASS004,1,2024-12-01
RESP09144,STU078,Q004-04,ASS004,1,2024-12-01
RESP09145,STU078,Q004-05,ASS004,0,2024-12-01
RESP09146,STU078,Q004-06,ASS004,0,2024-12-01
RESP09147,STU078,Q004-07,ASS004,0,2024-12-01
RESP09148,STU078,Q004-08,ASS004,1,2024-12-01
RESP09149,STU078,Q004-09,ASS004,1,2024-12-01
RESP09150,STU078,Q004-10,ASS004,0,2024-12-01
RESP09151,STU079,Q004-01,ASS004,1,2024-12-01
RESP09152,STU079,Q004-02,ASS004,1,2024-12-01
RESP09153,STU079,Q004-02,ASS004,1,2024-12-01
RESP09154,STU079,Q004-03,ASS004,1,2024-12-01
RESP09155,STU079,Q004-04,ASS004,1,2024-12-01
RESP09156,STU079,Q004-05,ASS004,0,2024-12-01
RESP09157,STU079,Q004-06,ASS004,1,2024-12-01
RESP09158,STU079,Q004-07,ASS004,1,2024-12-01
RESP09159,STU079,Q004-08,ASS004,0,2024-12-01
RESP09160,STU079,Q004-09,ASS004,0,2024-12-01
RESP09161,STU079,Q004-10,ASS004,1,2024-12-01
RESP09162,STU080,Q004-01,ASS004,1,2024-12-01
RESP09163,STU080,Q004-01,ASS004,1,2024-12-01
RESP09164,STU080,Q004-02,ASS004,0,2024-12-01
RESP09165,STU080,Q004-03,ASS004,1,2024-12-01
RESP09166,STU080,Q004-04,ASS004,1,2024-12-01
RESP09167,STU080,Q004-05,ASS004,0,2024-12-01
RESP09168,STU080,Q004-06,ASS004,0,2024-12-01
RESP09169,STU080,Q004-07,ASS004,1,2024-12-01
RESP09170,STU080,Q004-07,ASS004,1,2024-12-01
RESP09171,STU080,Q004-08,ASS004,1,2024-12-01
RESP09172,STU080,Q004-09,ASS004,1,2024-12-01
RESP09173,STU080,Q004-10,ASS004,1,2024-12-01
RESP09174,STU081,Q004-01,ASS004,0,2024-12-01
RESP09175,STU081,Q004-02,ASS004,1,2024-12-01
RESP09176,STU081,Q004-03,ASS004,0,2024-12-01
RESP09177,STU081,Q004-04,ASS004,1,2024-12-01
RESP09178,STU081,Q004-05,ASS004,1,2024-12-01
RESP09179,STU081,Q004-06,ASS004,1,2024-12-01
RESP09180,STU081,Q004-07,ASS004,1,2024-12-01
RESP09181,STU081,Q004-08,ASS004,1,2024-12-01
RESP09182,STU081,Q004-09,ASS004,1,2024-12-01
RESP09183,STU081,Q004-10,ASS004,0,2024-12-01
RESP09184,STU082,Q004-01,ASS004,1,2024-12-01
RESP09185,STU082,Q004-02,ASS004,0,2024-12-01
RESP09186,STU082,Q004-03,ASS004,1,2024-12-01
RESP09187,STU082,Q004-04,ASS004,1,2024-12-01
RESP09188,STU082,Q004-05,ASS004,1,2024-12-01
RESP09189,STU082,Q004-06,ASS004,0,2024-12-01
RESP09190,STU082,Q004-07,ASS004,1,2024-12-01
RESP09191,STU082,Q004-08,ASS004,1,2024-12-01
RESP09192,STU082,Q004-09,ASS004,1,2024-12-01
RESP09193,STU082,Q004-10,ASS004,1,2024-12-01
RESP09194,STU082,Q004-10,ASS004,1,2024-12-01
RESP09195,STU083,Q004-01,ASS004,1,2024-12-01
RESP09196,STU083,Q004-02,ASS004,0,2024-12-01
RESP09197,STU083,Q004-03,ASS004,1,2024-12-01
RESP09198,STU083,Q004-04,ASS004,1,2024-12-01
RESP09199,STU083,Q004-05,ASS004,0,2024-12-01
RESP09200,STU083,Q004-06,ASS004,1,2024-12-01
RESP09201,STU083,Q004-07,ASS004,1,2024-12-01
RESP09202,STU083,Q004-08,ASS004,1,2024-12-01
RESP09203,STU083,Q004-09,ASS004,1,2024-12-01
RESP09204,STU083,Q004-10,ASS004,0,2024-12-01
RESP09205,STU084,Q004-01,ASS004,1,2024-12-01
RESP09206,STU084,Q004-02,ASS004,0,2024-12-01
RESP09207,STU084,Q004-03,ASS004,1,2024-12-01
RESP09208,STU084,Q004-04,ASS004,1,2024-12-01
RESP09209,STU084,Q004-05,ASS004,1,2024-12-01
RESP09210,STU084,Q004-06,ASS004,1,2024-12-01
RESP09211,STU084,Q004-07,ASS004,1,2024-12-01
RESP09212,STU084,Q004-08,ASS004,1,2024-12-01
RESP09213,STU084,Q004-09,ASS004,1,2024-12-01
RESP09214,STU084,Q004-10,ASS004,1,2024-12-01
RESP09215,STU085,Q004-01,ASS004,1,2024-12-01
RESP09216,STU085,Q004-02,ASS004,1,2024-12-01
RESP09217,STU085,Q004-03,ASS004,1,2024-12-01
RESP09218,STU085,Q004-04,ASS004,1,2024-12-01
RESP09219,STU085,Q004-05,ASS004,1,2024-12-01
RESP09220,STU085,Q004-06,ASS004,1,2024-12-01
RESP09221,STU085,Q004-07,ASS004,1,2024-12-01
RESP09222,STU085,Q004-08,ASS004,1,2024-12-01
RESP09223,STU085,Q004-09,ASS004,1,2024-12-01
RESP09224,STU085,Q004-10,ASS004,1,2024-12-01
RESP09225,STU086,Q004-01,ASS004,1,2024-12-01
RESP09226,STU086,Q004-02,ASS004,1,2024-12-01
RESP09227,STU086,Q004-03,ASS004,1,2024-12-01
RESP09228,STU086,Q004-04,ASS004,1,2024-12-01
RESP09229,STU086,Q004-04,ASS004,1,2024-12-01
RESP09230,STU086,Q004-05,ASS004,0,2024-12-01
RESP09231,STU086,Q004-06,ASS004,1,2024-12-01
RESP09232,STU086,Q004-06,ASS004,1,2024-12-01
RESP09233,STU086,Q004-07,ASS004,0,2024-12-01
RESP09234,STU086,Q004-08,ASS004,1,2024-12-01
RESP09235,STU086,Q004-09,ASS004,0,2024-12-01
RESP09236,STU086,Q004-10,ASS004,0,2024-12-01
RESP09237,STU087,Q004-01,ASS004,1,2024-12-01
RESP09238,STU087,Q004-02,ASS004,0,2024-12-01
RESP09239,STU087,Q004-03,ASS004,0,2024-12-01
RESP09240,STU087,Q004-04,ASS004,1,2024-12-01
RESP09241,STU087,Q004-05,ASS004,1,2024-12-01
RESP09242,STU087,Q004-06,ASS004,0,2024-12-01
RESP09243,STU087,Q004-07,ASS004,1,2024-12-01
RESP09244,STU087,Q004-08,ASS004,1,2024-12-01
RESP09245,STU087,Q004-09,ASS004,0,2024-12-01
RESP09246,STU087,Q004-10,ASS004,0,2024-12-01
RESP09247,STU088,Q004-01,ASS004,1,2024-12-01
RESP09248,STU088,Q004-02,ASS004,1,2024-12-01
RESP09249,STU088,Q004-03,ASS004,1,2024-12-01
RESP09250,STU088,Q004-04,ASS004,1,2024-12-01
RESP09251,STU088,Q004-05,ASS004,1,2024-12-01
RESP09252,STU088,Q004-06,ASS004,1,2024-12-01
RESP09253,STU088,Q004-07,ASS004,1,2024-12-01
RESP09254,STU088,Q004-08,ASS004,1,2024-12-01
RESP09255,STU088,Q004-08,ASS004,1,2024-12-01
RESP09256,STU088,Q004-09,ASS004,1,2024-12-01
RESP09257,STU088,Q004-10,ASS004,0,2024-12-01
RESP09258,STU089,Q004-01,ASS004,1,2024-12-01
RESP09259,STU089,Q004-02,ASS004,0,2024-12-01
RESP09260,STU089,Q004-03,ASS004,1,2024-12-01
RESP09261,STU089,Q004-04,ASS004,1,2024-12-01
RESP09262,STU089,Q004-05,ASS004,1,2024-12-01
RESP09263,STU089,Q004-06,ASS004,1,2024-12-01
RESP09264,STU089,Q004-07,ASS004,1,2024-12-01
RESP09265,STU089,Q004-08,ASS004,1,2024-12-01
RESP09266,STU089,Q004-09,ASS004,1,2024-12-01
RESP09267,STU089,Q004-10,ASS004,1,2024-12-01
RESP09268,STU090,Q004-01,ASS004,1,2024-12-01
RESP09269,STU090,Q004-02,ASS004,1,2024-12-01
RESP09270,STU090,Q004-03,ASS004,1,2024-12-01
RESP09271,STU090,Q004-04,ASS004,0,2024-12-01
RESP09272,STU090,Q004-05,ASS004,1,2024-12-01
RESP09273,STU090,Q004-06,ASS004,1,2024-12-01
RESP09274,STU090,Q004-07,ASS004,1,2024-12-01
RESP09275,STU090,Q004-08,ASS004,1,2024-12-01
RESP09276,STU090,Q004-09,ASS004,1,2024-12-01
RESP09277,STU090,Q004-10,ASS004,1,2024-12-01
RESP09278,STU091,Q004-01,ASS004,1,2024-12-01
RESP09279,STU091,Q004-02,ASS004,1,2024-12-01
RESP09280,STU091,Q004-03,ASS004,1,2024-12-01
RESP09281,STU091,Q004-04,ASS004,1,2024-12-01
RESP09282,STU091,Q004-04,ASS004,1,2024-12-01
RESP09283,STU091,Q004-05,ASS004,1,2024-12-01
RESP09284,STU091,Q004-06,ASS004,1,2024-12-01
RESP09285,STU091,Q004-07,ASS004,1,2024-12-01
RESP09286,STU091,Q004-08,ASS004,1,2024-12-01
RESP09287,STU091,Q004-09,ASS004,1,2024-12-01
RESP09288,STU091,Q004-10,ASS004,1,2024-12-01
RESP09289,STU092,Q004-01,ASS004,1,2024-12-01
RESP09290,STU092,Q004-02,ASS004,1,2024-12-01
RESP09291,STU092,Q004-03,ASS004,1,2024-12-01
RESP09292,STU092,Q004-04,ASS004,1,2024-12-01
RESP09293,STU092,Q004-05,ASS004,1,2024-12-01
RESP09294,STU092,Q004-06,ASS004,1,2024-12-01
RESP09295,STU092,Q004-07,ASS004,1,2024-12-01
RESP09296,STU092,Q004-08,ASS004,1,2024-12-01
RESP09297,STU092,Q004-09,ASS004,1,2024-12-01
RESP09298,STU092,Q004-10,ASS004,1,2024-12-01
RESP09299,STU093,Q004-01,ASS004,1,2024-12-01
RESP09300,STU093,Q004-02,ASS004,1,2024-12-01
RESP09301,STU093,Q004-03,ASS004,1,2024-12-01
RESP09302,STU093,Q004-04,ASS004,1,2024-12-01
RESP09303,STU093,Q004-05,ASS004,1,2024-12-01
RESP09304,STU093,Q004-06,ASS004,1,2024-12-01
RESP09305,STU093,Q004-07,ASS004,1,2024-12-01
RESP09306,STU093,Q004-08,ASS004,1,2024-12-01
RESP09307,STU093,Q004-09,ASS004,1,2024-12-01
RESP09308,STU093,Q004-10,ASS004,1,2024-12-01
RESP09309,STU094,Q004-01,ASS004,1,2024-12-01
RESP09310,STU094,Q004-02,ASS004,1,2024-12-01
RESP09311,STU094,Q004-03,ASS004,1,2024-12-01
RESP09312,STU094,Q004-04,ASS004,1,2024-12-01
RESP09313,STU094,Q004-05,ASS004,1,2024-12-01
RESP09314,STU094,Q004-06,ASS004,1,2024-12-01
RESP09315,STU094,Q004-07,ASS004,1,2024-12-01
RESP09316,STU094,Q004-08,ASS004,1,2024-12-01
RESP09317,STU094,Q004-08,ASS004,1,2024-12-01
RESP09318,STU094,Q004-09,ASS004,1,2024-12-01
RESP09319,STU094,Q004-10,ASS004,0,2024-12-01
RESP09320,STU095,Q004-01,ASS004,1,2024-12-01
RESP09321,STU095,Q004-02,ASS004,1,2024-12-01
RESP09322,STU095,Q004-03,ASS004,1,2024-12-01
RESP09323,STU095,Q004-04,ASS004,1,2024-12-01
RESP09324,STU095,Q004-05,ASS004,0,2024-12-01
RESP09325,STU095,Q004-06,ASS004,0,2024-12-01
RESP09326,STU095,Q004-07,ASS004,0,2024-12-01
RESP09327,STU095,Q004-08,ASS004,1,2024-12-01
RESP09328,STU095,Q004-09,ASS004,0,2024-12-01
RESP09329,STU095,Q004-10,ASS004,1,2024-12-01
RESP09330,STU096,Q004-01,ASS004,1,2024-12-01
RESP09331,STU096,Q004-02,ASS004,1,2024-12-01
RESP09332,STU096,Q004-03,ASS004,1,2024-12-01
RESP09333,STU096,Q004-04,ASS004,1,2024-12-01
RESP09334,STU096,Q004-05,ASS004,0,2024-12-01
RESP09335,STU096,Q004-06,ASS004,1,2024-12-01
RESP09336,STU096,Q004-07,ASS004,1,2024-12-01
RESP09337,STU096,Q004-08,ASS004,1,2024-12-01
RESP09338,STU096,Q004-09,ASS004,1,2024-12-01
RESP09339,STU096,Q004-10,ASS004,1,2024-12-01
RESP09340,STU097,Q004-01,ASS004,1,2024-12-01
RESP09341,STU097,Q004-02,ASS004,1,2024-12-01
RESP09342,STU097,Q004-03,ASS004,1,2024-12-01
RESP09343,STU097,Q004-04,ASS004,1,2024-12-01
RESP09344,STU097,Q004-05,ASS004,1,2024-12-01
RESP09345,STU097,Q004-06,ASS004,1,2024-12-01
RESP09346,STU097,Q004-07,ASS004,1,2024-12-01
RESP09347,STU097,Q004-08,ASS004,1,2024-12-01
RESP09348,STU097,Q004-09,ASS004,1,2024-12-01
RESP09349,STU097,Q004-10,ASS004,1,2024-12-01
RESP09350,STU098,Q004-01,ASS004,1,2024-12-01
RESP09351,STU098,Q004-02,ASS004,0,2024-12-01
RESP09352,STU098,Q004-03,ASS004,1,2024-12-01
RESP09353,STU098,Q004-04,ASS004,1,2024-12-01
RESP09354,STU098,Q004-05,ASS004,1,2024-12-01
RESP09355,STU098,Q004-06,ASS004,1,2024-12-01
RESP09356,STU098,Q004-07,ASS004,1,2024-12-01
RESP09357,STU098,Q004-08,ASS004,1,2024-12-01
RESP09358,STU098,Q004-09,ASS004,1,2024-12-01
RESP09359,STU098,Q004-10,ASS004,1,2024-12-01
RESP09360,STU099,Q004-01,ASS004,1,2024-12-01
RESP09361,STU099,Q004-02,ASS004,1,2024-12-01
RESP09362,STU099,Q004-03,ASS004,1,2024-12-01
RESP09363,STU099,Q004-04,ASS004,1,2024-12-01
RESP09364,STU099,Q004-05,ASS004,0,2024-12-01
RESP09365,STU099,Q004-06,ASS004,0,2024-12-01
RESP09366,STU099,Q004-07,ASS004,1,2024-12-01
RESP09367,STU099,Q004-08,ASS004,1,2024-12-01
RESP09368,STU099,Q004-09,ASS004,1,2024-12-01
RESP09369,STU099,Q004-10,ASS004,0,2024-12-01
RESP09370,STU100,Q004-01,ASS004,1,2024-12-01
RESP09371,STU100,Q004-02,ASS004,1,2024-12-01
RESP09372,STU100,Q004-03,ASS004,1,2024-12-01
RESP09373,STU100,Q004-04,ASS004,0,2024-12-01
RESP09374,STU100,Q004-05,ASS004,1,2024-12-01
RESP09375,STU100,Q004-06,ASS004,1,2024-12-01
RESP09376,STU100,Q004-07,ASS004,1,2024-12-01
RESP09377,STU100,Q004-08,ASS004,1,2024-12-01
RESP09378,STU100,Q004-09,ASS004,1,2024-12-01
RESP09379,STU100,Q004-10,ASS004,1,2024-12-01
RESP09380,STU101,Q004-01,ASS004,1,2024-12-01
RESP09381,STU101,Q004-02,ASS004,1,2024-12-01
RESP09382,STU101,Q004-03,ASS004,1,2024-12-01
RESP09383,STU101,Q004-04,ASS004,1,2024-12-01
RESP09384,STU101,Q004-05,ASS004,1,2024-12-01
RESP09385,STU101,Q004-06,ASS004,1,2024-12-01
RESP09386,STU101,Q004-07,ASS004,1,2024-12-01
RESP09387,STU101,Q004-08,ASS004,1,2024-12-01
RESP09388,STU101,Q004-09,ASS004,1,2024-12-01
RESP09389,STU101,Q004-10,ASS004,1,2024-12-01
RESP09390,STU102,Q004-01,ASS004,1,2024-12-01
RESP09391,STU102,Q004-02,ASS004,1,2024-12-01
RESP09392,STU102,Q004-03,ASS004,1,2024-12-01
RESP09393,STU102,Q004-04,ASS004,1,2024-12-01
RESP09394,STU102,Q004-05,ASS004,1,2024-12-01
RESP09395,STU102,Q004-06,ASS004,1,2024-12-01
RESP09396,STU102,Q004-07,ASS004,1,2024-12-01
RESP09397,STU102,Q004-08,ASS004,1,2024-12-01
RESP09398,STU102,Q004-09,ASS004,1,2024-12-01
RESP09399,STU102,Q004-10,ASS004,1,2024-12-01
RESP09400,STU102,Q004-10,ASS004,1,2024-12-01
RESP09401,STU103,Q004-01,ASS004,1,2024-12-01
RESP09402,STU103,Q004-02,ASS004,1,2024-12-01
RESP09403,STU103,Q004-03,ASS004,1,2024-12-01
RESP09404,STU103,Q004-04,ASS004,1,2024-12-01
RESP09405,STU103,Q004-05,ASS004,1,2024-12-01
RESP09406,STU103,Q004-06,ASS004,1,2024-12-01
RESP09407,STU103,Q004-07,ASS004,1,2024-12-01
RESP09408,STU103,Q004-08,ASS004,1,2024-12-01
RESP09409,STU103,Q004-09,ASS004,1,2024-12-01
RESP09410,STU103,Q004-10,ASS004,1,2024-12-01
RESP09411,STU104,Q004-01,ASS004,1,2024-12-01
RESP09412,STU104,Q004-02,ASS004,1,2024-12-01
RESP09413,STU104,Q004-03,ASS004,1,2024-12-01
RESP09414,STU104,Q004-04,ASS004,1,2024-12-01
RESP09415,STU104,Q004-05,ASS004,1,2024-12-01
RESP09416,STU104,Q004-06,ASS004,0,2024-12-01
RESP09417,STU104,Q004-07,ASS004,1,2024-12-01
RESP09418,STU104,Q004-08,ASS004,1,2024-12-01
RESP09419,STU104,Q004-09,ASS004,1,2024-12-01
RESP09420,STU104,Q004-10,ASS004,1,2024-12-01
RESP09421,STU105,Q004-01,ASS004,1,2024-12-01
RESP09422,STU105,Q004-02,ASS004,1,2024-12-01
RESP09423,STU105,Q004-03,ASS004,1,2024-12-01
RESP09424,STU105,Q004-04,ASS004,1,2024-12-01
RESP09425,STU105,Q004-05,ASS004,1,2024-12-01
RESP09426,STU105,Q004-06,ASS004,1,2024-12-01
RESP09427,STU105,Q004-07,ASS004,1,2024-12-01
RESP09428,STU105,Q004-08,ASS004,1,2024-12-01
RESP09429,STU105,Q004-09,ASS004,1,2024-12-01
RESP09430,STU105,Q004-10,ASS004,1,2024-12-01
RESP09431,STU106,Q004-01,ASS004,1,2024-12-01
RESP09432,STU106,Q004-02,ASS004,0,2024-12-01
RESP09433,STU106,Q004-03,ASS004,1,2024-12-01
RESP09434,STU106,Q004-04,ASS004,1,2024-12-01
RESP09435,STU106,Q004-05,ASS004,1,2024-12-01
RESP09436,STU106,Q004-06,ASS004,1,2024-12-01
RESP09437,STU106,Q004-07,ASS004,1,2024-12-01
RESP09438,STU106,Q004-08,ASS004,1,2024-12-01
RESP09439,STU106,Q004-09,ASS004,0,2024-12-01
RESP09440,STU106,Q004-10,ASS004,1,2024-12-01
RESP09441,STU107,Q004-01,ASS004,1,2024-12-01
RESP09442,STU107,Q004-02,ASS004,0,2024-12-01
RESP09443,STU107,Q004-03,ASS004,1,2024-12-01
RESP09444,STU107,Q004-04,ASS004,1,2024-12-01
RESP09445,STU107,Q004-05,ASS004,0,2024-12-01
RESP09446,STU107,Q004-06,ASS004,1,2024-12-01
RESP09447,STU107,Q004-07,ASS004,0,2024-12-01
RESP09448,STU107,Q004-08,ASS004,0,2024-12-01
RESP09449,STU107,Q004-09,ASS004,1,2024-12-01
RESP09450,STU107,Q004-10,ASS004,1,2024-12-01
RESP09451,STU108,Q004-01,ASS004,1,2024-12-01
RESP09452,STU108,Q004-02,ASS004,1,2024-12-01
RESP09453,STU108,Q004-03,ASS004,1,2024-12-01
RESP09454,STU108,Q004-04,ASS004,1,2024-12-01
RESP09455,STU108,Q004-05,ASS004,1,2024-12-01
RESP09456,STU108,Q004-06,ASS004,1,2024-12-01
RESP09457,STU108,Q004-07,ASS004,0,2024-12-01
RESP09458,STU108,Q004-08,ASS004,1,2024-12-01
RESP09459,STU108,Q004-09,ASS004,1,2024-12-01
RESP09460,STU108,Q004-10,ASS004,1,2024-12-01
RESP09461,STU108,Q004-10,ASS004,1,2024-12-01
RESP09462,STU109,Q004-01,ASS004,1,2024-12-01
RESP09463,STU109,Q004-02,ASS004,1,2024-12-01
RESP09464,STU109,Q004-03,ASS004,1,2024-12-01
RESP09465,STU109,Q004-04,ASS004,1,2024-12-01
RESP09466,STU109,Q004-05,ASS004,1,2024-12-01
RESP09467,STU109,Q004-06,ASS004,1,2024-12-01
RESP09468,STU109,Q004-07,ASS004,1,2024-12-01
RESP09469,STU109,Q004-08,ASS004,1,2024-12-01
RESP09470,STU109,Q004-09,ASS004,1,2024-12-01
RESP09471,STU109,Q004-10,ASS004,1,2024-12-01
RESP09472,STU110,Q004-01,ASS004,1,2024-12-01
RESP09473,STU110,Q004-02,ASS004,1,2024-12-01
RESP09474,STU110,Q004-03,ASS004,1,2024-12-01
RESP09475,STU110,Q004-04,ASS004,1,2024-12-01
RESP09476,STU110,Q004-05,ASS004,1,2024-12-01
RESP09477,STU110,Q004-06,ASS004,1,2024-12-01
RESP09478,STU110,Q004-07,ASS004,1,2024-12-01
RESP09479,STU110,Q004-08,ASS004,1,2024-12-01
RESP09480,STU110,Q004-09,ASS004,1,2024-12-01
RESP09481,STU110,Q004-10,ASS004,1,2024-12-01
RESP09482,STU111,Q004-01,ASS004,1,2024-12-01
RESP09483,STU111,Q004-02,ASS004,1,2024-12-01
RESP09484,STU111,Q004-03,ASS004,1,2024-12-01
RESP09485,STU111,Q004-04,ASS004,1,2024-12-01
RESP09486,STU111,Q004-05,ASS004,1,2024-12-01
RESP09487,STU111,Q004-06,ASS004,1,2024-12-01
RESP09488,STU111,Q004-07,ASS004,1,2024-12-01
RESP09489,STU111,Q004-08,ASS004,1,2024-12-01
RESP09490,STU111,Q004-09,ASS004,1,2024-12-01
RESP09491,STU111,Q004-10,ASS004,1,2024-12-01
RESP09492,STU112,Q004-01,ASS004,0,2024-12-01
RESP09493,STU112,Q004-02,ASS004,0,2024-12-01
RESP09494,STU112,Q004-02,ASS004,0,2024-12-01
RESP09495,STU112,Q004-03,ASS004,1,2024-12-01
RESP09496,STU112,Q004-04,ASS004,1,2024-12-01
RESP09497,STU112,Q004-05,ASS004,0,2024-12-01
RESP09498,STU112,Q004-06,ASS004,0,2024-12-01
RESP09499,STU112,Q004-07,ASS004,1,2024-12-01
RESP09500,STU112,Q004-08,ASS004,0,2024-12-01
RESP09501,STU112,Q004-09,ASS004,1,2024-12-01
RESP09502,STU112,Q004-10,ASS004,1,2024-12-01
RESP09503,STU113,Q004-01,ASS004,1,2024-12-01
RESP09504,STU113,Q004-02,ASS004,1,2024-12-01
RESP09505,STU113,Q004-03,ASS004,1,2024-12-01
RESP09506,STU113,Q004-04,ASS004,0,2024-12-01
RESP09507,STU113,Q004-05,ASS004,1,2024-12-01
RESP09508,STU113,Q004-06,ASS004,1,2024-12-01
RESP09509,STU113,Q004-07,ASS004,1,2024-12-01
RESP09510,STU113,Q004-08,ASS004,1,2024-12-01
RESP09511,STU113,Q004-09,ASS004,1,2024-12-01
RESP09512,STU113,Q004-10,ASS004,1,2024-12-01
RESP09513,STU114,Q004-01,ASS004,1,2024-12-01
RESP09514,STU114,Q004-02,ASS004,0,2024-12-01
RESP09515,STU114,Q004-03,ASS004,1,2024-12-01
RESP09516,STU114,Q004-04,ASS004,1,2024-12-01
RESP09517,STU114,Q004-05,ASS004,1,2024-12-01
RESP09518,STU114,Q004-06,ASS004,0,2024-12-01
RESP09519,STU114,Q004-07,ASS004,1,2024-12-01
RESP09520,STU114,Q004-08,ASS004,1,2024-12-01
RESP09521,STU114,Q004-09,ASS004,1,2024-12-01
RESP09522,STU114,Q004-10,ASS004,0,2024-12-01
RESP09523,STU115,Q004-01,ASS004,1,2024-12-01
RESP09524,STU115,Q004-02,ASS004,1,2024-12-01
RESP09525,STU115,Q004-03,ASS004,1,2024-12-01
RESP09526,STU115,Q004-04,ASS004,1,2024-12-01
RESP09527,STU115,Q004-05,ASS004,0,2024-12-01
RESP09528,STU115,Q004-06,ASS004,1,2024-12-01
RESP09529,STU115,Q004-07,ASS004,1,2024-12-01
RESP09530,STU115,Q004-08,ASS004,1,2024-12-01
RESP09531,STU115,Q004-09,ASS004,0,2024-12-01
RESP09532,STU115,Q004-10,ASS004,0,2024-12-01
RESP09533,STU116,Q004-01,ASS004,1,2024-12-01
RESP09534,STU116,Q004-02,ASS004,1,2024-12-01
RESP09535,STU116,Q004-03,ASS004,1,2024-12-01
RESP09536,STU116,Q004-04,ASS004,1,2024-12-01
RESP09537,STU116,Q004-05,ASS004,1,2024-12-01
RESP09538,STU116,Q004-06,ASS004,1,2024-12-01
RESP09539,STU116,Q004-07,ASS004,1,2024-12-01
RESP09540,STU116,Q004-07,ASS004,1,2024-12-01
RESP09541,STU116,Q004-08,ASS004,1,2024-12-01
RESP09542,STU116,Q004-09,ASS004,1,2024-12-01
RESP09543,STU116,Q004-10,ASS004,1,2024-12-01
RESP09544,STU117,Q004-01,ASS004,1,2024-12-01
RESP09545,STU117,Q004-02,ASS004,1,2024-12-01
RESP09546,STU117,Q004-03,ASS004,1,2024-12-01
RESP09547,STU117,Q004-04,ASS004,1,2024-12-01
RESP09548,STU117,Q004-05,ASS004,1,2024-12-01
RESP09549,STU117,Q004-06,ASS004,1,2024-12-01
RESP09550,STU117,Q004-07,ASS004,1,2024-12-01
RESP09551,STU117,Q004-08,ASS004,1,2024-12-01
RESP09552,STU117,Q004-09,ASS004,1,2024-12-01
RESP09553,STU117,Q004-10,ASS004,1,2024-12-01
RESP09554,STU118,Q004-01,ASS004,1,2024-12-01
RESP09555,STU118,Q004-02,ASS004,1,2024-12-01
RESP09556,STU118,Q004-03,ASS004,1,2024-12-01
RESP09557,STU118,Q004-04,ASS004,0,2024-12-01
RESP09558,STU118,Q004-05,ASS004,1,2024-12-01
RESP09559,STU118,Q004-06,ASS004,1,2024-12-01
RESP09560,STU118,Q004-07,ASS004,1,2024-12-01
RESP09561,STU118,Q004-08,ASS004,1,2024-12-01
RESP09562,STU118,Q004-09,ASS004,1,2024-12-01
RESP09563,STU118,Q004-10,ASS004,1,2024-12-01
RESP09564,STU119,Q004-01,ASS004,1,2024-12-01
RESP09565,STU119,Q004-02,ASS004,1,2024-12-01
RESP09566,STU119,Q004-03,ASS004,1,2024-12-01
RESP09567,STU119,Q004-04,ASS004,1,2024-12-01
RESP09568,STU119,Q004-05,ASS004,1,2024-12-01
RESP09569,STU119,Q004-06,ASS004,1,2024-12-01
RESP09570,STU119,Q004-07,ASS004,1,2024-12-01
RESP09571,STU119,Q004-08,ASS004,1,2024-12-01
RESP09572,STU119,Q004-09,ASS004,1,2024-12-01
RESP09573,STU119,Q004-10,ASS004,1,2024-12-01
RESP09574,STU120,Q004-01,ASS004,0,2024-12-01
RESP09575,STU120,Q004-02,ASS004,1,2024-12-01
RESP09576,STU120,Q004-03,ASS004,0,2024-12-01
RESP09577,STU120,Q004-04,ASS004,1,2024-12-01
RESP09578,STU120,Q004-05,ASS004,0,2024-12-01
RESP09579,STU120,Q004-06,ASS004,1,2024-12-01
RESP09580,STU120,Q004-07,ASS004,1,2024-12-01
RESP09581,STU120,Q004-08,ASS004,0,2024-12-01
RESP09582,STU120,Q004-09,ASS004,1,2024-12-01
RESP09583,STU120,Q004-10,ASS004,0,2024-12-01
RESP09584,STU121,Q004-01,ASS004,1,2024-12-01
RESP09585,STU121,Q004-02,ASS004,1,2024-12-01
RESP09586,STU121,Q004-03,ASS004,1,2024-12-01
RESP09587,STU121,Q004-03,ASS004,1,2024-12-01
RESP09588,STU121,Q004-04,ASS004,1,2024-12-01
RESP09589,STU121,Q004-05,ASS004,1,2024-12-01
RESP09590,STU121,Q004-06,ASS004,1,2024-12-01
RESP09591,STU121,Q004-07,ASS004,1,2024-12-01
RESP09592,STU121,Q004-08,ASS004,1,2024-12-01
RESP09593,STU121,Q004-09,ASS004,1,2024-12-01
RESP09594,STU121,Q004-10,ASS004,1,2024-12-01
RESP09595,STU122,Q004-01,ASS004,1,2024-12-01
RESP09596,STU122,Q004-02,ASS004,1,2024-12-01
RESP09597,STU122,Q004-03,ASS004,1,2024-12-01
RESP09598,STU122,Q004-04,ASS004,0,2024-12-01
RESP09599,STU122,Q004-05,ASS004,1,2024-12-01
RESP09600,STU122,Q004-06,ASS004,0,2024-12-01
RESP09601,STU122,Q004-07,ASS004,1,2024-12-01
RESP09602,STU122,Q004-08,ASS004,1,2024-12-01
RESP09603,STU122,Q004-09,ASS004,1,2024-12-01
RESP09604,STU122,Q004-09,ASS004,1,2024-12-01
RESP09605,STU122,Q004-10,ASS004,1,2024-12-01
RESP09606,STU123,Q004-01,ASS004,1,2024-12-01
RESP09607,STU123,Q004-02,ASS004,1,2024-12-01
RESP09608,STU123,Q004-03,ASS004,1,2024-12-01
RESP09609,STU123,Q004-04,ASS004,1,2024-12-01
RESP09610,STU123,Q004-05,ASS004,1,2024-12-01
RESP09611,STU123,Q004-06,ASS004,1,2024-12-01
RESP09612,STU123,Q004-07,ASS004,1,2024-12-01
RESP09613,STU123,Q004-08,ASS004,1,2024-12-01
RESP09614,STU123,Q004-09,ASS004,1,2024-12-01
RESP09615,STU123,Q004-10,ASS004,1,2024-12-01
RESP09616,STU124,Q004-01,ASS004,1,2024-12-01
RESP09617,STU124,Q004-02,ASS004,1,2024-12-01
RESP09618,STU124,Q004-03,ASS004,1,2024-12-01
RESP09619,STU124,Q004-04,ASS004,1,2024-12-01
RESP09620,STU124,Q004-05,ASS004,1,2024-12-01
RESP09621,STU124,Q004-06,ASS004,1,2024-12-01
RESP09622,STU124,Q004-07,ASS004,1,2024-12-01
RESP09623,STU124,Q004-08,ASS004,1,2024-12-01
RESP09624,STU124,Q004-09,ASS004,1,2024-12-01
RESP09625,STU124,Q004-10,ASS004,1,2024-12-01
RESP09626,STU125,Q004-01,ASS004,1,2024-12-01
RESP09627,STU125,Q004-02,ASS004,0,2024-12-01
RESP09628,STU125,Q004-03,ASS004,1,2024-12-01
RESP09629,STU125,Q004-04,ASS004,0,2024-12-01
RESP09630,STU125,Q004-05,ASS004,0,2024-12-01
RESP09631,STU125,Q004-06,ASS004,0,2024-12-01
RESP09632,STU125,Q004-07,ASS004,0,2024-12-01
RESP09633,STU125,Q004-08,ASS004,0,2024-12-01
RESP09634,STU125,Q004-09,ASS004,1,2024-12-01
RESP09635,STU125,Q004-10,ASS004,0,2024-12-01
RESP09636,STU126,Q004-01,ASS004,1,2024-12-01
RESP09637,STU126,Q004-02,ASS004,1,2024-12-01
RESP09638,STU126,Q004-03,ASS004,1,2024-12-01
RESP09639,STU126,Q004-04,ASS004,1,2024-12-01
RESP09640,STU126,Q004-05,ASS004,0,2024-12-01
RESP09641,STU126,Q004-06,ASS004,0,2024-12-01
RESP09642,STU126,Q004-07,ASS004,0,2024-12-01
RESP09643,STU126,Q004-08,ASS004,1,2024-12-01
RESP09644,STU126,Q004-09,ASS004,0,2024-12-01
RESP09645,STU126,Q004-10,ASS004,1,2024-12-01
RESP09646,STU127,Q004-01,ASS004,1,2024-12-01
RESP09647,STU127,Q004-02,ASS004,0,2024-12-01
RESP09648,STU127,Q004-03,ASS004,1,2024-12-01
RESP09649,STU127,Q004-04,ASS004,1,2024-12-01
RESP09650,STU127,Q004-05,ASS004,1,2024-12-01
RESP09651,STU127,Q004-06,ASS004,1,2024-12-01
RESP09652,STU127,Q004-07,ASS004,1,2024-12-01
RESP09653,STU127,Q004-08,ASS004,1,2024-12-01
RESP09654,STU127,Q004-09,ASS004,1,2024-12-01
RESP09655,STU127,Q004-10,ASS004,1,2024-12-01
RESP09656,STU128,Q004-01,ASS004,1,2024-12-01
RESP09657,STU128,Q004-02,ASS004,1,2024-12-01
RESP09658,STU128,Q004-03,ASS004,1,2024-12-01
RESP09659,STU128,Q004-04,ASS004,1,2024-12-01
RESP09660,STU128,Q004-05,ASS004,1,2024-12-01
RESP09661,STU128,Q004-06,ASS004,1,2024-12-01
RESP09662,STU128,Q004-07,ASS004,1,2024-12-01
RESP09663,STU128,Q004-08,ASS004,1,2024-12-01
RESP09664,STU128,Q004-08,ASS004,1,2024-12-01
RESP09665,STU128,Q004-09,ASS004,1,2024-12-01
RESP09666,STU128,Q004-10,ASS004,1,2024-12-01
RESP09667,STU129,Q004-01,ASS004,1,2024-12-01
RESP09668,STU129,Q004-02,ASS004,1,2024-12-01
RESP09669,STU129,Q004-03,ASS004,0,2024-12-01
RESP09670,STU129,Q004-04,ASS004,1,2024-12-01
RESP09671,STU129,Q004-05,ASS004,1,2024-12-01
RESP09672,STU129,Q004-06,ASS004,1,2024-12-01
RESP09673,STU129,Q004-07,ASS004,1,2024-12-01
RESP09674,STU129,Q004-08,ASS004,1,2024-12-01
RESP09675,STU129,Q004-09,ASS004,0,2024-12-01
RESP09676,STU129,Q004-10,ASS004,1,2024-12-01
RESP09677,STU130,Q004-01,ASS004,1,2024-12-01
RESP09678,STU130,Q004-02,ASS004,1,2024-12-01
RESP09679,STU130,Q004-03,ASS004,1,2024-12-01
RESP09680,STU130,Q004-04,ASS004,1,2024-12-01
RESP09681,STU130,Q004-05,ASS004,1,2024-12-01
RESP09682,STU130,Q004-06,ASS004,1,2024-12-01
RESP09683,STU130,Q004-07,ASS004,1,2024-12-01
RESP09684,STU130,Q004-08,ASS004,1,2024-12-01
RESP09685,STU130,Q004-09,ASS004,1,2024-12-01
RESP09686,STU130,Q004-10,ASS004,1,2024-12-01
RESP09687,STU131,Q004-01,ASS004,1,2024-12-01
RESP09688,STU131,Q004-02,ASS004,1,2024-12-01
RESP09689,STU131,Q004-03,ASS004,1,2024-12-01
RESP09690,STU131,Q004-04,ASS004,1,2024-12-01
RESP09691,STU131,Q004-04,ASS004,1,2024-12-01
RESP09692,STU131,Q004-05,ASS004,1,2024-12-01
RESP09693,STU131,Q004-06,ASS004,1,2024-12-01
RESP09694,STU131,Q004-07,ASS004,1,2024-12-01
RESP09695,STU131,Q004-08,ASS004,1,2024-12-01
RESP09696,STU131,Q004-09,ASS004,1,2024-12-01
RESP09697,STU131,Q004-10,ASS004,1,2024-12-01
RESP09698,STU132,Q004-01,ASS004,1,2024-12-01
RESP09699,STU132,Q004-02,ASS004,0,2024-12-01
RESP09700,STU132,Q004-03,ASS004,1,2024-12-01
RESP09701,STU132,Q004-04,ASS004,1,2024-12-01
RESP09702,STU132,Q004-05,ASS004,0,2024-12-01
RESP09703,STU132,Q004-06,ASS004,1,2024-12-01
RESP09704,STU132,Q004-07,ASS004,1,2024-12-01
RESP09705,STU132,Q004-08,ASS004,1,2024-12-01
RESP09706,STU132,Q004-09,ASS004,0,2024-12-01
RESP09707,STU132,Q004-10,ASS004,1,2024-12-01
RESP09708,STU133,Q004-01,ASS004,1,2024-12-01
RESP09709,STU133,Q004-02,ASS004,1,2024-12-01
RESP09710,STU133,Q004-03,ASS004,1,2024-12-01
RESP09711,STU133,Q004-04,ASS004,1,2024-12-01
RESP09712,STU133,Q004-05,ASS004,1,2024-12-01
RESP09713,STU133,Q004-06,ASS004,1,2024-12-01
RESP09714,STU133,Q004-07,ASS004,1,2024-12-01
RESP09715,STU133,Q004-08,ASS004,1,2024-12-01
RESP09716,STU133,Q004-08,ASS004,1,2024-12-01
RESP09717,STU133,Q004-09,ASS004,1,2024-12-01
RESP09718,STU133,Q004-10,ASS004,1,2024-12-01
RESP09719,STU134,Q004-01,ASS004,1,2024-12-01
RESP09720,STU134,Q004-02,ASS004,1,2024-12-01
RESP09721,STU134,Q004-03,ASS004,1,2024-12-01
RESP09722,STU134,Q004-04,ASS004,1,2024-12-01
RESP09723,STU134,Q004-05,ASS004,1,2024-12-01
RESP09724,STU134,Q004-06,ASS004,1,2024-12-01
RESP09725,STU134,Q004-07,ASS004,1,2024-12-01
RESP09726,STU134,Q004-08,ASS004,1,2024-12-01
RESP09727,STU134,Q004-09,ASS004,1,2024-12-01
RESP09728,STU134,Q004-10,ASS004,1,2024-12-01
RESP09729,STU135,Q004-01,ASS004,1,2024-12-01
RESP09730,STU135,Q004-02,ASS004,0,2024-12-01
RESP09731,STU135,Q004-03,ASS004,0,2024-12-01
RESP09732,STU135,Q004-04,ASS004,0,2024-12-01
RESP09733,STU135,Q004-05,ASS004,0,2024-12-01
RESP09734,STU135,Q004-06,ASS004,0,2024-12-01
RESP09735,STU135,Q004-07,ASS004,1,2024-12-01
RESP09736,STU135,Q004-07,ASS004,1,2024-12-01
RESP09737,STU135,Q004-08,ASS004,0,2024-12-01
RESP09738,STU135,Q004-09,ASS004,1,2024-12-01
RESP09739,STU135,Q004-10,ASS004,0,2024-12-01
RESP09740,STU136,Q004-01,ASS004,1,2024-12-01
RESP09741,STU136,Q004-02,ASS004,1,2024-12-01
RESP09742,STU136,Q004-03,ASS004,1,2024-12-01
RESP09743,STU136,Q004-04,ASS004,1,2024-12-01
RESP09744,STU136,Q004-05,ASS004,1,2024-12-01
RESP09745,STU136,Q004-06,ASS004,1,2024-12-01
RESP09746,STU136,Q004-07,ASS004,0,2024-12-01
RESP09747,STU136,Q004-08,ASS004,1,2024-12-01
RESP09748,STU136,Q004-09,ASS004,1,2024-12-01
RESP09749,STU136,Q004-10,ASS004,1,2024-12-01
RESP09750,STU137,Q004-01,ASS004,1,2024-12-01
RESP09751,STU137,Q004-02,ASS004,1,2024-12-01
RESP09752,STU137,Q004-03,ASS004,1,2024-12-01
RESP09753,STU137,Q004-04,ASS004,1,2024-12-01
RESP09754,STU137,Q004-05,ASS004,0,2024-12-01
RESP09755,STU137,Q004-06,ASS004,1,2024-12-01
RESP09756,STU137,Q004-07,ASS004,1,2024-12-01
RESP09757,STU137,Q004-08,ASS004,1,2024-12-01
RESP09758,STU137,Q004-09,ASS004,1,2024-12-01
RESP09759,STU137,Q004-10,ASS004,1,2024-12-01
RESP09760,STU138,Q004-01,ASS004,1,2024-12-01
RESP09761,STU138,Q004-02,ASS004,1,2024-12-01
RESP09762,STU138,Q004-03,ASS004,1,2024-12-01
RESP09763,STU138,Q004-04,ASS004,1,2024-12-01
RESP09764,STU138,Q004-05,ASS004,1,2024-12-01
RESP09765,STU138,Q004-06,ASS004,1,2024-12-01
RESP09766,STU138,Q004-07,ASS004,1,2024-12-01
RESP09767,STU138,Q004-08,ASS004,1,2024-12-01
RESP09768,STU138,Q004-09,ASS004,1,2024-12-01
RESP09769,STU138,Q004-10,ASS004,1,2024-12-01
RESP09770,STU138,Q004-10,ASS004,1,2024-12-01
RESP09771,STU139,Q004-01,ASS004,0,2024-12-01
RESP09772,STU139,Q004-02,ASS004,0,2024-12-01
RESP09773,STU139,Q004-03,ASS004,1,2024-12-01
RESP09774,STU139,Q004-04,ASS004,0,2024-12-01
RESP09775,STU139,Q004-05,ASS004,0,2024-12-01
RESP09776,STU139,Q004-06,ASS004,1,2024-12-01
RESP09777,STU139,Q004-06,ASS004,1,2024-12-01
RESP09778,STU139,Q004-07,ASS004,1,2024-12-01
RESP09779,STU139,Q004-08,ASS004,1,2024-12-01
RESP09780,STU139,Q004-09,ASS004,1,2024-12-01
RESP09781,STU139,Q004-10,ASS004,0,2024-12-01
RESP09782,STU140,Q004-01,ASS004,1,2024-12-01
RESP09783,STU140,Q004-02,ASS004,1,2024-12-01
RESP09784,STU140,Q004-03,ASS004,1,2024-12-01
RESP09785,STU140,Q004-04,ASS004,1,2024-12-01
RESP09786,STU140,Q004-05,ASS004,1,2024-12-01
RESP09787,STU140,Q004-06,ASS004,1,2024-12-01
RESP09788,STU140,Q004-07,ASS004,1,2024-12-01
RESP09789,STU140,Q004-08,ASS004,1,2024-12-01
RESP09790,STU140,Q004-09,ASS004,1,2024-12-01
RESP09791,STU140,Q004-10,ASS004,1,2024-12-01
RESP09792,STU141,Q004-01,ASS004,1,2024-12-01
RESP09793,STU141,Q004-02,ASS004,1,2024-12-01
RESP09794,STU141,Q004-03,ASS004,1,2024-12-01
RESP09795,STU141,Q004-04,ASS004,1,2024-12-01
RESP09796,STU141,Q004-05,ASS004,1,2024-12-01
RESP09797,STU141,Q004-06,ASS004,1,2024-12-01
RESP09798,STU141,Q004-07,ASS004,1,2024-12-01
RESP09799,STU141,Q004-08,ASS004,1,2024-12-01
RESP09800,STU141,Q004-09,ASS004,1,2024-12-01
RESP09801,STU141,Q004-10,ASS004,1,2024-12-01
RESP09802,STU142,Q004-01,ASS004,1,2024-12-01
RESP09803,STU142,Q004-02,ASS004,1,2024-12-01
RESP09804,STU142,Q004-03,ASS004,1,2024-12-01
RESP09805,STU142,Q004-04,ASS004,1,2024-12-01
RESP09806,STU142,Q004-05,ASS004,1,2024-12-01
RESP09807,STU142,Q004-06,ASS004,1,2024-12-01
RESP09808,STU142,Q004-07,ASS004,1,2024-12-01
RESP09809,STU142,Q004-08,ASS004,1,2024-12-01
RESP09810,STU142,Q004-09,ASS004,1,2024-12-01
RESP09811,STU142,Q004-10,ASS004,1,2024-12-01
RESP09812,STU143,Q004-01,ASS004,1,2024-12-01
RESP09813,STU143,Q004-02,ASS004,1,2024-12-01
RESP09814,STU143,Q004-03,ASS004,1,2024-12-01
RESP09815,STU143,Q004-04,ASS004,1,2024-12-01
RESP09816,STU143,Q004-05,ASS004,1,2024-12-01
RESP09817,STU143,Q004-06,ASS004,1,2024-12-01
RESP09818,STU143,Q004-07,ASS004,1,2024-12-01
RESP09819,STU143,Q004-08,ASS004,1,2024-12-01
RESP09820,STU143,Q004-09,ASS004,1,2024-12-01
RESP09821,STU143,Q004-10,ASS004,1,2024-12-01
RESP09822,STU144,Q004-01,ASS004,1,2024-12-01
RESP09823,STU144,Q004-02,ASS004,1,2024-12-01
RESP09824,STU144,Q004-03,ASS004,1,2024-12-01
RESP09825,STU144,Q004-04,ASS004,0,2024-12-01
RESP09826,STU144,Q004-05,ASS004,0,2024-12-01
RESP09827,STU144,Q004-06,ASS004,1,2024-12-01
RESP09828,STU144,Q004-07,ASS004,0,2024-12-01
RESP09829,STU144,Q004-08,ASS004,1,2024-12-01
RESP09830,STU144,Q004-09,ASS004,1,2024-12-01
RESP09831,STU144,Q004-10,ASS004,0,2024-12-01
RESP09832,STU145,Q004-01,ASS004,0,2024-12-01
RESP09833,STU145,Q004-02,ASS004,1,2024-12-01
RESP09834,STU145,Q004-03,ASS004,1,2024-12-01
RESP09835,STU145,Q004-04,ASS004,1,2024-12-01
RESP09836,STU145,Q004-05,ASS004,1,2024-12-01
RESP09837,STU145,Q004-06,ASS004,1,2024-12-01
RESP09838,STU145,Q004-07,ASS004,1,2024-12-01
RESP09839,STU145,Q004-08,ASS004,1,2024-12-01
RESP09840,STU145,Q004-09,ASS004,1,2024-12-01
RESP09841,STU145,Q004-10,ASS004,0,2024-12-01
RESP09842,STU146,Q004-01,ASS004,1,2024-12-01
RESP09843,STU146,Q004-02,ASS004,1,2024-12-01
RESP09844,STU146,Q004-03,ASS004,1,2024-12-01
RESP09845,STU146,Q004-04,ASS004,1,2024-12-01
RESP09846,STU146,Q004-05,ASS004,1,2024-12-01
RESP09847,STU146,Q004-06,ASS004,1,2024-12-01
RESP09848,STU146,Q004-07,ASS004,1,2024-12-01
RESP09849,STU146,Q004-08,ASS004,1,2024-12-01
RESP09850,STU146,Q004-09,ASS004,1,2024-12-01
RESP09851,STU146,Q004-10,ASS004,1,2024-12-01
RESP09852,STU147,Q004-01,ASS004,0,2024-12-01
RESP09853,STU147,Q004-02,ASS004,1,2024-12-01
RESP09854,STU147,Q004-03,ASS004,1,2024-12-01
RESP09855,STU147,Q004-04,ASS004,1,2024-12-01
RESP09856,STU147,Q004-05,ASS004,1,2024-12-01
RESP09857,STU147,Q004-06,ASS004,0,2024-12-01
RESP09858,STU147,Q004-07,ASS004,0,2024-12-01
RESP09859,STU147,Q004-08,ASS004,1,2024-12-01
RESP09860,STU147,Q004-09,ASS004,1,2024-12-01
RESP09861,STU147,Q004-10,ASS004,1,2024-12-01
RESP09862,STU148,Q004-01,ASS004,1,2024-12-01
RESP09863,STU148,Q004-02,ASS004,1,2024-12-01
RESP09864,STU148,Q004-03,ASS004,1,2024-12-01
RESP09865,STU148,Q004-04,ASS004,1,2024-12-01
RESP09866,STU148,Q004-05,ASS004,1,2024-12-01
RESP09867,STU148,Q004-06,ASS004,1,2024-12-01
RESP09868,STU148,Q004-07,ASS004,1,2024-12-01
RESP09869,STU148,Q004-08,ASS004,1,2024-12-01
RESP09870,STU148,Q004-09,ASS004,1,2024-12-01
RESP09871,STU148,Q004-10,ASS004,0,2024-12-01
RESP09872,STU149,Q004-01,ASS004,1,2024-12-01
RESP09873,STU149,Q004-02,ASS004,0,2024-12-01
RESP09874,STU149,Q004-03,ASS004,1,2024-12-01
RESP09875,STU149,Q004-03,ASS004,1,2024-12-01
RESP09876,STU149,Q004-04,ASS004,0,2024-12-01
RESP09877,STU149,Q004-05,ASS004,0,2024-12-01
RESP09878,STU149,Q004-06,ASS004,1,2024-12-01
RESP09879,STU149,Q004-07,ASS004,0,2024-12-01
RESP09880,STU149,Q004-08,ASS004,1,2024-12-01
RESP09881,STU149,Q004-09,ASS004,1,2024-12-01
RESP09882,STU149,Q004-10,ASS004,1,2024-12-01
RESP09883,STU150,Q004-01,ASS004,1,2024-12-01
RESP09884,STU150,Q004-02,ASS004,1,2024-12-01
RESP09885,STU150,Q004-03,ASS004,1,2024-12-01
RESP09886,STU150,Q004-04,ASS004,1,2024-12-01
RESP09887,STU150,Q004-05,ASS004,1,2024-12-01
RESP09888,STU150,Q004-06,ASS004,1,2024-12-01
RESP09889,STU150,Q004-07,ASS004,1,2024-12-01
RESP09890,STU150,Q004-08,ASS004,1,2024-12-01
RESP09891,STU150,Q004-09,ASS004,0,2024-12-01
RESP09892,STU150,Q004-10,ASS004,1,2024-12-01
RESP09893,STU151,Q004-01,ASS004,1,2024-12-01
RESP09894,STU151,Q004-02,ASS004,1,2024-12-01
RESP09895,STU151,Q004-03,ASS004,1,2024-12-01
RESP09896,STU151,Q004-04,ASS004,1,2024-12-01
RESP09897,STU151,Q004-05,ASS004,1,2024-12-01
RESP09898,STU151,Q004-06,ASS004,1,2024-12-01
RESP09899,STU151,Q004-07,ASS004,1,2024-12-01
RESP09900,STU151,Q004-08,ASS004,1,2024-12-01
RESP09901,STU151,Q004-09,ASS004,1,2024-12-01
RESP09902,STU151,Q004-10,ASS004,1,2024-12-01
RESP09903,STU152,Q004-01,ASS004,1,2024-12-01
RESP09904,STU152,Q004-02,ASS004,1,2024-12-01
RESP09905,STU152,Q004-03,ASS004,1,2024-12-01
RESP09906,STU152,Q004-04,ASS004,1,2024-12-01
RESP09907,STU152,Q004-05,ASS004,1,2024-12-01
RESP09908,STU152,Q004-06,ASS004,1,2024-12-01
RESP09909,STU152,Q004-07,ASS004,1,2024-12-01
RESP09910,STU152,Q004-08,ASS004,1,2024-12-01
RESP09911,STU152,Q004-09,ASS004,1,2024-12-01
RESP09912,STU152,Q004-10,ASS004,1,2024-12-01
RESP09913,STU152,Q004-10,ASS004,1,2024-12-01
RESP09914,STU153,Q004-01,ASS004,1,2024-12-01
RESP09915,STU153,Q004-02,ASS004,1,2024-12-01
RESP09916,STU153,Q004-03,ASS004,1,2024-12-01
RESP09917,STU153,Q004-04,ASS004,1,2024-12-01
RESP09918,STU153,Q004-05,ASS004,1,2024-12-01
RESP09919,STU153,Q004-06,ASS004,1,2024-12-01
RESP09920,STU153,Q004-07,ASS004,0,2024-12-01
RESP09921,STU153,Q004-08,ASS004,1,2024-12-01
RESP09922,STU153,Q004-09,ASS004,1,2024-12-01
RESP09923,STU153,Q004-10,ASS004,1,2024-12-01
RESP09924,STU154,Q004-01,ASS004,1,2024-12-01
RESP09925,STU154,Q004-02,ASS004,1,2024-12-01
RESP09926,STU154,Q004-03,ASS004,1,2024-12-01
RESP09927,STU154,Q004-04,ASS004,1,2024-12-01
RESP09928,STU154,Q004-05,ASS004,0,2024-12-01
RESP09929,STU154,Q004-06,ASS004,1,2024-12-01
RESP09930,STU154,Q004-07,ASS004,1,2024-12-01
RESP09931,STU154,Q004-08,ASS004,1,2024-12-01
RESP09932,STU154,Q004-09,ASS004,1,2024-12-01
RESP09933,STU154,Q004-10,ASS004,1,2024-12-01
RESP09934,STU155,Q004-01,ASS004,1,2024-12-01
RESP09935,STU155,Q004-02,ASS004,0,2024-12-01
RESP09936,STU155,Q004-03,ASS004,1,2024-12-01
RESP09937,STU155,Q004-04,ASS004,1,2024-12-01
RESP09938,STU155,Q004-05,ASS004,1,2024-12-01
RESP09939,STU155,Q004-06,ASS004,0,2024-12-01
RESP09940,STU155,Q004-07,ASS004,0,2024-12-01
RESP09941,STU155,Q004-08,ASS004,1,2024-12-01
RESP09942,STU155,Q004-09,ASS004,0,2024-12-01
RESP09943,STU155,Q004-10,ASS004,1,2024-12-01
RESP09944,STU156,Q004-01,ASS004,1,2024-12-01
RESP09945,STU156,Q004-02,ASS004,0,2024-12-01
RESP09946,STU156,Q004-03,ASS004,0,2024-12-01
RESP09947,STU156,Q004-04,ASS004,0,2024-12-01
RESP09948,STU156,Q004-05,ASS004,1,2024-12-01
RESP09949,STU156,Q004-06,ASS004,1,2024-12-01
RESP09950,STU156,Q004-07,ASS004,0,2024-12-01
RESP09951,STU156,Q004-08,ASS004,1,2024-12-01
RESP09952,STU156,Q004-09,ASS004,1,2024-12-01
RESP09953,STU156,Q004-10,ASS004,0,2024-12-01
RESP09954,STU157,Q004-01,ASS004,0,2024-12-01
RESP09955,STU157,Q004-02,ASS004,1,2024-12-01
RESP09956,STU157,Q004-03,ASS004,1,2024-12-01
RESP09957,STU157,Q004-03,ASS004,1,2024-12-01
RESP09958,STU157,Q004-04,ASS004,1,2024-12-01
RESP09959,STU157,Q004-05,ASS004,0,2024-12-01
RESP09960,STU157,Q004-06,ASS004,1,2024-12-01
RESP09961,STU157,Q004-07,ASS004,0,2024-12-01
RESP09962,STU157,Q004-08,ASS004,0,2024-12-01
RESP09963,STU157,Q004-09,ASS004,1,2024-12-01
RESP09964,STU157,Q004-10,ASS004,1,2024-12-01
RESP09965,STU158,Q004-01,ASS004,1,2024-12-01
RESP09966,STU158,Q004-02,ASS004,1,2024-12-01
RESP09967,STU158,Q004-03,ASS004,1,2024-12-01
RESP09968,STU158,Q004-04,ASS004,1,2024-12-01
RESP09969,STU158,Q004-05,ASS004,1,2024-12-01
RESP09970,STU158,Q004-06,ASS004,1,2024-12-01
RESP09971,STU158,Q004-07,ASS004,1,2024-12-01
RESP09972,STU158,Q004-08,ASS004,1,2024-12-01
RESP09973,STU158,Q004-09,ASS004,1,2024-12-01
RESP09974,STU158,Q004-10,ASS004,1,2024-12-01
RESP09975,STU159,Q004-01,ASS004,1,2024-12-01
RESP09976,STU159,Q004-01,ASS004,1,2024-12-01
RESP09977,STU159,Q004-02,ASS004,1,2024-12-01
RESP09978,STU159,Q004-03,ASS004,1,2024-12-01
RESP09979,STU159,Q004-04,ASS004,1,2024-12-01
RESP09980,STU159,Q004-05,ASS004,1,2024-12-01
RESP09981,STU159,Q004-06,ASS004,0,2024-12-01
RESP09982,STU159,Q004-07,ASS004,0,2024-12-01
RESP09983,STU159,Q004-08,ASS004,1,2024-12-01
RESP09984,STU159,Q004-09,ASS004,1,2024-12-01
RESP09985,STU159,Q004-10,ASS004,0,2024-12-01
RESP09986,STU160,Q004-01,ASS004,1,2024-12-01
RESP09987,STU160,Q004-02,ASS004,0,2024-12-01
RESP09988,STU160,Q004-03,ASS004,1,2024-12-01
RESP09989,STU160,Q004-04,ASS004,1,2024-12-01
RESP09990,STU160,Q004-05,ASS004,1,2024-12-01
RESP09991,STU160,Q004-06,ASS004,1,2024-12-01
RESP09992,STU160,Q004-07,ASS004,1,2024-12-01
RESP09993,STU160,Q004-08,ASS004,1,2024-12-01
RESP09994,STU160,Q004-09,ASS004,1,2024-12-01
RESP09995,STU160,Q004-10,ASS004,1,2024-12-01
RESP09996,STU161,Q004-01,ASS004,1,2024-12-01
RESP09997,STU161,Q004-02,ASS004,1,2024-12-01
RESP09998,STU161,Q004-03,ASS004,1,2024-12-01
RESP09999,STU161,Q004-04,ASS004,1,2024-12-01
RESP10000,STU161,Q004-05,ASS004,1,2024-12-01
RESP10001,STU161,Q004-06,ASS004,1,2024-12-01
RESP10002,STU161,Q004-07,ASS004,1,2024-12-01
RESP10003,STU161,Q004-08,ASS004,1,2024-12-01
RESP10004,STU161,Q004-09,ASS004,1,2024-12-01
RESP10005,STU161,Q004-10,ASS004,1,2024-12-01
RESP10006,STU162,Q004-01,ASS004,1,2024-12-01
RESP10007,STU162,Q004-02,ASS004,0,2024-12-01
RESP10008,STU162,Q004-03,ASS004,1,2024-12-01
RESP10009,STU162,Q004-04,ASS004,0,2024-12-01
RESP10010,STU162,Q004-05,ASS004,1,2024-12-01
RESP10011,STU162,Q004-06,ASS004,0,2024-12-01
RESP10012,STU162,Q004-07,ASS004,0,2024-12-01
RESP10013,STU162,Q004-08,ASS004,1,2024-12-01
RESP10014,STU162,Q004-09,ASS004,1,2024-12-01
RESP10015,STU162,Q004-10,ASS004,1,2024-12-01
RESP10016,STU163,Q004-01,ASS004,1,2024-12-01
RESP10017,STU163,Q004-02,ASS004,1,2024-12-01
RESP10018,STU163,Q004-03,ASS004,1,2024-12-01
RESP10019,STU163,Q004-04,ASS004,1,2024-12-01
RESP10020,STU163,Q004-05,ASS004,1,2024-12-01
RESP10021,STU163,Q004-06,ASS004,1,2024-12-01
RESP10022,STU163,Q004-07,ASS004,1,2024-12-01
RESP10023,STU163,Q004-08,ASS004,1,2024-12-01
RESP10024,STU163,Q004-09,ASS004,1,2024-12-01
RESP10025,STU163,Q004-10,ASS004,1,2024-12-01
RESP10026,STU164,Q004-01,ASS004,1,2024-12-01
RESP10027,STU164,Q004-02,ASS004,1,2024-12-01
RESP10028,STU164,Q004-03,ASS004,1,2024-12-01
RESP10029,STU164,Q004-04,ASS004,1,2024-12-01
RESP10030,STU164,Q004-05,ASS004,1,2024-12-01
RESP10031,STU164,Q004-06,ASS004,1,2024-12-01
RESP10032,STU164,Q004-07,ASS004,1,2024-12-01
RESP10033,STU164,Q004-08,ASS004,1,2024-12-01
RESP10034,STU164,Q004-09,ASS004,1,2024-12-01
RESP10035,STU164,Q004-10,ASS004,1,2024-12-01
RESP10036,STU165,Q004-01,ASS004,1,2024-12-01
RESP10037,STU165,Q004-02,ASS004,1,2024-12-01
RESP10038,STU165,Q004-03,ASS004,1,2024-12-01
RESP10039,STU165,Q004-04,ASS004,0,2024-12-01
RESP10040,STU165,Q004-05,ASS004,1,2024-12-01
RESP10041,STU165,Q004-06,ASS004,1,2024-12-01
RESP10042,STU165,Q004-07,ASS004,1,2024-12-01
RESP10043,STU165,Q004-08,ASS004,1,2024-12-01
RESP10044,STU165,Q004-09,ASS004,1,2024-12-01
RESP10045,STU165,Q004-09,ASS004,1,2024-12-01
RESP10046,STU165,Q004-10,ASS004,1,2024-12-01
RESP10047,STU166,Q004-01,ASS004,0,2024-12-01
RESP10048,STU166,Q004-02,ASS004,0,2024-12-01
RESP10049,STU166,Q004-03,ASS004,1,2024-12-01
RESP10050,STU166,Q004-04,ASS004,0,2024-12-01
RESP10051,STU166,Q004-05,ASS004,1,2024-12-01
RESP10052,STU166,Q004-06,ASS004,0,2024-12-01
RESP10053,STU166,Q004-07,ASS004,1,2024-12-01
RESP10054,STU166,Q004-08,ASS004,1,2024-12-01
RESP10055,STU166,Q004-09,ASS004,1,2024-12-01
RESP10056,STU166,Q004-10,ASS004,0,2024-12-01
RESP10057,STU167,Q004-01,ASS004,1,2024-12-01
RESP10058,STU167,Q004-02,ASS004,0,2024-12-01
RESP10059,STU167,Q004-03,ASS004,1,2024-12-01
RESP10060,STU167,Q004-04,ASS004,0,2024-12-01
RESP10061,STU167,Q004-05,ASS004,0,2024-12-01
RESP10062,STU167,Q004-06,ASS004,1,2024-12-01
RESP10063,STU167,Q004-07,ASS004,1,2024-12-01
RESP10064,STU167,Q004-08,ASS004,1,2024-12-01
RESP10065,STU167,Q004-09,ASS004,1,2024-12-01
RESP10066,STU167,Q004-10,ASS004,1,2024-12-01
RESP10067,STU168,Q004-01,ASS004,1,2024-12-01
RESP10068,STU168,Q004-02,ASS004,1,2024-12-01
RESP10069,STU168,Q004-03,ASS004,0,2024-12-01
RESP10070,STU168,Q004-04,ASS004,1,2024-12-01
RESP10071,STU168,Q004-05,ASS004,1,2024-12-01
RESP10072,STU168,Q004-06,ASS004,0,2024-12-01
RESP10073,STU168,Q004-07,ASS004,0,2024-12-01
RESP10074,STU168,Q004-08,ASS004,1,2024-12-01
RESP10075,STU168,Q004-09,ASS004,1,2024-12-01
RESP10076,STU168,Q004-10,ASS004,1,2024-12-01
RESP10077,STU169,Q004-01,ASS004,0,2024-12-01
RESP10078,STU169,Q004-02,ASS004,0,2024-12-01
RESP10079,STU169,Q004-03,ASS004,0,2024-12-01
RESP10080,STU169,Q004-04,ASS004,0,2024-12-01
RESP10081,STU169,Q004-05,ASS004,1,2024-12-01
RESP10082,STU169,Q004-06,ASS004,1,2024-12-01
RESP10083,STU169,Q004-07,ASS004,0,2024-12-01
RESP10084,STU169,Q004-08,ASS004,1,2024-12-01
RESP10085,STU169,Q004-09,ASS004,0,2024-12-01
RESP10086,STU169,Q004-10,ASS004,0,2024-12-01
RESP10087,STU170,Q004-01,ASS004,1,2024-12-01
RESP10088,STU170,Q004-02,ASS004,1,2024-12-01
RESP10089,STU170,Q004-03,ASS004,1,2024-12-01
RESP10090,STU170,Q004-04,ASS004,0,2024-12-01
RESP10091,STU170,Q004-05,ASS004,1,2024-12-01
RESP10092,STU170,Q004-06,ASS004,1,2024-12-01
RESP10093,STU170,Q004-07,ASS004,1,2024-12-01
RESP10094,STU170,Q004-08,ASS004,1,2024-12-01
RESP10095,STU170,Q004-09,ASS004,1,2024-12-01
RESP10096,STU170,Q004-10,ASS004,1,2024-12-01
RESP10097,STU171,Q004-01,ASS004,0,2024-12-01
RESP10098,STU171,Q004-02,ASS004,0,2024-12-01
RESP10099,STU171,Q004-03,ASS004,1,2024-12-01
RESP10100,STU171,Q004-04,ASS004,1,2024-12-01
RESP10101,STU171,Q004-05,ASS004,1,2024-12-01
RESP10102,STU171,Q004-06,ASS004,1,2024-12-01
RESP10103,STU171,Q004-07,ASS004,0,2024-12-01
RESP10104,STU171,Q004-08,ASS004,1,2024-12-01
RESP10105,STU171,Q004-09,ASS004,0,2024-12-01
RESP10106,STU171,Q004-10,ASS004,0,2024-12-01
RESP10107,STU172,Q004-01,ASS004,1,2024-12-01
RESP10108,STU172,Q004-02,ASS004,0,2024-12-01
RESP10109,STU172,Q004-03,ASS004,1,2024-12-01
RESP10110,STU172,Q004-04,ASS004,1,2024-12-01
RESP10111,STU172,Q004-05,ASS004,1,2024-12-01
RESP10112,STU172,Q004-06,ASS004,1,2024-12-01
RESP10113,STU172,Q004-07,ASS004,0,2024-12-01
RESP10114,STU172,Q004-08,ASS004,1,2024-12-01
RESP10115,STU172,Q004-09,ASS004,1,2024-12-01
RESP10116,STU172,Q004-10,ASS004,0,2024-12-01
RESP10117,STU173,Q004-01,ASS004,1,2024-12-01
RESP10118,STU173,Q004-02,ASS004,1,2024-12-01
RESP10119,STU173,Q004-03,ASS004,1,2024-12-01
RESP10120,STU173,Q004-04,ASS004,1,2024-12-01
RESP10121,STU173,Q004-05,ASS004,1,2024-12-01
RESP10122,STU173,Q004-06,ASS004,0,2024-12-01
RESP10123,STU173,Q004-07,ASS004,1,2024-12-01
RESP10124,STU173,Q004-07,ASS004,1,2024-12-01
RESP10125,STU173,Q004-08,ASS004,1,2024-12-01
RESP10126,STU173,Q004-09,ASS004,1,2024-12-01
RESP10127,STU173,Q004-10,ASS004,1,2024-12-01
RESP10128,STU174,Q004-01,ASS004,1,2024-12-01
RESP10129,STU174,Q004-02,ASS004,1,2024-12-01
RESP10130,STU174,Q004-03,ASS004,1,2024-12-01
RESP10131,STU174,Q004-04,ASS004,0,2024-12-01
RESP10132,STU174,Q004-05,ASS004,1,2024-12-01
RESP10133,STU174,Q004-06,ASS004,1,2024-12-01
RESP10134,STU174,Q004-07,ASS004,1,2024-12-01
RESP10135,STU174,Q004-08,ASS004,1,2024-12-01
RESP10136,STU174,Q004-09,ASS004,1,2024-12-01
RESP10137,STU174,Q004-10,ASS004,1,2024-12-01
RESP10138,STU175,Q004-01,ASS004,1,2024-12-01
RESP10139,STU175,Q004-02,ASS004,1,2024-12-01
RESP10140,STU175,Q004-03,ASS004,1,2024-12-01
RESP10141,STU175,Q004-04,ASS004,1,2024-12-01
RESP10142,STU175,Q004-05,ASS004,1,2024-12-01
RESP10143,STU175,Q004-06,ASS004,1,2024-12-01
RESP10144,STU175,Q004-07,ASS004,1,2024-12-01
RESP10145,STU175,Q004-08,ASS004,1,2024-12-01
RESP10146,STU175,Q004-09,ASS004,1,2024-12-01
RESP10147,STU175,Q004-10,ASS004,1,2024-12-01
RESP10148,STU176,Q004-01,ASS004,1,2024-12-01
RESP10149,STU176,Q004-02,ASS004,0,2024-12-01
RESP10150,STU176,Q004-03,ASS004,1,2024-12-01
RESP10151,STU176,Q004-04,ASS004,1,2024-12-01
RESP10152,STU176,Q004-05,ASS004,0,2024-12-01
RESP10153,STU176,Q004-06,ASS004,1,2024-12-01
RESP10154,STU176,Q004-07,ASS004,1,2024-12-01
RESP10155,STU176,Q004-08,ASS004,1,2024-12-01
RESP10156,STU176,Q004-09,ASS004,0,2024-12-01
RESP10157,STU176,Q004-10,ASS004,1,2024-12-01
RESP10158,STU177,Q004-01,ASS004,1,2024-12-01
RESP10159,STU177,Q004-02,ASS004,1,2024-12-01
RESP10160,STU177,Q004-03,ASS004,1,2024-12-01
RESP10161,STU177,Q004-03,ASS004,1,2024-12-01
RESP10162,STU177,Q004-04,ASS004,1,2024-12-01
RESP10163,STU177,Q004-05,ASS004,1,2024-12-01
RESP10164,STU177,Q004-06,ASS004,1,2024-12-01
RESP10165,STU177,Q004-07,ASS004,1,2024-12-01
RESP10166,STU177,Q004-08,ASS004,1,2024-12-01
RESP10167,STU177,Q004-09,ASS004,1,2024-12-01
RESP10168,STU177,Q004-10,ASS004,1,2024-12-01
RESP10169,STU178,Q004-01,ASS004,1,2024-12-01
RESP10170,STU178,Q004-02,ASS004,0,2024-12-01
RESP10171,STU178,Q004-03,ASS004,0,2024-12-01
RESP10172,STU178,Q004-04,ASS004,1,2024-12-01
RESP10173,STU178,Q004-05,ASS004,0,2024-12-01
RESP10174,STU178,Q004-06,ASS004,1,2024-12-01
RESP10175,STU178,Q004-07,ASS004,1,2024-12-01
RESP10176,STU178,Q004-08,ASS004,1,2024-12-01
RESP10177,STU178,Q004-09,ASS004,1,2024-12-01
RESP10178,STU178,Q004-10,ASS004,1,2024-12-01
RESP10179,STU179,Q004-01,ASS004,1,2024-12-01
RESP10180,STU179,Q004-02,ASS004,1,2024-12-01
RESP10181,STU179,Q004-03,ASS004,1,2024-12-01
RESP10182,STU179,Q004-04,ASS004,1,2024-12-01
RESP10183,STU179,Q004-05,ASS004,1,2024-12-01
RESP10184,STU179,Q004-06,ASS004,1,2024-12-01
RESP10185,STU179,Q004-07,ASS004,1,2024-12-01
RESP10186,STU179,Q004-08,ASS004,1,2024-12-01
RESP10187,STU179,Q004-09,ASS004,1,2024-12-01
RESP10188,STU179,Q004-10,ASS004,1,2024-12-01
RESP10189,STU180,Q004-01,ASS004,1,2024-12-01
RESP10190,STU180,Q004-02,ASS004,1,2024-12-01
RESP10191,STU180,Q004-03,ASS004,1,2024-12-01
RESP10192,STU180,Q004-04,ASS004,1,2024-12-01
RESP10193,STU180,Q004-05,ASS004,1,2024-12-01
RESP10194,STU180,Q004-06,ASS004,1,2024-12-01
RESP10195,STU180,Q004-07,ASS004,1,2024-12-01
RESP10196,STU180,Q004-08,ASS004,0,2024-12-01
RESP10197,STU180,Q004-09,ASS004,1,2024-12-01
RESP10198,STU180,Q004-10,ASS004,1,2024-12-01
