loan_id,loan_grade,loan_subgrade,loan_purpose,loan_term_months,loan_amount,interest_rate,installment,issue_date,first_payment_date,loan_status,total_payment,principal_received,interest_received,charged_off_amount,credit_score,dti,annual_income,employment_length,home_ownership,addr_state
LN001341,E,E2,medical,36,,22.56,230.88,2022-08-08,2022-09-06,Fully Paid,8178.62,6000.0,2178.62,0.0,745.0,38.81,116000,10+ years,MORTGAGE,OK
LN001602,B,B1,moving,36,18000.0,11.92,597.17,2021-06-18,2021-07-18,Current,12540.57,8151.37,4389.2,0.0,797.0,38.87,151800,2 years,MORTGAGE,NY
LN002226,E,E4,medical,36,24600.0,25.11,979.52,2021-05-25,2021-06-26,Current,22528.96,14643.82,7885.14,0.0,729.0,12.36,153200,7 years,MORTGAGE,VA
LN003171,F,F4,major_purchase,36,10700.0,29.8,453.06,2021-02-01,2021-03-04,Current,6342.84,4122.85,2219.99,0.0,662.0,20.75,210000,10+ years,MORTGAGE,NM
LN000212,G,G1,wedding,36,7800.0,34.55,350.86,2023-05-08,2023-06-11,Fully Paid,12665.23,7800.0,4865.23,0.0,691.0,31.5,78500,2 years,RENT,MA
LN002972,A,A2,home_improvement,36,12900.0,5.9,391.86,2021-08-30,2021-09-28,Fully Paid,13830.84,12900.0,930.84,0.0,742.0,28.67,86800,1 year,RENT,ID
LN001466,E,E2,home_improvement,36,5700.0,25.42,227.9,2022-02-07,2022-03-07,Fully Paid,8099.74,5700.0,2399.74,0.0,813.0,28.51,58700,,MORTGAGE,TX
LN000135,F,F1,educational,36,11600.0,29.74,490.79,2021-04-04,2021-05-09,Charged Off,2581.74,1807.22,774.52,9792.78,624.0,156.55,243300,3 years,RENT,WY
LN002678,E,E3,debt_consolidation,36,32900.0,25.89,1323.63,2023-11-09,2023-12-09,Fully Paid,48291.03,32900.0,15391.03,0.0,633.0,21.71,179800,4 years,OWN,DE
LN001743,B,B3,vacation,36,,10.6,97.65,2022-03-25,2022-04-29,Charged Off,198.2,138.74,59.46,2861.26,817.0,26.62,54800,< 1 year,RENT,SC
LN002317,C,C4,major_purchase,36,19400.0,15.65,678.7,2022-08-11,2022-09-14,Fully Paid,24759.09,19400.0,5359.09,0.0,659.0,8.57,130200,10+ years,RENT,MN
LN000027,B,B2,car,36,,11.88,149.21,2021-04-12,2021-05-14,Fully Paid,5373.58,4500.0,873.58,0.0,,44.25,244600,3 years,RENT,KY
LN000930,C,C4,car,36,25200.0,13.05,849.69,2021-04-09,2021-05-12,Fully Paid,30357.83,25200.0,5157.83,0.0,625.0,33.29,128200,5 years,RENT,MT
LN000033,B,B5,medical,60,20600.0,10.23,440.02,2022-08-10,2022-09-10,Fully Paid,26599.34,20600.0,5999.34,0.0,808.0,35.04,68600,,RENT,VT
LN000316,E,E3,moving,60,30400.0,23.63,868.03,2023-08-26,2023-09-30,Default,8680.3,6076.21,2604.09,0.0,703.0,35.8,164100,10+ years,OWN,NJ
LN002708,B,B4,home_improvement,60,13200.0,10.46,283.46,2021-09-25,2021-10-27,Fully Paid,17183.58,13200.0,3983.58,0.0,818.0,42.95,120000,5 years,RENT,KY
LN002888,E,E1,renewable_energy,60,36900.0,24.68,1076.15,2022-08-03,2022-09-05,Fully Paid,65817.74,36900.0,28917.74,0.0,783.0,27.54,219000,< 1 year,MORTGAGE,DE
LN001510,A,A5,small_business,60,9000.0,5.85,173.37,2022-02-23,2022-03-26,Current,8148.39,5296.45,2851.94,0.0,608.0,29.8,115900,6 years,RENT,ME
LN000271,D,D3,educational,36,5900.0,20.8,221.68,2023-06-13,2023-07-14,Fully Paid,7934.24,5900.0,2034.24,0.0,742.0,43.58,144500,6 years,RENT,CT
LN001966,E,E3,vacation,36,1900.0,24.59,75.13,2022-08-19,2022-09-20,Fully Paid,2714.73,1900.0,814.73,0.0,693.0,30.34,64300,3 years,OTHER,TX
LN000880,B,B3,vacation,60,6600.0,10.15,140.72,2022-05-20,2022-06-18,Fully Paid,8536.16,6600.0,1936.16,0.0,685.0,37.97,86600,6 years,MORTGAGE,OK
LN001925,C,G1,debt_consolidation,60,38600.0,16.19,942.58,2021-03-05,2021-04-04,Fully Paid,56134.93,38600.0,17534.93,0.0,700.0,41.18,145900,1 year,RENT,WA
LN001058,A,A3,debt_consolidation,36,23100.0,5.46,697.11,2022-03-16,2022-04-20,Default,4182.66,2927.86,1254.8,0.0,820.0,19.82,151100,2 years,MORTGAGE,NY
LN002378,C,C1,debt_consolidation,60,18200.0,12.77,411.97,2021-08-04,2021-09-03,Late (31-120 days),4531.67,3172.17,1359.5,0.0,771.0,24.16,198800,3 years,RENT,RI
LN001232,A,A3,credit_card,36,9100.0,7.94,284.91,2022-11-27,2022-12-30,Charged Off,1672.01,1170.41,501.6,7929.59,741.0,21.27,247200,6 years,RENT,OR
LN000440,D,D1,renewable_energy,36,36300.0,18.66,1324.38,2023-05-27,2023-06-24,Fully Paid,48159.96,36300.0,11859.96,0.0,758.0,42.84,247100,,RENT,UT
LN000416,G,G1,wedding,36,34600.0,35.06,1566.34,2021-01-27,2021-02-26,Late (31-120 days),18796.08,13157.26,5638.82,0.0,627.0,15.13,216200,,RENT,NJ
LN000671,F,F5,home_improvement,36,,28.84,1175.11,2022-04-30,2022-05-30,Current,14101.32,9165.86,4935.46,0.0,808.0,31.69,148500,7 years,RENT,CT
LN002844,B,B1,moving,36,,11.02,753.21,2021-12-29,2022-01-27,Fully Paid,26850.73,23000.0,3850.73,0.0,611.0,39.52,172400,3 years,MORTGAGE,OR
LN003020,B,B3,debt_consolidation,60,19300.0,8.62,397.09,2021-02-03,2021-03-03,Fully Paid,23516.76,19300.0,4216.76,0.0,697.0,44.76,130300,2 years,MORTGAGE,TN
LN000812,C,C2,wedding,60,20000.0,14.58,471.4,2021-12-19,2022-01-20,Charged Off,3316.79,2321.75,995.04,17678.25,664.0,42.08,80400,2 years,MORTGAGE,NM
LN002358,E,E5,medical,36,25000.0,25.27,997.57,2021-11-25,2021-12-23,Charged Off,11022.05,7715.43,3306.61,17284.57,803.0,18.24,174100,6 years,RENT,MD
LN000180,B,B3,debt_consolidation,60,6800.0,8.58,139.77,2022-05-26,2022-06-28,Current,6429.42,4179.12,2250.3,0.0,784.0,11.57,124900,5 years,MORTGAGE,MI
LN002763,F,F1,credit_card,60,26400.0,27.82,819.12,2022-06-23,2022-07-21,Charged Off,9509.69,6656.78,2852.91,19743.22,672.0,39.7,32200,1 year,RENT,WI
LN002989,B,B2,vacation,36,32900.0,9.01,1046.36,2021-10-08,2021-11-11,Charged Off,17809.07,12466.35,5342.72,20433.65,729.0,15.61,117600,,MORTGAGE,IL
LN002457,C,C2,renewable_energy,60,35700.0,13.43,820.16,2023-12-19,2024-01-21,Charged Off,18683.38,13078.37,5605.01,22621.63,757.0,23.57,59800,,MORTGAGE,CA
LN001227,A,A2,medical,36,5300.0,5.9,161.0,2023-04-06,2023-05-10,Fully Paid,5830.3,5300.0,530.3,0.0,601.0,42.37,234200,10+ years,MORTGAGE,PA
LN001000,B,B1,wedding,60,34600.0,8.72,713.55,2023-07-25,2023-08-26,Current,34963.95,22726.57,12237.38,0.0,702.0,13.11,134400,< 1 year,RENT,IL
LN000818,B,B4,major_purchase,36,27700.0,9.61,888.74,2021-02-17,2021-03-18,Late (31-120 days),3554.96,2488.47,1066.49,0.0,622.0,42.82,138700,8 years,MORTGAGE,OK
LN000928,F,F2,moving,60,31000.0,28.76,979.47,2022-09-27,2022-10-25,Default,979.47,685.63,293.84,0.0,762.0,35.18,74000,9 years,RENT,CA
LN002697,B,B2,renewable_energy,36,5800.0,8.71,183.66,2022-07-01,2022-07-30,Fully Paid,6541.64,5800.0,741.64,0.0,676.0,22.26,83800,5 years,RENT,MA
LN003034,A,A4,home_improvement,36,12100.0,5.56,365.7,2021-02-24,2021-03-30,Fully Paid,13036.38,12100.0,936.38,0.0,748.0,39.94,107800,1 year,RENT,GA
LN002956,E,E4,debt_consolidation,60,38000.0,25.64,1129.65,2021-09-02,2021-10-01,Default,13555.8,9489.06,4066.74,0.0,698.0,16.01,103000,1 year,MORTGAGE,MS
LN000121,A,A5,wedding,36,29200.0,5.39,880.27,2023-04-15,2023-05-14,Fully Paid,31560.63,29200.0,2360.63,0.0,763.0,33.75,240300,4 years,OWN,OR
LN001787,G,G1,credit_card,36,25000.0,-35.31,1135.29,2023-02-21,2023-03-27,Charged Off,9213.21,6449.25,2763.96,18550.75,762.0,25.85,106500,1 year,RENT,AZ
LN001404,D,D1,moving,36,37200.0,21.69,1414.73,2023-05-19,2023-06-16,Fully Paid,51736.31,37200.0,14536.31,0.0,706.0,20.43,42700,4 years,MORTGAGE,MS
LN000388,C,C2,major_purchase,36,16400.0,13.36,555.43,2022-04-05,2022-05-07,Fully Paid,19894.88,16400.0,3494.88,0.0,589.0,36.11,62900,5 years,RENT,NM
LN001511,C,C2,debt_consolidation,36,6400.0,15.45,223.27,2022-09-13,2022-10-12,Current,5135.21,3337.89,1797.32,0.0,799.0,14.15,85300,1 year,MORTGAGE,MO
LN002105,A,A4,home_improvement,36,3400.0,5.04,101.96,2023-07-16,2023-08-19,Fully Paid,3663.48,3400.0,263.48,0.0,613.0,14.63,40600,1 year,MORTGAGE,IA
LN002963,A,A3,home_improvement,36,21500.0,7.59,669.67,2023-11-04,2023-12-02,Fully Paid,24471.41,21500.0,2971.41,0.0,749.0,34.85,229800,4 years,RENT,WA
LN001958,B,B1,car,60,32700.0,10.4,701.23,2022-08-11,2022-09-11,Charged Off,13219.01,9253.31,3965.7,23446.69,749.0,27.81,136400,4 years,OWN,MO
LN000843,D,D3,car,36,,20.83,605.16,2022-12-12,2022-12-09,Charged Off,2387.64,1671.35,716.29,14428.65,,21.68,207900,3 years,MORTGAGE,RI
LN000185,A,A4,wedding,36,19300.0,7.86,603.55,2022-03-17,2022-04-21,Fully Paid,22001.76,19300.0,2701.76,0.0,723.0,25.22,227700,4 years,OWN,VA
LN000496,B,B1,major_purchase,36,30000.0,8.91,952.74,2023-01-13,2023-02-16,Current,30487.68,19816.99,10670.69,0.0,791.0,31.94,73500,2 years,RENT,LA
LN002212,D,D1,wedding,60,2200.0,21.82,60.54,2022-11-08,2022-12-10,Charged Off,309.76,216.83,92.93,1983.17,772.0,14.41,228000,6 years,MORTGAGE,OK
LN003202,E,E1,renewable_energy,36,38700.0,24.24,1523.19,2023-01-12,2023-02-12,Fully Paid,54463.13,38700.0,15763.13,0.0,725.0,42.4,49300,10+ years,OWN,CA
LN000927,C,C4,educational,60,7800.0,16.44,191.51,2022-04-28,2022-05-29,Current,4213.22,2738.59,1474.63,0.0,717.0,32.89,149700,3 years,MORTGAGE,NC
LN000462,A,A4,wedding,36,18500.0,5.52,558.79,2021-11-09,2021-12-11,Fully Paid,20369.56,18500.0,1869.56,0.0,636.0,10.15,83300,7 years,RENT,IN
LN000034,C,C1,moving,36,7200.0,14.33,247.23,2023-12-01,2024-01-05,Current,5686.29,3696.09,1990.2,0.0,773.0,40.66,231700,,MORTGAGE,NH
LN001794,D,D5,car,36,31800.0,17.31,1138.67,2023-10-18,2023-11-22,Late (31-120 days),3416.01,2391.21,1024.8,0.0,598.0,6.92,82900,8 years,RENT,IL
LN000290,D,D3,debt_consolidation,36,29400.0,17.71,1058.61,2021-10-30,2021-11-27,Fully Paid,38257.3,29400.0,8857.3,0.0,231.0,26.9,59800,3 years,MORTGAGE,WA
LN002590,A,A2,educational,36,32600.0,7.75,1017.81,2022-04-27,2022-05-27,Charged Off,11027.73,7719.41,3308.32,24880.59,722.0,23.97,121500,4 years,OWN,ID
LN001540,E,E1,home_improvement,60,3900.0,24.5,113.33,2023-01-17,2023-02-19,Current,3173.24,2062.61,1110.63,0.0,660.0,41.31,79800,10+ years,RENT,KS
LN000645,B,B5,credit_card,36,25700.0,9.53,823.61,2023-08-09,2023-09-09,Fully Paid,29805.54,25700.0,4105.54,0.0,680.0,13.7,149800,10+ years,MORTGAGE,NC
LN000094,C,C3,major_purchase,60,34000.0,15.76,822.48,2022-04-07,2022-05-08,Fully Paid,48867.09,34000.0,14867.09,0.0,624.0,29.1,55800,2 years,MORTGAGE,NY
LN000970,A,A2,small_business,36,28700.0,6.73,882.63,2023-09-29,2023-10-30,Current,6178.41,4015.97,2162.44,0.0,628.0,12.48,156600,8 years,RENT,MT
LN001555,B,B3,medical,36,10000.0,8.97,317.86,2021-06-01,2021-07-03,Current,2542.88,1652.87,890.01,0.0,602.0,42.99,116000,,RENT,AZ
LN001175,D,D4,renewable_energy,36,,18.12,517.84,2021-01-09,2021-02-09,Fully Paid,18734.09,14300.0,4434.09,0.0,804.0,32.02,234800,9 years,RENT,DE
LN002576,B,B3,home_improvement,60,,9.06,428.22,2022-02-24,2022-03-26,Current,2141.1,1391.71,749.38,0.0,806.0,11.56,115200,1 year,OWN,OR
LN003154,D,D1,major_purchase,36,18200.0,21.95,694.6,2021-10-22,2021-11-26,Fully Paid,25222.72,18200.0,7022.72,0.0,862.0,43.26,141200,1 year,MORTGAGE,AL
LN000804,D,D4,debt_consolidation,36,28700.0,20.02,1066.89,2023-12-29,2024-01-28,Fully Paid,38543.54,28700.0,9843.54,0.0,680.0,196.74,152800,9 years,OWN,WV
LN001475,A,A2,medical,36,2000.0,5.05,59.99,2022-07-23,2022-08-26,Fully Paid,2141.65,2000.0,141.65,0.0,762.0,44.76,210700,2 years,RENT,AL
LN000603,F,F1,debt_consolidation,60,38300.0,30.4,1248.56,2022-06-19,2022-07-24,Fully Paid,74661.35,38300.0,36361.35,0.0,681.0,43.82,177800,4 years,RENT,PA
LN001965,A,A4,car,36,28100.0,7.32,871.76,2023-01-07,2023-02-08,Current,8717.6,5666.44,3051.16,0.0,778.0,12.74,93600,2 years,MORTGAGE,TN
LN002729,D,D3,debt_consolidation,36,32000.0,19.43,1179.96,2023-11-10,2023-12-14,Charged Off,4439.38,3107.57,1331.81,28892.43,767.0,27.47,160200,8 years,RENT,NJ
LN001337,C,C1,vacation,60,2700.0,13.29,61.83,2022-05-01,2022-06-01,Fully Paid,3686.93,2700.0,986.93,0.0,761.0,11.17,185000,2 years,MORTGAGE,RI
LN000949,A,A1,car,36,1800.0,6.86,55.46,2023-11-24,2023-12-24,Current,1275.58,829.13,446.45,0.0,674.0,6.54,67500,7 years,RENT,AL
LN003177,B,B3,renewable_energy,36,27800.0,9.99,896.9,2023-10-02,2023-11-05,Charged Off,1976.34,1383.44,592.9,26416.56,600.0,29.04,114400,2 years,MORTGAGE,MA
LN000803,B,B2,debt_consolidation,36,7300.0,11.35,240.2,2022-10-05,2022-11-08,Current,2642.2,1717.43,924.77,0.0,789.0,34.62,135500,10+ years,RENT,NC
LN001766,A,A3,home_improvement,60,10800.0,-5.06,204.11,2022-09-03,2022-10-01,LATE (31-120 DAYS),816.44,571.51,244.93,0.0,696.0,38.21,125600,6 years,OWN,VT
LN000071,E,A4,major_purchase,36,10700.0,25.29,427.07,2021-08-19,2021-09-18,Current,2135.35,1387.98,747.37,0.0,659.0,36.54,38600,6 years,MORTGAGE,CO
LN000444,F,F4,wedding,36,35400.0,31.28,1527.71,2023-11-06,2023-12-05,Fully Paid,55842.28,35400.0,20442.28,0.0,602.0,8.21,98200,3 years,MORTGAGE,CT
LN002330,B,B2,renewable_energy,60,18000.0,11.57,396.5,2022-04-16,2022-05-17,Charged Off,8965.94,6276.16,2689.78,11723.84,651.0,27.16,38300,,OWN,AL
LN002454,A,A5,vacation,36,33800.0,7.38,1049.53,2021-02-15,2021-03-18,Fully Paid,37124.49,33800.0,3324.49,0.0,725.0,29.26,220800,,MORTGAGE,IN
LN001068,C,C2,debt_consolidation,60,9400.0,16.32,230.19,2022-08-23,2022-09-26,Fully Paid,14018.86,9400.0,4618.86,0.0,665.0,10.93,82400,,MORTGAGE,LA
LN002637,A,A4,wedding,60,36000.0,-7.24,716.93,2023-04-23,2023-05-27,LATE (31-120 DAYS),4301.58,3011.11,1290.47,0.0,703.0,17.94,97600,5 years,RENT,ID
LN002773,G,G4,moving,60,4400.0,34.08,153.58,2023-12-03,2024-01-06,Fully Paid,9183.2,4400.0,4783.2,0.0,815.0,8.14,117000,10+ years,RENT,VA
LN002335,B,B3,wedding,36,3700.0,10.98,121.1,2022-09-28,2022-10-30,Current,847.7,551.0,296.69,0.0,593.0,40.09,33600,2 years,OWN,AZ
LN002283,E,E5,educational,36,32200.0,24.75,1276.01,2023-06-13,2023-07-12,Fully Paid,46495.76,32200.0,14295.76,0.0,721.0,38.63,136800,4 years,RENT,LA
LN001415,F,F4,major_purchase,60,3400.0,27.5,104.84,2021-09-21,2021-10-19,Current,5137.16,3339.15,1798.01,0.0,679.0,35.39,190100,1 year,MORTGAGE,WY
LN000606,A,A2,wedding,36,34900.0,7.52,1085.93,2022-12-08,2023-01-05,Fully Paid,38455.95,34900.0,3555.95,0.0,762.0,41.68,187800,8 years,OTHER,CO
LN000292,C,C5,credit_card,36,4400.0,13.5,149.32,2023-04-24,2023-05-25,Current,5076.88,3299.97,1776.91,0.0,664.0,19.29,121000,1 year,MORTGAGE,IL
LN000565,B,B1,renewable_energy,36,12700.0,10.13,410.57,2023-07-19,2023-08-19,Fully Paid,14919.21,12700.0,2219.21,0.0,788.0,18.26,178900,2 years,RENT,AL
LN002568,C,C4,wedding,60,13600.0,15.03,323.76,2023-01-14,2023-02-11,Fully Paid,19560.37,13600.0,5960.37,0.0,620.0,11.4,36300,< 1 year,RENT,NC
LN000408,B,B1,educational,60,39300.0,9.56,826.53,2022-07-18,2022-08-19,Fully Paid,49538.56,39300.0,10238.56,0.0,623.0,27.91,144500,9 years,MORTGAGE,ME
LN001107,A,A2,medical,36,22200.0,5.33,668.65,2023-02-28,2023-03-31,Current,8692.45,5650.09,3042.36,0.0,648.0,33.55,242400,10+ years,MORTGAGE,PA
LN002385,E,E2,major_purchase,60,26700.0,26.2,802.57,2021-03-10,2021-04-07,Fully Paid,48861.77,26700.0,22161.77,0.0,740.0,24.36,175000,1 year,RENT,CA
LN000552,B,B2,medical,60,19500.0,8.63,401.3,2022-11-18,2022-12-23,Late (31-120 days),4815.6,3370.92,1444.68,0.0,735.0,13.36,105300,10+ years,MORTGAGE,DE
LN001237,B,B1,medical,60,15000.0,8.6,308.47,2021-03-16,2021-04-19,Fully Paid,18184.81,15000.0,3184.81,0.0,773.0,34.61,51700,9 years,RENT,KY
LN001573,D,D5,vacation,60,2200.0,20.71,59.16,2022-05-08,2022-06-10,Current,2543.88,1653.52,890.36,0.0,662.0,38.93,148900,6 years,RENT,DE
LN001996,E,E4,medical,36,12500.0,23.3,485.83,2021-12-15,2021-12-10,current,15060.73,9789.47,5271.26,0.0,665.0,41.5,229700,10+ years,RENT,MI
LN001427,B,B4,moving,36,12300.0,9.18,392.17,2022-11-27,2022-12-28,Charged Off,6526.57,4568.6,1957.97,7731.4,597.0,188.65,123100,9 years,OWN,RI
LN000197,B,B1,credit_card,36,16300.0,8.98,518.18,2022-08-26,2022-09-25,Current,6218.16,4041.8,2176.36,0.0,597.0,26.22,28400,6 years,RENT,MN
LN003263,C,C5,medical,60,16600.0,15.6,400.16,2022-08-08,2022-09-11,Current,14405.76,9363.74,5042.02,0.0,716.0,28.29,232100,4 years,RENT,WV
LN001054,C,C1,medical,36,,16.2,331.41,2022-05-17,2022-06-21,Fully Paid,12011.61,9400.0,2611.61,0.0,787.0,40.98,177400,10+ years,MORTGAGE,KY
LN000890,C,C5,educational,36,9300.0,15.53,324.81,2022-10-05,2022-11-03,Late (31-120 days),3897.72,2728.4,1169.32,0.0,734.0,19.34,154700,4 years,RENT,CO
LN002865,A,A4,educational,36,2600.0,6.85,80.1,2021-11-03,2021-12-01,Current,801.0,520.65,280.35,0.0,693.0,36.58,63900,7 years,RENT,IA
LN003200,D,D5,renewable_energy,36,7400.0,21.47,280.58,2023-07-27,2023-08-25,Default,1964.06,1374.84,589.22,0.0,686.0,31.49,137400,5 years,OTHER,NY
LN000412,D,D5,medical,36,37100.0,18.95,1359.0,2023-04-02,2023-05-04,Fully Paid,49648.62,37100.0,12548.62,0.0,583.0,16.55,208800,4 years,RENT,ND
LN000150,E,E4,car,36,34800.0,26.44,1410.28,2021-12-08,2022-01-07,Current,35257.0,22917.05,12339.95,0.0,610.0,12.14,245000,4 years,RENT,00
LN000938,B,B3,renewable_energy,60,28000.0,11.41,614.53,2023-09-27,2023-10-28,Late (31-120 days),3072.65,2150.86,921.79,0.0,808.0,134.35,247300,2 years,RENT,AR
LN002226,E,E4,medical,36,24600.0,-25.11,979.52,2021-05-25,2021-06-26,Current,22528.96,14643.82,7885.14,0.0,729.0,12.36,153200,7 years,MORTGAGE,VA
LN000315,B,B3,medical,60,10900.0,10.09,232.08,2023-05-04,2023-06-07,Charged Off,2110.34,1477.24,633.1,9422.76,684.0,25.25,54600,5 years,RENT,DE
LN002504,C,C5,credit_card,36,,13.69,108.89,2022-09-24,2022-10-29,Fully Paid,3880.54,3200.0,680.54,0.0,685.0,29.88,186100,1 year,RENT,NV
LN002270,D,D3,moving,60,,19.51,978.08,2021-05-29,2021-06-27,Current,42057.44,27337.34,14720.1,0.0,591.0,6.7,148900,,OWN,IA
LN001897,A,A3,educational,36,19800.0,6.83,609.83,2022-05-31,2022-07-04,Charged Off,4558.29,3190.8,1367.49,16609.2,806.0,44.06,138900,3 years,MORTGAGE,TN
LN001814,B,B1,educational,60,33700.0,9.07,700.7,2022-06-07,2022-07-11,Fully Paid,41468.4,33700.0,7768.4,0.0,688.0,22.29,206800,5 years,MORTGAGE,AL
LN001299,B,B4,wedding,60,1600.0,-10.75,34.59,2022-02-17,2022-03-23,Charged Off,909.76,636.83,272.93,963.17,812.0,37.97,49000,< 1 year,RENT,NH
LN002148,A,A4,educational,60,28700.0,6.55,562.22,2023-07-28,2023-08-28,Fully Paid,34191.07,28700.0,5491.07,0.0,744.0,21.06,150100,10+ years,MORTGAGE,OR
LN003425,G,G5,major_purchase,36,32800.0,32.78,1442.82,2021-11-14,2021-12-14,Fully Paid,52424.51,32800.0,19624.51,0.0,688.0,34.13,42000,4 years,MORTGAGE,SD
LN003223,C,C5,renewable_energy,60,13700.0,13.64,316.22,2023-01-11,2023-02-10,Fully Paid,19125.96,13700.0,5425.96,0.0,604.0,33.15,214900,4 years,RENT,OH
LN001799,D,D4,debt_consolidation,36,,19.39,571.23,2021-09-23,2021-10-24,Charged Off,7273.29,5091.3,2181.99,10408.7,665.0,24.71,71800,1 year,MORTGAGE,AZ
LN000300,C,C3,major_purchase,36,25600.0,16.05,900.65,2023-08-25,2023-09-22,Charged Off,3236.67,2265.67,971.0,23334.33,622.0,14.2,235700,7 years,RENT,ID
LN001109,F,F1,medical,36,20200.0,30.59,864.06,2022-10-19,2022-11-23,Late (31-120 days),8640.6,6048.42,2592.18,0.0,609.0,36.86,76900,10+ years,RENT,VT
LN001771,B,B4,wedding,36,22000.0,9.41,703.8,2021-08-15,2021-09-19,Charged Off,8223.03,5756.12,2466.91,16243.88,620.0,11.59,142900,8 years,MORTGAGE,AK
LN000806,C,C4,debt_consolidation,60,38200.0,14.07,890.23,2021-06-12,2021-07-15,Current,42731.04,27775.18,14955.86,0.0,607.0,23.09,35100,4 years,RENT,MS
LN002986,G,G3,credit_card,36,19900.0,35.59,906.85,2021-10-18,2021-11-16,Fully Paid,32198.69,19900.0,12298.69,0.0,699.0,8.22,204200,6 years,OWN,WI
LN000184,B,B2,moving,36,31500.0,8.98,1001.4,2021-04-18,2021-05-22,Charged Off,10006.56,7004.59,3001.97,24495.41,717.0,32.74,95900,6 years,OWN,FL
LN003328,B,B2,home_improvement,60,3600.0,11.01,78.29,2021-08-07,2021-09-07,CURRENT,2192.12,1424.88,767.24,0.0,589.0,41.29,49100,2 years,OWN,OK
LN001026,C,C3,small_business,36,,14.57,623.64,2023-09-13,2023-10-17,Fully Paid,22538.83,18100.0,4438.83,0.0,751.0,31.36,82000,9 years,MORTGAGE,IL
LN002190,A,A3,car,36,23000.0,6.98,709.96,2023-12-18,2023-12-15,Charged Off,12743.96,8920.77,3823.19,14079.23,750.0,40.92,169700,10+ years,RENT,MI
LN000882,C,C2,home_improvement,36,12600.0,14.34,432.72,2021-10-07,2021-11-09,Fully Paid,15871.68,12600.0,3271.68,0.0,646.0,15.21,34400,1 year,MORTGAGE,NV
LN002794,A,A3,car,36,4200.0,5.75,127.3,2021-06-20,2021-07-22,Fully Paid,4582.75,4200.0,382.75,0.0,601.0,32.73,52600,5 years,RENT,SD
LN002845,D,D3,home_improvement,60,33100.0,18.81,855.18,2021-02-16,2021-03-18,Current,20524.32,13340.81,7183.51,0.0,581.0,19.71,246600,5 years,RENT,LA
LN001377,C,C4,small_business,60,28900.0,14.35,677.71,2021-09-15,2021-10-14,Current,22364.43,14536.88,7827.55,0.0,744.0,30.44,227800,3 years,RENT,CT
LN001172,E,E2,moving,60,30300.0,26.71,919.98,2021-05-31,2021-07-03,Fully Paid,54670.5,30300.0,24370.5,0.0,755.0,32.22,159200,2 years,MORTGAGE,WA
LN003424,A,A1,renewable_energy,36,15200.0,6.54,466.14,2021-02-13,2021-03-19,Fully Paid,16721.43,15200.0,1521.43,0.0,639.0,22.56,178100,< 1 year,MORTGAGE,HI
LN000052,B,B5,car,36,32700.0,8.71,1035.44,2021-08-18,2021-09-16,late (31-120 days),4141.76,2899.23,1242.53,0.0,740.0,13.44,58200,1 year,RENT,CA
LN000352,A,A3,moving,36,30200.0,7.78,943.3,2022-08-10,2022-09-09,Fully Paid,33904.97,30200.0,3704.97,0.0,619.0,10.54,175300,,RENT,KY
LN001878,A,A3,educational,36,39300.0,6.83,1210.42,2021-03-09,2021-04-08,Current,38733.44,25176.74,13556.7,0.0,703.0,30.44,102000,3 years,MORTGAGE,CO
LN000863,E,E3,wedding,36,2800.0,25.93,112.71,2023-01-30,2023-03-01,Charged Off,179.95,125.96,53.98,2674.04,871.0,19.83,173500,8 years,RENT,VA
LN000535,A,A2,vacation,60,7600.0,7.9,153.74,2023-02-05,2023-03-06,Current,4919.68,3197.79,1721.89,0.0,701.0,6.3,89200,10+ years,RENT,DE
LN002894,D,D2,moving,60,,21.46,1084.32,2021-10-19,2021-11-17,Charged Off,17030.77,11921.54,5109.23,27778.46,759.0,9.65,131900,1 year,RENT,ID
LN002828,C,C1,car,36,27700.0,15.18,962.67,2023-12-11,2024-01-14,Current,9626.7,6257.36,3369.35,0.0,165.0,18.73,175200,7 years,MORTGAGE,CO
LN002919,B,B1,debt_consolidation,36,16000.0,8.63,506.04,2021-12-05,2022-01-06,Current,9614.76,6249.59,3365.17,0.0,797.0,19.35,214200,4 years,MORTGAGE,ME
LN001045,C,C4,moving,36,34100.0,16.27,1203.41,2023-05-02,2023-06-04,Current,33695.48,21902.06,11793.42,0.0,772.0,15.06,191900,2 years,MORTGAGE,FL
LN003352,E,E4,moving,36,29500.0,24.63,1167.15,2023-09-14,2023-10-19,Fully Paid,41615.22,29500.0,12115.22,0.0,614.0,13.98,217900,,RENT,DE
LN000171,C,C3,car,36,,14.05,755.86,2023-10-21,2023-11-19,Current,13605.48,8843.56,4761.92,0.0,726.0,25.84,180900,2 years,RENT,LA
LN000140,B,B1,credit_card,60,12800.0,10.37,274.3,2021-05-21,2021-06-18,Late (31-120 days),822.9,576.03,246.87,0.0,686.0,40.29,97000,10+ years,RENT,MT
LN001214,C,C2,major_purchase,36,3400.0,15.75,119.11,2022-01-18,2022-02-19,Fully Paid,4293.22,3400.0,893.22,0.0,650.0,24.68,106700,9 years,RENT,VA
LN002114,E,E5,moving,36,39800.0,25.17,1586.02,2022-07-08,2022-08-06,Current,47580.6,30927.39,16653.21,0.0,597.0,36.97,151700,9 years,RENT,RI
LN003307,A,A3,renewable_energy,60,4800.0,5.09,90.78,2021-12-13,2022-01-15,Fully paid,5339.9,4800.0,539.9,0.0,602.0,19.58,238800,5 years,OWN,AZ
LN000280,G,G1,debt_consolidation,60,11300.0,34.48,397.29,2022-10-24,2022-11-28,Current,17083.47,11104.26,5979.21,0.0,760.0,33.38,175600,8 years,OWN,RI
LN001981,D,D2,medical,36,14600.0,21.87,556.6,2021-04-21,2021-05-20,Fully Paid,19991.85,14600.0,5391.85,0.0,718.0,13.28,184400,< 1 year,RENT,NM
LN002900,A,A3,car,60,15200.0,7.86,307.18,2023-07-16,2023-08-17,Current,18123.62,11780.35,6343.27,0.0,606.0,11.82,82100,9 years,RENT,IA
LN002375,C,C2,medical,60,34200.0,15.02,813.97,2022-04-18,2022-05-18,Fully Paid,48955.77,34200.0,14755.77,0.0,615.0,12.43,46400,2 years,RENT,NY
LN001065,A,A4,home_improvement,36,4700.0,5.85,142.66,2021-03-13,2021-04-15,Current,2567.88,1669.12,898.76,0.0,763.0,24.26,192800,1 year,MORTGAGE,TX
LN000568,B,B2,small_business,36,19900.0,11.33,654.61,2023-11-18,2023-12-18,Late (31-120 days),6546.1,4582.27,1963.83,0.0,805.0,22.35,51700,1 year,MORTGAGE,FL
LN001481,F,F5,wedding,36,30700.0,31.06,1321.15,2022-08-20,2022-09-21,Current,39634.5,25762.42,13872.07,0.0,693.0,10.93,46900,1 year,MORTGAGE,LA
LN002997,B,B1,major_purchase,36,25800.0,9.18,822.6,2022-02-19,2022-03-19,Current,9871.2,6416.28,3454.92,0.0,631.0,12.6,42600,6 years,RENT,RI
LN003115,F,F5,home_improvement,60,22600.0,30.11,732.71,2022-03-30,2022-05-02,Charged Off,2485.97,1740.18,745.79,20859.82,787.0,7.44,181700,3 years,RENT,NE
LN001609,D,D1,major_purchase,60,24100.0,18.3,615.92,2021-02-01,2021-03-07,Current,11086.56,7206.26,3880.3,0.0,734.0,31.66,188100,< 1 year,OWN,NM
LN002727,B,G2,medical,36,22300.0,9.21,711.32,2023-05-30,2023-07-02,Fully Paid,25508.74,22300.0,3208.74,0.0,706.0,5.87,75400,4 years,MORTGAGE,KY
LN000965,B,B4,major_purchase,36,27200.0,11.49,896.82,2021-04-29,2021-06-02,Fully Paid,32081.64,27200.0,4881.64,0.0,668.0,33.76,104000,,RENT,NH
LN001937,A,A4,major_purchase,60,19100.0,6.29,371.84,2023-10-20,2023-11-19,Fully Paid,22362.93,19100.0,3262.93,0.0,715.0,25.35,234000,5 years,MORTGAGE,MN
LN001392,E,E3,educational,36,34900.0,26.6,1417.32,2021-01-06,2021-02-04,Current,17007.84,11055.1,5952.74,0.0,802.0,22.42,195800,5 years,OTHER,MD
LN002397,F,F2,moving,60,12400.0,30.95,408.45,2022-10-05,2022-11-09,Fully Paid,24646.14,12400.0,12246.14,0.0,796.0,26.56,180900,5 years,OWN,RI
LN002222,G,G5,medical,36,37600.0,34.42,1688.56,2021-01-06,2021-02-04,Fully Paid,61806.29,37600.0,24206.29,0.0,,6.33,71400,,OWN,VT
LN001467,D,D5,small_business,36,23800.0,20.99,896.54,2023-09-01,2023-10-06,Late (31-120 days),6275.78,4393.05,1882.73,0.0,737.0,5.9,99800,4 years,MORTGAGE,MA
LN003215,C,C4,credit_card,36,24100.0,15.56,842.06,2021-12-01,2022-01-04,Charged Off,8176.86,5723.8,2453.06,18376.2,690.0,15.96,150800,1 year,OWN,KS
LN003193,B,B1,debt_consolidation,36,18900.0,8.78,599.08,2023-03-31,2023-05-03,Current,18571.48,12071.46,6500.02,0.0,715.0,41.85,241800,,RENT,OR
LN002149,E,E1,home_improvement,36,27800.0,23.36,1081.35,2023-04-11,2023-05-10,Late (31-120 days),5406.75,3784.72,1622.02,0.0,614.0,27.27,172800,,RENT,UT
LN001489,G,G3,car,60,2200.0,32.43,74.5,2022-01-20,2022-02-18,Fully Paid,4381.82,2200.0,2181.82,0.0,707.0,33.77,108900,10+ years,RENT,GA
LN002737,C,C3,moving,36,22500.0,13.59,764.52,2021-08-08,2021-09-12,Fully Paid,27433.04,22500.0,4933.04,0.0,791.0,16.31,216400,10+ years,OWN,TN
LN002930,B,B2,major_purchase,36,6100.0,11.49,201.12,2023-10-03,2023-11-07,Fully Paid,7132.24,6100.0,1032.24,0.0,717.0,27.87,150500,5 years,MORTGAGE,NV
LN001719,G,G1,moving,60,20700.0,34.93,733.72,2023-05-22,2023-06-22,Fully Paid,44867.06,20700.0,24167.06,0.0,653.0,20.93,105400,6 years,RENT,WY
LN001158,E,E1,vacation,60,31100.0,24.91,911.19,2021-10-26,2021-11-25,Fully Paid,54000.88,31100.0,22900.88,0.0,712.0,42.22,196900,,OWN,WV
LN001954,D,D5,major_purchase,36,38800.0,20.13,1444.52,2022-08-13,2022-09-12,Current,37557.52,24412.39,13145.13,0.0,768.0,6.7,60000,10+ years,MORTGAGE,MA
LN003199,A,A5,renewable_energy,60,35400.0,5.0,668.04,2023-11-22,2023-12-21,Fully Paid,40494.91,35400.0,5094.91,0.0,773.0,20.9,98600,6 years,OTHER,CA
LN002906,B,B5,moving,36,11400.0,11.71,377.07,2022-10-11,2022-11-09,Current,13197.45,8578.34,4619.11,0.0,262.0,31.71,98300,6 years,MORTGAGE,ND
LN002563,D,D4,moving,60,,20.56,857.81,2023-02-09,2023-03-16,Default,10293.72,7205.6,3088.12,0.0,754.0,15.82,97400,2 years,MORTGAGE,KS
LN001789,B,B3,medical,60,30600.0,10.8,662.27,2022-04-29,2022-05-29,Fully Paid,39558.02,30600.0,8958.02,0.0,748.0,10.68,216700,10+ years,MORTGAGE,MI
LN000439,B,B1,debt_consolidation,36,16600.0,9.07,528.42,2022-05-15,2022-06-19,Current,2113.68,1373.89,739.79,0.0,696.0,23.55,81700,10+ years,OWN,MS
LN002612,B,B3,small_business,60,21100.0,8.56,433.51,2023-07-17,2023-08-21,Fully Paid,25575.59,21100.0,4475.59,0.0,623.0,8.48,61200,5 years,RENT,HI
LN000753,F,F4,major_purchase,60,38500.0,30.68,1261.73,2022-03-19,2022-04-17,Late (31-120 days),3785.19,2649.63,1135.56,0.0,766.0,40.7,197000,10+ years,RENT,KY
LN002714,A,A4,car,60,15900.0,7.55,318.98,2022-08-28,2022-10-02,Fully Paid,18869.31,15900.0,2969.31,0.0,722.0,9.22,25600,2 years,OWN,IN
LN001398,A,A5,debt_consolidation,36,23100.0,6.27,705.58,2022-08-01,2022-08-29,Current,9172.54,5962.15,3210.39,0.0,760.0,5.09,27200,3 years,RENT,HI
LN003357,C,C5,home_improvement,60,4100.0,13.59,94.53,2022-03-18,2022-04-18,Charged Off,951.77,666.24,285.53,3433.76,765.0,10.87,237700,5 years,MORTGAGE,MN
LN001883,B,B1,credit_card,60,27300.0,9.99,579.91,2023-09-07,2023-10-06,Default,4059.37,2841.56,1217.81,0.0,650.0,5.32,141700,1 year,OWN,IL
LN002961,B,B1,major_purchase,60,,10.98,97.8,2021-05-20,2021-06-22,Current,5379.0,3496.35,1882.65,0.0,740.0,21.26,86800,5 years,MORTGAGE,IL
LN002322,B,B2,car,36,2800.0,10.54,91.06,2022-01-24,2022-02-27,Fully Paid,3317.62,2800.0,517.62,0.0,774.0,12.75,99200,4 years,RENT,ID
LN001830,A,A3,car,36,38500.0,7.47,1197.06,2023-12-27,2024-01-24,Charged Off,7861.71,5503.2,2358.51,32996.8,814.0,44.43,105300,6 years,MORTGAGE,NH
LN001638,E,E3,home_improvement,60,,26.62,118.2,2022-09-07,2022-10-12,Fully Paid,7111.4,3900.0,3211.4,0.0,735.0,29.89,107600,6 years,RENT,AK
LN000409,C,C2,moving,36,15200.0,13.51,515.89,2022-11-24,2022-12-26,Fully Paid,18391.49,15200.0,3191.49,0.0,769.0,9.46,96500,,MORTGAGE,TX
LN003336,B,B4,car,36,33700.0,9.56,1080.46,2021-09-30,2021-11-01,FULLY PAID,39232.78,33700.0,5532.78,0.0,637.0,31.79,205700,10+ years,RENT,TN
LN000053,A,A4,vacation,60,25000.0,5.87,481.81,2021-10-20,2021-11-20,Fully Paid,28657.35,25000.0,3657.35,0.0,800.0,23.16,120600,10+ years,MORTGAGE,SD
LN000950,C,C4,wedding,36,12400.0,15.55,433.2,2023-07-30,2023-08-27,Charged Off,1124.16,786.91,337.25,11613.09,746.0,37.96,220100,10+ years,MORTGAGE,ME
LN001875,D,D3,vacation,60,,21.52,276.2,2021-01-13,2021-02-11,CURRENT,3866.8,2513.42,1353.38,0.0,760.0,12.51,40200,1 year,OWN,IA
LN002781,B,B4,renewable_energy,36,23700.0,9.24,756.3,2023-11-21,2023-12-21,Fully Paid,27589.44,23700.0,3889.44,0.0,665.0,26.28,222400,3 years,RENT,CA
LN000394,D,D5,credit_card,60,39600.0,20.82,1067.31,2022-08-23,2022-09-22,Fully Paid,64813.08,39600.0,25213.08,0.0,758.0,23.73,211600,3 years,MORTGAGE,WY
LN000677,D,D4,major_purchase,36,6400.0,20.31,238.86,2023-03-21,2023-04-19,Charged Off,2410.62,1687.43,723.19,4712.57,620.0,6.21,174600,1 year,RENT,AL
LN001792,B,B3,car,36,13200.0,8.52,416.81,2021-08-10,2021-09-14,Current,1250.43,812.78,437.65,0.0,717.0,41.64,218200,1 year,MORTGAGE,AL
LN003018,B,B2,major_purchase,60,29100.0,10.5,625.47,2022-11-03,2022-12-08,Current,34400.85,22360.55,12040.3,0.0,630.0,7.26,106200,1 year,OWN,MT
LN001463,G,G1,vacation,36,24600.0,32.36,1076.36,2023-08-06,2023-09-03,Current,13992.68,9095.24,4897.44,0.0,621.0,8.74,108600,6 years,RENT,AZ
LN001222,D,D5,small_business,36,6800.0,21.98,259.62,2023-04-12,2023-05-17,Current,1817.34,1181.27,636.07,0.0,762.0,37.9,133100,2 years,OWN,TX
LN001584,D,D1,vacation,36,26900.0,20.3,1003.82,2021-05-16,2021-06-18,Default,3011.46,2108.02,903.44,0.0,744.0,30.87,137800,1 year,OWN,AL
LN000145,C,C3,educational,36,16100.0,13.97,550.03,2022-04-08,2022-04-05,Fully Paid,19510.85,16100.0,3410.85,0.0,,23.2,178000,4 years,OWN,NM
LN001174,A,A5,credit_card,36,21000.0,6.11,639.91,2021-12-25,2022-01-22,Default,5119.28,3583.5,1535.78,0.0,712.0,15.51,183200,10+ years,MORTGAGE,AK
LN003471,C,C1,small_business,36,34700.0,15.51,1211.57,2021-10-14,2021-11-16,Fully Paid,43457.21,34700.0,8757.21,0.0,767.0,7.25,233600,3 years,RENT,NC
LN002652,C,C1,educational,36,34900.0,14.9,1208.11,2021-10-31,2021-11-28,Current,41075.74,26699.23,14376.51,0.0,672.0,13.75,106000,7 years,RENT,IL
LN000077,C,C2,major_purchase,36,36100.0,13.97,1233.29,2023-09-28,2023-10-31,Fully Paid,44000.42,36100.0,7900.42,0.0,611.0,42.96,211200,1 year,RENT,SD
LN001111,C,C1,medical,36,5200.0,13.86,177.37,2022-09-25,2022-10-24,Fully Paid,6342.43,5200.0,1142.43,0.0,614.0,38.12,43000,,MORTGAGE,IN
LN000252,F,F1,vacation,60,26600.0,27.98,827.89,2023-04-03,2023-05-07,Charged Off,7373.76,5161.63,2212.13,21438.37,802.0,39.17,81200,10+ years,RENT,OR
LN002316,D,D4,wedding,60,6300.0,18.04,160.12,2023-09-07,2023-10-11,Fully Paid,9679.96,6300.0,3379.96,0.0,666.0,28.05,97600,5 years,OWN,ND
LN000018,F,F5,home_improvement,36,27000.0,27.82,1114.19,2022-10-07,2022-11-06,Fully Paid,39417.66,27000.0,12417.66,0.0,800.0,14.41,74100,10+ years,MORTGAGE,PA
LN000299,B,B5,renewable_energy,60,38900.0,9.42,815.45,2021-03-24,2021-04-23,fully paid,48689.25,38900.0,9789.25,0.0,730.0,31.13,56800,5 years,RENT,IA
LN002237,A,A1,medical,60,39100.0,6.42,763.57,2021-11-16,2021-12-14,Charged Off,19390.02,13573.01,5817.01,25526.99,704.0,25.81,49800,5 years,OWN,WA
LN002823,B,B2,debt_consolidation,36,14300.0,10.89,467.42,2022-05-21,2022-06-21,Default,3271.94,2290.36,981.58,0.0,779.0,42.34,236300,10+ years,OWN,HI
LN001765,D,D1,moving,36,8900.0,17.36,318.91,2021-09-27,2021-10-27,Fully Paid,11543.1,8900.0,2643.1,0.0,764.0,16.38,234900,4 years,RENT,NY
LN001739,A,A4,car,36,4000.0,7.02,123.54,2021-01-21,2021-02-19,Charged Off,1379.86,965.9,413.96,3034.1,581.0,23.87,94000,2 years,MORTGAGE,DE
LN000558,A,A4,wedding,36,,7.75,128.01,2023-12-13,2024-01-16,Fully Paid,4672.45,4100.0,572.45,0.0,596.0,36.31,50300,10+ years,OWN,MD
LN003197,F,F2,debt_consolidation,36,30900.0,31.14,1331.12,2021-06-28,2021-08-02,Default,5324.48,3727.14,1597.34,0.0,972.0,5.83,188300,9 years,MORTGAGE,KY
LN002154,B,B4,home_improvement,60,33000.0,9.3,689.84,2021-01-11,2021-02-10,Fully Paid,40582.39,33000.0,7582.39,0.0,752.0,11.89,217700,4 years,MORTGAGE,RI
LN001872,A,A1,medical,36,32400.0,7.58,1009.03,2023-11-10,2023-12-13,Fully Paid,35651.8,32400.0,3251.8,0.0,797.0,6.82,48000,2 years,MORTGAGE,RI
LN002224,F,F3,educational,60,18100.0,31.01,596.87,2022-01-29,2022-02-27,Fully Paid,35355.58,18100.0,17255.58,0.0,670.0,15.2,183500,4 years,RENT,FL
LN002233,E,E4,medical,60,35300.0,24.82,1032.38,2021-04-12,2021-05-15,Default,3097.14,2168.0,929.14,0.0,641.0,122.79,222700,,MORTGAGE,WA
LN003138,C,C5,vacation,36,8900.0,14.54,306.52,2021-09-17,2021-10-19,Charged Off,515.35,360.75,154.6,8539.25,620.0,21.55,127700,5 years,RENT,MI
LN000323,B,B4,car,36,36800.0,11.13,1207.05,2023-06-06,2023-07-09,Current,24141.0,15691.65,8449.35,0.0,695.0,12.2,78700,,MORTGAGE,CT
LN001403,A,A5,home_improvement,36,12500.0,7.15,386.82,2022-04-05,2022-05-05,Fully Paid,13948.12,12500.0,1448.12,0.0,710.0,34.24,116600,3 years,RENT,WV
LN002019,G,G4,debt_consolidation,60,30400.0,34.59,1070.94,2022-02-16,2022-03-19,Current,42837.6,27844.44,14993.16,0.0,667.0,25.22,67200,3 years,MORTGAGE,SD
LN003302,D,D3,medical,60,4900.0,20.74,131.85,2021-08-08,2021-09-07,Fully paid,7867.79,4900.0,2967.79,0.0,768.0,39.4,189500,3 years,OWN,NH
LN002416,B,B3,medical,36,26700.0,11.74,883.51,2022-11-27,2022-12-26,Fully Paid,31590.62,26700.0,4890.62,0.0,670.0,6.27,82600,10+ years,OWN,AR
LN001570,D,D4,small_business,60,31300.0,19.55,821.44,2021-03-22,2021-04-22,Fully Paid,49252.98,31300.0,17952.98,0.0,692.0,31.63,34100,9 years,OWN,DE
LN000933,A,A2,wedding,36,10000.0,7.67,311.84,2021-07-12,2021-08-11,Charged Off,4978.99,3485.29,1493.7,6514.71,693.0,6.21,40800,,MORTGAGE,DE
LN001076,B,B4,medical,60,19500.0,8.84,403.28,2023-07-22,2023-08-23,Fully Paid,24237.76,19500.0,4737.76,0.0,720.0,30.56,56200,,MORTGAGE,AL
LN001035,C,C2,educational,60,32400.0,15.5,779.32,2021-01-17,2021-02-14,Charged Off,6462.11,4523.48,1938.63,27876.52,805.0,31.93,203800,9 years,OWN,MA
LN001682,C,C3,small_business,36,25200.0,14.8,871.1,2023-04-17,2023-05-19,Fully Paid,31687.35,25200.0,6487.35,0.0,639.0,37.78,198300,8 years,OWN,MD
LN002217,A,A5,wedding,36,39300.0,7.25,1217.97,2023-02-18,2023-03-23,Fully Paid,44213.97,39300.0,4913.97,0.0,649.0,20.16,168600,10+ years,RENT,MT
LN001796,E,E4,credit_card,60,30800.0,25.34,910.17,2021-05-31,2021-06-29,Fully Paid,55068.44,30800.0,24268.44,0.0,691.0,18.99,188300,4 years,OWN,ME
LN001024,B,B5,wedding,36,16700.0,11.49,550.62,2021-12-26,2022-01-30,Charged Off,4381.27,3066.89,1314.38,13633.11,803.0,38.58,81200,5 years,RENT,NY
LN002595,F,F1,major_purchase,36,11000.0,28.52,458.1,2023-01-22,2023-02-24,Fully Paid,16738.09,11000.0,5738.09,0.0,634.0,21.05,241300,6 years,RENT,IN
LN002720,C,C4,vacation,36,39900.0,14.85,1380.22,2023-02-27,2023-03-27,Charged Off,11146.31,7802.42,3343.89,32097.58,716.0,7.71,151900,4 years,MORTGAGE,MI
LN000658,D,D5,major_purchase,60,23900.0,20.15,635.2,2022-11-20,2022-12-19,LATE (31-120 DAYS),1270.4,889.28,381.12,0.0,196.0,21.76,231300,9 years,RENT,LA
LN000528,A,A5,debt_consolidation,60,37500.0,7.4,749.64,2021-08-07,2021-09-08,Fully Paid,45672.48,37500.0,8172.48,0.0,759.0,27.14,149600,8 years,RENT,MN
LN002257,B,B3,car,36,34900.0,10.79,1139.11,2022-10-12,2022-11-12,Fully Paid,40283.28,34900.0,5383.28,0.0,705.0,13.69,46900,1 year,MORTGAGE,AK
LN003441,C,C2,renewable_energy,36,19600.0,15.86,687.72,2021-07-20,2021-08-20,Charged Off,1131.58,792.11,339.47,18807.89,729.0,27.39,121200,10+ years,RENT,NC
LN001892,F,F4,small_business,36,17500.0,29.9,741.94,2021-06-17,2021-07-22,Fully Paid,26223.51,17500.0,8723.51,0.0,697.0,9.98,250000,5 years,RENT,WI
LN002248,F,F5,medical,36,19700.0,29.09,826.51,2022-06-24,2022-07-23,Fully Paid,29927.73,19700.0,10227.73,0.0,808.0,26.9,30100,3 years,RENT,CT
LN002726,B,B5,credit_card,60,21700.0,8.59,446.15,2021-07-16,2021-08-17,Fully Paid,26978.54,21700.0,5278.54,0.0,753.0,44.98,162100,10+ years,RENT,VA
LN002765,A,A2,educational,60,28000.0,6.29,545.1,2023-12-27,2024-01-30,Default,5451.0,3815.7,1635.3,0.0,743.0,7.0,198800,4 years,OWN,WV
LN003076,A,A4,home_improvement,36,18700.0,6.56,573.65,2023-08-07,2023-09-06,Charged Off,9855.09,6898.56,2956.53,11801.44,771.0,23.07,200200,10+ years,RENT,SD
LN000326,C,C3,major_purchase,36,7200.0,13.9,245.73,2023-03-17,2023-04-17,Charged Off,2933.47,2053.43,880.04,5146.57,717.0,11.98,141500,4 years,MORTGAGE,NY
LN000433,A,A1,vacation,36,,7.69,143.49,2021-07-12,2021-08-16,Charged Off,1054.71,738.3,316.41,3861.7,630.0,34.88,158400,2 years,RENT,IA
LN000031,E,E3,small_business,36,30600.0,25.23,1220.38,2023-06-02,2023-07-05,Charged Off,8971.55,6280.08,2691.46,24319.92,634.0,25.45,94500,7 years,RENT,TX
LN000458,D,D1,major_purchase,36,30400.0,17.09,1085.21,2022-07-25,2022-08-26,Fully Paid,38377.64,30400.0,7977.64,0.0,661.0,23.44,80400,4 years,RENT,MS
LN000230,B,B3,small_business,60,4700.0,9.7,99.17,2023-11-18,2023-12-22,Fully Paid,5849.05,4700.0,1149.05,0.0,809.0,44.12,163400,,MORTGAGE,NM
LN000204,D,D1,small_business,60,34600.0,20.7,930.22,2021-07-01,2021-07-30,Fully Paid,55003.27,34600.0,20403.27,0.0,582.0,11.55,167000,5 years,MORTGAGE,WA
LN002623,B,F5,major_purchase,36,5400.0,10.35,175.13,2021-05-04,2021-06-05,Fully Paid,6343.19,5400.0,943.19,0.0,801.0,22.2,99000,7 years,MORTGAGE,IL
LN000786,C,C4,small_business,60,36800.0,13.04,838.07,2023-07-03,2023-08-02,Current,33522.8,21789.82,11732.98,0.0,814.0,37.8,233600,,MORTGAGE,PA
LN001484,A,A2,major_purchase,60,,5.03,33.99,2022-12-25,2023-01-23,Fully Paid,2006.34,1800.0,206.34,0.0,777.0,27.4,82100,6 years,RENT,OK
LN002271,B,B3,home_improvement,60,22200.0,11.0,482.68,2021-12-17,2022-01-20,Fully Paid,29325.62,22200.0,7125.62,0.0,711.0,17.55,25100,8 years,RENT,PA
LN001583,C,C1,vacation,36,8600.0,14.61,296.48,2021-03-02,2021-04-05,Charged Off,3510.56,2457.39,1053.17,6142.61,777.0,16.84,147500,10+ years,RENT,AK
LN000694,C,C4,moving,36,14200.0,13.24,480.1,2023-10-08,2023-11-05,Fully Paid,17561.27,14200.0,3361.27,0.0,667.0,43.53,146600,2 years,RENT,NE
LN002923,E,E3,credit_card,60,36000.0,23.74,1030.22,2021-08-28,2021-10-02,Current,50480.78,32812.51,17668.27,0.0,749.0,20.49,102200,9 years,MORTGAGE,CT
LN002021,D,D1,small_business,60,16300.0,19.81,430.13,2022-06-03,2022-07-08,Current,17205.2,11183.38,6021.82,0.0,685.0,11.34,78300,3 years,RENT,OH
LN000193,D,B3,moving,36,22900.0,21.12,864.17,2021-10-01,2021-11-05,Fully Paid,31518.71,22900.0,8618.71,0.0,666.0,26.89,78400,6 years,OWN,MI
LN002668,A,A3,wedding,60,38500.0,5.04,727.25,2022-04-21,2022-05-19,Fully Paid,43774.47,38500.0,5274.47,0.0,594.0,43.65,39300,,OWN,MA
LN001537,B,B1,debt_consolidation,36,20100.0,11.67,664.44,2023-09-11,2023-10-14,Fully Paid,24372.81,20100.0,4272.81,0.0,609.0,29.73,117600,10+ years,RENT,VA
LN003473,D,D5,wedding,36,32000.0,19.32,1178.18,2023-02-10,2023-03-17,Fully Paid,42435.26,32000.0,10435.26,0.0,711.0,42.25,85600,1 year,MORTGAGE,VT
LN003049,G,G3,debt_consolidation,60,,33.09,445.6,2021-12-04,2022-01-01,Current,1336.8,868.92,467.88,0.0,627.0,20.69,177300,3 years,RENT,MD
LN000167,B,B4,renewable_energy,60,17900.0,9.84,378.91,2021-09-18,2021-10-18,Current,17808.77,11575.7,6233.07,0.0,765.0,8.14,166600,< 1 year,OWN,CA
LN003065,B,B1,car,60,22800.0,11.55,502.0,2023-01-01,2023-02-04,Fully Paid,30092.18,22800.0,7292.18,0.0,699.0,32.39,138900,2 years,RENT,NM
LN001737,A,A4,home_improvement,60,,6.22,378.99,2023-11-04,2023-12-02,Fully Paid,23079.55,19500.0,3579.55,0.0,701.0,5.9,42500,1 year,MORTGAGE,TN
LN002826,C,C5,educational,36,4300.0,12.6,144.06,2021-01-14,2021-02-16,Current,4465.86,2902.81,1563.05,0.0,618.0,13.45,223400,5 years,MORTGAGE,NM
LN002679,C,C2,small_business,60,25100.0,15.15,599.11,2022-07-27,2022-08-26,Fully Paid,35718.85,25100.0,10618.85,0.0,805.0,23.61,102500,10+ years,RENT,NE
LN003257,C,C2,renewable_energy,36,27100.0,14.39,931.36,2021-02-08,2021-03-11,Fully Paid,32930.47,27100.0,5830.47,0.0,667.0,19.09,190900,7 years,RENT,KS
LN000977,D,D4,car,60,9100.0,19.44,238.27,2021-06-02,2021-06-30,Fully Paid,14070.9,9100.0,4970.9,0.0,662.0,33.24,143500,1 year,OWN,NY
LN001607,F,F1,educational,60,22100.0,28.79,698.67,2022-09-09,2022-10-08,Current,30042.81,19527.83,10514.98,0.0,588.0,44.1,171300,1 year,MORTGAGE,TX
LN000322,C,C1,debt_consolidation,60,20400.0,14.82,483.39,2023-12-04,2024-01-06,Fully Paid,29423.19,20400.0,9023.19,0.0,627.0,26.94,122100,3 years,MORTGAGE,MI
LN001512,C,C3,educational,36,20800.0,15.29,724.0,2022-10-24,2022-11-27,Current,13032.0,8470.8,4561.2,0.0,639.0,156.06,160100,,OWN,CO
LN003431,E,E4,renewable_energy,60,24000.0,26.8,729.98,2021-02-20,2021-03-20,Fully Paid,43034.49,24000.0,19034.49,0.0,,6.32,168300,2 years,MORTGAGE,GA
LN000195,A,A3,small_business,36,35000.0,7.71,1092.1,2022-04-30,2022-05-30,Fully Paid,39513.13,35000.0,4513.13,0.0,765.0,32.98,120900,4 years,RENT,CT
LN001443,B,B1,home_improvement,36,37500.0,10.11,1211.96,2022-05-24,2022-06-27,Fully Paid,43357.0,37500.0,5857.0,0.0,758.0,36.8,242400,5 years,RENT,MT
LN003005,A,A4,educational,36,36900.0,5.63,1116.39,2021-03-22,2021-04-21,Late (31-120 days),12280.29,8596.2,3684.09,0.0,778.0,18.38,123700,4 years,RENT,WV
LN003144,D,D5,car,60,25500.0,21.63,698.93,2021-11-28,2021-12-28,Current,22365.76,14537.74,7828.02,0.0,684.0,6.01,195300,10+ years,RENT,TN
LN001043,E,E5,debt_consolidation,36,3900.0,24.27,153.56,2023-03-27,2023-04-26,Fully Paid,5452.07,3900.0,1552.07,0.0,613.0,14.68,175400,6 years,RENT,KS
LN003337,D,D5,debt_consolidation,36,23400.0,18.7,854.21,2023-01-29,2023-03-05,Current,26480.51,17212.33,9268.18,0.0,680.0,35.15,67800,5 years,RENT,KY
LN000502,C,C4,home_improvement,36,26100.0,15.55,911.81,2021-01-30,2021-03-01,Charged Off,14552.55,10186.78,4365.76,15913.22,742.0,36.93,46700,2 years,RENT,ID
LN002680,C,C3,educational,36,36500.0,15.48,1273.88,2023-05-07,2023-06-09,Fully Paid,45596.26,36500.0,9096.26,0.0,625.0,19.22,148000,10+ years,RENT,ND
LN003406,D,D1,major_purchase,36,32500.0,17.69,1169.9,2021-12-28,2022-01-27,Late (31-120 days),9359.2,6551.44,2807.76,0.0,586.0,42.7,76900,4 years,MORTGAGE,OR
LN002078,D,D5,wedding,36,33000.0,19.02,1209.98,2021-06-09,2021-07-12,Fully Paid,43360.5,33000.0,10360.5,0.0,608.0,43.29,220600,,OWN,CT
LN001917,C,C2,home_improvement,36,3800.0,13.92,129.73,2021-08-13,2021-09-13,Current,3502.71,2276.76,1225.95,0.0,676.0,6.29,223400,3 years,MORTGAGE,IN
LN001790,C,C1,renewable_energy,36,14700.0,16.22,518.41,2021-10-08,2021-11-11,Charged Off,5624.42,3937.09,1687.33,10762.91,633.0,5.17,107900,,MORTGAGE,MI
LN000563,C,C2,debt_consolidation,36,29600.0,15.93,1039.63,2022-07-08,2022-08-11,Fully Paid,38140.05,29600.0,8540.05,0.0,743.0,41.34,53000,3 years,MORTGAGE,VT
LN003472,E,E2,medical,36,11700.0,23.17,453.94,2021-12-10,2022-01-13,Charged Off,1976.16,1383.31,592.85,10316.69,790.0,39.39,108000,10+ years,OWN,UT
LN003364,C,C2,home_improvement,36,21700.0,15.11,753.41,2022-02-06,2022-03-12,Charged Off,12863.67,9004.57,3859.1,12695.43,696.0,9.1,206500,1 year,RENT,TX
LN001437,E,E3,medical,36,39900.0,26.43,1616.75,2021-12-30,2022-02-02,Default,3233.5,2263.45,970.05,0.0,601.0,12.29,114100,7 years,RENT,NC
LN001007,D,D4,home_improvement,60,39500.0,17.94,1001.75,2021-07-27,2021-08-24,Late (31-120 days),9015.75,6311.02,2704.72,0.0,784.0,9.31,84100,10+ years,MORTGAGE,MD
LN001164,C,C3,medical,36,32100.0,14.67,1107.58,2022-06-17,2022-07-15,Default,3322.74,2325.92,996.82,0.0,808.0,41.74,160500,9 years,MORTGAGE,VT
LN000081,C,C4,renewable_energy,60,4100.0,16.49,100.77,2022-09-07,2022-10-11,Charged Off,448.45,313.91,134.53,3786.09,762.0,41.39,55100,10+ years,RENT,GA
LN001633,C,C2,debt_consolidation,60,6100.0,14.75,144.32,2023-03-15,2023-04-14,Fully Paid,8610.67,6100.0,2510.67,0.0,705.0,14.68,102600,10+ years,RENT,VA
LN000296,C,C1,moving,36,28600.0,14.39,982.91,2022-08-27,2022-09-26,Fully Paid,34993.13,28600.0,6393.13,0.0,777.0,28.58,144100,1 year,OWN,CO
LN002267,C,C5,major_purchase,36,6700.0,13.25,226.56,2023-06-12,2023-07-11,Current,6117.12,3976.13,2140.99,0.0,588.0,37.9,231600,,RENT,OH
LN001718,A,A1,vacation,60,25200.0,5.39,480.07,2022-10-01,2022-10-29,Charged Off,3561.4,2492.98,1068.42,22707.02,792.0,35.93,64000,3 years,MORTGAGE,NM
LN001579,A,A5,major_purchase,60,23400.0,5.57,447.72,2021-07-19,2021-08-21,Fully Paid,26978.45,23400.0,3578.45,0.0,621.0,43.34,136200,2 years,MORTGAGE,WV
LN001740,B,B2,home_improvement,36,29200.0,9.02,928.82,2021-12-10,2022-01-09,CHARGED OFF,6019.57,4213.7,1805.87,24986.3,717.0,16.11,158800,10+ years,OWN,MN
LN003236,B,B1,wedding,60,20900.0,9.64,440.37,2023-12-18,2024-01-19,Fully Paid,26627.8,20900.0,5727.8,0.0,642.0,23.58,128100,3 years,MORTGAGE,SD
LN003321,G,G1,moving,36,35400.0,32.96,1560.75,2021-04-07,2021-05-05,Current,21850.5,14202.83,7647.67,0.0,748.0,31.21,220500,4 years,OWN,WI
LN002624,A,A4,moving,36,38400.0,5.48,1159.18,2022-07-01,2022-07-30,Fully Paid,41296.98,38400.0,2896.98,0.0,686.0,24.42,194200,5 years,OWN,NJ
LN001899,A,A5,wedding,36,17900.0,7.4,555.98,2022-12-28,2023-01-26,Fully Paid,19641.63,17900.0,1741.63,0.0,613.0,18.22,123500,5 years,MORTGAGE,NY
LN000898,A,A5,home_improvement,60,8300.0,5.68,159.23,2021-09-17,2021-10-16,Current,7643.04,4967.98,2675.06,0.0,683.0,16.29,68100,2 years,RENT,WA
LN000464,A,A3,renewable_energy,36,5900.0,7.35,183.12,2021-12-16,2022-01-16,Charged Off,944.08,660.86,283.22,5239.14,751.0,19.06,62100,1 year,MORTGAGE,LA
LN000841,A,A4,moving,36,25200.0,7.14,779.72,2022-01-06,2022-02-08,Fully Paid,27709.32,25200.0,2509.32,0.0,688.0,26.27,182000,,RENT,AL
LN001648,D,D2,home_improvement,60,31200.0,21.86,859.23,2023-08-05,2023-09-06,Late (31-120 days),4296.15,3007.3,1288.84,0.0,624.0,38.07,91100,,MORTGAGE,WV
LN001188,A,A5,vacation,36,28200.0,5.5,851.52,2023-08-02,2023-09-06,Fully Paid,30907.52,28200.0,2707.52,0.0,750.0,23.24,99000,10+ years,OWN,MA
LN001229,C,C2,educational,36,5500.0,-15.66,192.44,2022-05-07,2022-06-10,Fully Paid,6907.65,5500.0,1407.65,0.0,706.0,40.98,126600,2 years,RENT,VT
LN002371,D,D2,renewable_energy,60,39900.0,19.47,1045.37,2021-09-11,2021-10-15,Fully Paid,62577.55,39900.0,22677.55,0.0,780.0,31.05,237200,1 year,MORTGAGE,NM
LN001336,A,A3,home_improvement,36,34900.0,7.54,1086.25,2021-09-17,2021-10-18,Fully Paid,38364.3,34900.0,3464.3,0.0,657.0,14.07,75500,,RENT,MT
LN001118,E,E5,car,60,29200.0,25.71,869.26,2023-04-15,2023-05-20,Fully paid,51546.25,29200.0,22346.25,0.0,685.0,29.08,213400,6 years,MORTGAGE,AK
LN002644,D,D4,small_business,36,1200.0,21.71,45.65,2022-07-09,2022-08-08,Charged Off,327.54,229.28,98.26,970.72,814.0,33.74,29000,1 year,RENT,CT
LN000258,F,F3,moving,60,31400.0,31.48,1044.63,2021-08-22,2021-09-20,Current,4178.52,2716.04,1462.48,0.0,592.0,32.59,195700,5 years,RENT,KY
LN001430,E,E5,debt_consolidation,36,29900.0,26.39,1210.91,2021-01-18,2021-02-20,Charged Off,9361.73,6553.21,2808.52,23346.79,654.0,16.17,181200,5 years,MORTGAGE,NH
LN001689,D,D4,educational,60,37100.0,19.95,981.89,2023-05-20,2023-06-20,Current,53022.06,34464.34,18557.72,0.0,695.0,16.51,77600,6 years,MORTGAGE,FL
LN003374,B,B5,small_business,36,32200.0,11.52,1062.13,2021-01-22,2021-02-20,Fully Paid,38740.65,32200.0,6540.65,0.0,648.0,22.88,112000,7 years,MORTGAGE,MI
LN001816,C,C2,major_purchase,36,,13.04,215.76,2023-11-21,2023-12-24,Current,7120.08,4628.05,2492.03,0.0,699.0,11.09,157100,10+ years,MORTGAGE,MO
LN002585,E,C5,credit_card,60,,22.72,686.73,2023-12-23,2024-01-26,Fully Paid,40959.29,24500.0,16459.29,0.0,787.0,39.31,203400,10+ years,MORTGAGE,IL
LN003423,C,C2,moving,60,8800.0,12.59,198.38,2021-07-11,2021-08-10,Fully Paid,11699.43,8800.0,2899.43,0.0,687.0,16.7,191200,< 1 year,RENT,MI
LN000239,E,E5,major_purchase,60,14500.0,24.22,418.99,2022-10-13,2022-11-17,Charged Off,4497.55,3148.28,1349.27,11351.72,624.0,16.02,83900,6 years,MORTGAGE,MT
LN000359,A,A3,home_improvement,60,5300.0,5.34,100.85,2021-04-29,2021-05-27,Fully Paid,6080.29,5300.0,780.29,0.0,617.0,39.75,142800,< 1 year,MORTGAGE,DE
LN000737,B,B1,vacation,60,8500.0,10.13,181.14,2022-06-22,2022-07-22,Charged Off,1779.73,1245.81,533.92,7254.19,722.0,31.57,149300,5 years,RENT,ME
LN003320,E,E2,wedding,60,17600.0,25.8,524.87,2023-04-16,2023-05-16,Fully Paid,31923.84,17600.0,14323.84,0.0,682.0,7.32,196400,10+ years,OWN,DE
LN000512,D,D5,small_business,36,30900.0,17.41,1107.98,2021-12-24,2021-12-21,Fully Paid,40145.08,30900.0,9245.08,0.0,625.0,36.45,185900,< 1 year,OWN,VA
LN003399,G,G5,renewable_energy,36,38300.0,34.45,1720.64,2021-08-09,2021-09-06,Current,34412.8,22368.32,12044.48,0.0,621.0,25.99,53100,4 years,RENT,GA
LN002872,B,B1,debt_consolidation,36,17700.0,11.1,580.31,2023-05-20,2023-06-17,Fully Paid,20958.95,17700.0,3258.95,0.0,,19.65,207500,5 years,RENT,TX
LN000175,A,E4,debt_consolidation,60,24600.0,7.83,496.8,2023-06-03,2023-07-04,Charged Off,5171.71,3620.2,1551.51,20979.8,757.0,7.77,192500,7 years,RENT,MD
LN000756,A,A2,debt_consolidation,36,21800.0,6.7,670.13,2022-12-21,2023-01-19,Fully Paid,24300.66,21800.0,2500.66,0.0,813.0,34.13,241300,5 years,MORTGAGE,OR
LN000215,B,B3,home_improvement,36,13700.0,11.89,454.32,2023-11-14,2023-12-18,Charged Off,5787.58,4051.31,1736.27,9648.69,646.0,151.57,96200,< 1 year,OWN,NH
LN000480,B,B3,wedding,36,12500.0,10.69,407.4,2023-04-18,2023-05-17,Current,3666.6,2383.29,1283.31,0.0,731.0,18.47,52500,6 years,OWN,NV
LN002929,E,E4,car,60,35400.0,26.12,1062.41,2023-02-24,2023-03-30,Current,60557.37,39362.29,21195.08,0.0,726.0,179.51,109200,5 years,RENT,KS
LN000415,B,B5,credit_card,60,18900.0,9.27,394.81,2021-08-06,2021-09-07,Fully Paid,23247.08,18900.0,4347.08,0.0,738.0,8.68,113800,10+ years,MORTGAGE,VA
LN002241,C,C1,debt_consolidation,36,18000.0,15.56,628.92,2023-09-18,2023-10-18,Fully Paid,22584.48,18000.0,4584.48,0.0,625.0,20.89,117400,< 1 year,RENT,WV
LN000760,A,A3,car,36,18100.0,7.66,564.35,2022-01-31,2022-02-28,Fully Paid,20354.87,18100.0,2254.87,0.0,767.0,18.18,50500,2 years,RENT,OR
LN000103,E,E2,educational,36,22000.0,24.14,864.74,2023-01-16,2023-02-16,Default,8647.4,6053.18,2594.22,0.0,652.0,35.1,208800,2 years,RENT,NM
LN002935,D,D1,renewable_energy,60,32700.0,20.46,874.74,2023-10-01,2023-11-03,Charged Off,7457.99,5220.59,2237.4,27479.41,674.0,20.58,113600,5 years,MORTGAGE,LA
LN001587,B,B2,renewable_energy,36,27700.0,10.88,905.29,2021-12-19,2022-01-23,Late (31-120 days),1810.58,1267.41,543.17,0.0,625.0,5.44,145900,9 years,MORTGAGE,GA
LN000240,A,A3,educational,36,39100.0,6.43,1197.13,2022-11-09,2022-12-11,Late (31-120 days),1197.13,837.99,359.14,0.0,666.0,37.7,149100,,MORTGAGE,VT
LN000411,E,E2,renewable_energy,36,33600.0,23.25,1305.03,2023-06-15,2023-07-18,Fully Paid,46538.32,33600.0,12938.32,0.0,789.0,9.64,93600,5 years,OWN,NM
LN000403,E,E2,small_business,60,35300.0,23.06,996.34,2022-06-02,2022-06-30,Fully Paid,58622.35,35300.0,23322.35,0.0,764.0,40.4,203800,10+ years,RENT,FL
LN001565,B,B5,wedding,36,2600.0,-10.54,84.56,2023-12-30,2024-01-30,Charged Off,241.04,168.73,72.31,2431.27,752.0,22.09,149800,5 years,MORTGAGE,NE
LN002340,A,A2,vacation,36,19600.0,6.79,603.31,2022-10-06,2022-11-07,DEFAULT,1206.62,844.63,361.99,0.0,759.0,34.46,109800,10+ years,RENT,NE
LN001625,C,C1,moving,36,29700.0,12.98,1000.42,2021-03-21,2021-04-24,Fully Paid,35799.59,29700.0,6099.59,0.0,634.0,16.34,140900,8 years,RENT,MT
LN002072,A,A5,wedding,36,18000.0,5.89,546.7,2023-07-08,2023-08-06,Fully Paid,19465.38,18000.0,1465.38,0.0,589.0,20.54,143200,< 1 year,RENT,ME
LN002472,C,C5,educational,36,31200.0,14.79,1078.35,2022-01-19,2022-02-20,Fully Paid,38934.9,31200.0,7734.9,0.0,652.0,23.68,140700,10+ years,RENT,UT
LN002294,F,F2,educational,36,15100.0,31.14,650.48,2022-04-25,2022-05-24,Fully Paid,22977.94,15100.0,7877.94,0.0,811.0,26.53,223800,5 years,RENT,IL
LN000045,B,B4,medical,60,30100.0,10.64,649.06,2021-03-29,2021-05-02,fully paid,38934.73,30100.0,8834.73,0.0,663.0,12.27,111800,4 years,RENT,LA
LN000046,F,F3,moving,36,10700.0,27.84,441.67,2021-09-12,2021-10-16,Charged Off,4996.8,3497.76,1499.04,7202.24,756.0,24.04,226000,5 years,RENT,ME
LN001038,E,E4,wedding,36,20500.0,22.59,789.18,2021-12-21,2022-01-24,Current,23675.4,15389.01,8286.39,0.0,602.0,22.49,167600,2 years,RENT,KY
LN000333,B,B4,moving,36,26100.0,11.81,864.53,2023-05-12,2023-06-16,Fully Paid,31454.07,26100.0,5354.07,0.0,784.0,16.72,119700,9 years,OWN,IL
LN001069,F,F2,car,36,1400.0,30.03,59.46,2021-12-22,2022-01-24,Current,1545.96,1004.87,541.09,0.0,,5.11,222700,9 years,MORTGAGE,IL
LN002064,B,B4,credit_card,36,24200.0,11.76,801.02,2022-08-07,2022-09-05,Current,8010.2,5206.63,2803.57,0.0,792.0,9.08,76200,8 years,MORTGAGE,MO
LN001768,E,E5,educational,36,26100.0,25.47,1044.23,2023-12-01,2024-01-01,Current,35503.82,23077.48,12426.34,0.0,685.0,18.7,54300,10+ years,RENT,IN
LN001028,E,E2,renewable_energy,60,20100.0,23.61,573.7,2023-07-29,2023-09-02,Current,22374.3,14543.3,7831.0,0.0,697.0,26.5,84900,3 years,RENT,DE
LN001053,B,B2,medical,36,10900.0,9.96,351.51,2022-07-25,2022-08-24,Charged Off,3951.28,2765.9,1185.38,8134.1,,13.42,52100,2 years,RENT,WA
LN000719,E,E4,wedding,36,16200.0,25.63,649.52,2021-12-19,2022-01-23,Charged Off,6522.18,4565.53,1956.65,11634.47,813.0,9.86,178100,10+ years,RENT,IA
LN000059,D,D4,renewable_energy,36,,18.02,130.18,2021-06-28,2021-07-28,Late (31-120 days),1041.44,729.01,312.43,0.0,805.0,32.93,74700,< 1 year,MORTGAGE,KS
LN000012,F,F2,educational,36,35300.0,30.1,1500.47,2022-07-07,2022-08-11,Late (31-120 days),12003.76,8402.63,3601.13,0.0,610.0,14.92,51200,3 years,MORTGAGE,IA
LN001012,D,D4,debt_consolidation,36,29200.0,20.89,1098.46,2022-12-04,2023-01-08,Fully Paid,39403.16,29200.0,10203.16,0.0,582.0,32.35,36500,10+ years,OWN,NC
LN003294,A,A2,debt_consolidation,36,,5.8,1185.96,2023-09-01,2023-10-06,Fully Paid,42430.82,39100.0,3330.82,0.0,710.0,32.97,100800,3 years,MORTGAGE,FL
LN003139,D,D2,wedding,36,25600.0,19.69,947.35,2023-03-27,2023-04-26,charged Off,10702.34,7491.64,3210.7,18108.36,693.0,29.38,115600,6 years,OWN,SD
LN001612,C,C3,renewable_energy,60,39000.0,12.58,879.01,2022-09-23,2022-10-28,Charged Off,2217.0,1551.9,665.1,37448.1,680.0,17.87,163400,1 year,MORTGAGE,ME
LN002462,A,A5,credit_card,60,28600.0,6.91,565.1,2023-12-30,2024-01-30,Current,27689.9,17998.44,9691.47,0.0,615.0,6.32,139200,9 years,MORTGAGE,WY
LN002003,E,E4,credit_card,60,5300.0,22.75,148.65,2021-08-30,2021-10-04,Current,3716.25,2415.56,1300.69,0.0,611.0,10.2,196800,2 years,MORTGAGE,AZ
LN002390,A,A4,credit_card,60,10100.0,5.25,191.76,2022-05-16,2022-06-14,Current,6136.32,3988.61,2147.71,0.0,802.0,32.53,107900,9 years,OTHER,MS
LN001396,B,B1,debt_consolidation,36,32300.0,9.39,1033.0,2022-08-24,2022-09-24,CURRENT,10330.0,6714.5,3615.5,0.0,652.0,34.31,234300,10+ years,MORTGAGE,VT
LN002634,B,B1,credit_card,36,25000.0,11.17,820.48,2023-01-18,2023-02-20,Current,8204.8,5333.12,2871.68,0.0,808.0,32.39,178900,,RENT,SC
LN000310,B,B3,wedding,36,,9.89,1195.2,2023-07-31,2023-08-30,Current,11952.0,7768.8,4183.2,0.0,771.0,14.19,91200,1 year,OWN,MI
LN002046,D,D3,credit_card,36,36000.0,18.77,1315.43,2022-09-04,2022-10-08,Late (31-120 days),1315.43,920.8,394.63,0.0,669.0,30.11,181300,3 years,OWN,OK
LN001433,F,F3,home_improvement,36,5300.0,29.66,224.01,2023-03-13,2023-04-16,CURRENT,4704.21,3057.74,1646.47,0.0,811.0,16.5,145700,4 years,MORTGAGE,NC
LN001666,E,E2,vacation,36,25600.0,23.82,1001.94,2023-08-24,2023-09-24,Fully Paid,36765.54,25600.0,11165.54,0.0,629.0,32.99,182200,4 years,MORTGAGE,IN
LN001117,B,B5,small_business,36,,9.82,698.37,2022-02-07,2022-03-08,Fully Paid,24788.61,21700.0,3088.61,0.0,648.0,25.47,156700,4 years,RENT,MD
LN002158,B,B5,renewable_energy,60,20400.0,10.37,437.16,2023-05-09,2023-06-12,Current,1311.48,852.46,459.02,0.0,794.0,26.21,165600,5 years,RENT,NJ
LN002796,F,F5,major_purchase,36,35200.0,27.6,1448.4,2022-05-25,2022-06-28,Fully Paid,52734.39,35200.0,17534.39,0.0,618.0,35.71,249000,9 years,MORTGAGE,RI
LN000795,E,E2,debt_consolidation,36,26100.0,25.01,1037.87,2021-10-30,2021-11-30,CURRENT,5189.35,3373.08,1816.27,0.0,687.0,32.52,180700,7 years,RENT,MN
LN001428,G,G4,debt_consolidation,36,26900.0,34.14,1203.79,2023-12-10,2024-01-09,Current,8426.53,5477.24,2949.29,0.0,670.0,36.78,221500,6 years,RENT,ME
LN001491,B,B1,moving,36,22400.0,10.96,732.92,2023-08-10,2023-09-13,Late (31-120 days),8795.04,6156.53,2638.51,0.0,,21.01,87500,,RENT,CA
LN001469,B,B4,debt_consolidation,36,6400.0,10.51,208.05,2023-09-06,2023-10-05,Fully Paid,7618.67,6400.0,1218.67,0.0,728.0,41.89,62200,2 years,OWN,MT
LN000713,D,D5,car,36,30000.0,18.76,1096.04,2023-10-29,2023-11-27,Charged Off,16175.92,11323.14,4852.78,18676.86,710.0,15.12,192800,3 years,MORTGAGE,TN
LN000539,B,B4,major_purchase,36,35300.0,11.62,1166.07,2023-03-30,2023-05-01,Current,15158.91,9853.29,5305.62,0.0,761.0,5.99,151500,6 years,RENT,OK
LN001234,C,C5,wedding,36,2100.0,14.99,72.79,2023-08-04,2023-09-02,Fully Paid,2575.77,2100.0,475.77,0.0,792.0,9.52,126600,4 years,MORTGAGE,RI
LN001212,B,B4,moving,36,24000.0,9.9,773.29,2022-07-12,2022-08-10,Charged Off,6794.23,4755.96,2038.27,19244.04,590.0,26.77,236700,1 year,MORTGAGE,MS
LN000782,E,E2,wedding,60,7400.0,26.67,224.5,2022-06-30,2022-07-31,Current,6510.5,4231.82,2278.67,0.0,752.0,28.39,81500,6 years,MORTGAGE,MI
LN002692,B,B3,wedding,36,23800.0,10.53,773.89,2023-02-19,2023-03-25,Fully Paid,27414.57,23800.0,3614.57,0.0,285.0,36.73,203800,7 years,RENT,GA
LN000189,C,C3,educational,60,,13.16,522.92,2021-07-28,2021-08-27,Current,28760.6,18694.39,10066.21,0.0,632.0,37.22,168600,,MORTGAGE,HI
LN001558,D,D2,renewable_energy,36,11100.0,20.93,417.79,2022-08-30,2022-09-28,Fully Paid,15303.26,11100.0,4203.26,0.0,738.0,15.36,63100,10+ years,RENT,IL
LN002818,C,C2,wedding,36,,16.28,1344.76,2021-02-04,2021-03-11,Fully Paid,48995.29,38100.0,10895.29,0.0,660.0,27.14,213500,7 years,OTHER,TX
LN002035,F,F2,small_business,36,33200.0,31.09,1429.29,2023-07-16,2023-08-16,Fully Paid,52454.22,33200.0,19254.22,0.0,688.0,17.41,98200,1 year,MORTGAGE,KY
LN002150,B,B4,debt_consolidation,36,31900.0,8.8,1011.44,2021-04-13,2021-05-15,Charged Off,10758.74,7531.12,3227.62,24368.88,580.0,42.24,73500,5 years,MORTGAGE,WY
LN002687,C,C4,home_improvement,60,36200.0,14.54,852.48,2023-04-24,2023-05-28,Charged Off,11022.22,7715.55,3306.67,28484.45,768.0,15.04,196100,8 years,RENT,IN
LN003379,B,B2,credit_card,60,6500.0,8.92,134.68,2022-06-03,2022-07-06,fully paid,8026.62,6500.0,1526.62,0.0,741.0,34.57,78200,6 years,MORTGAGE,NM
LN002971,C,C2,moving,36,,13.95,676.24,2023-11-25,2023-12-29,Fully Paid,24466.49,19800.0,4666.49,0.0,284.0,24.33,43700,4 years,OWN,VT
LN000355,B,B1,major_purchase,36,8600.0,9.64,276.05,2023-11-28,2023-12-29,Fully Paid,10006.82,8600.0,1406.82,0.0,680.0,43.84,231700,1 year,OWN,MT
LN000241,D,D2,home_improvement,36,39000.0,19.22,1433.93,2022-04-04,2022-05-07,Fully Paid,51449.63,39000.0,12449.63,0.0,936.0,8.57,205900,2 years,MORTGAGE,WV
LN000791,B,B5,car,60,27600.0,8.94,572.13,2023-10-06,2023-11-10,Fully Paid,33791.76,27600.0,6191.76,0.0,,41.77,74100,5 years,OWN,KY
LN003101,B,B5,major_purchase,36,11200.0,9.27,357.57,2021-10-10,2021-11-08,Charged Off,5941.33,4158.93,1782.4,7041.07,584.0,33.1,36300,9 years,RENT,MT
LN000966,F,F1,renewable_energy,60,27000.0,31.08,891.54,2021-09-13,2021-09-04,Current,48143.16,31293.05,16850.11,0.0,775.0,9.28,55400,2 years,RENT,OR
LN003488,F,F2,wedding,36,12200.0,27.77,503.12,2022-02-26,2022-04-01,Charged Off,4869.28,3408.5,1460.78,8791.5,713.0,9.54,59700,7 years,MORTGAGE,OH
LN002393,C,C3,renewable_energy,60,17900.0,15.46,430.17,2022-08-01,2022-08-29,Fully Paid,25329.64,17900.0,7429.64,0.0,597.0,39.25,51500,3 years,RENT,NC
LN001002,C,C4,moving,36,34700.0,16.11,1221.83,2023-01-21,2023-02-20,Fully Paid,44230.99,34700.0,9530.99,0.0,684.0,11.96,189500,4 years,OTHER,WY
LN000579,E,E5,small_business,36,2100.0,25.05,83.55,2022-04-22,2022-05-20,Late (31-120 days),250.65,175.45,75.19,0.0,664.0,27.73,185100,10+ years,RENT,MT
LN000555,B,B5,vacation,36,27400.0,11.16,899.12,2023-07-20,2023-08-20,Fully Paid,32910.03,27400.0,5510.03,0.0,716.0,22.95,27100,4 years,RENT,OR
LN000479,D,D2,major_purchase,36,35100.0,18.7,1281.31,2023-07-27,2023-08-28,Fully Paid,46009.06,35100.0,10909.06,0.0,707.0,30.42,55800,,OWN,ME
LN003489,E,E1,home_improvement,60,,26.63,394.09,2023-07-07,2023-08-07,Late (31-120 days),3940.9,2758.63,1182.27,0.0,754.0,24.19,27500,9 years,RENT,TX
LN001627,A,A4,home_improvement,36,22600.0,5.09,678.26,2022-04-26,2022-05-24,Fully Paid,24772.58,22600.0,2172.58,0.0,619.0,35.31,191300,< 1 year,RENT,CA
LN002632,B,B3,wedding,36,39300.0,10.97,1286.07,2022-09-14,2022-10-16,Fully Paid,46884.66,39300.0,7584.66,0.0,748.0,245.18,147200,4 years,MORTGAGE,GA
LN000153,B,B2,debt_consolidation,36,15800.0,9.32,504.79,2022-04-25,2022-05-28,Charged Off,7503.36,5252.35,2251.01,10547.65,789.0,17.83,148600,10+ years,OTHER,ND
LN002741,F,F4,moving,60,19700.0,29.72,633.98,2022-05-23,2022-06-21,Fully Paid,38749.39,19700.0,19049.39,0.0,588.0,43.14,210500,,RENT,MO
LN002260,C,C4,educational,60,2100.0,15.49,50.5,2021-11-30,2021-12-31,Default,606.0,424.2,181.8,0.0,619.0,21.53,149600,10+ years,OWN,WY
LN002913,E,E5,renewable_energy,60,,25.72,538.93,2022-09-09,2022-10-10,Fully Paid,32872.83,18100.0,14772.83,0.0,692.0,29.97,74000,1 year,MORTGAGE,HI
LN001913,C,C5,educational,36,,16.47,601.62,2021-06-13,2021-07-12,Charged Off,7234.62,5064.23,2170.39,11935.77,661.0,25.1,208400,9 years,RENT,NV
LN000257,E,E2,car,36,12400.0,25.77,498.09,2021-03-22,2021-04-21,Fully Paid,17588.33,12400.0,5188.33,0.0,709.0,11.76,175100,8 years,MORTGAGE,MO
LN001873,B,B3,major_purchase,36,18000.0,10.26,583.01,2021-11-27,2021-12-30,Current,10494.18,6821.22,3672.96,0.0,754.0,28.91,249500,8 years,RENT,NM
LN000347,C,C1,vacation,60,4100.0,13.94,95.27,2023-11-24,2023-12-28,Current,5049.31,3282.05,1767.26,0.0,761.0,7.33,133800,5 years,MORTGAGE,MD
LN001539,B,B2,wedding,36,1300.0,11.34,42.77,2021-04-07,2021-05-05,Fully Paid,1554.91,1300.0,254.91,0.0,717.0,44.99,119400,1 year,MORTGAGE,LA
LN001808,G,G2,major_purchase,60,15200.0,32.26,513.08,2021-01-06,2021-02-05,Current,3078.48,2001.01,1077.47,0.0,739.0,34.58,45200,10+ years,MORTGAGE,SD
LN000777,B,B3,renewable_energy,36,33800.0,9.99,1090.47,2023-12-22,2024-01-23,Fully Paid,38984.54,33800.0,5184.54,0.0,781.0,19.41,192100,10+ years,RENT,ME
LN002513,C,C5,wedding,36,31000.0,12.96,1043.92,2023-10-22,2023-11-22,Fully Paid,37287.89,31000.0,6287.89,0.0,667.0,36.02,180900,< 1 year,MORTGAGE,WA
LN002518,C,C1,major_purchase,60,37200.0,14.46,874.48,2023-04-27,2023-05-29,Current,43724.0,28420.6,15303.4,0.0,663.0,15.2,178400,10+ years,OWN,DE
LN001105,B,B1,educational,36,11700.0,9.19,373.09,2023-04-01,2023-05-03,Charged Off,4842.79,3389.95,1452.84,8310.05,637.0,29.75,37800,1 year,MORTGAGE,IN
LN001707,A,A3,medical,60,31000.0,5.39,590.56,2023-03-20,2023-04-19,Fully Paid,35260.37,31000.0,4260.37,0.0,747.0,6.1,43900,10+ years,RENT,IN
LN002955,A,A2,major_purchase,36,4200.0,6.99,129.66,2023-05-11,2023-06-08,Late (31-120 days),1555.92,1089.14,466.78,0.0,662.0,25.45,176200,4 years,MORTGAGE,CO
LN001425,C,C1,major_purchase,36,5700.0,13.53,193.51,2022-03-04,2022-04-08,Fully Paid,6958.45,5700.0,1258.45,0.0,775.0,19.64,112900,4 years,RENT,NH
LN002488,F,F3,small_business,60,24500.0,29.73,788.6,2023-12-15,2024-01-17,Fully Paid,48119.7,24500.0,23619.7,0.0,689.0,8.63,229500,6 years,RENT,NE
LN001421,B,B2,wedding,36,9700.0,8.84,307.74,2022-07-30,2022-08-30,Charged Off,2152.4,1506.68,645.72,8193.32,705.0,38.22,81100,,MORTGAGE,IN
LN000179,A,A4,credit_card,36,38300.0,5.43,1155.29,2022-04-09,2022-05-11,Fully Paid,42063.36,38300.0,3763.36,0.0,713.0,24.32,220000,1 year,MORTGAGE,NH
LN002816,D,D4,educational,36,21400.0,17.79,771.41,2021-10-12,2021-11-09,Current,3085.64,2005.67,1079.97,0.0,817.0,22.66,119700,8 years,MORTGAGE,GA
LN001984,B,B1,renewable_energy,36,26600.0,9.86,856.56,2023-02-09,2023-03-12,Fully Paid,31312.33,26600.0,4712.33,0.0,751.0,11.47,146800,7 years,MORTGAGE,KY
LN001062,E,E4,vacation,36,31300.0,23.81,1224.87,2021-03-22,2021-04-20,CURRENT,25722.27,16719.48,9002.79,0.0,615.0,7.6,131400,1 year,MORTGAGE,NC
LN000574,C,C3,renewable_energy,36,5200.0,13.68,176.92,2023-11-23,2023-12-22,CURRENT,3007.64,1954.97,1052.67,0.0,605.0,9.74,172500,< 1 year,RENT,IL
LN001269,F,F1,car,36,35200.0,29.06,1476.23,2021-09-29,2021-10-31,Fully paid,52109.12,35200.0,16909.12,0.0,745.0,20.72,176900,3 years,RENT,CO
LN001081,A,A3,debt_consolidation,60,20000.0,6.95,395.55,2022-05-10,2022-06-13,Current,1186.65,771.32,415.33,0.0,660.0,39.48,59900,1 year,RENT,ND
LN002701,C,C5,small_business,36,25000.0,15.99,878.8,2021-04-23,2021-05-24,Current,10545.6,6854.64,3690.96,0.0,812.0,8.05,168000,< 1 year,RENT,UT
LN001727,E,E1,car,60,2600.0,25.87,77.65,2022-09-24,2022-10-23,Current,3183.65,2069.37,1114.28,0.0,590.0,136.19,84100,1 year,MORTGAGE,IL
LN001285,B,B1,wedding,60,27300.0,11.74,603.69,2023-03-03,2023-04-07,Fully Paid,35947.36,27300.0,8647.36,0.0,717.0,8.31,53900,< 1 year,RENT,GA
LN001124,B,B3,small_business,36,28100.0,10.27,910.27,2022-11-03,2022-12-01,Current,8192.43,5325.08,2867.35,0.0,674.0,14.66,230100,,MORTGAGE,LA
LN003196,D,E3,medical,60,23900.0,17.5,600.42,2022-02-27,2022-04-03,Fully Paid,35956.03,23900.0,12056.03,0.0,664.0,7.14,38000,7 years,RENT,MI
LN000706,C,C1,educational,60,24200.0,15.04,576.22,2021-12-03,2022-01-05,Fully Paid,34784.13,24200.0,10584.13,0.0,636.0,16.88,244300,10+ years,MORTGAGE,MO
LN000015,B,B2,moving,36,22600.0,9.14,720.15,2022-12-12,2023-01-16,Fully Paid,26364.33,22600.0,3764.33,0.0,693.0,37.32,65100,< 1 year,OTHER,AL
LN000986,G,G1,debt_consolidation,60,29200.0,33.91,1016.03,2023-03-24,2023-04-23,Fully Paid,61499.49,29200.0,32299.49,0.0,720.0,6.02,202800,7 years,RENT,MA
LN000174,G,G3,educational,60,26100.0,35.87,940.88,2023-05-09,2023-06-09,Fully Paid,55956.69,26100.0,29856.69,0.0,781.0,20.72,71600,10+ years,RENT,OH
LN003429,D,D2,small_business,60,10100.0,-17.16,251.88,2021-04-14,2021-05-12,Late (31-120 days),1007.52,705.26,302.26,0.0,600.0,36.6,43500,10+ years,OWN,HI
LN002764,C,B3,vacation,36,,15.17,681.07,2021-03-07,2021-04-08,Fully Paid,24891.41,19600.0,5291.41,0.0,744.0,16.27,126000,7 years,RENT,IN
LN000332,C,C5,small_business,60,25600.0,14.66,604.46,2021-10-19,2021-11-17,Charged Off,6430.23,4501.16,1929.07,21098.84,646.0,11.23,29300,< 1 year,MORTGAGE,FL
LN000692,D,D4,credit_card,36,2900.0,-19.73,107.38,2022-05-12,2022-06-16,Fully Paid,3821.37,2900.0,921.37,0.0,725.0,6.25,180700,< 1 year,MORTGAGE,NV
LN000431,A,A5,credit_card,60,39900.0,7.96,808.26,2021-04-27,2021-05-28,Charged Off,15742.76,11019.93,4722.83,28880.07,633.0,16.06,104300,1 year,RENT,NM
LN002587,C,C5,credit_card,36,7300.0,12.9,245.61,2022-08-04,2022-09-05,Current,5894.64,3831.52,2063.12,0.0,758.0,21.27,189700,5 years,OWN,CA
LN002989,B,B2,vacation,36,32900.0,9.01,1046.36,2021-10-08,2021-11-11,Charged Off,17809.07,12466.35,5342.72,20433.65,729.0,15.61,117600,5 years,MORTGAGE,IL
LN003378,G,G3,car,36,5000.0,35.22,226.8,2022-08-22,2022-09-22,Fully Paid,8285.37,5000.0,3285.37,0.0,924.0,13.45,123400,4 years,MORTGAGE,NY
LN002841,C,C3,small_business,36,35400.0,15.86,1242.11,2021-05-21,2021-05-19,Current,39747.52,25835.89,13911.63,0.0,722.0,6.78,232200,5 years,OWN,AK
LN002060,F,G2,major_purchase,36,21600.0,29.23,907.87,2023-09-29,2023-10-28,Current,14525.92,9441.85,5084.07,0.0,728.0,10.08,240900,6 years,MORTGAGE,NY
LN001678,A,C5,major_purchase,60,35800.0,7.53,717.87,2021-08-01,2021-09-03,Charged Off,19610.79,13727.55,5883.24,22072.45,880.0,10.08,63300,5 years,MORTGAGE,UT
LN001447,C,C4,renewable_energy,36,1200.0,13.87,40.94,2021-03-11,2021-04-11,Fully Paid,1475.09,1200.0,275.09,0.0,676.0,37.29,130000,< 1 year,MORTGAGE,NE
LN000545,G,G1,medical,60,,35.14,1220.39,2021-12-08,2022-01-09,Charged Off,10128.46,7089.92,3038.54,27210.08,796.0,30.43,108300,9 years,RENT,OH
LN001162,A,A2,home_improvement,36,18800.0,5.98,571.76,2021-11-06,2021-12-06,Fully Paid,20495.56,18800.0,1695.56,0.0,,31.38,31000,9 years,OWN,NH
LN003233,D,D5,moving,60,13000.0,21.7,356.83,2021-11-23,2021-12-26,charged off,2664.38,1865.07,799.31,11134.93,809.0,33.4,65500,1 year,OWN,FL
LN001290,E,E5,debt_consolidation,36,18000.0,26.56,730.61,2022-09-30,2022-11-02,Fully Paid,26295.0,18000.0,8295.0,0.0,759.0,17.38,36200,7 years,MORTGAGE,IA
LN002227,B,B2,home_improvement,36,38400.0,10.3,1244.48,2021-07-25,2021-08-29,Current,6222.4,4044.56,2177.84,0.0,593.0,8.62,30200,5 years,MORTGAGE,CT
LN000451,F,F2,renewable_energy,36,16700.0,27.6,687.17,2023-09-09,2023-10-10,Charged Off,1684.44,1179.11,505.33,15520.89,594.0,29.33,104900,6 years,RENT,WY
LN003045,D,D1,wedding,60,20200.0,20.3,538.55,2021-07-06,2021-08-08,Default,5385.5,3769.85,1615.65,0.0,774.0,35.51,182400,2 years,RENT,IL
LN001749,B,B4,debt_consolidation,36,17200.0,9.0,546.96,2021-06-01,2021-07-05,Fully Paid,19472.13,17200.0,2272.13,0.0,749.0,27.41,147400,6 years,MORTGAGE,FL
LN002494,C,C3,home_improvement,36,11700.0,13.77,398.57,2023-12-22,2024-01-23,Fully Paid,14493.16,11700.0,2793.16,0.0,789.0,30.55,212100,2 years,MORTGAGE,VA
LN000325,B,B5,wedding,36,6000.0,10.92,196.21,2021-01-28,2021-02-25,Fully Paid,6994.14,6000.0,994.14,0.0,794.0,30.19,209200,8 years,RENT,MS
LN001023,E,E4,wedding,36,4300.0,25.03,171.04,2023-08-10,2023-09-09,Current,855.2,555.88,299.32,0.0,674.0,16.1,140000,5 years,MORTGAGE,MI
LN000487,C,C5,moving,36,5600.0,13.45,189.9,2022-04-04,2022-05-03,Current,4367.7,2839.01,1528.69,0.0,664.0,38.29,184700,9 years,MORTGAGE,NV
LN001147,F,F2,moving,36,18200.0,31.42,786.84,2023-04-30,2023-05-29,Fully Paid,27977.31,18200.0,9777.31,0.0,648.0,20.95,86000,2 years,MORTGAGE,MD
LN000819,C,C3,renewable_energy,36,23200.0,15.11,805.49,2023-03-26,2023-04-25,Fully Paid,28841.85,23200.0,5641.85,0.0,699.0,35.83,166700,8 years,RENT,OK
LN000064,G,G4,debt_consolidation,36,31200.0,33.33,1382.03,2023-01-19,2023-02-17,Current,42842.93,27847.9,14995.03,0.0,605.0,26.04,212100,< 1 year,RENT,TN
LN000267,D,D2,vacation,36,35600.0,20.21,1326.84,2022-11-01,2022-12-01,Current,7961.04,5174.68,2786.36,0.0,582.0,30.74,89200,5 years,OWN,NY
LN001729,A,A5,car,36,17500.0,7.36,543.23,2022-10-01,2022-10-30,Current,4345.84,2824.8,1521.04,0.0,782.0,24.82,108200,10+ years,MORTGAGE,CT
LN000926,A,A4,moving,60,18700.0,6.43,365.27,2021-12-04,2022-01-03,Fully Paid,21788.57,18700.0,3088.57,0.0,764.0,16.04,128200,,MORTGAGE,VA
LN000158,A,A4,medical,60,37000.0,5.61,708.62,2022-10-06,2022-11-06,charged off,17631.71,12342.2,5289.51,24657.8,677.0,23.65,172100,3 years,RENT,NY
LN000858,B,B4,vacation,36,31800.0,10.05,1026.84,2022-04-20,2022-05-21,Current,32858.88,21358.27,11500.61,0.0,708.0,30.66,160600,10+ years,MORTGAGE,KS
LN000369,D,D3,home_improvement,60,26100.0,19.37,682.37,2021-01-02,2021-02-01,Fully Paid,40176.14,26100.0,14076.14,0.0,775.0,43.75,135500,10+ years,RENT,TX
LN000062,E,E3,educational,36,31000.0,25.11,1234.36,2022-12-02,2023-01-06,Current,38265.16,24872.35,13392.81,0.0,717.0,24.37,161100,6 years,OWN,NJ
LN002979,A,A5,debt_consolidation,36,14700.0,5.06,440.97,2021-07-03,2021-08-07,Charged Off,8265.76,5786.03,2479.73,8913.97,789.0,13.17,228900,10+ years,MORTGAGE,OH
LN002572,D,D1,vacation,36,18500.0,21.21,698.99,2023-12-18,2024-01-18,Current,9785.86,6360.81,3425.05,0.0,820.0,16.76,151500,5 years,RENT,IN
LN003025,B,B3,medical,36,37700.0,11.91,1250.56,2021-04-21,2021-05-23,Fully Paid,44941.91,37700.0,7241.91,0.0,689.0,42.95,229300,7 years,MORTGAGE,VA
LN000255,D,D1,major_purchase,60,28100.0,17.95,712.79,2023-12-29,2024-01-26,Current,12830.22,8339.64,4490.58,0.0,637.0,32.74,166000,3 years,RENT,NC
LN002442,C,C1,small_business,36,12800.0,13.91,436.91,2022-08-12,2022-09-16,Current,7427.47,4827.86,2599.61,0.0,600.0,25.84,175400,6 years,RENT,CO
LN002792,B,B3,moving,36,37500.0,11.2,1231.26,2023-05-04,2023-06-08,Fully Paid,43761.8,37500.0,6261.8,0.0,730.0,41.8,182300,6 years,MORTGAGE,CT
LN002555,A,A5,car,60,,5.77,526.79,2022-02-11,2022-03-13,Fully Paid,31688.26,27400.0,4288.26,0.0,627.0,43.83,77300,3 years,MORTGAGE,MI
LN002124,C,C5,home_improvement,60,7900.0,14.04,183.98,2022-08-03,2022-09-05,Fully Paid,10920.58,7900.0,3020.58,0.0,776.0,23.08,170200,10+ years,RENT,MT
LN000110,D,D5,major_purchase,36,27900.0,19.72,1032.89,2023-11-10,2023-12-08,Fully Paid,37139.62,27900.0,9239.62,0.0,,20.48,177900,3 years,RENT,CA
LN000125,A,A5,small_business,60,30200.0,6.25,587.37,2021-01-01,2021-01-29,Charged Off,11927.19,8349.03,3578.16,21850.97,654.0,30.68,148700,5 years,MORTGAGE,UT
LN001264,F,F5,medical,60,27400.0,30.97,902.88,2023-09-11,2023-10-09,Current,34309.44,22301.14,12008.3,0.0,816.0,13.48,84600,1 year,MORTGAGE,AL
LN002437,D,D5,vacation,60,,20.54,610.93,2021-04-01,2021-05-06,Fully Paid,37346.9,22800.0,14546.9,0.0,759.0,40.06,229400,5 years,RENT,AZ
LN000264,B,B4,small_business,60,36300.0,11.48,797.97,2021-06-22,2021-07-26,Current,43090.38,28008.75,15081.63,0.0,622.0,9.52,49000,10+ years,MORTGAGE,CT
LN003251,B,B2,small_business,60,35900.0,9.5,753.97,2023-03-01,2023-04-05,Current,2261.91,1470.24,791.67,0.0,614.0,43.92,166200,1 year,MORTGAGE,MT
LN002990,A,E2,renewable_energy,36,11400.0,6.81,351.01,2021-04-29,2021-06-02,Default,2106.06,1474.24,631.82,0.0,685.0,12.95,43500,4 years,RENT,DE
LN000600,C,C2,educational,36,22700.0,13.21,767.15,2023-11-04,2023-12-05,Fully Paid,27701.82,22700.0,5001.82,0.0,742.0,13.06,222000,1 year,OTHER,MT
LN001614,F,F1,car,36,26800.0,30.38,1143.29,2023-04-20,2023-05-25,Default,1143.29,800.3,342.99,0.0,732.0,11.73,73100,,MORTGAGE,OH
LN000222,A,A2,wedding,60,20800.0,6.06,402.7,2022-09-26,2022-10-26,Fully Paid,24251.42,20800.0,3451.42,0.0,786.0,34.52,171900,10+ years,RENT,VT
LN001611,C,C2,credit_card,60,,15.22,52.59,2022-12-03,2023-01-06,Fully Paid,3112.53,2200.0,912.53,0.0,820.0,34.54,41300,2 years,RENT,OH
LN003159,C,C3,credit_card,36,2000.0,13.27,67.65,2023-06-21,2023-07-22,Late (31-120 days),608.85,426.19,182.66,0.0,693.0,15.4,68100,1 year,MORTGAGE,DE
LN002196,D,D5,medical,60,23300.0,18.17,593.82,2023-07-07,2023-08-04,Charged Off,2321.61,1625.13,696.48,21674.87,784.0,33.66,40800,4 years,MORTGAGE,HI
LN000550,B,B4,car,36,34200.0,10.78,1116.1,2021-03-25,2021-04-22,Late (31-120 days),12277.1,8593.97,3683.13,0.0,693.0,31.89,169500,10+ years,RENT,RI
LN001744,B,B3,medical,36,32300.0,9.67,1037.23,2023-04-28,2023-05-28,Current,36303.05,23596.98,12706.07,0.0,774.0,41.26,132500,3 years,MORTGAGE,NJ
LN001748,C,C1,educational,36,8800.0,14.58,303.25,2021-03-10,2021-04-13,Fully Paid,10727.78,8800.0,1927.78,0.0,592.0,20.54,197100,5 years,RENT,WI
LN002619,B,B4,wedding,60,25000.0,11.61,551.2,2021-03-01,2021-04-01,Current,20394.4,13256.36,7138.04,0.0,667.0,7.77,107600,7 years,MORTGAGE,NM
LN000089,D,D3,vacation,60,25800.0,20.04,684.12,2021-04-10,2021-05-14,Fully Paid,41465.79,25800.0,15665.79,0.0,609.0,18.81,70400,3 years,MORTGAGE,NY
LN002926,E,E2,vacation,60,14900.0,-26.74,452.66,2023-10-02,2023-11-03,Current,21727.68,14122.99,7604.69,0.0,270.0,37.68,89300,9 years,OWN,VA
LN003091,B,B3,home_improvement,36,7200.0,10.45,233.85,2023-12-13,2024-01-10,Fully Paid,8427.22,7200.0,1227.22,0.0,771.0,23.9,214500,2 years,RENT,VT
LN002341,F,F4,debt_consolidation,36,36500.0,29.52,1539.9,2022-07-02,2022-07-30,Charged Off,3152.72,2206.9,945.82,34293.1,591.0,30.12,190600,10+ years,RENT,AK
LN002567,D,D2,credit_card,36,28800.0,17.14,1028.81,2021-09-05,2021-10-09,Charged Off,4459.33,3121.53,1337.8,25678.47,700.0,21.83,52900,9 years,MORTGAGE,IN
LN000595,B,B4,credit_card,36,32100.0,11.69,1061.43,2022-01-08,2022-02-12,Fully Paid,38426.37,32100.0,6326.37,0.0,639.0,25.14,30400,2 years,MORTGAGE,DE
LN002311,A,A2,moving,36,28500.0,5.5,860.58,2023-10-04,2023-11-05,Current,9466.38,6153.15,3313.23,0.0,689.0,201.54,113200,6 years,RENT,AL
LN003479,B,B3,vacation,36,12800.0,8.67,405.07,2023-01-03,2023-02-07,Current,12557.17,8162.16,4395.01,0.0,726.0,37.48,225000,3 years,MORTGAGE,AL
LN002099,G,G4,debt_consolidation,36,28000.0,33.7,1246.09,2022-06-19,2022-07-22,Fully Paid,45133.66,28000.0,17133.66,0.0,800.0,22.24,67300,2 years,MORTGAGE,ME
LN003096,D,D1,home_improvement,36,29900.0,20.26,1115.16,2023-12-18,2024-01-16,CURRENT,24533.52,15946.79,8586.73,0.0,581.0,7.99,138500,4 years,RENT,VA
LN003242,B,B2,educational,60,11200.0,10.46,240.51,2021-11-23,2021-12-28,Current,4810.2,3126.63,1683.57,0.0,737.0,17.95,61200,< 1 year,RENT,WY
LN001895,C,C1,small_business,60,5200.0,12.82,117.84,2022-03-31,2022-05-01,Current,2238.96,1455.32,783.64,0.0,783.0,43.06,208500,1 year,RENT,MN
LN001567,F,F3,car,60,7700.0,30.22,250.16,2022-07-30,2022-09-02,Current,7004.48,4552.91,2451.57,0.0,721.0,41.98,52500,4 years,RENT,VT
LN001236,C,C4,major_purchase,60,36800.0,12.59,829.61,2021-06-15,2021-07-15,Fully Paid,50684.82,36800.0,13884.82,0.0,772.0,17.08,84200,3 years,MORTGAGE,NV
LN002610,C,C4,small_business,60,6100.0,12.66,137.73,2023-05-03,2023-04-25,Current,6748.77,4386.7,2362.07,0.0,752.0,26.42,154600,< 1 year,RENT,IA
LN000722,C,C1,home_improvement,36,8500.0,15.51,296.78,2023-11-19,2023-12-23,Current,2967.8,1929.07,1038.73,0.0,713.0,26.1,220700,7 years,OTHER,MA
LN003188,B,B5,vacation,36,23500.0,9.04,747.73,2023-08-11,2023-09-11,Current,12711.41,8262.42,4448.99,0.0,610.0,17.62,136700,4 years,RENT,WI
LN000284,B,B5,moving,36,29700.0,11.38,977.69,2021-10-16,2021-11-13,Fully Paid,34980.04,29700.0,5280.04,0.0,641.0,41.18,124800,10+ years,MORTGAGE,MA
LN000275,C,C4,car,60,36400.0,15.55,876.5,2021-05-27,2021-06-28,Fully Paid,52259.44,36400.0,15859.44,0.0,655.0,23.11,79600,1 year,MORTGAGE,WV
LN000745,D,D1,educational,36,8300.0,19.81,307.65,2021-11-12,2021-12-17,Fully Paid,11250.41,8300.0,2950.41,0.0,743.0,39.09,148200,7 years,MORTGAGE,AL
LN002347,D,D4,car,36,2000.0,21.8,76.17,2021-05-07,2021-06-06,Late (31-120 days),457.02,319.91,137.11,0.0,797.0,43.57,169400,3 years,RENT,KS
LN003238,A,A1,moving,60,27100.0,5.04,511.91,2023-08-01,2023-09-01,Fully Paid,30508.42,27100.0,3408.42,0.0,629.0,23.24,87900,6 years,RENT,ND
LN002755,C,C3,wedding,36,9800.0,14.06,335.23,2023-11-07,2023-12-07,Fully Paid,11935.09,9800.0,2135.09,0.0,765.0,38.74,202200,4 years,MORTGAGE,MN
LN000424,G,G1,debt_consolidation,36,,35.15,824.84,2023-02-01,2023-03-01,Fully Paid,29351.78,18200.0,11151.78,0.0,747.0,31.69,212700,10+ years,MORTGAGE,OH
LN001740,B,B2,home_improvement,36,29200.0,9.02,928.82,2021-12-10,2022-01-09,Charged Off,6019.57,4213.7,1805.87,24986.3,717.0,16.11,158800,10+ years,OWN,MN
LN000507,A,A1,renewable_energy,36,3800.0,7.23,117.73,2021-05-29,2021-07-02,Fully Paid,4196.77,3800.0,396.77,0.0,641.0,43.6,188300,1 year,MORTGAGE,HI
LN001863,C,C4,debt_consolidation,36,29200.0,14.73,1008.37,2021-04-05,2021-05-06,Fully Paid,35979.41,29200.0,6779.41,0.0,636.0,24.46,118300,4 years,RENT,CO
LN002879,G,G4,wedding,36,22600.0,33.04,997.42,2022-07-04,2022-08-01,Fully Paid,35280.65,22600.0,12680.65,0.0,778.0,39.08,154900,3 years,RENT,MT
LN001106,B,B3,renewable_energy,36,36200.0,8.72,1146.44,2023-08-08,2023-09-07,Charged Off,1961.77,1373.24,588.53,34826.76,675.0,6.41,96700,7 years,MORTGAGE,CT
LN000443,B,B3,moving,60,15100.0,8.69,311.18,2022-10-14,2022-11-16,Fully Paid,18660.51,15100.0,3560.51,0.0,714.0,38.18,217500,8 years,MORTGAGE,OH
LN000991,C,C3,vacation,36,,-15.29,1305.28,2022-03-30,2022-04-28,Fully Paid,47158.62,37500.0,9658.62,0.0,633.0,14.18,226300,< 1 year,MORTGAGE,PA
LN000219,A,A5,wedding,36,16100.0,6.5,493.45,2021-06-19,2021-07-24,Fully Paid,17607.72,16100.0,1507.72,0.0,615.0,21.77,240300,2 years,OTHER,OH
LN001779,B,B3,home_improvement,36,13900.0,11.21,456.45,2023-01-11,2023-02-11,Fully Paid,16598.32,13900.0,2698.32,0.0,688.0,38.96,181000,< 1 year,MORTGAGE,HI
LN002998,E,E5,moving,36,24700.0,24.75,978.8,2022-08-21,2022-09-25,Fully Paid,35270.12,24700.0,10570.12,0.0,816.0,20.85,67700,,OWN,SD
LN003353,F,F4,small_business,60,1300.0,30.62,42.56,2022-01-29,2022-02-28,Fully Paid,2538.9,1300.0,1238.9,0.0,788.0,30.79,201700,,RENT,IA
LN003434,B,B3,home_improvement,36,13600.0,9.19,433.68,2021-07-06,2021-08-10,Fully Paid,15375.65,13600.0,1775.65,0.0,806.0,191.8,181000,< 1 year,RENT,WV
LN002740,B,B2,small_business,36,34300.0,8.9,1089.14,2022-11-13,2022-12-17,Default,5445.7,3811.99,1633.71,0.0,636.0,18.4,93200,10+ years,OWN,QQ
LN001657,D,D4,debt_consolidation,60,21900.0,17.97,555.76,2021-12-04,2022-01-05,Current,11115.2,7224.88,3890.32,0.0,196.0,41.65,234900,7 years,RENT,AZ
LN001692,G,G4,medical,36,,32.54,114.02,2023-04-06,2023-05-06,Fully Paid,4137.39,2600.0,1537.39,0.0,636.0,15.75,247900,< 1 year,MORTGAGE,IN
LN000808,C,C5,medical,36,26200.0,13.51,889.23,2022-01-13,2022-01-09,Current,10670.76,6935.99,3734.77,0.0,589.0,17.86,191500,10+ years,RENT,IN
LN001176,F,F5,vacation,36,11100.0,29.59,468.72,2023-03-29,2023-05-01,Charged Off,2198.06,1538.64,659.42,9561.36,589.0,8.44,174100,2 years,RENT,MA
LN000840,E,E1,home_improvement,36,30400.0,24.78,1205.16,2023-11-27,2024-01-01,FULLY PAID,43652.7,30400.0,13252.7,0.0,751.0,21.07,47300,3 years,RENT,SD
LN001747,C,C3,vacation,60,,14.79,741.18,2023-03-17,2023-04-14,Charged Off,6355.2,4448.64,1906.56,26851.36,727.0,40.79,25200,10+ years,MORTGAGE,NV
LN000765,B,B3,major_purchase,60,13500.0,11.99,300.23,2022-08-24,2022-09-23,Current,9907.59,6439.93,3467.66,0.0,748.0,177.87,56400,< 1 year,MORTGAGE,IN
LN001252,B,B4,major_purchase,36,18700.0,10.94,611.68,2022-05-22,2022-06-25,Current,3670.08,2385.55,1284.53,0.0,698.0,27.16,94100,4 years,RENT,NC
LN001074,A,B3,wedding,60,26400.0,7.97,534.92,2021-04-19,2021-05-20,Charged Off,9340.26,6538.18,2802.08,19861.82,779.0,9.63,121100,10+ years,RENT,WA
LN001030,A,A4,renewable_energy,60,31400.0,5.32,597.17,2021-05-23,2021-06-26,Fully Paid,35284.79,31400.0,3884.79,0.0,626.0,9.92,47300,< 1 year,RENT,CT
LN002054,E,E2,small_business,60,8000.0,26.79,243.28,2021-05-09,2021-06-10,Fully Paid,14318.75,8000.0,6318.75,0.0,594.0,44.87,146100,6 years,RENT,WV
LN000001,D,D1,educational,36,12400.0,17.7,446.43,2022-12-01,2022-12-30,Current,3571.44,2321.44,1250.0,0.0,731.0,21.88,37200,1 year,RENT,RI
LN003400,B,B4,vacation,36,2300.0,10.95,75.24,2023-02-09,2023-03-16,Fully Paid,2685.53,2300.0,385.53,0.0,816.0,9.89,45600,10+ years,RENT,CO
LN003461,E,E3,vacation,60,36900.0,-24.11,1063.9,2022-01-28,2022-03-01,Current,17022.4,11064.56,5957.84,0.0,642.0,42.47,232200,10+ years,RENT,MD
LN002938,D,D2,vacation,36,17700.0,20.36,661.05,2023-07-31,2023-09-04,Fully Paid,24004.73,17700.0,6304.73,0.0,728.0,44.64,89500,8 years,MORTGAGE,NV
LN001223,A,A2,vacation,36,24500.0,7.46,761.65,2022-12-19,2023-01-18,Fully Paid,27321.5,24500.0,2821.5,0.0,795.0,11.33,36200,7 years,MORTGAGE,KY
LN002100,D,D2,medical,36,1700.0,19.72,62.94,2023-10-01,2023-11-03,Fully Paid,2243.11,1700.0,543.11,0.0,770.0,42.91,84800,6 years,RENT,KY
LN000248,D,D3,small_business,60,34300.0,18.49,880.16,2022-03-09,2022-04-08,Charged Off,6248.3,4373.81,1874.49,29926.19,594.0,37.22,190500,7 years,MORTGAGE,WA
LN002084,C,C2,small_business,60,25300.0,-15.28,605.61,2021-12-27,2022-01-25,current,16957.08,11022.1,5934.98,0.0,681.0,43.15,86800,4 years,RENT,TN
LN002954,A,A3,medical,60,13700.0,6.37,267.22,2023-10-14,2023-11-13,Charged Off,3983.84,2788.69,1195.15,10911.31,816.0,8.99,187000,2 years,RENT,AK
LN002155,C,C4,renewable_energy,60,34900.0,15.94,847.59,2021-07-07,2021-08-09,Current,49160.22,31954.14,17206.08,0.0,733.0,21.89,209800,8 years,RENT,WI
LN001615,E,E3,medical,36,11200.0,25.56,448.63,2022-04-01,2022-05-01,Current,12113.01,7873.46,4239.55,0.0,605.0,8.85,245000,3 years,RENT,AR
LN001713,B,B5,educational,36,15700.0,11.57,518.25,2021-11-24,2021-12-26,Late (31-120 days),3627.75,2539.42,1088.33,0.0,691.0,33.79,120500,3 years,MORTGAGE,VT
LN000176,B,B2,educational,36,20300.0,8.76,643.27,2021-07-28,2021-09-01,Charged Off,6981.21,4886.85,2094.36,15413.15,816.0,41.82,196300,6 years,MORTGAGE,MS
LN000279,D,D5,medical,60,29700.0,18.94,769.45,2021-10-25,2021-11-26,Current,4616.7,3000.86,1615.84,0.0,817.0,20.26,195600,10+ years,OTHER,MA
LN002195,C,C3,debt_consolidation,36,38300.0,13.95,1308.07,2022-04-24,2022-05-25,fully paid,47914.02,38300.0,9614.02,0.0,781.0,11.74,141500,10+ years,RENT,WV
LN002172,A,A3,medical,36,11900.0,7.51,370.22,2022-09-09,2022-10-09,Current,12587.48,8181.86,4405.62,0.0,597.0,26.48,91300,3 years,OWN,MN
LN003073,B,B4,medical,36,17300.0,11.64,571.64,2023-06-15,2023-07-18,Fully Paid,20974.69,17300.0,3674.69,0.0,636.0,10.89,121100,3 years,RENT,WV
LN002895,C,C4,medical,36,17100.0,15.1,593.61,2023-06-13,2023-07-14,Current,11278.59,7331.08,3947.51,0.0,626.0,41.33,66400,7 years,RENT,GA
LN002286,D,D3,wedding,36,34300.0,19.22,1261.12,2022-09-09,2022-10-13,Fully Paid,46032.24,34300.0,11732.24,0.0,752.0,35.44,243500,3 years,OWN,MO
LN001809,C,C4,credit_card,36,22300.0,14.08,763.03,2022-08-26,2022-09-23,Charged Off,11059.15,7741.4,3317.74,14558.6,615.0,44.4,200700,,RENT,WI
LN000417,F,F3,car,60,35100.0,30.58,1148.14,2021-09-25,2021-10-28,Fully Paid,69661.97,35100.0,34561.97,0.0,650.0,201.93,181700,4 years,OTHER,KY
LN003285,B,B2,wedding,36,20400.0,8.91,647.86,2021-12-29,2022-02-02,Default,1943.58,1360.51,583.07,0.0,730.0,16.23,237700,3 years,MORTGAGE,MO
LN000218,A,A5,car,60,21200.0,6.49,414.7,2023-02-25,2023-03-31,Current,5805.8,3773.77,2032.03,0.0,966.0,13.59,101600,3 years,OWN,GA
LN001616,B,B4,medical,36,7100.0,8.89,225.41,2022-12-01,2023-01-04,Fully Paid,8275.17,7100.0,1175.17,0.0,784.0,32.35,90000,1 year,RENT,RI
LN000680,B,B1,moving,36,7400.0,11.1,242.62,2021-08-19,2021-09-22,Current,4124.54,2680.95,1443.59,0.0,,12.35,56600,9 years,OWN,MA
LN000643,F,F1,car,36,10700.0,31.14,460.94,2023-02-02,2023-03-02,Current,11523.5,7490.28,4033.22,0.0,642.0,44.77,241300,7 years,RENT,NH
LN000799,E,E4,car,36,,23.71,144.6,2022-07-10,2022-08-10,Fully Paid,5271.92,3700.0,1571.92,0.0,658.0,22.91,115600,6 years,RENT,IN
LN002119,C,C1,home_improvement,60,33500.0,14.81,793.63,2022-06-13,2022-07-14,Fully Paid,48548.04,33500.0,15048.04,0.0,706.0,16.23,68300,8 years,MORTGAGE,WA
LN001353,C,C4,renewable_energy,36,19000.0,13.45,644.31,2023-11-24,2023-12-25,Late (31-120 days),7087.41,4961.19,2126.22,0.0,726.0,41.0,151400,2 years,MORTGAGE,SD
LN000788,C,C4,small_business,36,17300.0,15.53,604.21,2021-09-24,2021-10-24,Fully Paid,22138.78,17300.0,4838.78,0.0,805.0,44.57,111200,4 years,RENT,SC
LN000450,A,A5,moving,36,,5.89,1126.81,2022-08-23,2022-09-24,Default,11268.1,7887.67,3380.43,0.0,750.0,10.88,206000,,RENT,NM
LN001133,B,B4,credit_card,36,2800.0,10.93,91.58,2022-01-07,2022-02-08,Fully Paid,3301.64,2800.0,501.64,0.0,820.0,34.89,175200,7 years,MORTGAGE,MI
LN003226,C,C2,medical,36,10500.0,13.85,358.1,2021-04-22,2021-05-21,Fully Paid,13030.08,10500.0,2530.08,0.0,795.0,27.42,215400,4 years,OWN,LA
LN001834,F,F1,home_improvement,36,19000.0,29.8,804.5,2023-11-19,2023-12-21,DEFAULT,2413.5,1689.45,724.05,0.0,682.0,19.32,213700,9 years,RENT,NV
LN000868,E,E5,credit_card,60,3800.0,24.51,110.45,2022-02-15,2022-03-18,Fully Paid,6705.8,3800.0,2905.8,0.0,626.0,32.59,125300,2 years,MORTGAGE,ID
LN000434,A,A4,medical,36,12200.0,5.22,366.85,2023-11-15,2023-12-20,Fully Paid,13172.72,12200.0,972.72,0.0,635.0,42.12,211300,2 years,RENT,NJ
LN000875,A,A3,wedding,36,35400.0,5.46,1068.3,2023-08-11,2023-09-10,Fully Paid,38299.18,35400.0,2899.18,0.0,,39.09,89300,3 years,OWN,NM
LN000372,A,A4,moving,60,3500.0,5.57,66.97,2023-02-27,2023-04-03,Fully Paid,3986.79,3500.0,486.79,0.0,791.0,16.44,93100,4 years,MORTGAGE,AR
LN002957,B,B1,vacation,60,1300.0,9.15,27.08,2022-10-07,2022-11-05,Current,1272.76,827.29,445.47,0.0,797.0,44.01,112200,5 years,RENT,RI
LN002160,B,B3,educational,36,19200.0,10.05,619.98,2023-07-28,2023-08-29,Fully Paid,22377.25,19200.0,3177.25,0.0,727.0,27.31,110600,2 years,RENT,KS
LN001455,C,C3,credit_card,36,1400.0,14.92,48.48,2022-07-18,2022-08-16,Late (31-120 days),290.88,203.62,87.26,0.0,629.0,25.51,196600,10+ years,RENT,FL
LN003209,C,G5,major_purchase,60,10900.0,13.56,251.14,2023-09-25,2023-10-26,Fully Paid,15135.83,10900.0,4235.83,0.0,719.0,11.96,214600,10+ years,RENT,GA
LN001273,C,C3,vacation,60,30100.0,14.32,705.38,2021-06-23,2021-07-27,Fully Paid,42483.12,30100.0,12383.12,0.0,612.0,5.89,60600,1 year,MORTGAGE,WI
LN000811,A,A5,car,36,16100.0,5.35,485.07,2022-05-14,2022-06-15,Current,9701.4,6305.91,3395.49,0.0,713.0,17.9,177200,6 years,RENT,ME
LN003485,E,E5,home_improvement,36,11600.0,22.69,447.16,2021-09-29,2021-11-02,Current,12520.48,8138.31,4382.17,0.0,749.0,135.21,129300,7 years,MORTGAGE,PA
LN001906,C,C1,moving,60,29300.0,16.16,715.01,2023-02-09,2023-03-16,Current,13585.19,8830.37,4754.82,0.0,780.0,24.83,178300,,MORTGAGE,TN
LN001617,F,F1,vacation,36,14900.0,28.95,623.99,2022-06-29,2022-07-31,Fully Paid,22667.08,14900.0,7767.08,0.0,782.0,7.27,242800,7 years,MORTGAGE,FL
LN000247,D,D5,car,36,1300.0,19.56,48.02,2021-09-19,2021-10-22,Charged Off,489.55,342.69,146.87,957.31,652.0,16.94,69200,5 years,RENT,LA
LN001374,D,D1,renewable_energy,60,24300.0,18.83,628.08,2021-01-30,2021-02-27,Charged Off,6920.09,4844.06,2076.03,19455.94,778.0,24.14,167200,8 years,RENT,WV
LN000506,D,D4,renewable_energy,60,31400.0,20.29,836.98,2022-12-05,2023-01-07,Default,9206.78,6444.75,2762.03,0.0,739.0,43.04,158000,10+ years,OTHER,OR
LN001492,G,G5,vacation,60,21900.0,35.41,782.99,2022-01-21,2022-02-25,Charged Off,11264.7,7885.29,3379.41,14014.71,782.0,29.94,218800,5 years,RENT,HI
LN001339,D,D4,medical,60,10700.0,21.47,292.31,2023-03-30,2023-03-28,Fully Paid,17442.9,10700.0,6742.9,0.0,701.0,32.65,115900,9 years,RENT,IA
LN003446,C,C4,educational,60,32200.0,13.49,740.75,2023-07-20,2023-08-20,Late (31-120 days),8889.0,6222.3,2666.7,0.0,726.0,39.89,234200,2 years,MORTGAGE,AK
LN003103,C,C3,major_purchase,36,35500.0,15.41,1237.76,2023-09-28,2023-10-30,Fully Paid,44992.28,35500.0,9492.28,0.0,744.0,11.45,65000,5 years,MORTGAGE,RI
LN002252,D,D5,wedding,36,35600.0,20.36,1329.56,2022-06-14,2022-07-15,Current,10636.48,6913.71,3722.77,0.0,757.0,19.89,122400,2 years,MORTGAGE,MS
LN000865,A,A1,small_business,36,27000.0,7.24,836.65,2021-02-20,2021-03-26,Charged Off,14715.06,10300.54,4414.52,16699.46,668.0,30.75,230200,3 years,RENT,NY
LN003152,E,E5,medical,60,11500.0,25.55,341.26,2022-04-30,2022-05-31,Fully Paid,20315.06,11500.0,8815.06,0.0,622.0,32.05,175300,6 years,RENT,AZ
LN002548,B,E4,small_business,36,9200.0,11.12,301.72,2021-05-25,2021-06-28,Charged Off,1739.59,1217.71,521.88,7982.29,620.0,32.6,28000,,OWN,GA
LN002177,B,B1,medical,36,12200.0,11.44,401.96,2022-10-05,2022-11-04,Current,12862.72,8360.77,4501.95,0.0,603.0,36.71,93600,2 years,RENT,AK
LN002405,E,E1,small_business,60,24700.0,23.1,697.72,2021-04-03,2021-05-07,Charged Off,13202.59,9241.81,3960.78,15458.19,605.0,9.21,162500,4 years,MORTGAGE,WV
LN000544,C,C5,car,60,14700.0,12.74,332.52,2021-01-29,2021-03-05,Charged Off,1264.23,884.96,379.27,13815.04,587.0,21.3,120700,10+ years,RENT,OK
LN003474,G,G2,vacation,60,11000.0,33.68,381.15,2023-01-12,2023-02-11,Charged Off,1136.57,795.6,340.97,10204.4,698.0,37.5,204000,4 years,RENT,SD
LN002813,C,C5,car,60,9000.0,14.52,211.85,2022-01-25,2022-02-23,Charged Off,4985.32,3489.72,1495.6,5510.28,714.0,24.6,225200,8 years,RENT,NM
LN000622,E,E3,medical,36,24300.0,23.16,942.67,2021-05-12,2021-06-13,Fully Paid,34160.57,24300.0,9860.57,0.0,785.0,38.11,39000,6 years,RENT,VT
LN000762,D,D4,vacation,36,12600.0,17.11,449.91,2022-11-16,2022-12-14,Fully Paid,16379.34,12600.0,3779.34,0.0,630.0,26.37,180300,7 years,MORTGAGE,OK
LN000613,G,C3,major_purchase,60,20300.0,34.44,713.19,2022-09-29,2022-11-01,Current,38512.26,25032.97,13479.29,0.0,605.0,5.12,189500,8 years,MORTGAGE,FL
LN001071,C,C5,moving,36,39600.0,14.33,1359.79,2022-08-04,2022-09-05,Fully Paid,48771.0,39600.0,9171.0,0.0,740.0,43.6,50700,5 years,MORTGAGE,NJ
LN002604,D,D4,major_purchase,36,4900.0,21.25,185.24,2021-06-02,2021-07-04,Charged Off,1188.24,831.77,356.47,4068.23,582.0,9.1,92400,3 years,RENT,IL
LN002383,C,C1,car,36,39000.0,15.7,1365.35,2023-04-04,2023-05-03,Current,46421.9,30174.24,16247.66,0.0,591.0,6.53,86800,1 year,RENT,LA
LN000486,B,B3,credit_card,60,21800.0,11.64,480.97,2023-11-10,2023-12-09,Fully Paid,29250.45,21800.0,7450.45,0.0,795.0,10.62,70800,6 years,OWN,DE
LN002087,E,E4,wedding,60,35800.0,25.59,1063.2,2022-07-01,2022-08-04,CHARGED OFF,5661.88,3963.32,1698.56,31836.68,818.0,13.72,50100,3 years,RENT,DE
LN002627,C,C2,medical,60,10600.0,15.11,252.79,2023-12-06,2024-01-04,Fully Paid,15275.83,10600.0,4675.83,0.0,597.0,17.45,238000,3 years,MORTGAGE,AK
LN001136,B,B3,major_purchase,36,23000.0,10.28,745.17,2022-09-12,2022-10-12,Charged Off,2525.99,1768.19,757.8,21231.81,740.0,38.9,198800,8 years,MORTGAGE,GA
LN000259,C,C2,medical,60,33200.0,12.54,747.61,2021-10-18,2021-11-21,Current,33642.45,21867.59,11774.86,0.0,713.0,15.8,81100,,MORTGAGE,NC
LN002502,C,C4,wedding,36,9500.0,13.29,321.42,2023-01-10,2023-02-07,Current,964.26,626.77,337.49,0.0,806.0,29.2,52400,5 years,RENT,WA
LN003480,C,C4,educational,60,6000.0,14.99,142.71,2022-01-06,2022-02-07,Fully paid,8449.43,6000.0,2449.43,0.0,784.0,43.65,139800,10+ years,OWN,MS
LN000651,D,D4,vacation,36,25800.0,17.41,925.11,2021-07-21,2021-08-24,Fully Paid,32841.03,25800.0,7041.03,0.0,710.0,12.47,140100,8 years,MORTGAGE,VT
LN003038,A,A3,credit_card,36,38000.0,6.73,1168.64,2022-01-30,2022-03-01,Charged Off,7836.86,5485.8,2351.06,32514.2,798.0,37.04,227300,10+ years,RENT,MI
LN002598,B,B5,credit_card,60,4800.0,9.06,99.78,2021-04-20,2021-05-19,Fully Paid,6084.95,4800.0,1284.95,0.0,649.0,35.1,96100,10+ years,MORTGAGE,ME
LN003375,A,A5,renewable_energy,36,9600.0,5.18,288.5,2023-01-25,2023-02-25,Charged Off,1189.58,832.71,356.87,8767.29,610.0,8.78,32500,2 years,RENT,PA
LN002716,E,E3,vacation,60,20100.0,23.1,567.78,2023-03-22,2023-04-25,Fully Paid,33780.19,20100.0,13680.19,0.0,723.0,42.41,113800,7 years,RENT,IL
LN001098,A,A1,major_purchase,60,29300.0,6.26,570.0,2022-09-01,2022-10-04,Fully Paid,33780.6,29300.0,4480.6,0.0,607.0,34.3,199000,3 years,MORTGAGE,PA
LN003039,D,C3,medical,36,34100.0,19.23,1253.94,2022-04-13,2022-05-14,Fully Paid,45440.03,34100.0,11340.03,0.0,744.0,16.95,227700,3 years,RENT,CA
LN000830,E,E1,moving,60,14200.0,23.48,404.23,2023-08-10,2023-09-11,Fully Paid,23880.58,14200.0,9680.58,0.0,748.0,30.24,219600,1 year,MORTGAGE,MS
LN002431,E,E1,credit_card,36,3100.0,23.18,120.29,2022-07-07,2022-08-08,Current,3608.7,2345.65,1263.04,0.0,738.0,44.19,235300,10+ years,RENT,MS
LN003088,A,A2,educational,36,13500.0,7.34,418.94,2021-05-12,2021-06-15,Charged Off,4443.88,3110.72,1333.16,10389.28,665.0,44.26,232000,3 years,MORTGAGE,LA
LN000597,D,D3,home_improvement,36,33900.0,20.93,1275.97,2023-02-07,2023-03-07,Charged Off,19921.75,13945.22,5976.52,19954.78,745.0,37.51,34700,2 years,MORTGAGE,MI
LN002269,C,C5,credit_card,60,5100.0,14.2,119.2,2023-12-02,2024-01-01,Fully Paid,7241.4,5100.0,2141.4,0.0,591.0,44.4,122300,8 years,MORTGAGE,MT
LN002070,C,C5,medical,36,6400.0,15.33,222.89,2023-12-10,2024-01-13,Current,4680.69,3042.45,1638.24,0.0,602.0,12.43,190600,10+ years,RENT,MO
LN000297,B,B5,debt_consolidation,60,32400.0,10.89,702.68,2022-04-13,2022-05-13,Charged Off,4812.37,3368.66,1443.71,29031.34,724.0,31.38,84800,,OWN,MN
LN001503,A,A2,vacation,36,,6.59,558.56,2021-06-06,2021-07-05,Fully Paid,20448.09,18200.0,2248.09,0.0,722.0,26.14,206700,5 years,RENT,FL
LN000508,B,B4,small_business,60,34400.0,9.04,714.76,2022-05-21,2022-06-22,Charged Off,9900.22,6930.15,2970.07,27469.85,786.0,41.87,78700,4 years,RENT,MS
LN000008,E,E2,renewable_energy,36,35800.0,24.4,1412.07,2021-04-06,2021-05-05,Fully Paid,51029.5,35800.0,15229.5,0.0,699.0,26.16,29700,7 years,RENT,OH
LN002012,A,A3,credit_card,60,10100.0,6.58,198.0,2023-11-30,2024-01-01,Fully Paid,11680.08,10100.0,1580.08,0.0,820.0,5.85,90200,8 years,MORTGAGE,AL
LN002761,D,D2,major_purchase,60,31600.0,19.07,820.94,2022-08-03,2022-09-02,Default,5746.58,4022.61,1723.97,0.0,756.0,11.53,123300,4 years,RENT,ID
LN001661,C,C4,renewable_energy,60,12400.0,14.79,293.63,2023-11-24,2023-12-22,late (31-120 days),2936.3,2055.41,880.89,0.0,792.0,30.12,249600,< 1 year,MORTGAGE,NV
LN001911,B,B2,medical,60,7600.0,11.8,168.29,2022-07-08,2022-08-11,Default,1851.19,1295.83,555.36,0.0,754.0,41.62,30500,10+ years,RENT,NJ
LN001460,B,B2,home_improvement,36,6500.0,10.37,210.87,2021-07-29,2021-08-26,Fully Paid,7532.25,6500.0,1032.25,0.0,714.0,22.26,181200,2 years,OWN,GA
LN002690,E,E4,home_improvement,36,36000.0,25.11,1433.45,2021-10-25,2021-11-23,Late (31-120 days),8600.7,6020.49,2580.21,0.0,,18.67,138900,< 1 year,OWN,HI
LN003468,D,D1,wedding,60,,20.22,170.35,2021-05-04,2021-06-08,Charged Off,3436.36,2405.45,1030.91,3994.55,695.0,185.02,182700,7 years,OWN,KY
LN002520,C,C2,car,36,14200.0,15.24,493.92,2023-03-11,2023-04-10,Fully Paid,17540.03,14200.0,3340.03,0.0,632.0,33.55,239600,10+ years,MORTGAGE,HI
LN002301,D,D5,vacation,36,35000.0,17.65,1259.2,2022-11-24,2022-12-29,Fully Paid,44555.59,35000.0,9555.59,0.0,795.0,37.86,184700,6 years,MORTGAGE,CT
LN002314,G,G4,major_purchase,36,14300.0,32.73,628.64,2023-05-16,2023-06-13,Current,11315.52,7355.09,3960.43,0.0,699.0,27.29,61100,5 years,MORTGAGE,MD
LN002484,C,C4,major_purchase,60,11600.0,14.49,272.87,2023-02-10,2023-03-13,Current,15007.85,9755.1,5252.75,0.0,723.0,19.07,143800,7 years,RENT,PA
LN000097,C,C1,vacation,60,30200.0,15.11,720.2,2023-12-26,2024-01-28,Current,25207.0,16384.55,8822.45,0.0,618.0,43.31,209500,1 year,MORTGAGE,MI
LN002079,G,G2,wedding,60,40000.0,33.71,1386.75,2021-10-13,2021-11-12,Fully Paid,83189.39,40000.0,43189.39,0.0,765.0,11.09,105300,9 years,MORTGAGE,MN
LN003454,B,B2,car,36,35000.0,11.5,1154.16,2021-06-24,2021-07-27,Default,2308.32,1615.82,692.5,0.0,676.0,23.33,197200,7 years,RENT,SC
LN002156,A,A2,car,60,35800.0,6.85,706.35,2022-07-01,2022-08-02,Current,9182.55,5968.66,3213.89,0.0,594.0,16.25,190600,3 years,RENT,00
LN002315,C,C2,car,36,28000.0,12.88,941.81,2022-01-29,2022-03-04,Current,23545.25,15304.41,8240.84,0.0,816.0,19.46,177400,6 years,RENT,CA
LN000026,F,F4,renewable_energy,60,13700.0,28.57,431.28,2022-01-04,2022-02-02,Fully Paid,25399.35,13700.0,11699.35,0.0,700.0,13.9,213500,3 years,MORTGAGE,IA
LN001316,B,B5,credit_card,60,,8.96,257.16,2021-05-31,2021-06-29,Current,11315.04,7354.78,3960.26,0.0,621.0,44.63,61700,4 years,MORTGAGE,UT
LN002336,C,C5,credit_card,60,,13.81,729.85,2022-09-22,2022-10-26,Fully Paid,43822.09,31500.0,12322.09,0.0,731.0,40.25,219800,6 years,OWN,ND
LN002441,A,A5,home_improvement,60,27100.0,6.73,533.17,2021-10-28,2021-12-01,Current,23992.65,15595.22,8397.43,0.0,740.0,11.66,213100,6 years,OWN,AK
LN000848,B,B2,renewable_energy,36,1200.0,9.93,38.68,2021-12-13,2022-01-10,Current,425.48,276.56,148.92,0.0,650.0,15.68,155300,1 year,RENT,VA
LN002544,B,B1,medical,60,12300.0,10.73,265.78,2021-01-01,2021-01-29,Charged Off,3811.8,2668.26,1143.54,9631.74,798.0,34.63,160300,5 years,MORTGAGE,NH
LN000998,B,B1,credit_card,36,14400.0,10.1,465.32,2022-05-01,2022-06-01,Fully Paid,16843.12,14400.0,2443.12,0.0,754.0,36.71,220100,2 years,RENT,WA
LN003278,D,D2,medical,60,1100.0,19.3,28.72,2023-01-14,2023-02-13,Fully Paid,1715.5,1100.0,615.5,0.0,268.0,31.95,29100,3 years,OWN,MS
LN000747,B,B4,home_improvement,60,28900.0,9.41,605.68,2023-06-10,2023-07-15,Current,25438.56,16535.06,8903.5,0.0,611.0,22.29,33800,2 years,MORTGAGE,TX
LN001836,B,B4,debt_consolidation,60,33000.0,8.78,681.51,2023-08-18,2023-09-18,Fully Paid,40201.01,33000.0,7201.01,0.0,750.0,41.08,149600,3 years,RENT,WI
LN000068,D,D2,vacation,60,8300.0,18.16,211.49,2021-02-05,2021-03-09,Charged Off,3459.13,2421.39,1037.74,5878.61,810.0,37.19,142800,7 years,RENT,NH
LN001778,E,E5,car,36,6700.0,22.8,258.66,2021-05-14,2021-06-13,Late (31-120 days),775.98,543.19,232.79,0.0,586.0,37.87,45000,10+ years,MORTGAGE,ND
LN001019,C,C3,wedding,36,16500.0,16.02,580.25,2021-03-17,2021-04-16,Fully Paid,20674.83,16500.0,4174.83,0.0,702.0,37.05,102200,7 years,OWN,IN
LN002074,F,F4,vacation,36,4600.0,29.28,193.47,2022-02-10,2022-03-13,Current,4449.81,2892.38,1557.43,0.0,726.0,41.3,105800,9 years,MORTGAGE,AZ
LN002892,F,F5,debt_consolidation,36,28200.0,31.49,1220.26,2021-04-20,2021-05-18,Fully Paid,44454.86,28200.0,16254.86,0.0,602.0,35.49,86400,10+ years,MORTGAGE,NJ
LN003270,C,C1,home_improvement,36,4800.0,12.68,160.99,2023-08-17,2023-09-20,Fully Paid,5826.08,4800.0,1026.08,0.0,704.0,20.51,146500,3 years,RENT,UT
LN000032,D,D3,credit_card,60,39400.0,18.17,1004.15,2023-03-10,2023-04-11,Fully Paid,59523.92,39400.0,20123.92,0.0,,6.85,219600,6 years,MORTGAGE,NJ
LN002004,B,B2,small_business,36,12800.0,9.17,408.05,2021-11-25,2021-12-26,Fully Paid,14480.09,12800.0,1680.09,0.0,737.0,28.58,119100,3 years,RENT,MT
LN002606,F,F1,moving,36,5000.0,28.56,208.33,2021-04-03,2021-05-05,Fully Paid,7360.89,5000.0,2360.89,0.0,698.0,29.74,180900,6 years,MORTGAGE,WI
LN000611,A,A1,small_business,36,2500.0,6.76,76.92,2023-01-27,2023-03-03,Charged Off,1170.73,819.51,351.22,1680.49,582.0,7.44,27900,7 years,MORTGAGE,AZ
LN002043,B,B3,renewable_energy,60,31400.0,10.06,668.08,2021-07-25,2021-08-23,Fully Paid,40382.77,31400.0,8982.77,0.0,757.0,43.57,34800,10+ years,OWN,WV
LN000571,E,E3,vacation,36,10100.0,23.95,395.99,2023-02-13,2023-03-18,Charged Off,3189.72,2232.8,956.92,7867.2,706.0,23.95,189200,7 years,MORTGAGE,TN
LN003333,A,A2,vacation,60,23700.0,5.4,451.6,2021-07-28,2021-08-26,Fully Paid,26845.16,23700.0,3145.16,0.0,745.0,36.66,40400,2 years,RENT,WV
LN000344,E,E5,major_purchase,36,,24.78,1332.02,2021-07-31,2021-08-30,Late (31-120 days),13320.2,9324.14,3996.06,0.0,799.0,19.56,122800,3 years,RENT,OH
LN002112,D,D3,vacation,60,9900.0,21.69,271.69,2023-02-13,2023-03-16,Charged Off,749.41,524.59,224.82,9375.41,607.0,8.48,160000,9 years,MORTGAGE,MA
LN001557,F,F4,small_business,36,27900.0,30.35,1189.75,2021-01-29,2021-03-03,Fully Paid,42955.11,27900.0,15055.11,0.0,638.0,23.52,106800,3 years,RENT,NV
LN000679,A,A2,moving,36,21200.0,7.5,659.45,2021-08-16,2021-09-20,Charged Off,10732.18,7512.53,3219.65,13687.47,815.0,27.88,150300,8 years,OWN,HI
LN001351,A,A1,medical,36,39400.0,7.15,1219.26,2022-02-22,2022-03-28,Charged Off,14246.69,9972.68,4274.01,29427.32,696.0,21.24,239300,5 years,RENT,NV
LN002749,B,B1,home_improvement,36,23600.0,8.75,747.73,2021-01-07,2021-02-08,Fully Paid,27284.45,23600.0,3684.45,0.0,733.0,40.19,127800,,MORTGAGE,MD
LN002950,A,A4,wedding,60,15200.0,7.59,305.23,2022-12-12,2023-01-13,Current,14345.81,9324.78,5021.03,0.0,710.0,14.84,215800,1 year,MORTGAGE,VA
LN003007,D,D3,home_improvement,60,7100.0,-21.2,192.88,2021-11-19,2021-12-22,Fully Paid,11405.01,7100.0,4305.01,0.0,703.0,28.77,137800,10+ years,RENT,IL
LN000941,A,A3,debt_consolidation,60,34700.0,7.44,694.33,2023-06-22,2023-07-25,Default,4860.31,3402.22,1458.09,0.0,791.0,14.13,189600,< 1 year,RENT,KS
LN003269,G,G4,small_business,60,18000.0,32.41,609.29,2023-07-09,2023-08-10,Charged Off,5991.81,4194.27,1797.54,13805.73,685.0,13.05,228000,8 years,RENT,CT
LN002133,A,A2,credit_card,36,13700.0,7.78,427.92,2021-04-16,2021-05-15,Default,1283.76,898.63,385.13,0.0,702.0,32.08,30800,10+ years,RENT,NH
LN001770,F,F3,credit_card,60,25900.0,28.23,810.02,2021-11-13,2021-12-15,Fully Paid,48300.7,25900.0,22400.7,0.0,786.0,41.38,225200,10+ years,RENT,MT
LN002323,A,A5,car,36,23400.0,7.94,732.62,2022-12-09,2023-01-10,Late (31-120 days),7326.2,5128.34,2197.86,0.0,700.0,9.14,174100,4 years,MORTGAGE,SC
LN001753,B,B4,wedding,60,1700.0,9.07,35.35,2022-07-29,2022-08-28,Fully Paid,2083.79,1700.0,383.79,0.0,775.0,13.52,84100,7 years,RENT,RI
LN000577,C,C5,wedding,60,39700.0,14.37,931.38,2022-08-12,2022-09-16,Fully Paid,54957.1,39700.0,15257.1,0.0,796.0,12.51,196000,2 years,OWN,OK
LN002527,C,C3,debt_consolidation,36,,13.06,859.93,2022-04-16,2022-05-20,Current,25797.9,16768.64,9029.26,0.0,631.0,28.37,125600,2 years,MORTGAGE,KY
LN003405,B,B1,medical,36,6900.0,8.9,219.1,2023-10-18,2023-11-16,Fully Paid,7825.25,6900.0,925.25,0.0,658.0,12.4,140500,2 years,MORTGAGE,NC
LN002855,B,B1,home_improvement,36,34400.0,9.11,1095.67,2021-07-24,2021-08-23,Fully Paid,40157.12,34400.0,5757.12,0.0,,30.56,78900,1 year,MORTGAGE,MI
LN002275,D,D2,wedding,60,37200.0,17.81,940.79,2023-11-22,2023-12-25,Fully Paid,57392.12,37200.0,20192.12,0.0,759.0,9.06,198000,1 year,MORTGAGE,IA
LN000529,A,A3,moving,60,8500.0,7.1,168.71,2021-01-23,2021-02-27,Current,9953.89,6470.03,3483.86,0.0,,29.97,206100,7 years,MORTGAGE,TN
LN000177,D,D5,wedding,60,5300.0,17.55,133.29,2021-04-17,2021-05-18,Current,3332.25,2165.96,1166.29,0.0,622.0,30.88,43100,6 years,MORTGAGE,TN
LN002458,D,D5,moving,60,29300.0,19.48,767.82,2021-04-23,2021-05-28,Charged Off,9137.69,6396.38,2741.31,22903.62,692.0,41.71,51000,2 years,OWN,TX
LN000423,F,F4,educational,36,2800.0,28.27,116.23,2021-08-01,2021-09-01,Charged Off,237.01,165.91,71.1,2634.09,718.0,30.74,229600,5 years,MORTGAGE,NH
LN000681,D,D4,car,36,20000.0,20.23,745.62,2022-12-24,2023-01-24,Fully Paid,26417.57,20000.0,6417.57,0.0,672.0,29.13,162400,< 1 year,RENT,OH
LN003475,B,B3,major_purchase,60,,9.44,671.12,2023-04-20,2023-05-23,current,20133.6,13086.84,7046.76,0.0,750.0,27.72,162900,5 years,MORTGAGE,RI
LN001654,E,E4,major_purchase,36,9800.0,23.65,382.68,2022-06-30,2022-08-03,Fully Paid,13504.72,9800.0,3704.72,0.0,678.0,25.95,163200,5 years,MORTGAGE,ND
LN003387,B,B4,vacation,36,,10.69,74.96,2022-10-25,2022-11-27,Fully Paid,2750.62,2300.0,450.62,0.0,813.0,38.3,231500,10+ years,RENT,VA
LN002776,F,F4,wedding,36,,29.72,1078.61,2021-05-27,2021-06-26,Current,11864.71,7712.06,4152.65,0.0,585.0,6.76,75500,< 1 year,RENT,WV
LN002501,D,D5,car,60,7700.0,18.17,196.24,2023-04-14,2023-05-13,Current,10596.96,6888.02,3708.94,0.0,738.0,41.28,236300,8 years,MORTGAGE,DE
LN001042,D,D1,credit_card,36,10100.0,19.67,373.66,2022-07-30,2022-09-03,Charged Off,2554.41,1788.09,766.32,8311.91,625.0,11.11,101500,2 years,RENT,HI
LN003155,E,E4,car,60,21800.0,26.45,658.52,2022-04-01,2022-04-30,Current,9877.8,6420.57,3457.23,0.0,600.0,22.62,191200,< 1 year,MORTGAGE,ME
LN000289,A,A3,wedding,36,23400.0,6.14,713.36,2022-04-09,2022-05-07,Charged Off,8035.73,5625.01,2410.72,17774.99,614.0,34.87,248500,3 years,MORTGAGE,MD
LN003282,E,E2,moving,36,7800.0,26.17,314.97,2023-03-26,2023-04-26,Fully Paid,11298.62,7800.0,3498.62,0.0,799.0,41.65,74400,3 years,MORTGAGE,FL
LN002384,B,B3,wedding,60,21800.0,9.77,460.72,2023-06-04,2023-07-02,Fully Paid,27237.07,21800.0,5437.07,0.0,584.0,33.13,168900,6 years,OWN,DE
LN002010,G,G5,renewable_energy,36,25100.0,34.26,1124.94,2022-04-13,2022-05-18,fully paid,41122.39,25100.0,16022.39,0.0,707.0,13.12,56200,3 years,RENT,MD
LN002115,G,G2,major_purchase,60,17800.0,35.84,641.33,2022-02-13,2022-03-17,Current,16674.58,10838.48,5836.1,0.0,732.0,40.17,43500,3 years,MORTGAGE,OR
LN001129,E,E1,debt_consolidation,60,11600.0,26.19,348.62,2021-10-20,2021-11-17,Charged Off,2714.67,1900.27,814.4,9699.73,686.0,9.48,77300,10+ years,OWN,AL
LN000178,B,B3,car,36,6000.0,9.41,191.95,2022-04-17,2022-05-18,Charged Off,1590.74,1113.52,477.22,4886.48,777.0,32.18,229900,1 year,OTHER,NM
LN000839,D,D4,debt_consolidation,36,22500.0,17.9,812.3,2022-05-29,2022-07-02,Current,7310.7,4751.95,2558.74,0.0,699.0,37.25,166800,7 years,RENT,MT
LN001114,C,C5,renewable_energy,36,33200.0,15.49,1158.87,2021-09-03,2021-10-01,Current,28971.75,18831.64,10140.11,0.0,660.0,20.16,72100,9 years,OWN,ME
LN001838,E,E3,vacation,36,22600.0,25.74,907.44,2022-09-14,2022-10-14,Current,17241.36,11206.88,6034.48,0.0,806.0,9.06,198700,< 1 year,RENT,DE
LN002326,C,C5,vacation,36,18700.0,-14.5,643.67,2023-01-12,2023-02-16,Current,13517.07,8786.1,4730.97,0.0,792.0,13.5,104600,10+ years,OWN,LA
LN000371,D,D4,wedding,60,30200.0,19.97,799.61,2022-08-13,2022-09-10,Charged Off,9011.24,6307.87,2703.37,23892.13,791.0,40.11,125600,5 years,RENT,WV
LN001495,B,B3,small_business,36,9800.0,8.56,309.63,2023-12-09,2024-01-12,Current,6192.6,4025.19,2167.41,0.0,785.0,16.32,61000,8 years,RENT,VA
LN000730,B,B3,educational,36,38500.0,8.51,1215.53,2023-04-08,2023-05-08,Charged Off,16757.48,11730.24,5027.24,26769.76,702.0,34.56,122700,2 years,MORTGAGE,HI
LN000599,A,A2,debt_consolidation,60,8200.0,7.81,165.52,2021-01-12,2021-02-11,Fully Paid,9968.0,8200.0,1768.0,0.0,792.0,36.81,108700,2 years,RENT,WA
LN002184,E,E3,car,60,24500.0,23.55,698.43,2023-07-03,2023-08-06,Current,40508.94,26330.81,14178.13,0.0,667.0,20.2,29100,3 years,MORTGAGE,NC
LN001488,C,A2,medical,60,38400.0,16.15,936.88,2023-01-25,2023-02-26,Fully Paid,56719.63,38400.0,18319.63,0.0,804.0,17.22,97700,10+ years,OTHER,NE
LN002273,C,C4,educational,60,5600.0,14.89,132.9,2021-08-08,2021-09-06,Fully Paid,7942.48,5600.0,2342.48,0.0,780.0,33.96,39800,10+ years,RENT,OR
LN002185,D,D3,educational,60,26500.0,20.73,712.9,2022-03-02,2022-04-02,Fully Paid,42223.61,26500.0,15723.61,0.0,797.0,7.82,91700,3 years,MORTGAGE,MN
LN003293,E,E5,educational,60,12900.0,23.43,366.85,2021-03-19,2021-04-23,Charged Off,7337.53,5136.27,2201.26,7763.73,673.0,36.51,57600,8 years,MORTGAGE,SC
LN002830,A,A4,debt_consolidation,36,,6.87,930.69,2023-06-21,2023-07-19,Late (31-120 days),6514.83,4560.38,1954.45,0.0,659.0,29.28,151000,7 years,RENT,TN
LN001621,B,B1,major_purchase,36,38400.0,10.36,1245.56,2022-06-13,2022-07-12,Current,37366.8,24288.42,13078.38,0.0,648.0,38.5,248200,6 years,RENT,IN
LN000142,C,C2,moving,36,10800.0,15.74,378.31,2022-08-25,2022-09-27,Fully Paid,13596.78,10800.0,2796.78,0.0,938.0,33.74,30700,,MORTGAGE,OR
LN002967,E,E1,major_purchase,60,12600.0,24.47,365.92,2023-11-22,2023-12-26,Default,1097.76,768.43,329.33,0.0,685.0,25.39,206900,< 1 year,RENT,CA
LN000666,E,E5,medical,36,4600.0,24.42,181.49,2022-10-26,2022-11-30,Late (31-120 days),1270.43,889.3,381.13,0.0,605.0,33.97,81200,8 years,MORTGAGE,RI
LN000810,B,B1,home_improvement,36,7200.0,9.08,229.23,2022-08-18,2022-09-22,Current,2292.3,1490.0,802.31,0.0,589.0,40.42,227800,2 years,MORTGAGE,NY
LN002510,G,G3,medical,60,23400.0,34.19,818.38,2021-04-12,2021-05-14,Charged Off,4937.38,3456.17,1481.21,19943.83,703.0,30.13,107200,4 years,RENT,NC
LN000655,B,B3,vacation,36,32000.0,8.85,1015.36,2023-06-19,2023-07-19,Fully Paid,36540.22,32000.0,4540.22,0.0,665.0,17.17,64600,7 years,MORTGAGE,WY
LN000472,C,C1,home_improvement,36,35700.0,13.81,1216.85,2022-08-17,2022-09-18,Current,10951.65,7118.57,3833.08,0.0,774.0,8.06,237900,8 years,MORTGAGE,IL
LN001599,D,D4,small_business,36,35100.0,21.7,1335.04,2022-07-04,2022-08-03,Fully Paid,47122.04,35100.0,12022.04,0.0,738.0,43.78,86900,< 1 year,RENT,MI
LN001189,B,B3,moving,60,25700.0,8.97,533.12,2022-09-22,2022-10-22,Current,2665.6,1732.64,932.96,0.0,663.0,10.7,61900,5 years,MORTGAGE,TX
LN001139,A,A1,moving,36,29900.0,6.74,919.67,2022-11-24,2022-12-23,Current,19313.07,12553.5,6759.57,0.0,726.0,12.27,31400,8 years,OWN,KY
LN000953,E,E3,medical,60,,26.48,680.07,2023-11-25,2023-12-30,Current,21082.17,13703.41,7378.76,0.0,679.0,23.54,163300,3 years,RENT,WA
LN002669,B,B4,educational,36,16800.0,11.05,550.41,2022-05-11,2022-06-12,Fully Paid,19736.99,16800.0,2936.99,0.0,726.0,14.28,38200,6 years,RENT,IN
LN001211,F,F3,vacation,60,8000.0,30.85,263.02,2021-05-05,2021-06-06,Charged Off,412.02,288.41,123.61,7711.59,591.0,27.2,73500,9 years,OWN,AZ
LN001160,B,B3,medical,36,24000.0,11.86,795.54,2021-05-05,2021-06-02,Charged Off,10477.22,7334.05,3143.17,16665.95,719.0,33.77,200500,4 years,MORTGAGE,DE
LN001363,G,G5,renewable_energy,60,,34.33,971.23,2023-07-21,2023-08-22,Fully Paid,57475.9,27700.0,29775.9,0.0,582.0,44.91,207400,1 year,MORTGAGE,DE
LN000196,A,A4,credit_card,36,12500.0,6.56,383.45,2023-08-01,2023-09-05,Fully Paid,13912.2,12500.0,1412.2,0.0,789.0,9.82,197900,7 years,OWN,IA
LN000533,A,A5,wedding,36,19400.0,6.36,593.36,2022-09-09,2022-10-09,Current,17207.44,11184.84,6022.6,0.0,600.0,8.69,199000,10+ years,OWN,NH
LN001357,B,B3,debt_consolidation,36,13500.0,9.74,433.96,2021-10-01,2021-09-24,Charged Off,954.44,668.11,286.33,12831.89,769.0,20.44,136500,6 years,MORTGAGE,NJ
LN003255,B,B5,vacation,60,24300.0,9.37,508.8,2022-04-03,2022-05-07,Default,5596.8,3917.76,1679.04,0.0,772.0,12.49,230300,10+ years,RENT,NH
LN001271,E,E2,car,36,11300.0,23.82,442.26,2022-04-26,2022-05-26,Fully Paid,16065.04,11300.0,4765.04,0.0,724.0,29.87,90200,4 years,OWN,AL
LN000870,C,C1,moving,60,3600.0,13.78,83.36,2022-08-05,2022-09-03,Fully Paid,4924.86,3600.0,1324.86,0.0,601.0,24.04,65900,6 years,RENT,NY
LN003264,A,A5,renewable_energy,36,24500.0,6.15,747.0,2023-05-09,2023-06-11,Charged Off,1976.41,1383.49,592.92,23116.51,654.0,12.56,194600,7 years,RENT,CA
LN000228,A,A1,educational,60,38300.0,7.66,770.37,2023-07-22,2023-08-26,Fully Paid,45685.44,38300.0,7385.44,0.0,102.0,7.71,130100,9 years,MORTGAGE,AR
LN000556,E,E2,educational,36,4800.0,26.63,195.01,2022-10-19,2022-11-19,Fully Paid,6967.23,4800.0,2167.23,0.0,740.0,30.01,36400,5 years,MORTGAGE,PA
LN001704,F,F2,educational,60,,29.12,50.9,2022-11-02,2022-11-30,Fully Paid,2999.54,1600.0,1399.54,0.0,708.0,22.27,162300,10+ years,MORTGAGE,MI
LN002722,C,C5,credit_card,60,27500.0,15.96,668.16,2021-03-27,2021-04-24,Fully Paid,39463.41,27500.0,11963.41,0.0,752.0,24.88,153500,4 years,MORTGAGE,IN
LN003157,C,C3,small_business,36,1800.0,14.04,61.55,2021-07-25,2021-08-25,Fully Paid,2260.07,1800.0,460.07,0.0,686.0,5.86,104600,2 years,OWN,HI
LN002688,D,D1,medical,60,18600.0,20.26,495.48,2021-02-02,2021-01-24,Charged Off,8678.45,6074.91,2603.54,12525.09,772.0,39.81,100900,4 years,RENT,IL
LN001942,A,A4,vacation,36,29400.0,5.77,891.34,2023-04-22,2023-05-26,Current,25848.86,16801.76,9047.1,0.0,793.0,36.99,180600,7 years,RENT,HI
LN002402,A,A1,wedding,60,9100.0,6.23,176.9,2023-02-12,2023-03-14,Default,1945.9,1362.13,583.77,0.0,748.0,20.32,51500,1 year,OWN,AK
LN000632,C,C3,credit_card,36,30400.0,13.32,1028.99,2022-07-28,2022-08-27,Fully Paid,36683.22,30400.0,6283.22,0.0,772.0,6.4,76000,5 years,RENT,OH
LN002061,D,D1,wedding,36,10900.0,19.08,399.99,2022-08-27,2022-09-29,Fully Paid,14336.8,10900.0,3436.8,0.0,662.0,38.17,140400,3 years,RENT,GA
LN001207,E,E3,credit_card,60,8900.0,22.62,248.96,2022-01-07,2022-02-11,Late (31-120 days),1742.72,1219.9,522.82,0.0,611.0,19.47,91300,5 years,MORTGAGE,LA
LN000163,C,C3,debt_consolidation,36,36700.0,15.2,1275.81,2021-09-08,2021-10-08,Fully Paid,45187.52,36700.0,8487.52,0.0,618.0,14.64,240600,3 years,RENT,MT
LN000220,E,E4,educational,36,28800.0,26.02,1160.68,2021-11-21,2021-12-24,Late (31-120 days),10446.12,7312.28,3133.84,0.0,662.0,20.54,98600,< 1 year,MORTGAGE,AK
LN001973,E,E2,major_purchase,36,38200.0,25.05,1519.84,2023-03-05,2023-04-09,Current,10638.88,6915.27,3723.61,0.0,757.0,15.72,34100,,MORTGAGE,TX
LN001033,B,B5,debt_consolidation,60,5600.0,10.5,120.37,2022-12-25,2023-01-26,Current,1203.7,782.41,421.3,0.0,604.0,14.85,191400,2 years,OWN,HI
LN002167,C,C4,wedding,60,27500.0,15.1,655.67,2022-06-05,2022-07-10,Charged Off,9569.09,6698.36,2870.73,20801.64,698.0,42.63,160400,3 years,RENT,KY
LN002127,G,G1,vacation,60,36500.0,32.84,1245.35,2021-01-19,2021-02-23,Current,11208.15,7285.3,3922.85,0.0,786.0,32.47,215800,5 years,RENT,UT
LN001504,E,E5,debt_consolidation,60,24900.0,23.0,701.94,2022-10-27,2022-11-30,Fully Paid,41320.38,24900.0,16420.38,0.0,756.0,25.48,217500,,RENT,IL
LN000548,D,D2,educational,36,15300.0,21.39,579.5,2022-03-10,2022-04-10,Current,13328.5,8663.52,4664.97,0.0,806.0,32.28,165300,7 years,OTHER,VA
LN002743,B,B3,vacation,36,9000.0,10.68,293.29,2022-06-24,2022-07-27,Fully Paid,10515.56,9000.0,1515.56,0.0,706.0,40.58,134300,3 years,RENT,IL
LN002987,G,G3,debt_consolidation,60,7200.0,32.83,245.61,2021-09-30,2021-10-29,Current,10561.23,6864.8,3696.43,0.0,648.0,8.51,35000,4 years,RENT,ME
LN001833,A,A4,wedding,36,36000.0,7.06,1112.56,2023-10-22,2023-11-22,Current,37827.04,24587.58,13239.46,0.0,738.0,39.34,160400,2 years,MORTGAGE,WA
LN000569,E,E2,moving,36,20100.0,23.93,787.84,2022-11-27,2022-12-31,Default,3151.36,2205.95,945.41,0.0,815.0,6.85,102400,10+ years,RENT,GA
LN000872,D,D4,renewable_energy,36,26900.0,19.42,991.77,2023-05-18,2023-06-19,default,4958.85,3471.2,1487.65,0.0,,39.69,126900,3 years,MORTGAGE,NC
LN002543,F,F4,car,36,35900.0,28.49,1494.47,2022-04-28,2022-05-29,Current,16439.17,10685.46,5753.71,0.0,735.0,15.65,214500,8 years,MORTGAGE,CA
LN001090,A,A5,car,60,15700.0,5.81,302.14,2021-06-16,2021-07-15,Current,5740.66,3731.43,2009.23,0.0,745.0,29.21,25500,10+ years,OWN,IL
LN002482,D,D4,medical,36,16000.0,21.56,607.41,2022-08-13,2022-08-10,Fully Paid,22044.97,16000.0,6044.97,0.0,701.0,24.69,222600,3 years,MORTGAGE,LA
LN000612,A,A5,debt_consolidation,36,27600.0,7.96,864.37,2021-12-01,2022-01-02,Late (31-120 days),6914.96,4840.47,2074.49,0.0,773.0,18.48,200900,3 years,MORTGAGE,MI
LN002440,D,D5,wedding,60,31300.0,17.89,792.94,2021-11-16,2021-12-20,Current,40439.94,26285.96,14153.98,0.0,761.0,33.53,155600,7 years,RENT,TX
LN001908,B,B4,moving,36,2200.0,9.43,70.4,2022-09-10,2022-10-10,Fully Paid,2571.56,2200.0,371.56,0.0,687.0,23.69,57900,3 years,OWN,IL
LN003299,E,E5,small_business,60,38800.0,23.91,1114.17,2021-03-01,2021-04-04,FULLY PAID,65607.86,38800.0,26807.86,0.0,631.0,21.97,134200,2 years,RENT,WY
LN001318,C,C3,credit_card,60,21000.0,13.15,479.43,2023-07-13,2023-08-11,Current,7191.45,4674.44,2517.01,0.0,820.0,9.74,224400,< 1 year,RENT,MT
LN000743,E,E5,moving,36,32700.0,24.94,1299.11,2021-12-27,2022-01-28,Fully Paid,47413.56,32700.0,14713.56,0.0,612.0,21.12,27400,5 years,MORTGAGE,ND
LN003231,F,F2,small_business,36,15600.0,30.8,669.1,2022-12-10,2023-01-08,Fully Paid,23620.75,15600.0,8020.75,0.0,628.0,40.2,126700,3 years,OWN,VT
LN003415,B,B4,renewable_energy,36,26400.0,-10.35,856.2,2023-03-03,2023-04-04,Fully Paid,30281.26,26400.0,3881.26,0.0,767.0,24.49,131600,9 years,MORTGAGE,HI
LN001827,C,C4,renewable_energy,36,22300.0,15.83,782.13,2023-08-24,2023-09-24,Charged Off,5918.43,4142.9,1775.53,18157.1,656.0,25.7,123400,1 year,MORTGAGE,NJ
LN000582,B,B1,home_improvement,36,25400.0,11.1,832.77,2023-07-21,2023-08-24,Default,3331.08,2331.76,999.32,0.0,613.0,39.82,151800,4 years,MORTGAGE,NM
LN003258,B,B4,wedding,36,7900.0,10.55,256.96,2023-02-14,2023-02-13,Fully Paid,9067.79,7900.0,1167.79,0.0,789.0,9.73,152500,4 years,RENT,WV
LN001886,A,A2,medical,36,37400.0,6.14,1140.15,2021-05-09,2021-06-12,Charged Off,17819.31,12473.52,5345.79,24926.48,725.0,18.88,119900,5 years,RENT,KY
LN001004,A,A1,major_purchase,36,33000.0,5.44,995.57,2023-12-06,2023-12-01,Charged Off,16751.04,11725.73,5025.31,21274.27,620.0,39.04,82100,,MORTGAGE,VT
LN000074,B,B3,wedding,36,33600.0,11.79,1112.63,2021-12-11,2022-01-09,Current,36716.79,23865.91,12850.88,0.0,586.0,29.78,159300,10+ years,RENT,CA
LN000049,B,B3,home_improvement,36,37200.0,10.37,1206.81,2022-11-27,2022-12-29,Fully Paid,42671.01,37200.0,5471.01,0.0,654.0,32.9,76700,7 years,MORTGAGE,CT
LN001887,A,A1,renewable_energy,60,39600.0,5.58,757.87,2023-09-30,2023-10-28,Current,40167.11,26108.62,14058.49,0.0,639.0,36.34,150100,1 year,MORTGAGE,GA
LN001095,E,E4,moving,36,24200.0,24.07,950.32,2021-04-16,2021-05-17,Charged Off,10373.02,7261.11,3111.91,16938.89,650.0,38.58,184900,3 years,OWN,NH
LN001502,D,D5,debt_consolidation,60,14200.0,17.49,356.66,2023-11-09,2023-12-11,Current,15336.38,9968.65,5367.73,0.0,699.0,37.86,159600,10+ years,MORTGAGE,SD
LN003208,E,E1,wedding,60,37600.0,25.28,1109.79,2021-01-10,2021-02-10,Current,36623.07,23805.0,12818.07,0.0,715.0,16.29,189700,3 years,RENT,AZ
LN003042,F,F4,medical,36,36800.0,27.51,1512.45,2022-10-19,2022-11-19,Late (31-120 days),10587.15,7411.0,3176.14,0.0,733.0,13.33,216500,7 years,MORTGAGE,UT
LN000757,E,E5,major_purchase,36,29600.0,26.34,1197.97,2022-08-17,2022-09-15,Charged Off,11662.66,8163.86,3498.8,21436.14,803.0,7.83,57000,1 year,OWN,CT
LN001075,B,B5,renewable_energy,36,36000.0,10.0,1161.62,2023-02-07,2023-03-12,Current,38333.46,24916.75,13416.71,0.0,585.0,8.98,130700,2 years,RENT,KY
LN002474,C,C5,credit_card,60,25300.0,12.73,572.16,2022-11-24,2022-12-25,Fully Paid,34883.72,25300.0,9583.72,0.0,697.0,15.83,88300,4 years,RENT,UT
LN000979,E,E2,major_purchase,36,25200.0,22.78,972.6,2021-11-29,2022-01-03,Fully Paid,34658.02,25200.0,9458.02,0.0,663.0,32.53,153000,7 years,MORTGAGE,NM
LN002450,E,E5,medical,36,16700.0,25.54,668.77,2023-04-28,2023-05-31,Current,6687.7,4347.01,2340.69,0.0,598.0,41.13,205700,8 years,MORTGAGE,NV
LN002542,B,B3,vacation,36,23400.0,8.95,743.57,2023-07-28,2023-08-30,Charged Off,4068.86,2848.2,1220.66,20551.8,662.0,17.4,68700,3 years,MORTGAGE,ID
LN001456,B,B3,small_business,60,3000.0,11.73,66.32,2023-12-19,2024-01-17,Current,862.16,560.4,301.76,0.0,800.0,39.8,59800,6 years,MORTGAGE,MN
LN002762,C,C2,small_business,36,11500.0,14.95,398.37,2021-09-18,2021-10-21,Default,4382.07,3067.45,1314.62,0.0,700.0,38.4,38400,2 years,MORTGAGE,FL
LN001408,B,B2,wedding,36,23200.0,10.7,756.25,2022-10-15,2022-11-12,Current,16637.5,10814.38,5823.12,0.0,806.0,10.46,34200,5 years,MORTGAGE,GA
LN002355,A,A3,educational,36,30200.0,5.41,910.69,2022-04-25,2022-05-27,Fully Paid,33062.65,30200.0,2862.65,0.0,590.0,14.49,161100,< 1 year,MORTGAGE,NE
LN000573,A,A4,moving,36,30800.0,-5.12,924.76,2023-03-14,2023-04-16,Charged Off,9460.31,6622.22,2838.09,24177.78,684.0,19.7,228700,3 years,RENT,ID
LN001964,B,B2,moving,36,20000.0,9.72,642.72,2021-11-23,2021-12-21,Current,16068.0,10444.2,5623.8,0.0,704.0,34.87,148400,10+ years,RENT,NC
LN001450,F,F3,renewable_energy,36,14800.0,29.31,622.7,2021-11-18,2021-12-19,Charged Off,7205.17,5043.62,2161.55,9756.38,817.0,5.86,193600,6 years,RENT,NY
LN002866,E,E5,educational,36,15400.0,23.37,599.1,2021-05-31,2021-07-01,Fully Paid,21789.63,15400.0,6389.63,0.0,752.0,21.82,197200,3 years,RENT,CO
LN002507,E,E4,vacation,36,2700.0,24.49,106.62,2022-05-10,2022-06-13,Charged Off,1227.63,859.34,368.29,1840.66,801.0,42.44,172400,5 years,OWN,SC
LN002197,B,B5,major_purchase,36,4100.0,10.98,134.19,2022-01-08,2022-02-09,Late (31-120 days),1073.52,751.46,322.06,0.0,735.0,41.52,61200,1 year,MORTGAGE,KS
LN002290,D,D3,debt_consolidation,36,19600.0,21.11,739.54,2022-08-25,2022-09-29,Default,2958.16,2070.71,887.45,0.0,602.0,33.67,85400,3 years,RENT,IL
LN001205,D,D3,major_purchase,60,4300.0,21.05,116.45,2022-03-09,2022-04-06,Current,1863.2,1211.08,652.12,0.0,,31.68,166400,1 year,MORTGAGE,NY
LN003116,E,E4,car,36,29400.0,26.17,1187.21,2021-06-12,2021-07-16,Fully Paid,43421.62,29400.0,14021.62,0.0,722.0,15.46,169500,< 1 year,MORTGAGE,TN
LN001407,G,G4,moving,36,9700.0,34.45,435.78,2023-09-18,2023-10-21,Charged Off,987.56,691.29,296.27,9008.71,662.0,22.93,151100,6 years,MORTGAGE,HI
LN002132,F,F2,debt_consolidation,36,6800.0,29.38,286.37,2021-04-28,2021-05-27,Fully Paid,10504.94,6800.0,3704.94,0.0,647.0,42.48,172600,6 years,MORTGAGE,MT
LN002759,B,B3,major_purchase,36,7000.0,10.26,226.73,2023-03-07,2023-04-04,Current,7935.55,5158.11,2777.44,0.0,631.0,28.06,152900,10+ years,RENT,IA
LN002207,D,D1,major_purchase,60,36300.0,20.78,977.55,2023-10-27,2023-11-24,Default,9775.5,6842.85,2932.65,0.0,736.0,20.16,109200,< 1 year,RENT,NJ
LN001752,D,D3,credit_card,60,18500.0,18.23,472.1,2022-12-26,2023-01-29,Current,10858.3,7057.89,3800.4,0.0,716.0,18.52,212800,3 years,MORTGAGE,AK
LN003319,A,A1,major_purchase,36,10100.0,5.16,303.43,2022-06-20,2022-07-20,Current,9102.9,5916.89,3186.01,0.0,678.0,8.36,183600,7 years,RENT,NH
LN000260,D,D1,small_business,36,6400.0,19.49,236.19,2023-10-18,2023-11-18,Current,3542.85,2302.85,1240.0,0.0,671.0,33.14,145900,,OWN,IN
LN001601,C,C1,renewable_energy,60,19900.0,14.11,464.17,2023-10-28,2023-11-27,Current,3713.36,2413.68,1299.68,0.0,701.0,31.36,125700,7 years,RENT,SC
LN001832,G,G1,major_purchase,36,7700.0,-34.76,347.27,2022-06-26,2022-07-24,Fully Paid,12423.46,7700.0,4723.46,0.0,748.0,12.4,63500,3 years,RENT,CA
LN003245,B,B3,educational,36,35200.0,11.15,1154.9,2023-09-12,2023-10-14,Fully Paid,41523.21,35200.0,6323.21,0.0,663.0,30.09,89200,7 years,RENT,RI
LN000813,A,A4,home_improvement,36,,7.98,137.84,2021-07-26,2021-08-23,Fully Paid,4900.25,4400.0,500.25,0.0,757.0,8.75,212800,3 years,RENT,NJ
LN002592,C,C4,renewable_energy,36,37500.0,14.93,1298.66,2022-11-19,2022-12-21,Current,27271.86,17726.71,9545.15,0.0,716.0,16.44,80400,7 years,RENT,OK
LN002118,E,E1,major_purchase,60,9500.0,-23.32,269.56,2022-11-06,2022-12-07,Fully Paid,16309.02,9500.0,6809.02,0.0,732.0,36.07,49800,< 1 year,OWN,LA
LN001547,B,B5,credit_card,36,38600.0,11.75,1277.47,2023-07-21,2023-08-18,fully paid,46067.53,38600.0,7467.53,0.0,706.0,6.66,226800,7 years,MORTGAGE,IL
LN001624,B,B4,small_business,60,14100.0,11.34,308.96,2021-11-22,2021-12-22,Fully Paid,18378.79,14100.0,4278.79,0.0,722.0,43.51,140300,7 years,MORTGAGE,IA
LN003428,G,G4,major_purchase,36,20200.0,33.89,901.12,2023-03-19,2023-04-18,Late (31-120 days),6307.84,4415.49,1892.35,0.0,587.0,18.49,201200,4 years,RENT,LA
LN001974,A,A1,vacation,60,12600.0,7.41,251.94,2021-05-04,2021-06-07,Current,9573.72,6222.92,3350.8,0.0,788.0,11.13,35300,5 years,OTHER,MI
LN002802,C,C2,medical,60,30500.0,16.08,743.0,2021-10-17,2021-11-16,Fully Paid,45231.42,30500.0,14731.42,0.0,757.0,22.22,94700,5 years,MORTGAGE,CA
LN003266,A,A5,small_business,60,32800.0,6.1,635.64,2023-01-06,2023-02-10,Charged Off,7430.78,5201.55,2229.23,27598.45,724.0,39.84,63500,7 years,OWN,CO
LN002620,B,B2,major_purchase,36,15500.0,9.96,499.85,2023-09-10,2023-10-12,Fully Paid,17947.37,15500.0,2447.37,0.0,622.0,5.87,49300,5 years,RENT,MT
LN001379,A,A3,wedding,36,30900.0,7.35,959.05,2022-02-15,2022-03-20,Fully Paid,34882.45,30900.0,3982.45,0.0,652.0,33.5,232700,8 years,RENT,KS
LN003453,A,A2,renewable_energy,36,8900.0,5.58,269.06,2023-10-29,2023-11-27,Charged Off,872.18,610.53,261.65,8289.47,647.0,43.94,160000,10+ years,MORTGAGE,WY
LN003134,A,A1,moving,36,,7.73,752.21,2023-01-29,2023-02-28,Charged Off,3874.86,2712.4,1162.46,21387.6,770.0,44.83,150100,3 years,MORTGAGE,AL
LN001238,C,C5,moving,60,28900.0,14.66,682.38,2022-04-29,2022-05-27,Current,21836.16,14193.5,7642.66,0.0,793.0,27.05,64600,3 years,OWN,NE
LN003433,B,B5,renewable_energy,60,29100.0,9.38,609.45,2022-12-27,2023-01-24,Fully Paid,35996.03,29100.0,6896.03,0.0,,33.52,196200,1 year,MORTGAGE,MS
LN001072,F,F5,wedding,36,17100.0,30.84,733.81,2022-05-12,2022-06-12,Charged Off,3679.16,2575.41,1103.75,14524.59,746.0,39.09,118900,7 years,MORTGAGE,MT
LN002847,F,F2,home_improvement,36,9100.0,29.31,382.88,2021-07-03,2021-08-03,Fully Paid,13733.74,9100.0,4633.74,0.0,694.0,22.89,200900,4 years,OWN,SC
LN001746,C,C1,renewable_energy,36,12300.0,15.8,431.22,2023-08-13,2023-09-17,Fully Paid,15783.3,12300.0,3483.3,0.0,641.0,37.88,189800,6 years,RENT,MI
LN002141,A,A1,home_improvement,36,22300.0,5.13,669.65,2022-03-21,2022-04-18,Late (31-120 days),2008.95,1406.26,602.68,0.0,806.0,10.81,120500,7 years,OWN,LA
LN003499,F,F1,home_improvement,36,24700.0,27.72,1017.95,2022-06-22,2022-07-20,Charged Off,9484.48,6639.14,2845.34,18060.86,161.0,42.08,111600,2 years,RENT,ID
LN001919,A,A2,educational,36,,6.44,820.66,2021-04-10,2021-05-11,Current,6565.28,4267.43,2297.85,0.0,717.0,41.63,191400,4 years,MORTGAGE,NY
LN001862,A,A4,moving,60,11600.0,7.66,233.32,2022-07-18,2022-08-21,Fully Paid,13734.45,11600.0,2134.45,0.0,644.0,20.53,179400,5 years,MORTGAGE,PA
LN001726,C,C5,renewable_energy,60,2200.0,12.69,49.71,2023-04-30,2023-06-01,Current,646.23,420.05,226.18,0.0,808.0,41.47,86600,5 years,MORTGAGE,NE
LN001790,C,C1,renewable_energy,36,14700.0,16.22,518.41,2021-10-08,2021-11-11,Charged Off,5624.42,3937.09,1687.33,10762.91,633.0,5.17,107900,< 1 year,MORTGAGE,MI
LN002958,C,C1,credit_card,60,1200.0,12.89,27.24,2021-07-11,2021-08-12,Charged Off,333.06,233.14,99.92,966.86,599.0,38.08,89700,10+ years,RENT,WA
LN000109,A,A4,wedding,36,33300.0,6.55,1021.37,2022-05-12,2022-06-12,Current,21448.77,13941.7,7507.07,0.0,689.0,5.06,169500,2 years,OWN,TX
LN001085,B,B1,small_business,60,,11.61,379.22,2022-04-01,2022-05-01,Charged Off,6367.88,4457.52,1910.36,12742.48,600.0,14.26,138200,,MORTGAGE,WI
LN001651,C,C3,car,36,35700.0,13.8,1216.68,2022-09-24,2022-10-28,Current,24333.6,15816.84,8516.76,0.0,725.0,36.0,183400,2 years,MORTGAGE,KS
LN001378,D,D5,home_improvement,60,3500.0,18.93,90.66,2023-12-25,2024-01-25,Charged Off,1946.96,1362.87,584.09,2137.13,619.0,36.54,217100,7 years,RENT,CA
LN000319,C,C2,medical,60,14500.0,13.33,332.37,2021-06-19,2021-07-20,Current,18612.72,12098.27,6514.45,0.0,738.0,19.24,68600,1 year,RENT,TX
LN000817,A,A1,major_purchase,36,3600.0,5.41,108.56,2023-04-29,2023-06-03,Charged Off,1113.94,779.76,334.18,2820.24,657.0,25.02,73000,2 years,RENT,WY
LN000060,D,D3,moving,36,21800.0,17.47,782.34,2022-02-20,2022-03-21,Charged Off,2498.42,1748.89,749.53,20051.11,793.0,11.16,144500,5 years,RENT,NM
LN000894,B,B2,moving,60,38900.0,11.33,852.2,2023-07-14,2023-08-13,Fully Paid,52001.15,38900.0,13101.15,0.0,781.0,11.49,228700,2 years,OWN,MS
LN001420,A,A2,credit_card,60,17900.0,5.71,343.65,2021-03-16,2021-04-17,Charged Off,1184.44,829.11,355.33,17070.89,707.0,17.29,184200,3 years,RENT,MA
LN001371,F,F1,renewable_energy,60,25900.0,29.25,826.06,2021-08-31,2021-10-02,Fully Paid,49094.72,25900.0,23194.72,0.0,589.0,17.08,155400,< 1 year,RENT,MS
LN001296,D,D1,medical,60,4300.0,17.24,107.42,2022-10-13,2022-11-16,Fully Paid,6490.97,4300.0,2190.97,0.0,635.0,43.79,29900,2 years,MORTGAGE,DE
LN002551,C,C4,renewable_energy,60,23800.0,16.04,579.28,2023-10-18,2023-11-19,Fully Paid,34828.44,23800.0,11028.44,0.0,610.0,24.18,151500,10+ years,MORTGAGE,KS
LN001967,C,C2,small_business,36,18800.0,15.35,654.94,2022-08-05,2022-09-07,Default,5894.46,4126.12,1768.34,0.0,762.0,13.67,141000,4 years,MORTGAGE,AZ
LN000766,C,C3,medical,36,16400.0,16.27,578.76,2023-10-12,2023-11-13,Current,10417.68,6771.49,3646.19,0.0,714.0,40.72,155600,7 years,OWN,AR
LN002485,A,A1,debt_consolidation,60,14000.0,5.07,264.65,2021-11-13,2021-12-13,Current,5028.35,3268.43,1759.92,0.0,787.0,44.11,106100,6 years,RENT,WI
LN001980,E,E4,moving,36,6100.0,24.92,242.28,2021-08-14,2021-09-15,Current,1938.24,1259.86,678.38,0.0,646.0,20.28,80100,2 years,MORTGAGE,KY
LN000913,C,C3,credit_card,60,37200.0,14.45,874.28,2021-11-10,2021-12-14,Current,50708.24,32960.36,17747.88,0.0,816.0,31.7,42200,6 years,MORTGAGE,TN
LN001221,A,A4,small_business,60,25800.0,6.44,504.08,2022-10-22,2022-11-23,Fully Paid,30645.14,25800.0,4845.14,0.0,775.0,17.89,99900,2 years,MORTGAGE,NC
LN003090,A,A5,debt_consolidation,60,12900.0,6.54,252.65,2021-07-09,2021-08-10,Current,1263.25,821.11,442.14,0.0,777.0,28.65,217000,,OWN,WY
LN000728,A,A2,car,36,15100.0,6.59,463.42,2021-10-22,2021-10-12,charged Off,1661.78,1163.25,498.53,13936.75,592.0,30.85,70400,2 years,RENT,AZ
LN001642,C,C3,educational,36,26300.0,13.58,893.52,2021-09-29,2021-11-02,Charged Off,12288.3,8601.81,3686.49,17698.19,709.0,11.68,210700,4 years,RENT,AL
LN002554,B,B4,major_purchase,60,29900.0,9.76,631.76,2021-10-01,2021-11-04,Fully Paid,37771.93,29900.0,7871.93,0.0,590.0,36.43,118600,,OWN,MA
LN000221,F,F3,debt_consolidation,60,25100.0,29.62,806.22,2023-11-26,2023-12-27,Default,1612.44,1128.71,483.73,0.0,643.0,31.27,134100,5 years,MORTGAGE,WV
LN002671,D,D2,major_purchase,60,6300.0,17.43,158.03,2021-12-05,2022-01-02,Fully Paid,9426.19,6300.0,3126.19,0.0,656.0,39.39,30800,6 years,RENT,OR
LN000583,A,A5,small_business,36,26700.0,7.15,826.25,2023-06-28,2023-08-02,Fully Paid,29158.96,26700.0,2458.96,0.0,616.0,22.83,188500,6 years,RENT,MI
LN001056,B,B5,small_business,36,38000.0,11.97,1261.6,2021-03-08,2021-04-05,Default,6308.0,4415.6,1892.4,0.0,785.0,39.53,68600,9 years,MORTGAGE,IA
LN001193,E,E5,medical,36,16700.0,23.7,652.56,2021-05-06,2021-06-04,Charged Off,6755.71,4729.0,2026.71,11971.0,768.0,34.75,226900,2 years,MORTGAGE,ME
LN000908,B,B2,renewable_energy,36,31200.0,9.18,994.77,2023-03-26,2023-04-28,Fully Paid,36475.46,31200.0,5275.46,0.0,650.0,10.62,189400,1 year,MORTGAGE,UT
LN000057,C,C4,credit_card,36,21900.0,13.83,746.68,2021-07-07,2021-08-05,Current,17920.32,11648.21,6272.11,0.0,685.0,32.75,143000,7 years,OWN,WI
LN000188,E,E2,small_business,60,2600.0,24.52,75.58,2021-09-30,2021-11-02,Current,604.64,393.02,211.62,0.0,692.0,39.61,73000,,RENT,WV
LN002125,A,A3,medical,36,34300.0,7.76,1071.04,2021-10-28,2021-11-28,Late (31-120 days),9639.36,6747.55,2891.81,0.0,664.0,43.19,47100,5 years,MORTGAGE,OR
LN002081,G,G2,small_business,36,7300.0,35.58,332.62,2022-09-26,2022-10-31,Late (31-120 days),2328.34,1629.84,698.5,0.0,692.0,42.49,201300,< 1 year,RENT,TN
LN002426,A,A1,vacation,36,4400.0,6.15,134.16,2022-01-28,2022-02-25,Late (31-120 days),804.96,563.47,241.49,0.0,691.0,15.12,60100,5 years,MORTGAGE,MI
LN003345,D,D3,major_purchase,36,5400.0,19.54,199.42,2021-11-15,2021-12-16,Current,1794.78,1166.61,628.17,0.0,657.0,31.02,150900,1 year,RENT,NJ
LN001806,D,D2,major_purchase,60,34500.0,21.55,944.05,2021-04-20,2021-05-24,Charged Off,16195.85,11337.09,4858.76,23162.91,809.0,13.03,30200,1 year,RENT,WA
LN001256,D,D4,home_improvement,36,29400.0,19.69,1087.97,2022-05-08,2022-06-07,Current,35903.01,23336.96,12566.05,0.0,670.0,33.57,247300,< 1 year,MORTGAGE,RI
LN000469,B,B1,renewable_energy,36,6300.0,9.89,202.96,2023-02-12,2023-03-13,Fully Paid,7275.82,6300.0,975.82,0.0,757.0,28.62,66600,8 years,MORTGAGE,HI
LN001150,A,A3,credit_card,36,32000.0,5.22,962.23,2021-02-27,2021-04-01,Fully Paid,34512.51,32000.0,2512.51,0.0,625.0,39.52,238700,2 years,MORTGAGE,NH
LN003309,B,B2,vacation,36,,9.05,1145.63,2023-05-03,2023-06-05,Current,30932.01,20105.81,10826.2,0.0,609.0,9.19,162100,1 year,RENT,VA
LN002242,B,B3,major_purchase,36,20000.0,11.83,662.66,2023-12-07,2024-01-07,Fully Paid,23962.43,20000.0,3962.43,0.0,763.0,35.36,214000,8 years,MORTGAGE,WY
LN000227,E,E5,debt_consolidation,36,17200.0,26.64,698.88,2022-07-05,2022-08-05,Current,6289.92,4088.45,2201.47,0.0,819.0,24.85,160600,8 years,RENT,MA
LN000536,D,D4,credit_card,36,30200.0,18.45,1098.63,2023-04-19,2023-05-19,Fully Paid,39242.07,30200.0,9042.07,0.0,675.0,17.13,224000,< 1 year,RENT,PA
LN000906,C,C5,car,60,15200.0,12.7,343.52,2022-09-12,2022-10-16,Fully Paid,20941.77,15200.0,5741.77,0.0,687.0,40.75,216600,,MORTGAGE,MD
LN000922,G,G2,medical,36,12000.0,32.58,526.52,2023-07-07,2023-06-28,Fully Paid,18591.38,12000.0,6591.38,0.0,736.0,24.33,204700,4 years,MORTGAGE,OR
LN002601,B,B4,moving,36,17600.0,11.09,576.95,2022-02-25,2022-03-26,Fully Paid,20772.84,17600.0,3172.84,0.0,615.0,15.04,147800,10+ years,RENT,NM
LN003300,B,B2,educational,36,23000.0,9.62,738.05,2023-07-24,2023-08-24,Fully Paid,26472.0,23000.0,3472.0,0.0,597.0,16.8,115300,,RENT,TX
LN003408,B,B1,vacation,60,15800.0,10.66,340.86,2023-01-05,2023-02-08,charged off,6878.04,4814.63,2063.41,10985.37,760.0,21.12,114100,6 years,OWN,AZ
LN003350,A,A4,renewable_energy,36,26300.0,6.42,805.11,2023-12-26,2024-01-23,Current,5635.77,3663.25,1972.52,0.0,646.0,39.82,185100,< 1 year,OWN,KY
LN000698,G,G5,debt_consolidation,36,,32.06,854.32,2023-10-19,2023-11-20,Charged Off,10334.43,7234.1,3100.33,12365.9,759.0,24.97,211700,4 years,RENT,OH
LN002936,F,F5,small_business,36,38500.0,28.85,1610.23,2023-04-28,2023-06-02,Fully Paid,58741.45,38500.0,20241.45,0.0,772.0,31.92,111200,2 years,RENT,LA
LN000211,B,B2,car,36,4000.0,11.9,132.67,2021-10-18,2021-11-17,Current,1061.36,689.88,371.48,0.0,129.0,41.85,237800,4 years,MORTGAGE,NJ
LN002877,D,D1,medical,36,,20.25,268.5,2022-06-15,2022-07-14,Late (31-120 days),1879.5,1315.65,563.85,0.0,806.0,41.25,214000,< 1 year,RENT,TN
LN000070,B,B3,debt_consolidation,60,34700.0,9.89,735.4,2021-10-20,2021-11-17,Charged Off,14823.48,10376.44,4447.04,24323.56,770.0,43.94,228400,10+ years,MORTGAGE,WY
LN000735,B,B1,medical,60,20300.0,10.74,438.74,2022-10-03,2022-11-04,Current,20182.04,13118.33,7063.71,0.0,719.0,40.97,209000,10+ years,MORTGAGE,ID
LN001695,E,E1,moving,36,,25.88,1045.89,2022-07-02,2022-08-05,Fully Paid,37753.87,26000.0,11753.87,0.0,255.0,35.02,181200,10+ years,MORTGAGE,MN
LN001293,G,G1,renewable_energy,36,23400.0,35.6,1066.48,2023-11-25,2023-12-28,Current,6398.88,4159.27,2239.61,0.0,582.0,11.32,196000,8 years,MORTGAGE,QQ
LN003265,F,F4,wedding,60,33700.0,30.65,1103.8,2023-09-19,2023-10-22,Fully Paid,65075.07,33700.0,31375.07,0.0,687.0,5.79,155400,7 years,OWN,AR
LN003148,F,F5,educational,36,15900.0,28.75,664.14,2021-04-18,2021-04-08,Fully Paid,24023.29,15900.0,8123.29,0.0,676.0,6.5,78400,3 years,RENT,ID
LN000377,D,D3,debt_consolidation,36,26500.0,-19.72,981.06,2022-12-28,2023-01-25,Current,33356.04,21681.43,11674.61,0.0,640.0,13.67,219800,5 years,OWN,RI
LN000437,C,C2,medical,36,30600.0,13.39,1036.79,2021-09-30,2021-10-30,Late (31-120 days),1036.79,725.75,311.04,0.0,686.0,44.21,41400,10+ years,MORTGAGE,NC
LN002415,B,B1,major_purchase,36,25600.0,10.92,837.14,2021-07-23,2021-08-27,Current,6697.12,4353.13,2343.99,0.0,697.0,17.03,55300,10+ years,MORTGAGE,IN
LN001905,C,C2,credit_card,60,16400.0,13.62,378.38,2022-05-04,2022-06-06,Charged Off,8813.0,6169.1,2643.9,10230.9,624.0,32.01,80600,4 years,MORTGAGE,NH
LN003348,E,E2,medical,60,4400.0,23.71,125.84,2022-01-05,2022-02-06,Charged Off,424.57,297.2,127.37,4102.8,671.0,35.58,63100,10+ years,MORTGAGE,GA
LN000209,E,E3,credit_card,36,1400.0,24.16,55.04,2022-02-19,2022-03-23,Charged Off,304.01,212.81,91.2,1187.19,739.0,14.7,175800,6 years,OWN,WY
LN001581,B,B2,renewable_energy,36,34000.0,10.35,1102.68,2022-04-19,2022-05-17,Fully Paid,39935.44,34000.0,5935.44,0.0,644.0,40.3,83100,10+ years,MORTGAGE,CO
LN000566,B,B1,major_purchase,36,,9.0,216.24,2023-06-19,2023-07-24,Fully paid,7811.32,6800.0,1011.32,0.0,775.0,19.4,37100,2 years,RENT,IA
LN000314,E,E3,renewable_energy,36,31000.0,23.4,1206.47,2021-04-23,2021-05-21,Current,8445.29,5489.44,2955.85,0.0,815.0,8.61,141500,8 years,MORTGAGE,PA
LN000602,C,C2,moving,60,14100.0,14.02,328.23,2023-02-27,2023-03-31,Charged Off,3614.26,2529.98,1084.28,11570.02,735.0,24.23,161400,1 year,OWN,GA
LN000234,A,A1,small_business,36,14400.0,5.68,435.99,2023-01-09,2023-02-10,Charged Off,1916.95,1341.87,575.09,13058.13,758.0,31.7,60100,7 years,MORTGAGE,NE
LN003117,E,E3,medical,60,30300.0,25.11,891.3,2022-10-06,2022-11-05,Fully Paid,54296.83,30300.0,23996.83,0.0,805.0,28.2,94800,5 years,RENT,GA
LN003267,B,B4,moving,36,11700.0,8.88,371.4,2022-07-10,2022-08-10,Fully Paid,13594.35,11700.0,1894.35,0.0,607.0,11.84,121600,8 years,OTHER,MA
LN002911,D,D2,debt_consolidation,36,28500.0,19.9,1057.71,2023-02-06,2023-03-06,Late (31-120 days),5288.55,3701.98,1586.57,0.0,815.0,19.84,78000,< 1 year,RENT,CT
LN001115,E,E3,home_improvement,36,8500.0,25.2,338.86,2021-04-29,2021-06-03,Fully Paid,12209.8,8500.0,3709.8,0.0,776.0,8.06,96900,9 years,RENT,SC
LN000013,C,C1,credit_card,60,4000.0,13.42,91.87,2021-01-30,2021-02-27,Current,643.09,418.01,225.08,0.0,711.0,14.52,223800,2 years,RENT,OR
LN000112,E,E1,educational,60,24400.0,22.67,683.23,2021-10-16,2021-11-16,Fully Paid,40501.01,24400.0,16101.01,0.0,590.0,17.62,152000,5 years,OTHER,OH
LN002250,B,G2,credit_card,36,35000.0,10.94,1144.86,2022-04-21,2022-05-22,Charged Off,14622.81,10235.97,4386.84,24764.03,691.0,199.05,157300,2 years,RENT,NH
LN001653,A,A3,major_purchase,60,38500.0,6.35,750.59,2023-04-15,2023-05-19,Default,4503.54,3152.48,1351.06,0.0,707.0,31.62,239100,10+ years,RENT,WI
LN002487,D,D3,medical,36,21100.0,20.87,793.54,2023-07-28,2023-08-28,Fully Paid,28063.19,21100.0,6963.19,0.0,791.0,14.25,146700,2 years,MORTGAGE,NC
LN001994,B,B2,renewable_energy,60,31200.0,9.62,657.09,2023-06-12,2023-07-13,Charged Off,11145.84,7802.09,3343.75,23397.91,609.0,35.24,210700,8 years,OWN,NJ
LN001660,B,B4,wedding,36,1600.0,9.55,51.29,2022-07-07,2022-08-04,Charged Off,391.46,274.02,117.44,1325.98,777.0,20.11,226500,3 years,OWN,AL
LN001018,G,G2,wedding,36,29600.0,32.16,1291.84,2022-09-10,2022-10-11,Fully Paid,45823.93,29600.0,16223.93,0.0,,20.63,177300,< 1 year,MORTGAGE,DE
LN003027,C,C1,car,36,34700.0,15.98,1219.61,2021-07-27,2021-08-24,Fully Paid,44032.95,34700.0,9332.95,0.0,723.0,183.77,96100,6 years,RENT,OR
LN001152,F,F4,car,60,31500.0,28.05,981.73,2022-11-07,2022-12-05,Charged Off,3170.1,2219.07,951.03,29280.93,803.0,24.68,219200,10+ years,MORTGAGE,HI
LN002853,E,E5,renewable_energy,60,10900.0,22.82,306.15,2021-07-09,2021-08-11,Fully Paid,18652.1,10900.0,7752.1,0.0,808.0,14.64,223200,6 years,RENT,NY
LN000473,B,B4,vacation,36,28700.0,9.7,922.03,2022-03-31,2022-04-28,Default,922.03,645.42,276.61,0.0,690.0,40.21,73700,4 years,RENT,MO
LN000491,A,A2,small_business,36,9200.0,7.75,287.23,2021-08-30,2021-10-02,Current,8329.67,5414.29,2915.38,0.0,782.0,6.36,57800,9 years,MORTGAGE,NM
LN002663,C,C1,medical,60,12400.0,13.68,286.47,2023-02-04,2023-03-08,Charged Off,7350.84,5145.59,2205.25,7254.41,676.0,19.46,222800,< 1 year,MORTGAGE,PA
LN002246,C,C2,home_improvement,36,30600.0,13.33,1035.91,2021-06-01,2021-06-29,Fully Paid,36889.14,30600.0,6289.14,0.0,700.0,37.98,46700,< 1 year,MORTGAGE,MD
LN000832,C,C2,debt_consolidation,36,32500.0,14.33,1115.99,2022-04-27,2022-05-31,current,36827.67,23937.99,12889.68,0.0,793.0,14.74,177800,6 years,OWN,MT
LN002806,C,C2,wedding,36,28000.0,14.61,965.29,2023-06-24,2023-07-29,Current,33785.15,21960.35,11824.8,0.0,771.0,28.82,166800,10+ years,MORTGAGE,NH
LN002534,B,B4,moving,60,6900.0,10.2,147.28,2022-06-15,2022-07-20,Fully Paid,8830.22,6900.0,1930.22,0.0,766.0,38.54,44900,1 year,MORTGAGE,FL
LN003261,C,C4,educational,36,27600.0,12.52,923.58,2023-03-06,2023-04-04,Current,24936.66,16208.83,8727.83,0.0,693.0,32.89,213700,3 years,MORTGAGE,MO
LN002469,A,A3,wedding,36,25000.0,5.25,752.08,2021-09-17,2021-10-15,Default,6768.72,4738.1,2030.62,0.0,698.0,23.65,30600,2 years,RENT,NJ
LN003312,C,C3,major_purchase,60,39200.0,13.21,896.14,2021-07-13,2021-08-10,Charged Off,11380.77,7966.54,3414.23,31233.46,,6.38,200500,7 years,RENT,WY
LN003362,F,F1,medical,60,37900.0,29.48,1214.12,2022-10-08,2022-11-06,Fully Paid,73426.18,37900.0,35526.18,0.0,635.0,41.23,73000,,OWN,WY
LN002995,E,E3,debt_consolidation,60,37500.0,25.47,1111.03,2023-08-26,2023-09-30,Fully Paid,65343.94,37500.0,27843.94,0.0,779.0,17.41,248700,10+ years,MORTGAGE,NV
LN002654,B,B3,car,36,29400.0,8.72,931.09,2022-07-14,2022-08-12,Fully Paid,33999.4,29400.0,4599.4,0.0,681.0,18.19,141300,10+ years,MORTGAGE,OH
LN003239,D,D2,educational,60,33100.0,17.77,836.39,2021-10-13,2021-11-13,Fully Paid,49321.29,33100.0,16221.29,0.0,799.0,26.7,198700,6 years,RENT,HI
LN001393,F,F1,wedding,36,17700.0,28.55,737.4,2021-03-28,2021-04-25,Fully Paid,27065.46,17700.0,9365.46,0.0,772.0,10.34,25300,< 1 year,RENT,OR
LN000656,E,E3,major_purchase,60,19500.0,25.84,581.99,2022-03-15,2022-04-17,Fully Paid,34606.45,19500.0,15106.45,0.0,,20.36,68500,1 year,MORTGAGE,DE
LN003206,E,E5,educational,36,6300.0,25.45,251.99,2023-05-04,2023-06-08,Fully Paid,9015.34,6300.0,2715.34,0.0,680.0,15.86,200500,8 years,OWN,MS
LN000362,E,E1,small_business,60,34200.0,24.24,988.63,2021-12-10,2022-01-13,Charged Off,15059.25,10541.47,4517.77,23658.53,811.0,17.62,242700,1 year,RENT,NJ
LN000136,E,E3,wedding,36,13600.0,23.76,531.85,2022-06-16,2022-07-18,Fully Paid,19508.79,13600.0,5908.79,0.0,656.0,35.85,109900,7 years,OWN,NM
LN001780,F,F5,wedding,36,38000.0,30.46,1622.75,2022-02-20,2022-03-21,Current,43814.25,28479.26,15334.99,0.0,582.0,39.07,128700,6 years,RENT,NV
LN002603,D,D4,wedding,60,13400.0,20.75,360.63,2021-12-11,2022-01-12,Current,21277.17,13830.16,7447.01,0.0,787.0,10.88,51100,5 years,OWN,VT
LN002011,C,C4,home_improvement,36,6700.0,14.4,230.29,2022-06-27,2022-07-31,Fully paid,8162.72,6700.0,1462.72,0.0,582.0,14.38,99800,6 years,OWN,NM
LN002710,B,B4,renewable_energy,36,7500.0,10.57,244.02,2022-02-23,2022-03-23,Charged Off,3725.07,2607.55,1117.52,4892.45,665.0,43.98,136500,10+ years,OWN,NY
LN000367,A,A3,home_improvement,60,17300.0,7.64,347.81,2021-10-06,2021-11-09,Default,1739.05,1217.33,521.71,0.0,693.0,34.82,137100,1 year,RENT,FL
LN002228,A,A5,small_business,60,18200.0,6.35,354.83,2022-05-07,2022-06-05,Current,6386.94,4151.51,2235.43,0.0,590.0,39.26,148500,6 years,RENT,ME
LN002131,G,G2,small_business,36,4800.0,33.17,212.19,2023-09-23,2023-10-26,Late (31-120 days),2121.9,1485.33,636.57,0.0,642.0,33.41,153500,4 years,MORTGAGE,AZ
LN000030,C,C4,major_purchase,36,16100.0,14.72,555.91,2022-10-23,2022-11-23,Charged Off,9131.92,6392.34,2739.58,9707.66,753.0,34.93,96200,6 years,RENT,OK
LN002993,A,A1,moving,36,6500.0,7.75,202.94,2023-03-13,2023-04-16,Current,1826.46,1187.2,639.26,0.0,716.0,247.32,221100,10+ years,MORTGAGE,KS
LN000023,D,D3,debt_consolidation,36,7600.0,20.19,283.18,2022-01-08,2022-02-09,Fully Paid,10170.76,7600.0,2570.76,0.0,760.0,22.11,28900,1 year,MORTGAGE,VT
LN001694,A,A3,debt_consolidation,60,11800.0,5.74,226.7,2022-07-11,2022-08-13,Fully Paid,13495.39,11800.0,1695.39,0.0,185.0,41.32,202800,10+ years,RENT,MO
LN001284,B,B2,wedding,36,,10.58,719.14,2021-11-07,2021-12-08,Current,20855.06,13555.79,7299.27,0.0,668.0,10.26,130300,3 years,OWN,DE
LN003032,C,C1,home_improvement,36,4700.0,15.05,163.04,2021-11-04,2021-12-03,FULLY PAID,5824.5,4700.0,1124.5,0.0,913.0,8.79,234200,< 1 year,RENT,WY
LN001289,B,B1,vacation,60,15100.0,10.97,328.08,2021-12-31,2022-02-03,Fully Paid,19779.19,15100.0,4679.19,0.0,670.0,8.2,187600,1 year,MORTGAGE,WA
LN000696,A,A3,debt_consolidation,36,24400.0,7.8,762.36,2022-11-15,2022-12-20,Current,7623.6,4955.34,2668.26,0.0,782.0,43.8,191400,3 years,MORTGAGE,NH
LN001335,E,E3,home_improvement,60,28400.0,22.78,797.02,2023-01-10,2023-02-12,Fully Paid,47857.82,28400.0,19457.82,0.0,,6.45,87200,5 years,MORTGAGE,WA
LN000701,B,B4,medical,36,24200.0,10.43,785.76,2022-12-10,2023-01-08,Fully Paid,28252.93,24200.0,4052.93,0.0,611.0,19.02,215000,4 years,MORTGAGE,VA
LN000421,E,E4,credit_card,36,,24.0,757.19,2022-03-30,2022-05-01,Fully Paid,27403.06,19300.0,8103.06,0.0,745.0,8.63,243900,10+ years,RENT,NJ
LN000683,A,A1,small_business,36,19200.0,7.26,595.13,2021-07-10,2021-08-13,Charged Off,4280.83,2996.58,1284.25,16203.42,680.0,34.03,78000,8 years,RENT,NE
LN002790,E,E1,small_business,60,26600.0,22.99,749.71,2021-03-23,2021-04-23,Current,19492.46,12670.1,6822.36,0.0,775.0,39.54,105000,10+ years,MORTGAGE,AB
LN000461,A,A2,moving,36,10600.0,7.39,329.19,2021-03-26,2021-04-24,Fully Paid,12048.05,10600.0,1448.05,0.0,609.0,37.75,32100,5 years,RENT,MS
LN000044,F,F4,educational,36,10000.0,30.44,426.93,2021-11-13,2021-12-15,Current,14088.69,9157.65,4931.04,0.0,699.0,22.42,134900,3 years,RENT,CO
LN000088,A,A5,medical,36,24200.0,6.02,736.43,2022-07-12,2022-08-14,Fully Paid,26325.25,24200.0,2125.25,0.0,725.0,28.85,46500,1 year,MORTGAGE,AR
LN001457,C,C2,debt_consolidation,36,15300.0,12.77,513.82,2022-08-18,2022-09-15,Current,17469.88,11355.42,6114.46,0.0,756.0,28.66,136400,1 year,RENT,LA
LN003064,E,E5,wedding,36,32900.0,24.75,1303.75,2023-04-03,2023-05-07,Default,1303.75,912.62,391.12,0.0,743.0,21.91,239000,< 1 year,MORTGAGE,ME
LN001847,A,A5,moving,36,30000.0,7.7,935.94,2022-05-28,2022-06-30,Charged Off,12710.06,8897.04,3813.02,21102.96,691.0,36.12,71600,9 years,RENT,OR
LN000562,A,A3,wedding,36,34300.0,7.26,1063.17,2022-02-10,2022-03-14,Charged Off,11923.68,8346.58,3577.1,25953.42,617.0,10.9,151400,6 years,RENT,AL
LN000283,A,A3,moving,36,10400.0,-6.56,319.03,2022-11-25,2022-12-25,Fully Paid,11502.09,10400.0,1102.09,0.0,603.0,18.98,112300,7 years,RENT,ME
LN001079,A,A3,debt_consolidation,36,20900.0,7.38,648.97,2023-02-28,2023-04-03,Fully Paid,23374.53,20900.0,2474.53,0.0,787.0,21.1,93600,2 years,MORTGAGE,WY
LN001422,A,A5,debt_consolidation,36,13700.0,6.18,417.9,2022-07-10,2022-08-09,Late (31-120 days),835.8,585.06,250.74,0.0,817.0,33.69,218400,2 years,MORTGAGE,GA
LN003476,B,B4,medical,60,,10.62,88.37,2022-09-23,2022-10-28,Current,3181.32,2067.86,1113.46,0.0,665.0,18.01,138300,1 year,MORTGAGE,VT
LN003416,B,B2,vacation,60,11400.0,9.92,241.77,2021-04-21,2021-05-25,Default,1208.85,846.19,362.65,0.0,659.0,26.55,187700,,MORTGAGE,DE
LN001399,C,C2,moving,36,5900.0,12.52,197.43,2021-05-02,2021-05-30,Fully Paid,7016.35,5900.0,1116.35,0.0,642.0,40.45,121200,6 years,RENT,MN
LN000466,A,A5,debt_consolidation,60,6000.0,7.77,121.0,2021-06-01,2021-07-06,Fully Paid,7285.96,6000.0,1285.96,0.0,692.0,31.94,68900,2 years,RENT,MO
LN001048,C,C4,educational,36,11400.0,14.35,391.57,2022-07-06,2022-08-09,Default,1566.28,1096.4,469.88,0.0,617.0,40.88,66400,3 years,RENT,NJ
LN002541,C,C1,renewable_energy,36,13000.0,15.21,451.99,2021-05-16,2021-06-16,Late (31-120 days),1355.97,949.18,406.79,0.0,773.0,39.79,219400,7 years,RENT,NV
LN000860,E,E5,educational,36,25600.0,26.22,1034.44,2022-11-25,2022-12-23,Fully Paid,37088.49,25600.0,11488.49,0.0,790.0,34.01,41300,4 years,MORTGAGE,NC
LN000534,A,A5,car,36,27500.0,7.34,853.4,2021-08-27,2021-09-28,Charged Off,11001.47,7701.03,3300.44,19798.97,692.0,32.56,225500,8 years,OWN,HI
LN001652,G,G5,vacation,36,21200.0,35.22,961.65,2021-12-09,2022-01-06,Current,5769.9,3750.43,2019.46,0.0,726.0,40.2,195800,1 year,OWN,AL
LN002934,B,B3,vacation,60,24900.0,11.81,551.5,2022-10-04,2022-11-01,Fully Paid,32911.57,24900.0,8011.57,0.0,,5.73,60000,,MORTGAGE,KY
LN002067,D,D3,small_business,36,26700.0,18.81,976.15,2022-07-16,2022-08-13,Charged Off,5371.77,3760.24,1611.53,22939.76,592.0,37.27,183200,5 years,RENT,NC
LN003272,D,D4,debt_consolidation,60,17900.0,17.75,452.11,2021-04-17,2021-05-20,Current,26674.49,17338.42,9336.07,0.0,602.0,15.76,118200,10+ years,MORTGAGE,CT
LN002819,C,C1,vacation,36,17100.0,15.56,597.48,2022-03-19,2022-04-16,Fully Paid,21717.19,17100.0,4617.19,0.0,666.0,29.74,220400,1 year,OWN,SC
LN003274,E,E2,major_purchase,36,25000.0,23.19,970.22,2021-10-10,2021-11-09,Fully Paid,35475.01,25000.0,10475.01,0.0,817.0,33.97,172500,9 years,MORTGAGE,AZ
LN002628,C,C2,car,36,23100.0,13.05,778.89,2023-12-16,2024-01-19,Fully Paid,27972.76,23100.0,4872.76,0.0,763.0,9.24,75500,8 years,RENT,NC
LN002539,F,F1,home_improvement,60,28000.0,28.69,883.5,2023-05-08,2023-06-10,Fully Paid,52543.55,28000.0,24543.55,0.0,583.0,35.4,111900,8 years,RENT,ID
LN002551,C,C4,renewable_energy,60,23800.0,16.04,579.28,2023-10-18,2023-11-19,Fully Paid,34828.44,23800.0,11028.44,0.0,610.0,24.18,151500,10+ years,MORTGAGE,KS
LN001197,B,B5,vacation,60,36100.0,11.6,795.75,2022-11-08,2022-12-13,Fully Paid,47192.28,36100.0,11092.28,0.0,769.0,33.88,177400,7 years,RENT,KS
LN002093,E,E3,small_business,60,15200.0,25.92,454.38,2022-12-04,2023-01-04,Current,22719.0,14767.35,7951.65,0.0,741.0,22.17,247000,4 years,RENT,DE
LN003013,D,D5,moving,36,8900.0,18.79,325.29,2023-03-12,2023-04-13,Charged Off,2897.36,2028.15,869.21,6871.85,687.0,12.47,193800,10+ years,OTHER,AR
LN001345,B,B1,car,36,33500.0,11.27,1101.04,2023-07-03,2023-08-07,Current,19818.72,12882.17,6936.55,0.0,597.0,39.2,71900,,RENT,UT
LN000904,G,G5,home_improvement,36,27100.0,32.78,1192.09,2022-12-22,2023-01-22,Current,17881.35,11622.88,6258.47,0.0,767.0,34.78,240200,6 years,RENT,ND
LN000638,B,B1,credit_card,36,38200.0,11.56,1260.77,2021-01-16,2021-02-20,Fully Paid,45113.4,38200.0,6913.4,0.0,726.0,39.62,136000,6 years,MORTGAGE,HI
LN003131,B,B2,vacation,60,1900.0,8.55,39.03,2021-10-29,2021-11-30,Fully Paid,2313.17,1900.0,413.17,0.0,611.0,16.93,174800,5 years,MORTGAGE,CT
LN003078,D,D4,vacation,36,,17.32,71.62,2023-08-23,2023-09-25,Fully Paid,2540.75,2000.0,540.75,0.0,820.0,22.97,35000,10+ years,RENT,MD
LN003401,F,F3,educational,36,30300.0,29.54,1278.66,2021-11-20,2021-12-19,Fully Paid,45730.07,30300.0,15430.07,0.0,721.0,17.48,171300,8 years,MORTGAGE,HI
LN003170,F,F1,medical,36,27700.0,31.3,1195.72,2023-08-20,2023-09-18,Current,4782.88,3108.87,1674.01,0.0,723.0,31.09,177400,5 years,OWN,AL
LN000943,B,B2,vacation,36,1500.0,10.69,48.89,2023-06-02,2023-07-06,Fully Paid,1778.85,1500.0,278.85,0.0,612.0,198.73,116300,< 1 year,RENT,HI
LN003459,C,C3,moving,36,29600.0,13.81,1008.93,2021-07-18,2021-08-18,Fully Paid,36283.64,29600.0,6683.64,0.0,586.0,16.94,109800,8 years,RENT,IN
LN001135,C,C2,major_purchase,36,32100.0,12.85,1079.26,2023-08-10,2023-09-07,Fully Paid,39140.73,32100.0,7040.73,0.0,598.0,190.28,112100,1 year,RENT,IN
LN001949,C,C2,debt_consolidation,60,21200.0,15.64,511.5,2023-08-10,2023-09-07,Fully Paid,30980.21,21200.0,9780.21,0.0,727.0,24.02,88500,2 years,RENT,FL
LN002901,E,E1,moving,36,13700.0,24.86,543.7,2023-05-23,2023-06-25,Late (31-120 days),4349.6,3044.72,1304.88,0.0,595.0,42.65,149600,2 years,MORTGAGE,CT
LN000888,F,F2,renewable_energy,36,16500.0,28.15,683.84,2022-04-29,2022-05-31,Fully Paid,25031.71,16500.0,8531.71,0.0,777.0,19.21,81200,10+ years,MORTGAGE,DE
LN003414,C,C3,educational,36,30700.0,15.9,1077.81,2022-07-14,2022-08-18,Fully Paid,38461.5,30700.0,7761.5,0.0,745.0,27.06,166800,10+ years,OWN,AK
LN000686,B,B3,wedding,60,23000.0,-8.64,473.43,2022-05-08,2022-06-11,Fully Paid,28970.52,23000.0,5970.52,0.0,735.0,8.0,87400,6 years,OTHER,CT
LN002014,B,B4,major_purchase,60,1900.0,11.23,41.53,2023-01-05,2023-02-07,Fully Paid,2509.84,1900.0,609.84,0.0,726.0,22.89,137900,2 years,RENT,WA
LN000790,A,A5,moving,60,2400.0,6.8,47.3,2022-02-24,2022-03-24,Default,425.7,297.99,127.71,0.0,717.0,36.96,27700,5 years,MORTGAGE,MS
LN001898,B,B4,car,60,30500.0,11.27,667.26,2022-08-12,2022-09-12,Charged Off,6739.79,4717.85,2021.94,25782.15,614.0,37.99,133200,10+ years,MORTGAGE,NV
LN001165,D,D5,car,60,31600.0,20.58,847.44,2022-12-31,2023-02-01,Charged Off,6652.66,4656.86,1995.8,26943.14,613.0,16.93,163300,10+ years,MORTGAGE,OK
LN001201,B,B2,educational,36,11600.0,9.05,369.15,2023-07-13,2023-08-17,Fully Paid,13423.71,11600.0,1823.71,0.0,615.0,7.14,61500,1 year,RENT,CT
LN002772,B,E3,home_improvement,60,17200.0,9.59,361.99,2022-02-12,2022-03-13,Current,17375.52,11294.09,6081.43,0.0,750.0,33.16,219200,6 years,RENT,WV
LN003463,A,A5,small_business,36,7000.0,7.02,216.2,2023-01-19,2023-02-22,Charged Off,2993.76,2095.63,898.13,4904.37,605.0,35.26,235600,10+ years,OWN,ID
LN001819,A,A1,small_business,36,3000.0,5.17,90.14,2023-09-21,2023-10-24,Current,270.42,175.77,94.65,0.0,763.0,29.14,132200,3 years,MORTGAGE,ID
LN000273,D,D1,car,36,33400.0,21.19,1261.61,2022-12-27,2023-01-25,Current,39109.91,25421.44,13688.47,0.0,697.0,31.34,231500,1 year,OWN,ND
LN001468,A,A2,vacation,36,34300.0,6.4,1049.7,2023-03-25,2023-04-26,Current,4198.8,2729.22,1469.58,0.0,753.0,10.36,166200,9 years,RENT,OH
LN000522,F,F3,renewable_energy,36,26700.0,27.63,1099.08,2022-01-18,2022-02-16,Fully Paid,38955.92,26700.0,12255.92,0.0,638.0,9.83,116700,5 years,OTHER,MN
LN000523,E,E5,small_business,60,36300.0,26.43,1096.1,2022-12-13,2023-01-11,Current,33979.1,22086.42,11892.68,0.0,784.0,23.29,70400,10+ years,MORTGAGE,SC
LN001845,D,D2,renewable_energy,60,25700.0,19.42,672.63,2023-10-24,2023-11-22,Fully Paid,40209.28,25700.0,14509.28,0.0,754.0,28.38,216500,6 years,RENT,MI
LN000351,B,B4,vacation,60,1000.0,11.04,21.76,2023-12-10,2024-01-11,Charged Off,334.69,234.28,100.41,765.72,807.0,17.07,148000,10+ years,RENT,MA
LN001323,G,G5,credit_card,60,21800.0,32.59,740.37,2021-02-11,2021-03-14,Current,40720.35,26468.23,14252.12,0.0,975.0,8.39,180700,3 years,RENT,MI
LN003391,A,A1,educational,36,6100.0,5.73,184.83,2023-02-26,2023-04-01,Fully Paid,6754.66,6100.0,654.66,0.0,580.0,6.49,138100,5 years,RENT,WA
LN002808,B,B3,vacation,36,25400.0,10.19,821.85,2021-02-14,2021-03-17,Charged Off,3474.62,2432.23,1042.39,22967.77,616.0,13.89,137200,5 years,OWN,MO
LN001262,A,A4,renewable_energy,36,20200.0,5.7,611.78,2021-03-09,2021-04-07,Current,16518.06,10736.74,5781.32,0.0,761.0,15.11,134600,1 year,RENT,OK
LN000652,B,B4,medical,36,6200.0,10.95,202.83,2021-02-26,2021-03-28,Fully Paid,7405.53,6200.0,1205.53,0.0,741.0,249.8,118900,1 year,OWN,LA
LN002214,C,C3,moving,36,25500.0,16.27,899.91,2023-02-20,2023-03-24,Fully Paid,32048.03,25500.0,6548.03,0.0,776.0,8.53,40800,4 years,RENT,MI
LN003102,A,A4,vacation,36,5700.0,7.14,176.36,2023-09-24,2023-10-28,Charged Off,2317.69,1622.38,695.31,4077.62,648.0,20.65,27200,10+ years,MORTGAGE,IA
LN003334,E,D2,renewable_energy,36,22100.0,24.1,868.21,2023-01-11,2023-02-13,Charged Off,12078.99,8455.29,3623.7,13644.71,761.0,168.95,154800,4 years,OWN,MT
LN001877,E,E5,car,36,38700.0,24.02,1518.72,2023-01-28,2023-02-25,Current,45561.6,29615.04,15946.56,0.0,169.0,31.46,173400,10+ years,MORTGAGE,NJ
LN001603,B,B2,major_purchase,36,4700.0,10.8,153.43,2022-12-22,2023-01-26,Current,3528.89,2293.78,1235.11,0.0,797.0,21.19,30200,< 1 year,OWN,IL
LN002044,E,E1,credit_card,36,15500.0,25.94,624.01,2023-04-14,2023-05-18,Current,3744.06,2433.64,1310.42,0.0,767.0,13.66,85900,5 years,OWN,NC
LN001585,C,C5,renewable_energy,36,31700.0,16.04,1115.1,2021-06-17,2021-07-21,Current,14496.3,9422.59,5073.7,0.0,784.0,23.89,185500,1 year,MORTGAGE,ND
LN000169,B,B5,small_business,60,37500.0,8.76,774.08,2021-08-23,2021-09-24,Fully Paid,46838.05,37500.0,9338.05,0.0,742.0,11.17,184500,3 years,RENT,AL
LN003339,B,B2,credit_card,60,22800.0,10.22,486.9,2021-05-22,2021-06-19,Current,19962.9,12975.89,6987.02,0.0,684.0,233.99,33000,4 years,MORTGAGE,MA
LN000963,A,A3,moving,60,2200.0,-6.47,43.01,2023-06-19,2023-07-19,Fully Paid,2553.64,2200.0,353.64,0.0,658.0,15.52,202300,3 years,RENT,WI
LN000946,A,A1,medical,36,19900.0,6.31,608.2,2021-05-06,2021-06-05,Charged Off,9413.09,6589.16,2823.93,13310.84,749.0,42.34,102400,8 years,MORTGAGE,AZ
LN000463,A,A1,car,60,6700.0,5.23,127.14,2021-10-25,2021-11-29,Current,635.7,413.21,222.5,0.0,630.0,9.31,235300,6 years,OWN,KY
LN003444,D,D1,small_business,36,1200.0,20.09,44.65,2021-10-25,2021-11-22,Fully Paid,1589.53,1200.0,389.53,0.0,785.0,8.48,83100,7 years,RENT,NM
LN000329,E,E2,educational,36,13800.0,26.73,561.39,2023-05-28,2023-06-26,Fully Paid,20126.81,13800.0,6326.81,0.0,604.0,7.55,218800,6 years,RENT,ZZ
LN001508,B,B4,small_business,36,25100.0,8.57,793.16,2023-05-02,2023-06-06,Current,19829.0,12888.85,6940.15,0.0,596.0,22.48,73400,2 years,MORTGAGE,MS
LN002025,D,D2,small_business,36,22400.0,21.81,853.27,2023-06-01,2023-06-29,Current,17918.67,11647.14,6271.53,0.0,582.0,29.06,196600,7 years,OWN,NM
LN000368,A,A5,wedding,36,30000.0,6.84,924.12,2023-02-15,2023-03-18,Fully Paid,32637.67,30000.0,2637.67,0.0,600.0,32.53,220200,1 year,MORTGAGE,NM
LN003110,C,C3,home_improvement,60,36200.0,-13.06,824.77,2023-08-14,2023-09-15,Fully Paid,49741.92,36200.0,13541.92,0.0,589.0,43.16,35100,6 years,MORTGAGE,00
LN003407,C,C5,renewable_energy,36,30800.0,15.44,1074.34,2021-01-03,2021-02-07,Current,26858.5,17458.03,9400.47,0.0,683.0,31.87,203600,7 years,RENT,CA
LN002985,A,A3,debt_consolidation,36,27100.0,-5.49,818.19,2022-05-04,2022-06-06,Current,25363.89,16486.53,8877.36,0.0,621.0,18.78,116600,2 years,RENT,FL
LN001426,F,F3,credit_card,60,24600.0,27.98,765.64,2022-05-30,2022-07-01,Current,29859.96,19408.97,10450.99,0.0,697.0,12.98,143500,10+ years,MORTGAGE,AZ
LN000773,D,D5,debt_consolidation,36,,20.3,1123.23,2021-06-23,2021-07-25,Current,34820.13,22633.08,12187.05,0.0,698.0,5.69,28600,5 years,MORTGAGE,NM
LN002293,D,D5,medical,36,8600.0,18.21,311.82,2023-02-14,2023-03-16,Current,3118.2,2026.83,1091.37,0.0,581.0,29.18,85100,10+ years,MORTGAGE,KY
LN003222,A,A1,renewable_energy,36,14400.0,7.79,449.85,2022-05-26,2022-06-27,Current,7197.6,4678.44,2519.16,0.0,684.0,14.99,203200,5 years,MORTGAGE,ND
LN002836,C,C4,wedding,36,,14.7,352.09,2023-06-09,2023-07-12,Fully Paid,12614.92,10200.0,2414.92,0.0,663.0,15.44,192400,4 years,RENT,NH
LN000499,C,C1,credit_card,36,3600.0,13.83,122.74,2022-05-27,2022-06-27,Charged Off,881.52,617.06,264.46,2982.94,735.0,115.45,43600,< 1 year,OWN,ZZ
LN001235,D,D2,medical,60,6500.0,18.16,165.62,2022-11-18,2022-12-23,Current,496.86,322.96,173.9,0.0,667.0,12.46,126800,< 1 year,RENT,OK
LN000436,D,D5,home_improvement,36,29300.0,21.28,1108.1,2021-02-24,2021-03-25,Fully Paid,39926.34,29300.0,10626.34,0.0,800.0,44.83,218900,10+ years,RENT,WA
LN000366,C,C2,home_improvement,36,,16.09,1305.97,2022-09-23,2022-10-23,Charged Off,20403.19,14282.23,6120.96,22817.77,777.0,10.81,89700,3 years,MORTGAGE,WA
LN003412,C,C1,vacation,36,31900.0,16.48,1129.08,2021-06-13,2021-07-16,Late (31-120 days),2258.16,1580.71,677.45,0.0,610.0,19.8,248200,10+ years,RENT,PA
LN000277,C,C3,educational,36,19000.0,14.75,656.32,2021-04-28,2021-06-01,Current,13782.72,8958.77,4823.95,0.0,804.0,38.89,30200,5 years,RENT,GA
LN003050,C,C4,renewable_energy,60,21200.0,13.95,492.74,2022-03-11,2022-04-15,Late (31-120 days),5912.88,4139.02,1773.86,0.0,615.0,28.52,220200,5 years,RENT,WI
LN001992,B,B5,educational,36,30600.0,8.54,966.53,2022-07-06,2022-08-06,Fully Paid,35154.68,30600.0,4554.68,0.0,734.0,23.15,226800,,RENT,NY
LN003419,E,E1,medical,60,15100.0,25.33,446.13,2023-12-18,2024-01-20,Fully Paid,26701.61,15100.0,11601.61,0.0,696.0,30.47,37200,8 years,MORTGAGE,WA
LN000408,B,B1,educational,60,39300.0,9.56,826.53,2022-07-18,2022-08-19,Fully Paid,49538.56,39300.0,10238.56,0.0,623.0,27.91,144500,9 years,MORTGAGE,ME
LN001538,D,D1,medical,60,30700.0,19.52,805.18,2022-05-02,2022-06-03,Current,12882.88,8373.87,4509.01,0.0,739.0,12.75,125500,2 years,RENT,KS
LN001092,B,B1,wedding,36,,11.01,383.1,2021-03-15,2021-04-12,Fully Paid,13704.08,11700.0,2004.08,0.0,694.0,10.78,75400,10+ years,RENT,NE
LN000845,B,B5,wedding,36,4900.0,9.64,157.28,2023-07-22,2023-08-19,Fully Paid,5770.08,4900.0,870.08,0.0,743.0,37.5,66400,4 years,OTHER,CO
LN001566,D,D3,medical,36,27700.0,18.31,1005.73,2023-02-26,2023-03-29,Charged Off,7420.79,5194.55,2226.24,22505.45,,8.29,209800,10+ years,MORTGAGE,MN
LN002597,C,C3,wedding,36,30000.0,13.83,1022.85,2021-04-05,2021-05-07,Fully Paid,37283.55,30000.0,7283.55,0.0,741.0,27.17,147500,,MORTGAGE,MD
LN001757,E,E2,credit_card,60,31000.0,23.21,877.65,2022-01-10,2022-02-07,Fully Paid,53249.28,31000.0,22249.28,0.0,790.0,19.33,100700,1 year,OWN,TX
LN001259,B,B2,small_business,36,35300.0,11.84,1169.77,2021-12-18,2022-01-19,Fully Paid,41359.58,35300.0,6059.58,0.0,716.0,13.41,244100,10+ years,MORTGAGE,NM
LN001675,B,B5,debt_consolidation,60,3400.0,10.09,72.39,2022-02-05,2022-03-07,Fully Paid,4391.93,3400.0,991.93,0.0,730.0,27.19,183700,6 years,MORTGAGE,IA
LN001424,A,A3,home_improvement,60,17000.0,5.3,323.15,2022-08-30,2022-09-28,Default,1938.9,1357.23,581.67,0.0,705.0,19.73,59400,5 years,RENT,AR
LN001340,C,C1,moving,36,2700.0,14.38,92.78,2022-05-07,2022-06-05,Late (31-120 days),835.02,584.51,250.51,0.0,697.0,6.82,101700,4 years,OWN,DE
LN002020,F,F3,credit_card,36,11800.0,30.71,505.53,2023-04-06,2023-05-11,Fully Paid,18273.0,11800.0,6473.0,0.0,584.0,41.16,216100,3 years,MORTGAGE,MD
LN002733,A,A1,vacation,36,12400.0,7.1,383.44,2023-07-14,2023-08-15,Fully Paid,14038.35,12400.0,1638.35,0.0,669.0,20.08,49100,< 1 year,RENT,CT
LN001963,B,B2,major_purchase,36,38400.0,10.72,1252.08,2021-01-25,2021-02-26,Fully Paid,45136.12,38400.0,6736.12,0.0,804.0,30.95,216500,2 years,MORTGAGE,GA
LN000945,B,B1,car,60,11300.0,11.83,250.39,2022-01-06,2022-02-10,Fully Paid,15034.35,11300.0,3734.35,0.0,589.0,23.76,69700,1 year,RENT,MO
LN000200,D,E3,renewable_energy,36,13200.0,-19.47,487.0,2023-07-04,2023-08-02,Fully Paid,17628.83,13200.0,4428.83,0.0,598.0,26.13,29900,10+ years,MORTGAGE,FL
LN003388,A,A2,wedding,36,31200.0,5.04,935.65,2021-05-31,2021-06-30,Fully Paid,34238.02,31200.0,3038.02,0.0,718.0,38.14,157800,5 years,MORTGAGE,RI
LN001321,A,A5,car,36,,5.39,322.57,2023-07-03,2023-08-02,Fully Paid,11581.79,10700.0,881.79,0.0,793.0,9.7,146000,10+ years,RENT,NE
LN000802,B,B5,educational,36,1600.0,8.63,50.6,2021-11-23,2021-12-21,current,455.4,296.01,159.39,0.0,708.0,20.92,223600,< 1 year,RENT,AK
LN002169,A,A4,major_purchase,60,4200.0,7.96,85.08,2021-03-23,2021-04-23,Fully Paid,5185.62,4200.0,985.62,0.0,712.0,29.11,70400,1 year,RENT,ND
LN003036,C,C3,home_improvement,60,34300.0,13.26,785.0,2023-07-08,2023-08-11,Current,11775.0,7653.75,4121.25,0.0,679.0,27.63,69500,9 years,RENT,LA
LN002917,A,A2,debt_consolidation,36,21100.0,6.94,650.93,2023-08-23,2023-09-25,current,11716.74,7615.88,4100.86,0.0,589.0,41.99,34800,< 1 year,MORTGAGE,SD
LN000232,A,A4,wedding,36,26100.0,5.46,787.64,2021-07-23,2021-07-21,Fully Paid,27887.33,26100.0,1787.33,0.0,790.0,31.48,221700,2 years,RENT,HI
LN001553,A,A5,wedding,36,1500.0,7.36,46.56,2021-05-13,2021-06-16,Fully Paid,1698.38,1500.0,198.38,0.0,693.0,6.59,192800,4 years,RENT,MI
LN003161,A,A2,small_business,60,37500.0,5.97,724.46,2023-04-11,2023-05-16,Current,29702.86,19306.86,10396.0,0.0,587.0,41.79,219700,2 years,OWN,WI
LN001968,A,A1,medical,60,20800.0,5.3,395.39,2023-06-20,2023-07-19,Charged Off,8084.46,5659.12,2425.34,15140.88,587.0,31.36,41100,8 years,OWN,AZ
LN002006,A,A3,credit_card,36,,5.73,560.55,2023-11-04,2023-12-02,Fully Paid,20084.99,18500.0,1584.99,0.0,820.0,15.6,242500,10+ years,MORTGAGE,ME
LN001564,B,B1,debt_consolidation,36,12600.0,10.25,408.05,2021-12-05,2022-01-07,Current,9385.15,6100.35,3284.8,0.0,703.0,123.59,134700,2 years,RENT,LA
LN001331,C,C2,renewable_energy,60,12500.0,12.92,283.9,2023-06-05,2023-07-03,Fully Paid,17133.22,12500.0,4633.22,0.0,767.0,9.88,242400,9 years,MORTGAGE,GA
LN003435,E,E3,vacation,60,4700.0,22.73,131.77,2022-01-27,2022-03-02,Current,5797.88,3768.62,2029.26,0.0,746.0,44.51,132900,3 years,MORTGAGE,AZ
LN002026,B,B3,home_improvement,36,36500.0,11.23,1198.94,2023-09-28,2023-10-28,Fully Paid,42750.42,36500.0,6250.42,0.0,619.0,41.91,115400,4 years,MORTGAGE,AR
LN001993,D,D2,debt_consolidation,36,,19.26,978.55,2021-11-13,2021-12-11,Late (31-120 days),4892.75,3424.92,1467.83,0.0,598.0,10.18,181400,< 1 year,RENT,MT
LN000105,A,A3,debt_consolidation,60,20000.0,6.66,392.82,2021-10-19,2021-11-17,Current,14141.52,9191.99,4949.53,0.0,797.0,9.99,59300,8 years,RENT,NC
LN002674,E,E3,debt_consolidation,60,29800.0,25.25,879.04,2021-05-11,2021-06-15,Charged Off,10238.21,7166.75,3071.46,22633.25,653.0,16.61,104600,< 1 year,RENT,IL
LN001950,C,C5,educational,36,34900.0,14.9,1208.11,2023-09-20,2023-10-25,Fully Paid,43584.68,34900.0,8684.68,0.0,725.0,30.14,129000,4 years,MORTGAGE,CO
LN001179,B,B5,credit_card,60,27800.0,10.16,592.86,2023-02-09,2023-03-09,Current,33200.16,21580.1,11620.06,0.0,613.0,35.31,27700,,RENT,NC
LN001458,B,B2,moving,60,4000.0,10.67,86.31,2021-10-05,2021-11-06,Fully Paid,5206.42,4000.0,1206.42,0.0,616.0,10.77,138400,6 years,OWN,PA
LN001781,F,F5,home_improvement,36,19900.0,31.17,857.59,2023-12-09,2024-01-10,Charged Off,10122.51,7085.76,3036.75,12814.24,609.0,39.68,84600,3 years,RENT,CO
LN002660,C,C2,home_improvement,60,29800.0,15.29,713.48,2023-07-02,2023-08-04,Default,7134.8,4994.36,2140.44,0.0,773.0,12.53,31200,10+ years,MORTGAGE,ME
LN001243,B,B1,car,36,3500.0,8.59,110.63,2021-12-06,2022-01-07,Current,2433.86,1582.01,851.85,0.0,715.0,43.85,127400,2 years,RENT,MO
LN002753,A,A4,wedding,36,2100.0,7.67,65.49,2023-07-08,2023-08-06,Fully Paid,2400.64,2100.0,300.64,0.0,654.0,41.23,208500,9 years,MORTGAGE,GA
LN002171,A,A2,debt_consolidation,60,24800.0,5.08,468.92,2023-09-11,2023-10-15,Fully Paid,27856.46,24800.0,3056.46,0.0,210.0,39.66,120000,1 year,RENT,VA
LN002675,B,B2,educational,60,35000.0,9.22,730.29,2023-02-14,2023-03-21,Current,10224.06,6645.64,3578.42,0.0,678.0,35.08,124200,5 years,MORTGAGE,NM
LN001515,C,C1,major_purchase,36,,14.01,304.22,2022-02-11,2022-03-11,Current,9735.04,6327.78,3407.26,0.0,,14.08,182000,< 1 year,RENT,ME
LN002182,C,C2,home_improvement,36,,16.19,842.5,2021-06-27,2021-07-25,Fully Paid,29921.41,23900.0,6021.41,0.0,126.0,6.67,87400,3 years,RENT,NE
LN003421,A,A2,major_purchase,36,6500.0,6.91,200.43,2022-05-23,2022-06-25,FULLY PAID,7270.51,6500.0,770.51,0.0,646.0,7.09,174900,3 years,MORTGAGE,SD
LN000654,C,C1,small_business,36,19600.0,13.62,666.27,2022-06-07,2022-07-10,Current,11992.86,7795.36,4197.5,0.0,661.0,40.8,99400,< 1 year,RENT,WV
LN002479,A,A3,major_purchase,36,23400.0,7.29,725.63,2021-03-06,2021-04-08,Charged Off,3154.86,2208.4,946.46,21191.6,715.0,10.09,176000,< 1 year,RENT,SC
LN001346,E,E3,credit_card,60,1300.0,24.69,37.92,2022-02-07,2022-03-12,Fully Paid,2280.56,1300.0,980.56,0.0,658.0,35.89,157600,1 year,MORTGAGE,CA
LN003028,B,B4,renewable_energy,36,7200.0,8.95,228.79,2023-02-02,2023-02-01,Charged Off,2363.45,1654.41,709.03,5545.59,734.0,23.79,45600,10+ years,MORTGAGE,ID
LN000995,B,B1,small_business,36,10200.0,11.51,336.4,2023-11-07,2023-12-08,Charged Off,4548.88,3184.22,1364.66,7015.78,764.0,18.09,185000,6 years,RENT,NY
LN000465,F,F3,major_purchase,36,26600.0,30.62,1138.26,2022-08-14,2022-09-14,Charged Off,2329.77,1630.84,698.93,24969.16,789.0,28.13,30700,5 years,MORTGAGE,ME
LN002829,B,B3,debt_consolidation,60,23500.0,10.82,508.84,2021-05-24,2021-06-26,Fully Paid,29970.39,23500.0,6470.39,0.0,792.0,17.48,148200,< 1 year,MORTGAGE,PA
LN002408,B,B5,car,60,10600.0,9.77,224.02,2021-12-01,2021-12-30,Charged Off,4790.7,3353.49,1437.21,7246.51,705.0,214.62,132300,5 years,MORTGAGE,ME
LN002896,A,A3,home_improvement,36,31400.0,5.72,951.27,2023-10-01,2023-11-05,Fully Paid,34067.12,31400.0,2667.12,0.0,710.0,23.21,142700,1 year,RENT,TX
LN001850,C,C4,car,36,34200.0,15.62,1195.96,2021-06-27,2021-07-29,Fully Paid,43538.27,34200.0,9338.27,0.0,781.0,13.23,192100,7 years,OWN,MN
LN002289,B,B1,medical,36,27700.0,8.95,880.21,2023-01-16,2023-02-19,Current,25526.09,16591.96,8934.13,0.0,703.0,31.02,76100,4 years,RENT,NY
LN002689,F,F5,home_improvement,36,30200.0,31.31,1303.8,2023-06-02,2023-07-01,Current,18253.2,11864.58,6388.62,0.0,818.0,43.5,116300,1 year,MORTGAGE,AL
LN000213,F,F4,educational,60,17700.0,28.77,559.36,2022-05-13,2022-06-14,Fully Paid,34157.06,17700.0,16457.06,0.0,614.0,36.2,69600,1 year,RENT,NJ
LN001037,B,B4,small_business,36,15800.0,11.64,522.07,2021-09-18,2021-10-22,Current,17228.31,11198.4,6029.91,0.0,586.0,32.46,124900,7 years,RENT,VA
LN003483,B,B3,major_purchase,36,25600.0,10.26,829.17,2021-04-15,2021-05-13,Fully Paid,30399.57,25600.0,4799.57,0.0,706.0,18.8,144900,3 years,MORTGAGE,ME
LN000901,E,E2,renewable_energy,60,30500.0,24.33,883.27,2023-12-23,2024-01-23,Charged Off,5933.55,4153.48,1780.07,26346.52,692.0,9.71,139400,7 years,OWN,MI
LN001362,C,C3,car,36,27900.0,15.54,974.56,2023-07-15,2023-08-14,Fully Paid,34449.48,27900.0,6549.48,0.0,664.0,25.02,77500,6 years,OWN,IN
LN001507,E,E2,home_improvement,36,21200.0,26.84,863.68,2021-03-15,2021-04-14,Default,1727.36,1209.15,518.21,0.0,680.0,28.4,182400,6 years,MORTGAGE,OK
LN000742,B,B3,vacation,36,24800.0,9.97,799.88,2023-07-28,2023-08-31,Charged Off,13687.3,9581.11,4106.19,15218.89,586.0,43.3,197400,1 year,RENT,MD
LN003164,B,B1,wedding,36,17000.0,9.65,545.75,2022-07-18,2022-08-22,Charged Off,1955.82,1369.07,586.75,15630.93,613.0,6.2,150200,3 years,MORTGAGE,HI
LN002793,B,B5,home_improvement,60,25400.0,8.53,521.49,2022-10-02,2022-11-01,Charged Off,4299.97,3009.98,1289.99,22390.02,758.0,38.01,111800,10+ years,RENT,OR
LN001861,B,B2,debt_consolidation,36,35800.0,8.89,1136.6,2023-06-24,2023-07-29,Fully Paid,40257.62,35800.0,4457.62,0.0,656.0,11.96,66800,4 years,RENT,IA
LN000510,B,C2,renewable_energy,36,,11.0,1181.87,2022-02-19,2022-03-26,Charged Off,14655.66,10258.96,4396.7,25841.04,601.0,16.63,204100,< 1 year,MORTGAGE,MD
LN000598,B,B5,debt_consolidation,60,,11.96,777.85,2021-10-30,2021-11-30,Current,21001.95,13651.27,7350.68,0.0,894.0,17.87,206100,7 years,RENT,NY
LN003213,A,A3,educational,60,4000.0,6.19,77.69,2021-10-04,2021-11-06,Current,4039.88,2625.92,1413.96,0.0,698.0,41.9,76900,1 year,RENT,CT
LN000982,E,E3,educational,36,4000.0,24.63,158.26,2023-08-29,2023-09-29,Current,3639.98,2365.99,1273.99,0.0,671.0,37.99,222600,6 years,MORTGAGE,MA
LN002409,C,C5,medical,36,32400.0,16.21,1142.45,2021-07-20,2021-08-22,Current,25133.9,16337.04,8796.86,0.0,635.0,26.48,177700,4 years,MORTGAGE,NM
LN003168,A,A1,vacation,36,16300.0,5.82,494.55,2021-05-29,2021-06-28,Charged Off,4508.26,3155.78,1352.48,13144.22,595.0,29.06,128400,5 years,MORTGAGE,OK
LN000519,B,B4,credit_card,36,34000.0,9.71,1092.46,2021-01-22,2021-02-25,Fully Paid,38995.07,34000.0,4995.07,0.0,629.0,23.77,204400,2 years,RENT,UT
LN002650,F,F1,credit_card,60,9300.0,29.51,298.09,2022-08-11,2022-09-09,Charged Off,4532.29,3172.6,1359.69,6127.4,587.0,37.38,110600,7 years,OWN,MT
LN000768,A,A2,educational,36,24200.0,7.86,756.78,2023-02-03,2023-03-03,Charged Off,1659.29,1161.5,497.79,23038.5,651.0,154.1,148000,9 years,RENT,LA
LN002916,B,B2,debt_consolidation,60,14300.0,8.69,294.7,2023-12-17,2023-12-09,Late (31-120 days),1768.2,1237.74,530.46,0.0,816.0,32.62,158400,4 years,MORTGAGE,LA
LN000422,E,E3,renewable_energy,36,29300.0,22.68,1129.31,2022-11-20,2022-12-24,Current,24844.82,16149.13,8695.69,0.0,758.0,20.6,68700,7 years,RENT,CO
LN000124,A,A5,small_business,36,16500.0,6.84,508.27,2022-08-04,2022-09-02,Charged Off,2355.37,1648.76,706.61,14851.24,728.0,11.17,163200,10+ years,MORTGAGE,AK
LN002259,F,F4,small_business,36,31600.0,31.42,1366.16,2021-04-28,2021-06-01,Current,4098.48,2664.01,1434.47,0.0,784.0,8.84,75700,< 1 year,RENT,OK
LN002579,E,E2,home_improvement,36,30300.0,23.84,1186.21,2021-12-09,2022-01-13,Current,28469.04,18504.88,9964.16,0.0,633.0,30.63,34400,3 years,MORTGAGE,MS
LN000820,F,F2,car,36,39200.0,31.48,1696.04,2023-02-11,2023-03-14,Charged Off,13300.62,9310.43,3990.19,29889.57,581.0,28.45,159500,1 year,RENT,KY
LN000101,G,G5,credit_card,60,22600.0,34.03,788.1,2021-01-13,2021-02-10,Fully Paid,46681.24,22600.0,24081.24,0.0,634.0,249.91,224100,2 years,OTHER,GA
LN003165,C,C5,educational,36,16200.0,13.31,548.26,2021-06-23,2021-07-23,Fully Paid,19806.84,16200.0,3606.84,0.0,683.0,27.86,74500,2 years,RENT,NY
LN003325,B,B1,car,36,1600.0,10.95,52.34,2023-11-23,2023-12-21,Charged Off,161.15,112.8,48.34,1487.2,610.0,35.49,231700,1 year,MORTGAGE,MD
LN002747,D,D4,car,60,6700.0,17.99,170.1,2023-04-12,2023-05-14,Fully Paid,10038.29,6700.0,3338.29,0.0,650.0,32.33,56500,3 years,MORTGAGE,NV
LN003145,D,D1,educational,36,29500.0,19.85,1094.07,2021-11-03,2021-12-01,Charged Off,14010.51,9807.36,4203.15,19692.64,654.0,7.98,194100,6 years,RENT,IA
LN001104,C,C5,small_business,36,36600.0,13.9,1249.12,2022-12-29,2023-01-31,Current,16238.56,10555.06,5683.5,0.0,586.0,34.56,33700,7 years,RENT,HI
LN001352,C,C4,medical,36,31800.0,16.44,1124.91,2022-08-01,2022-08-31,Fully Paid,40743.04,31800.0,8943.04,0.0,752.0,35.59,213500,10+ years,MORTGAGE,ND
LN002659,C,C4,major_purchase,60,1800.0,15.61,43.4,2022-11-25,2022-12-23,Current,1736.0,1128.4,607.6,0.0,797.0,8.62,175500,6 years,MORTGAGE,WV
LN002881,E,E3,vacation,36,,25.46,636.06,2021-07-16,2021-08-19,Fully Paid,23273.3,15900.0,7373.3,0.0,715.0,10.83,118700,10+ years,RENT,NV
LN001279,B,B3,car,36,3700.0,10.11,119.58,2023-05-14,2023-06-14,Current,2391.6,1554.54,837.06,0.0,796.0,39.58,97700,5 years,MORTGAGE,SC
LN001962,E,E5,small_business,36,4600.0,26.18,185.78,2021-01-04,2021-02-05,Current,6130.74,3984.98,2145.76,0.0,614.0,11.92,174600,5 years,OWN,MT
LN002953,B,B3,credit_card,60,25800.0,9.27,538.95,2023-01-29,2023-02-26,Fully Paid,32059.76,25800.0,6259.76,0.0,647.0,8.1,28200,5 years,RENT,CA
LN000983,C,C3,wedding,60,11200.0,15.8,271.17,2021-05-29,2021-06-29,Default,2711.7,1898.19,813.51,0.0,734.0,9.81,49800,8 years,RENT,NC
LN000457,B,B4,educational,60,2400.0,8.92,49.73,2023-04-18,2023-05-20,Charged Off,1401.23,980.86,420.37,1419.14,733.0,34.82,221800,,MORTGAGE,SD
LN002703,E,E5,moving,36,9600.0,23.6,374.62,2023-03-02,2023-03-30,Default,4120.82,2884.57,1236.25,0.0,818.0,34.96,199300,4 years,RENT,OH
LN001992,B,B5,educational,36,30600.0,8.54,966.53,2022-07-06,2022-08-06,Fully Paid,35154.68,30600.0,4554.68,0.0,734.0,167.24,226800,,RENT,NY
LN000382,C,C5,major_purchase,60,32400.0,14.75,766.55,2021-11-25,2021-12-30,Charged Off,4825.95,3378.16,1447.78,29021.84,736.0,14.31,143900,10+ years,RENT,AK
LN003355,G,G5,medical,60,19400.0,34.48,682.07,2023-11-04,2023-12-07,Fully Paid,41180.72,19400.0,21780.72,0.0,740.0,42.56,99200,7 years,MORTGAGE,KY
LN002928,E,E5,small_business,60,13000.0,26.47,392.85,2021-05-23,2021-06-22,Current,8249.85,5362.4,2887.45,0.0,723.0,34.66,231000,5 years,RENT,NM
LN003153,A,A4,major_purchase,36,19600.0,5.96,595.91,2023-06-23,2023-07-25,Charged Off,3267.39,2287.17,980.22,17312.83,618.0,27.21,29400,7 years,MORTGAGE,TX
LN001011,F,F4,debt_consolidation,36,25900.0,30.54,1107.17,2022-12-27,2023-01-25,Charged Off,9040.5,6328.35,2712.15,19571.65,601.0,14.82,63500,5 years,MORTGAGE,KS
LN003067,B,B4,home_improvement,36,1300.0,8.62,41.11,2022-01-12,2022-02-09,Fully Paid,1472.0,1300.0,172.0,0.0,771.0,36.46,194400,1 year,RENT,OK
LN002015,B,B4,moving,60,18400.0,9.52,386.61,2023-05-10,2023-06-10,Fully Paid,23264.21,18400.0,4864.21,0.0,675.0,25.31,227100,1 year,RENT,OK
LN000663,G,G1,major_purchase,36,,32.71,672.43,2023-12-24,2024-01-21,Charged Off,9001.29,6300.9,2700.39,8999.1,949.0,42.56,68500,8 years,MORTGAGE,TN
LN002346,F,F4,debt_consolidation,60,18500.0,28.12,577.35,2023-11-19,2023-11-09,Fully Paid,34449.23,18500.0,15949.23,0.0,632.0,38.34,40400,10+ years,MORTGAGE,RI
LN001851,B,B1,moving,60,8400.0,9.34,175.76,2022-05-18,2022-06-21,Charged Off,864.71,605.3,259.41,7794.7,599.0,40.55,250000,7 years,OWN,CA
LN003260,D,D3,major_purchase,36,9300.0,17.89,335.7,2021-07-27,2021-08-25,Current,6042.6,3927.69,2114.91,0.0,806.0,42.24,87100,3 years,MORTGAGE,SC
LN002754,C,C2,educational,60,38200.0,13.89,886.67,2023-08-18,2023-09-18,Fully Paid,52473.9,38200.0,14273.9,0.0,697.0,37.73,134500,7 years,MORTGAGE,KY
LN002047,C,C2,car,36,27800.0,12.64,931.88,2022-06-09,2022-07-14,Late (31-120 days),11182.56,7827.79,3354.77,0.0,704.0,11.26,25700,,OTHER,DE
LN002821,B,B5,medical,36,2400.0,11.4,79.03,2023-03-30,2023-04-29,Charged Off,1366.53,956.57,409.96,1443.43,819.0,110.08,209200,6 years,MORTGAGE,QQ
LN002742,E,E4,moving,60,34400.0,25.02,1010.09,2022-10-10,2022-11-11,Fully Paid,61410.62,34400.0,27010.62,0.0,614.0,21.35,154100,1 year,OWN,WV
LN001928,C,C3,major_purchase,60,16500.0,12.98,375.26,2023-03-03,2023-04-02,Charged Off,1716.9,1201.83,515.07,15298.17,684.0,42.55,134300,3 years,RENT,MD
LN000846,B,B3,car,36,10400.0,11.83,344.58,2023-07-30,2023-08-31,Current,2756.64,1791.82,964.82,0.0,794.0,41.49,72600,9 years,MORTGAGE,MD
LN000543,A,A1,small_business,36,,5.43,521.84,2021-04-29,2021-06-01,Fully Paid,19118.06,17300.0,1818.06,0.0,810.0,9.84,107900,2 years,MORTGAGE,KS
LN001823,A,A2,small_business,60,,6.95,409.4,2023-03-03,2023-04-06,Fully Paid,24762.23,20700.0,4062.23,0.0,726.0,23.05,122900,5 years,MORTGAGE,SD
LN003186,D,D3,debt_consolidation,36,14900.0,20.09,554.42,2022-10-12,2022-11-14,Fully Paid,20117.84,14900.0,5217.84,0.0,874.0,40.39,81700,7 years,RENT,MN
LN002577,B,B3,home_improvement,36,39100.0,9.25,1247.92,2023-03-11,2023-04-14,Charged Off,2526.44,1768.51,757.93,37331.49,771.0,35.3,189200,5 years,RENT,NV
LN001197,B,B5,vacation,60,,11.6,795.75,2022-11-08,2022-12-13,Fully Paid,47192.28,36100.0,11092.28,0.0,769.0,33.88,177400,7 years,RENT,KS
LN001103,A,A3,moving,36,39700.0,7.09,1227.46,2022-01-22,2022-02-19,Late (31-120 days),9819.68,6873.78,2945.9,0.0,298.0,44.69,193600,10+ years,RENT,NC
LN002420,E,E1,moving,36,33700.0,25.27,1344.72,2022-08-31,2022-09-29,Fully Paid,47743.07,33700.0,14043.07,0.0,796.0,115.59,125500,4 years,OTHER,MA
LN003370,B,B5,credit_card,36,31100.0,10.84,1015.82,2021-02-23,2021-03-28,Current,31490.42,20468.77,11021.65,0.0,700.0,6.69,64000,8 years,OWN,MS
LN001801,B,B4,major_purchase,36,29400.0,11.71,972.43,2022-08-04,2022-09-04,Fully Paid,34712.05,29400.0,5312.05,0.0,708.0,33.55,171700,5 years,RENT,ID
LN001499,D,D5,car,36,13200.0,19.48,487.07,2022-02-02,2022-03-03,Current,17047.45,11080.84,5966.61,0.0,678.0,7.11,48900,2 years,RENT,VT
LN002243,E,E4,medical,36,,24.82,916.25,2022-09-18,2022-10-18,Current,18325.0,11911.25,6413.75,0.0,699.0,20.99,221000,4 years,RENT,VA
LN001453,D,D4,moving,60,7100.0,20.94,191.84,2021-02-15,2021-03-21,Current,10551.2,6858.28,3692.92,0.0,649.0,36.03,39300,2 years,MORTGAGE,PA
LN001049,F,F4,credit_card,36,19100.0,30.78,819.01,2023-11-01,2023-12-06,Fully Paid,30052.06,19100.0,10952.06,0.0,796.0,24.18,169300,3 years,RENT,NC
LN003146,G,G4,car,60,13400.0,34.7,473.0,2022-06-22,2022-07-27,Current,26488.0,17217.2,9270.8,0.0,675.0,21.66,60000,10+ years,OWN,MN
LN002179,E,E2,vacation,36,24600.0,25.82,988.79,2023-02-19,2023-03-19,current,11865.48,7712.56,4152.92,0.0,581.0,25.23,222800,5 years,RENT,LA
LN001881,B,B1,car,60,13500.0,9.15,281.22,2022-03-20,2022-04-20,Charged Off,2965.92,2076.14,889.78,11423.86,583.0,8.77,247900,1 year,MORTGAGE,ME
LN002516,D,D1,car,36,26500.0,18.36,962.83,2021-12-25,2022-01-28,Fully Paid,34354.08,26500.0,7854.08,0.0,641.0,14.9,207300,< 1 year,RENT,LA
LN000238,C,C1,educational,60,27700.0,15.63,668.18,2021-09-27,2021-10-26,Fully Paid,39526.64,27700.0,11826.64,0.0,730.0,28.31,66000,10+ years,MORTGAGE,CT
LN002098,E,E3,major_purchase,36,33900.0,26.17,1368.92,2023-02-28,2023-04-01,Current,27378.4,17795.96,9582.44,0.0,754.0,8.41,51300,5 years,RENT,MT
LN002464,D,D1,major_purchase,36,29600.0,20.28,1104.27,2022-01-17,2022-02-16,Fully Paid,40382.35,29600.0,10782.35,0.0,671.0,222.87,167600,8 years,MORTGAGE,UT
LN001134,B,B4,car,36,39000.0,8.66,1234.03,2021-01-07,2021-02-05,Fully Paid,43765.43,39000.0,4765.43,0.0,779.0,38.86,42200,10+ years,MORTGAGE,AR
LN002351,B,B5,major_purchase,36,25800.0,10.6,839.78,2022-05-14,2022-06-14,Charged Off,8745.93,6122.15,2623.78,19677.85,771.0,11.01,159900,7 years,RENT,ND
LN002465,B,B3,debt_consolidation,36,27400.0,10.98,896.78,2023-06-13,2023-07-17,Charged Off,11897.05,8327.93,3569.11,19072.07,708.0,39.98,245300,10+ years,MORTGAGE,HI
LN000164,A,A4,vacation,36,36600.0,5.68,1108.14,2023-09-18,2023-10-17,Current,5540.7,3601.45,1939.24,0.0,603.0,21.21,179400,6 years,RENT,AL
LN001514,B,B3,major_purchase,60,6600.0,8.98,136.94,2023-11-05,2023-12-04,Late (31-120 days),1095.52,766.86,328.66,0.0,664.0,37.29,79800,2 years,RENT,OR
LN000253,F,F4,home_improvement,36,,28.22,1559.74,2021-03-21,2021-04-19,Charged Off,14929.76,10450.83,4478.93,27149.17,625.0,17.54,48700,< 1 year,RENT,WI
LN002175,D,D5,renewable_energy,36,,17.7,658.84,2021-12-11,2022-01-10,Late (31-120 days),5929.56,4150.69,1778.87,0.0,760.0,26.61,202200,6 years,MORTGAGE,MA
LN002500,A,A1,vacation,36,2400.0,6.68,73.75,2023-06-26,2023-07-31,Fully Paid,2618.53,2400.0,218.53,0.0,772.0,9.85,139300,3 years,RENT,TN
LN001594,F,F5,wedding,36,10600.0,31.07,456.22,2022-11-26,2022-12-30,Current,5474.64,3558.52,1916.12,0.0,730.0,41.59,249500,2 years,RENT,OK
LN000931,B,B3,renewable_energy,60,18300.0,10.08,389.54,2021-11-19,2021-12-18,Charged Off,1120.33,784.23,336.1,17515.77,735.0,7.44,49200,7 years,RENT,AL
LN001658,E,E3,educational,36,32300.0,25.81,1298.12,2021-01-26,2021-02-26,Fully Paid,46935.54,32300.0,14635.54,0.0,803.0,16.12,53300,2 years,MORTGAGE,AL
LN001784,F,F3,credit_card,60,17900.0,28.26,560.14,2023-05-31,2023-06-29,Fully Paid,33804.31,17900.0,15904.31,0.0,702.0,17.41,155900,4 years,RENT,AZ
LN003092,F,F1,credit_card,36,20700.0,28.93,866.66,2023-11-30,2024-01-04,Fully Paid,30584.96,20700.0,9884.96,0.0,594.0,239.4,112000,1 year,RENT,ND
LN001451,B,B5,renewable_energy,60,1100.0,10.49,23.64,2021-02-17,2021-03-19,Charged Off,516.94,361.86,155.08,738.14,651.0,42.54,233500,5 years,RENT,MA
LN002991,B,B2,wedding,60,32500.0,8.8,671.5,2021-01-02,2021-02-04,Charged Off,16177.06,11323.94,4853.12,21176.06,725.0,13.87,201200,4 years,RENT,IL
LN001972,E,E5,debt_consolidation,36,,22.71,412.58,2023-10-23,2023-11-27,Late (31-120 days),2062.9,1444.03,618.87,0.0,622.0,24.7,151800,10+ years,RENT,MT
LN003443,A,A1,vacation,36,22300.0,6.01,678.51,2023-11-19,2023-12-17,Fully Paid,24119.97,22300.0,1819.97,0.0,616.0,24.38,174300,< 1 year,RENT,NE
LN001091,D,D2,wedding,36,33800.0,19.9,1254.41,2023-10-07,2023-11-07,Fully Paid,44328.21,33800.0,10528.21,0.0,643.0,34.8,54500,7 years,RENT,IN
LN002873,B,B1,major_purchase,36,26500.0,9.68,851.1,2023-12-19,2024-01-18,Fully Paid,30634.69,26500.0,4134.69,0.0,754.0,29.96,227000,7 years,MORTGAGE,MN
LN001588,B,B3,medical,36,1900.0,10.55,61.8,2023-02-16,2023-03-18,Default,494.4,346.08,148.32,0.0,673.0,14.95,99800,6 years,RENT,NH
LN001182,E,E3,educational,60,15700.0,23.3,445.3,2023-06-01,2023-07-01,Fully Paid,26840.24,15700.0,11140.24,0.0,610.0,43.71,200300,10+ years,RENT,AL
LN000594,G,G1,educational,36,30100.0,32.69,1322.54,2023-05-23,2023-06-21,Charged Off,17752.34,12426.64,5325.7,17673.36,758.0,20.54,79400,3 years,MORTGAGE,VT
LN000678,C,C4,home_improvement,60,25000.0,15.47,600.93,2023-11-03,2023-12-05,Charged Off,11185.16,7829.61,3355.55,17170.39,693.0,36.26,30400,3 years,RENT,TN
LN000042,A,A1,small_business,36,20200.0,6.19,616.26,2021-02-20,2021-03-23,Fully Paid,22354.51,20200.0,2154.51,0.0,740.0,14.71,148500,10+ years,MORTGAGE,DE
LN002284,C,C3,debt_consolidation,60,1500.0,14.86,35.57,2022-03-06,2022-04-08,Current,1244.95,809.22,435.73,0.0,588.0,21.56,78900,7 years,OWN,MI
LN003380,C,C1,wedding,36,32800.0,15.7,1148.3,2021-06-17,2021-07-15,Current,8038.1,5224.77,2813.34,0.0,640.0,20.17,51900,5 years,OWN,VT
LN002467,C,C1,credit_card,60,16100.0,14.11,375.54,2023-12-24,2024-01-28,Fully Paid,22524.99,16100.0,6424.99,0.0,757.0,5.62,139400,1 year,MORTGAGE,VT
LN000244,A,G3,vacation,36,10000.0,7.88,312.81,2023-10-20,2023-11-24,Charged Off,2423.68,1696.58,727.1,8303.42,621.0,38.51,130900,8 years,MORTGAGE,ME
LN001125,B,B2,vacation,60,36600.0,8.72,754.79,2022-12-05,2023-01-07,Fully Paid,45625.84,36600.0,9025.84,0.0,594.0,218.05,144300,2 years,MORTGAGE,IN
LN001314,B,B2,medical,60,7600.0,11.01,165.28,2022-06-16,2022-07-21,Fully Paid,10087.51,7600.0,2487.51,0.0,997.0,40.03,124800,4 years,RENT,WY
LN001500,B,B5,vacation,36,31300.0,10.68,1019.99,2023-05-27,2023-06-24,Fully Paid,37171.42,31300.0,5871.42,0.0,588.0,42.53,110900,3 years,MORTGAGE,DE
LN002672,B,B2,major_purchase,36,32800.0,10.69,1069.02,2023-03-23,2023-04-20,Current,18173.34,11812.67,6360.67,0.0,774.0,35.86,126100,6 years,MORTGAGE,UT
LN000262,D,D4,small_business,36,3500.0,17.5,125.66,2023-08-20,2023-09-19,Current,2638.86,1715.26,923.6,0.0,672.0,37.06,153000,4 years,RENT,WI
LN002609,D,D2,vacation,60,32100.0,19.52,841.9,2022-10-27,2022-11-27,Fully Paid,50138.97,32100.0,18038.97,0.0,702.0,27.99,243900,10+ years,RENT,NH
LN002000,B,B3,small_business,60,35800.0,8.59,736.05,2021-11-27,2021-12-28,Charged Off,13778.36,9644.85,4133.51,26155.15,646.0,108.35,180700,5 years,RENT,NE
LN002404,A,A2,home_improvement,36,21700.0,7.0,670.03,2022-11-04,2022-12-02,Fully Paid,24452.99,21700.0,2752.99,0.0,751.0,31.68,239500,5 years,MORTGAGE,NY
LN000835,B,B1,home_improvement,36,11400.0,10.03,368.01,2023-03-02,2023-04-02,Fully Paid,13277.69,11400.0,1877.69,0.0,778.0,19.97,220500,1 year,RENT,OK
LN003448,A,A5,moving,60,14400.0,5.06,272.14,2022-12-11,2023-01-11,Fully Paid,16474.16,14400.0,2074.16,0.0,692.0,10.86,135000,9 years,RENT,FL
LN001361,E,E3,wedding,36,30100.0,26.68,1223.68,2021-04-23,2021-05-24,Current,22026.24,14317.06,7709.18,0.0,793.0,33.23,130800,3 years,OWN,IA
LN002717,B,B5,credit_card,36,8600.0,9.42,275.16,2022-04-04,2022-05-03,Fully Paid,9804.37,8600.0,1204.37,0.0,678.0,40.46,89100,6 years,MORTGAGE,NC
LN001310,B,B2,vacation,36,36800.0,10.61,1198.0,2022-02-01,2022-03-04,Fully Paid,43954.49,36800.0,7154.49,0.0,735.0,42.7,233200,10+ years,OWN,ID
LN000341,C,C4,educational,36,20000.0,15.58,699.0,2023-05-21,2023-06-21,Fully Paid,24752.72,20000.0,4752.72,0.0,738.0,18.54,49500,< 1 year,MORTGAGE,VT
LN001534,C,C3,wedding,60,31000.0,13.99,721.16,2021-05-15,2021-06-19,Current,25240.6,16406.39,8834.21,0.0,799.0,26.85,148400,9 years,OWN,NY
LN000749,C,C4,home_improvement,36,24400.0,12.98,821.9,2022-05-13,2022-05-09,Fully Paid,29354.96,24400.0,4954.96,0.0,745.0,31.02,207000,< 1 year,MORTGAGE,FL
LN003087,D,D1,renewable_energy,60,29000.0,21.45,791.91,2022-11-10,2022-12-14,Current,28508.76,18530.69,9978.07,0.0,597.0,8.67,26400,5 years,RENT,WV
LN000481,B,B1,renewable_energy,60,26800.0,11.31,586.85,2022-02-21,2022-03-27,Current,13497.55,8773.41,4724.14,0.0,631.0,21.57,127900,7 years,OWN,WI
LN001698,A,A5,medical,36,16300.0,6.41,498.91,2021-12-31,2022-01-31,Default,997.82,698.47,299.35,0.0,644.0,220.21,138000,,MORTGAGE,CO
LN001955,D,D2,moving,36,2000.0,20.37,74.7,2022-12-16,2023-01-20,Fully Paid,2669.84,2000.0,669.84,0.0,615.0,8.57,90000,4 years,OWN,IN
LN001663,C,C3,home_improvement,36,5900.0,14.75,203.8,2022-01-22,2022-02-26,Current,6725.4,4371.51,2353.89,0.0,653.0,26.3,213500,4 years,RENT,DE
LN000784,D,D2,debt_consolidation,60,2200.0,20.45,58.84,2022-07-11,2022-08-09,Fully Paid,3582.21,2200.0,1382.21,0.0,815.0,20.52,197900,4 years,OWN,OK
LN003084,A,A4,renewable_energy,60,11200.0,6.56,219.46,2023-09-13,2023-10-13,Current,1536.22,998.54,537.68,0.0,677.0,10.83,236400,10+ years,RENT,MD
LN002773,G,G4,moving,60,4400.0,34.08,153.58,2023-12-03,2024-01-06,Fully Paid,9183.2,4400.0,4783.2,0.0,815.0,8.14,117000,10+ years,RENT,VA
LN002360,B,B5,medical,36,,11.76,82.75,2021-05-06,2021-06-10,Charged Off,487.32,341.12,146.2,2158.88,767.0,36.65,178800,3 years,MORTGAGE,WY
LN001429,E,E4,home_improvement,36,4200.0,23.91,164.58,2021-10-05,2021-11-03,Charged Off,916.24,641.37,274.87,3558.63,663.0,38.27,112100,10+ years,MORTGAGE,NM
LN002382,E,E5,moving,60,25300.0,26.55,765.75,2021-08-14,2021-09-17,Current,12252.0,7963.8,4288.2,0.0,627.0,39.17,44500,9 years,RENT,IN
LN002251,A,A5,car,36,19500.0,6.85,600.77,2022-04-06,2022-05-08,Current,6608.47,4295.51,2312.96,0.0,714.0,44.68,112400,,MORTGAGE,IA
LN001412,A,A5,car,60,17700.0,7.89,357.96,2021-06-07,2021-07-06,Current,1789.8,1163.37,626.43,0.0,621.0,20.94,212800,< 1 year,OWN,OK
LN001676,B,B5,renewable_energy,60,23300.0,10.81,504.39,2022-03-15,2022-04-19,LATE (31-120 DAYS),2017.56,1412.29,605.27,0.0,762.0,17.65,197300,5 years,OWN,SC
LN002373,D,D3,medical,36,17700.0,18.65,645.68,2021-07-21,2021-08-24,Fully Paid,23387.29,17700.0,5687.29,0.0,630.0,29.6,29100,10+ years,MORTGAGE,PA
LN002549,A,A4,car,60,13200.0,5.96,254.95,2022-12-13,2023-01-17,Charged Off,6810.52,4767.36,2043.16,8432.64,709.0,41.1,207600,10+ years,RENT,NM
LN001462,A,A5,major_purchase,36,28800.0,6.75,885.97,2023-05-05,2023-06-02,Fully Paid,31864.04,28800.0,3064.04,0.0,660.0,6.2,64200,5 years,RENT,OR
LN001272,C,C5,car,36,,16.09,971.56,2022-07-26,2022-08-24,Charged Off,16484.2,11538.94,4945.26,16061.06,749.0,30.63,54700,4 years,RENT,PA
LN002234,C,C1,debt_consolidation,36,29600.0,16.05,1041.38,2022-10-17,2022-11-16,Fully Paid,36998.69,29600.0,7398.69,0.0,818.0,8.79,60400,8 years,MORTGAGE,OK
LN001128,F,F1,educational,36,5200.0,31.17,224.09,2023-06-27,2023-08-01,Current,5154.07,3350.15,1803.92,0.0,679.0,8.81,230000,10+ years,MORTGAGE,WA
LN000627,D,D2,car,60,22800.0,20.4,609.15,2021-07-22,2021-08-21,Late (31-120 days),1218.3,852.81,365.49,0.0,671.0,43.97,98500,10+ years,RENT,NC
LN000348,A,A2,moving,36,38100.0,5.69,1153.73,2021-11-02,2021-12-06,Fully Paid,41577.79,38100.0,3477.79,0.0,643.0,27.8,98200,6 years,MORTGAGE,WV
LN002298,B,B3,moving,36,28200.0,9.0,896.75,2023-05-21,2023-06-25,Current,10761.0,6994.65,3766.35,0.0,660.0,17.43,101000,1 year,RENT,MA
LN001767,A,A2,educational,60,,5.43,221.2,2021-09-04,2021-10-08,Fully Paid,13356.25,11600.0,1756.25,0.0,708.0,39.06,180600,6 years,RENT,NM
LN000980,E,E5,major_purchase,36,17900.0,25.64,717.77,2022-06-23,2022-07-23,Default,7895.47,5526.83,2368.64,0.0,726.0,43.85,118700,8 years,MORTGAGE,KS
LN003097,B,B4,debt_consolidation,60,,9.0,545.94,2022-04-22,2022-05-27,Fully Paid,32930.36,26300.0,6630.36,0.0,652.0,19.58,27900,4 years,MORTGAGE,IN
LN001593,F,F2,educational,36,14100.0,28.24,585.06,2021-10-02,2021-11-05,Fully Paid,21450.75,14100.0,7350.75,0.0,724.0,29.8,29500,4 years,RENT,NJ
LN000912,B,B3,small_business,60,17800.0,9.97,377.93,2023-09-17,2023-10-19,Default,755.86,529.1,226.76,0.0,583.0,9.05,223800,2 years,OWN,PA
LN002253,E,E4,major_purchase,60,5100.0,25.56,151.37,2021-03-26,2021-04-23,Fully Paid,8904.8,5100.0,3804.8,0.0,691.0,22.38,239600,4 years,MORTGAGE,AZ
LN000633,A,A1,medical,36,27500.0,7.71,858.08,2021-11-06,2021-12-08,Current,26600.48,17290.31,9310.17,0.0,615.0,28.08,153100,5 years,OTHER,MN
LN001432,B,B3,debt_consolidation,60,30400.0,10.55,654.17,2022-01-13,2022-02-10,Current,6541.7,4252.11,2289.59,0.0,592.0,26.29,164300,5 years,MORTGAGE,OH
LN000446,A,A2,credit_card,36,12800.0,7.5,398.16,2022-11-02,2022-12-05,Fully Paid,14243.63,12800.0,1443.63,0.0,745.0,36.47,224100,6 years,MORTGAGE,OK
LN000618,F,F3,car,60,12200.0,30.38,397.56,2021-12-28,2022-02-01,Default,4373.16,3061.21,1311.95,0.0,611.0,31.62,243900,7 years,OWN,VT
LN003058,F,F5,educational,36,17600.0,28.53,733.05,2022-05-03,2022-06-05,Charged Off,4315.75,3021.02,1294.72,14578.98,609.0,203.67,104600,10+ years,MORTGAGE,IN
LN001554,E,E1,wedding,36,10900.0,23.33,423.81,2021-08-08,2021-09-12,Current,2119.05,1377.38,741.67,0.0,584.0,33.69,55600,< 1 year,MORTGAGE,OR
LN001868,G,G3,moving,60,29300.0,34.48,1030.13,2021-09-29,2021-10-28,Default,1030.13,721.09,309.04,0.0,690.0,8.08,111500,7 years,MORTGAGE,VA
LN001643,E,E4,home_improvement,36,3000.0,23.6,117.07,2021-04-16,2021-05-20,Fully Paid,4215.93,3000.0,1215.93,0.0,671.0,30.37,190200,10+ years,MORTGAGE,NE
LN003056,E,E2,home_improvement,60,27100.0,23.49,771.61,2023-08-27,2023-10-01,Charged Off,5990.01,4193.01,1797.0,22906.99,984.0,136.04,245800,5 years,OWN,KY
LN001367,E,E1,moving,60,5000.0,26.65,151.63,2023-09-18,2023-10-19,Late (31-120 days),758.15,530.7,227.44,0.0,760.0,215.02,147200,,MORTGAGE,MT
LN001785,D,D1,credit_card,60,27400.0,21.66,751.47,2021-11-14,2021-12-18,Fully Paid,44384.81,27400.0,16984.81,0.0,795.0,37.63,249800,3 years,RENT,RI
LN001812,D,D2,renewable_energy,36,12900.0,19.37,475.28,2023-10-20,2023-11-23,Current,11882.0,7723.3,4158.7,0.0,745.0,6.15,67500,,OWN,NM
LN000354,E,E4,credit_card,60,18100.0,24.07,521.44,2021-05-07,2021-06-10,Fully Paid,31746.72,18100.0,13646.72,0.0,802.0,35.82,29600,7 years,MORTGAGE,AR
LN001233,G,G2,small_business,36,28200.0,34.79,1272.31,2022-11-15,2022-12-16,Current,38169.3,24810.05,13359.26,0.0,615.0,44.4,186800,5 years,OTHER,WI
LN000614,A,A1,moving,36,36800.0,7.25,1140.49,2022-06-02,2022-07-03,Fully Paid,41252.01,36800.0,4452.01,0.0,748.0,39.79,235900,4 years,RENT,SD
LN002728,B,B1,small_business,60,1100.0,8.52,22.58,2023-12-10,2024-01-11,Fully Paid,1351.8,1100.0,251.8,0.0,685.0,6.81,122600,9 years,OTHER,AR
LN002319,E,E1,major_purchase,60,2600.0,22.92,73.18,2021-04-03,2021-05-02,Fully Paid,4321.65,2600.0,1721.65,0.0,658.0,26.03,25000,3 years,RENT,IL
LN002113,C,C4,home_improvement,36,37000.0,14.67,1276.65,2021-01-11,2021-02-10,Fully Paid,45446.58,37000.0,8446.58,0.0,693.0,16.05,32600,10+ years,RENT,MN
LN001941,A,A3,medical,36,,6.68,230.48,2022-03-24,2022-04-26,Late (31-120 days),2765.76,1936.03,829.73,0.0,684.0,23.97,48000,9 years,RENT,IA
LN002280,C,C5,vacation,36,7900.0,12.74,265.19,2022-09-23,2022-10-23,Fully Paid,9657.86,7900.0,1757.86,0.0,788.0,31.51,201300,6 years,MORTGAGE,XX
LN003382,E,E1,credit_card,60,18400.0,26.52,556.58,2022-11-21,2022-12-22,Default,3896.06,2727.24,1168.82,0.0,584.0,29.96,144500,2 years,RENT,SD
LN000058,C,C4,credit_card,36,17500.0,12.96,589.31,2023-03-09,2023-04-12,Current,1767.93,1149.15,618.78,0.0,748.0,39.77,214200,4 years,RENT,MS
LN003392,D,D2,renewable_energy,36,13800.0,19.53,509.56,2021-05-09,2021-06-07,Fully Paid,18509.36,13800.0,4709.36,0.0,652.0,32.14,92700,3 years,MORTGAGE,VT
LN003178,A,A3,debt_consolidation,60,,7.78,145.23,2023-02-10,2023-03-17,Fully Paid,8779.85,7200.0,1579.85,0.0,757.0,37.06,214300,4 years,OWN,CO
LN002635,D,D2,car,36,39800.0,20.21,1483.37,2023-04-15,2023-05-18,Late (31-120 days),17800.44,12460.31,5340.13,0.0,612.0,41.3,36400,< 1 year,MORTGAGE,TX
LN001254,B,B3,small_business,60,,11.09,398.71,2023-05-17,2023-06-17,Current,2790.97,1814.13,976.84,0.0,608.0,10.6,104200,1 year,MORTGAGE,NH
LN003002,A,A5,debt_consolidation,36,14500.0,6.68,445.6,2022-12-14,2023-01-11,Current,11140.0,7241.0,3899.0,0.0,806.0,34.02,130400,10+ years,OTHER,OK
LN002261,C,C5,renewable_energy,60,35000.0,14.38,821.3,2023-11-05,2023-12-08,Current,35315.9,22955.34,12360.57,0.0,820.0,16.18,223300,10+ years,MORTGAGE,SC
LN002104,D,D3,major_purchase,36,37300.0,17.1,1331.7,2021-02-07,2021-03-12,Late (31-120 days),1331.7,932.19,399.51,0.0,711.0,9.59,149300,7 years,MORTGAGE,VA
LN001923,B,B3,wedding,36,28500.0,9.22,909.21,2022-07-16,2022-08-14,Charged Off,6300.69,4410.48,1890.21,24089.52,775.0,43.18,62500,6 years,MORTGAGE,AZ
LN001559,D,D4,major_purchase,36,15700.0,17.58,564.29,2022-02-08,2022-03-11,Charged Off,4790.97,3353.68,1437.29,12346.32,748.0,40.79,239300,4 years,MORTGAGE,WI
LN002321,E,E5,debt_consolidation,36,33100.0,26.91,1349.72,2022-12-21,2023-01-19,Fully Paid,49378.51,33100.0,16278.51,0.0,637.0,26.21,35900,4 years,MORTGAGE,OR
LN001498,G,G2,credit_card,36,19900.0,33.24,880.49,2022-11-29,2022-12-31,Fully Paid,31984.45,19900.0,12084.45,0.0,643.0,39.53,73500,8 years,RENT,SC
LN000561,A,A1,wedding,60,,7.71,219.5,2022-04-14,2022-05-14,Current,4170.5,2710.83,1459.67,0.0,670.0,21.84,207100,2 years,RENT,AZ
LN000708,C,C3,medical,36,,15.68,913.48,2022-09-15,2022-10-19,Fully Paid,33489.34,26100.0,7389.34,0.0,599.0,13.41,196900,4 years,RENT,NH
LN002973,D,D5,vacation,36,11000.0,19.11,403.83,2022-09-11,2022-10-16,Late (31-120 days),2019.15,1413.4,605.75,0.0,780.0,32.52,239500,7 years,RENT,UT
LN000425,A,A5,medical,60,2800.0,7.21,55.72,2022-06-25,2022-07-30,Current,1838.76,1195.19,643.57,0.0,812.0,41.72,43700,2 years,MORTGAGE,AL
LN001094,A,A1,car,36,4100.0,7.34,127.23,2021-04-12,2021-05-10,Current,2671.83,1736.69,935.14,0.0,632.0,21.54,142600,1 year,RENT,NV
LN000648,B,B2,moving,60,6500.0,11.96,144.46,2022-09-21,2022-10-26,Fully Paid,8616.89,6500.0,2116.89,0.0,691.0,5.23,106200,1 year,RENT,FL
LN000073,E,E4,credit_card,36,12500.0,26.37,506.1,2023-08-17,2023-09-20,Default,4554.9,3188.43,1366.47,0.0,673.0,179.89,186600,< 1 year,OWN,NJ
LN003301,F,F2,vacation,36,8600.0,31.06,370.09,2021-05-31,2021-07-02,Fully Paid,13120.6,8600.0,4520.6,0.0,,7.6,193400,5 years,MORTGAGE,AK
LN001546,C,C2,small_business,36,7400.0,14.0,252.91,2023-09-03,2023-10-05,Current,3034.92,1972.7,1062.22,0.0,603.0,25.07,121700,8 years,RENT,UT
LN001413,D,D1,debt_consolidation,60,10100.0,18.35,258.4,2022-04-15,2022-05-17,Fully Paid,15258.65,10100.0,5158.65,0.0,636.0,189.8,246000,6 years,RENT,TX
LN001006,C,C3,educational,60,20100.0,14.69,474.91,2022-03-12,2022-04-15,Charged Off,10063.03,7044.12,3018.91,13055.88,636.0,28.08,192100,7 years,OTHER,IA
LN000621,E,C3,major_purchase,60,35700.0,26.7,1083.72,2021-10-03,2021-11-02,Charged Off,13597.76,9518.43,4079.33,26181.57,636.0,9.26,28700,5 years,OWN,GA
LN001988,A,A2,renewable_energy,60,38300.0,5.42,730.16,2021-09-14,2021-10-17,Default,5111.12,3577.78,1533.34,0.0,783.0,5.14,96300,1 year,MORTGAGE,WI
LN002038,A,A3,major_purchase,36,4600.0,5.24,138.36,2021-07-28,2021-08-27,Fully Paid,4955.51,4600.0,355.51,0.0,602.0,10.26,120200,5 years,MORTGAGE,NY
LN000554,A,A1,educational,60,32400.0,5.76,622.77,2023-04-26,2023-05-31,Fully Paid,37257.26,32400.0,4857.26,0.0,752.0,42.72,46200,10+ years,RENT,NE
LN001518,E,E4,small_business,60,16400.0,24.76,479.06,2022-08-03,2022-09-05,Current,21557.7,14012.51,7545.19,0.0,626.0,20.33,91300,6 years,RENT,WY
LN001552,B,B3,vacation,36,22000.0,9.16,701.23,2022-07-11,2022-08-12,Late (31-120 days),7713.53,5399.47,2314.06,0.0,583.0,8.63,94400,,RENT,LA
LN003194,B,B2,educational,60,27000.0,9.35,565.07,2023-01-24,2023-02-28,Charged Off,1529.94,1070.96,458.98,25929.04,798.0,7.85,202000,9 years,MORTGAGE,PA
LN002589,F,F4,debt_consolidation,36,8800.0,30.16,374.35,2022-12-13,2023-01-10,Fully Paid,13738.14,8800.0,4938.14,0.0,638.0,17.21,231700,10+ years,OWN,TX
LN002304,E,E4,credit_card,60,,26.33,1081.89,2023-02-22,2023-03-25,Fully Paid,64246.19,35900.0,28346.19,0.0,650.0,36.42,209600,2 years,OWN,SC
LN000999,B,B5,educational,36,,8.58,467.75,2023-11-06,2023-12-11,Fully Paid,16968.19,14800.0,2168.19,0.0,635.0,7.61,179500,< 1 year,OWN,NJ
LN001776,A,A2,renewable_energy,60,7800.0,5.28,148.2,2023-05-21,2023-06-25,Charged Off,3997.36,2798.15,1199.21,5001.85,616.0,35.97,104000,5 years,MORTGAGE,GA
LN001884,D,B1,educational,36,10800.0,19.34,397.74,2023-02-09,2023-03-14,Fully Paid,14396.7,10800.0,3596.7,0.0,656.0,38.55,63200,7 years,MORTGAGE,NC
LN002029,G,G3,vacation,60,9300.0,32.63,316.08,2022-09-02,2022-10-03,Current,16120.08,10478.05,5642.03,0.0,745.0,35.48,195900,7 years,MORTGAGE,NM
LN003292,C,C2,educational,60,2700.0,13.62,62.29,2023-10-31,2023-11-30,Current,2616.18,1700.52,915.66,0.0,757.0,12.57,213000,3 years,RENT,IL
LN001851,B,B1,moving,60,,9.34,175.76,2022-05-18,2022-06-21,CHARGED OFF,864.71,605.3,259.41,7794.7,599.0,40.55,250000,7 years,OWN,CA
LN001381,B,B5,car,60,39000.0,10.65,841.16,2023-10-16,2023-11-14,Charged Off,3011.43,2108.0,903.43,36892.0,791.0,24.39,39700,9 years,MORTGAGE,RI
LN002092,E,E1,home_improvement,36,31800.0,23.58,1240.6,2023-11-24,2023-12-26,Current,28533.8,18546.97,9986.83,0.0,796.0,39.4,101300,3 years,MORTGAGE,NE
LN002481,F,F3,renewable_energy,36,27500.0,27.62,1131.86,2021-11-04,2021-12-02,Late (31-120 days),9054.88,6338.42,2716.46,0.0,660.0,6.82,228600,8 years,OWN,PA
LN000441,A,A3,educational,60,27300.0,7.84,551.46,2023-01-01,2023-02-03,Late (31-120 days),1102.92,772.04,330.88,0.0,678.0,19.62,41700,4 years,RENT,OK
LN000509,C,C4,vacation,60,,13.57,583.06,2021-02-25,2021-03-31,Fully Paid,34875.2,25300.0,9575.2,0.0,674.0,29.55,202800,7 years,RENT,NC
LN001101,B,B1,credit_card,60,29000.0,10.04,616.74,2021-12-27,2022-01-26,Fully Paid,36581.86,29000.0,7581.86,0.0,674.0,8.87,130000,< 1 year,MORTGAGE,DE
LN000590,A,A5,medical,36,3400.0,7.51,105.78,2021-02-01,2021-03-02,Fully Paid,3778.88,3400.0,378.88,0.0,593.0,28.93,44900,9 years,MORTGAGE,KS
LN001610,A,A3,debt_consolidation,36,1600.0,7.15,49.51,2021-02-19,2021-03-24,Late (31-120 days),99.02,69.31,29.71,0.0,718.0,16.05,32500,10+ years,RENT,VA
LN000650,C,C4,home_improvement,36,6500.0,15.67,227.46,2022-04-27,2022-05-27,Fully Paid,8188.56,6500.0,1688.56,0.0,776.0,32.38,46300,7 years,RENT,RI
LN003279,A,A4,major_purchase,36,22100.0,7.04,682.79,2022-01-03,2022-02-06,Fully Paid,24406.65,22100.0,2306.65,0.0,732.0,35.61,40900,7 years,RENT,MT
LN002094,A,A2,medical,36,14100.0,5.07,423.03,2022-06-21,2022-07-19,Fully Paid,15228.89,14100.0,1128.89,0.0,601.0,38.64,154900,8 years,MORTGAGE,TX
LN003470,A,A2,moving,60,14900.0,5.15,282.21,2021-02-20,2021-03-27,Fully Paid,16850.4,14900.0,1950.4,0.0,666.0,16.25,205200,4 years,MORTGAGE,AR
LN003277,E,E5,small_business,60,32300.0,25.04,948.81,2021-07-20,2021-08-24,Fully Paid,57589.44,32300.0,25289.44,0.0,728.0,27.42,42900,10+ years,MORTGAGE,NY
LN001738,F,F1,medical,36,20300.0,29.54,856.66,2021-05-01,2021-06-04,Current,16276.54,10579.75,5696.79,0.0,590.0,36.5,234600,5 years,MORTGAGE,AL
LN000661,B,B2,small_business,60,29200.0,8.92,605.01,2022-09-08,2022-10-09,Fully Paid,35920.48,29200.0,6720.48,0.0,590.0,30.58,138700,10+ years,RENT,AR
LN000631,B,B5,moving,36,27500.0,11.43,905.92,2023-12-05,2024-01-03,Current,14494.72,9421.57,5073.15,0.0,748.0,40.9,99000,10+ years,MORTGAGE,AL
LN001821,D,D2,major_purchase,60,4200.0,-20.22,111.79,2022-09-21,2022-10-25,Current,558.95,363.32,195.63,0.0,706.0,16.01,34400,4 years,MORTGAGE,MN
LN001250,A,A5,moving,60,,7.13,508.48,2022-11-04,2022-12-04,Fully Paid,29995.19,25600.0,4395.19,0.0,727.0,28.82,171700,5 years,MORTGAGE,AL
LN001423,D,D4,vacation,36,14800.0,19.68,547.61,2023-12-18,2024-01-18,Current,12595.03,8186.77,4408.26,0.0,762.0,32.0,158000,2 years,MORTGAGE,MD
LN000483,E,E4,wedding,60,4000.0,24.85,117.05,2022-01-20,2022-02-22,Charged Off,728.82,510.17,218.65,3489.83,771.0,32.41,147900,10+ years,OWN,CA
LN001622,C,C5,credit_card,60,4000.0,15.72,96.68,2023-05-31,2023-07-01,Current,1160.16,754.1,406.06,0.0,673.0,10.41,132400,3 years,MORTGAGE,WY
LN003070,E,E1,moving,36,16600.0,26.33,671.75,2022-10-08,2022-11-07,Charged Off,2403.13,1682.19,720.94,14917.81,737.0,31.35,172600,8 years,RENT,VT
LN001589,B,B1,medical,60,34200.0,11.16,746.32,2022-01-14,2022-02-11,Fully Paid,45234.54,34200.0,11034.54,0.0,642.0,20.02,79400,10+ years,MORTGAGE,MD
LN002506,D,D3,car,36,25900.0,21.38,980.84,2022-03-30,2022-05-01,Current,20597.64,13388.47,7209.17,0.0,734.0,39.79,142300,1 year,MORTGAGE,VA
LN002975,A,A2,major_purchase,60,7600.0,5.18,144.05,2021-06-03,2021-07-04,Fully Paid,8727.01,7600.0,1127.01,0.0,800.0,27.37,40600,1 year,OWN,TX
LN002343,B,B2,car,60,17800.0,10.81,385.33,2021-01-27,2021-02-24,Current,22734.47,14777.41,7957.06,0.0,647.0,29.81,221200,2 years,RENT,AL
LN000857,F,F4,moving,36,10800.0,30.9,463.82,2023-03-28,2023-04-27,Charged Off,4834.98,3384.49,1450.49,7415.51,641.0,12.01,106800,3 years,RENT,AK
LN001226,C,C2,wedding,60,26900.0,14.0,625.92,2022-06-25,2022-07-23,Charged Off,2258.07,1580.65,677.42,25319.35,586.0,15.38,44100,4 years,RENT,TX
LN001191,A,A2,wedding,60,10500.0,7.87,212.25,2023-02-16,2023-03-16,Fully Paid,12568.19,10500.0,2068.19,0.0,727.0,43.21,112600,8 years,MORTGAGE,CT
LN001755,D,D1,vacation,36,25800.0,18.48,938.96,2021-07-09,2021-08-08,Current,10328.56,6713.56,3615.0,0.0,586.0,17.08,191800,5 years,MORTGAGE,ID
LN000531,A,A5,wedding,36,16500.0,7.18,510.83,2021-05-19,2021-06-17,Current,13281.58,8633.03,4648.55,0.0,646.0,30.08,170100,1 year,MORTGAGE,DE
LN002407,A,A1,medical,36,13200.0,7.57,411.03,2021-05-09,2021-06-13,Current,5754.42,3740.37,2014.05,0.0,670.0,6.8,228100,4 years,OWN,WV
LN000050,F,F5,small_business,36,23500.0,28.86,983.0,2022-02-04,2022-03-04,Fully Paid,35900.03,23500.0,12400.03,0.0,609.0,37.88,189100,5 years,MORTGAGE,UT
LN003071,B,B5,home_improvement,36,27700.0,10.72,903.19,2022-08-29,2022-09-27,Fully Paid,32707.27,27700.0,5007.27,0.0,666.0,24.09,138200,9 years,MORTGAGE,BC
LN000859,C,C1,debt_consolidation,60,35900.0,15.21,858.02,2021-04-18,2021-05-23,Current,6006.14,3903.99,2102.15,0.0,780.0,21.68,131500,,OWN,VA
LN001476,A,A5,wedding,60,30000.0,8.0,608.29,2023-05-27,2023-06-25,Fully Paid,36360.45,30000.0,6360.45,0.0,580.0,5.93,62800,4 years,MORTGAGE,SD
LN001073,B,B5,medical,36,24000.0,9.34,767.0,2022-10-25,2022-11-22,Charged Off,13854.01,9697.81,4156.2,14302.19,785.0,37.13,244200,9 years,OWN,NE
LN000720,A,A1,home_improvement,36,17500.0,7.58,545.0,2021-10-01,2021-11-04,FULLY PAID,19296.68,17500.0,1796.68,0.0,765.0,41.09,176000,9 years,OWN,AL
LN001804,F,F4,renewable_energy,36,,27.66,45.3,2022-03-29,2022-04-26,Current,543.6,353.34,190.26,0.0,585.0,26.84,45300,1 year,MORTGAGE,MO
LN002349,D,D2,credit_card,36,17700.0,17.02,631.23,2021-06-04,2021-07-06,Fully Paid,22341.05,17700.0,4641.05,0.0,716.0,10.6,40900,8 years,MORTGAGE,MO
LN002699,C,C1,car,60,22200.0,15.49,533.86,2022-02-07,2022-03-07,Fully Paid,31889.98,22200.0,9689.98,0.0,581.0,16.85,32200,7 years,OWN,SC
LN002898,D,D4,small_business,60,10300.0,19.44,269.69,2023-12-27,2024-01-31,Charged Off,3085.96,2160.17,925.79,8139.83,636.0,25.82,65700,4 years,MORTGAGE,CA
LN002039,E,E1,wedding,36,13700.0,26.2,553.44,2021-10-21,2021-11-23,Late (31-120 days),3320.64,2324.45,996.19,0.0,864.0,34.72,152000,6 years,RENT,WI
LN001217,D,D4,debt_consolidation,36,14600.0,19.01,535.25,2023-06-11,2023-07-15,Fully Paid,19627.47,14600.0,5027.47,0.0,740.0,28.57,52700,9 years,RENT,PA
LN001870,B,B4,wedding,36,22000.0,9.26,702.26,2021-09-15,2021-10-14,Fully Paid,25624.36,22000.0,3624.36,0.0,634.0,26.02,46900,4 years,OTHER,HI
LN002677,B,B4,vacation,36,7900.0,11.96,262.24,2021-06-29,2021-07-29,Current,4458.08,2897.75,1560.33,0.0,595.0,41.87,242300,10+ years,OTHER,MA
LN001533,C,C4,debt_consolidation,36,23000.0,15.37,801.48,2022-06-22,2022-07-27,Fully Paid,28658.38,23000.0,5658.38,0.0,623.0,23.14,93000,6 years,RENT,IN
LN001865,A,A3,debt_consolidation,36,36100.0,5.44,1089.1,2021-07-22,2021-08-20,Fully Paid,39131.79,36100.0,3031.79,0.0,612.0,25.54,140000,5 years,OWN,AK
LN003241,C,C2,vacation,60,32700.0,15.15,780.51,2023-09-04,2023-10-06,Current,9366.12,6087.98,3278.14,0.0,749.0,27.34,113700,3 years,MORTGAGE,KS
LN002475,C,C1,educational,36,20400.0,13.05,687.85,2021-07-01,2021-07-30,Current,8254.2,5365.23,2888.97,0.0,632.0,9.94,162800,3 years,MORTGAGE,DE
LN001799,D,D4,debt_consolidation,36,15500.0,19.39,571.23,2021-09-23,2021-10-24,Charged Off,7273.29,5091.3,2181.99,10408.7,665.0,24.71,71800,1 year,MORTGAGE,AZ
LN001445,B,B4,credit_card,36,15900.0,10.08,513.65,2022-11-23,2022-12-24,Fully Paid,18368.85,15900.0,2468.85,0.0,678.0,37.82,123000,6 years,MORTGAGE,MN
LN002045,C,C5,wedding,36,15300.0,15.7,535.64,2023-03-04,2023-04-07,Current,14462.28,9400.48,5061.8,0.0,820.0,14.72,239200,1 year,MORTGAGE,NM
LN002571,D,D5,debt_consolidation,60,13500.0,17.49,339.08,2023-06-13,2023-07-18,Charged Off,3052.49,2136.74,915.75,11363.26,811.0,28.01,30600,< 1 year,RENT,CT
LN001386,D,D1,wedding,60,17000.0,17.95,431.23,2021-11-10,2021-12-15,Charged Off,6683.6,4678.52,2005.08,12321.48,811.0,12.27,199900,7 years,RENT,RI
LN001400,C,C2,car,60,32500.0,13.18,742.47,2021-11-12,2021-12-10,Fully Paid,44366.64,32500.0,11866.64,0.0,758.0,22.29,212300,8 years,MORTGAGE,IA
LN001196,B,B2,debt_consolidation,60,39500.0,11.9,876.66,2023-05-27,2023-06-26,Current,24546.48,15955.21,8591.27,0.0,766.0,36.62,47200,6 years,RENT,AZ
LN003389,D,D5,debt_consolidation,36,2200.0,18.07,79.61,2023-06-28,2023-08-02,Fully Paid,2818.1,2200.0,618.1,0.0,593.0,19.73,192700,6 years,MORTGAGE,ND
LN002477,G,G3,small_business,36,22700.0,35.14,1028.66,2021-08-15,2021-09-19,Current,18515.88,12035.32,6480.56,0.0,771.0,35.16,106900,6 years,MORTGAGE,MA
LN003150,A,A1,medical,36,22000.0,5.62,665.5,2021-05-28,2021-06-27,Charged Off,1130.9,791.63,339.27,21208.37,793.0,36.69,37600,3 years,OWN,CO
LN002468,G,G5,car,36,5100.0,34.09,228.08,2023-04-29,2023-05-31,Default,684.24,478.97,205.27,0.0,690.0,10.04,144700,,MORTGAGE,NY
LN000298,A,A4,medical,36,19900.0,5.7,602.7,2021-01-11,2021-02-11,Charged Off,9657.53,6760.27,2897.26,13139.73,679.0,23.79,211200,10+ years,RENT,TN
LN001728,B,B3,small_business,36,8900.0,11.99,295.56,2023-03-01,2023-04-01,Fully Paid,10459.14,8900.0,1559.14,0.0,595.0,32.81,64300,5 years,MORTGAGE,PA
LN001265,A,A2,debt_consolidation,36,36400.0,6.57,1116.78,2022-01-11,2022-02-15,Charged Off,4114.58,2880.21,1234.37,33519.79,812.0,6.19,221900,8 years,RENT,OK
LN003308,B,B1,car,36,19300.0,-10.77,629.76,2023-02-22,2023-03-26,Fully Paid,22691.66,19300.0,3391.66,0.0,668.0,42.49,161000,4 years,MORTGAGE,DE
LN000959,B,B5,home_improvement,60,8700.0,9.07,180.89,2022-05-13,2022-06-11,Charged Off,3393.51,2375.46,1018.05,6324.54,620.0,27.47,217300,7 years,RENT,KS
LN001721,C,C5,wedding,60,16300.0,12.55,367.13,2023-01-23,2023-02-26,Current,6975.47,4534.06,2441.41,0.0,709.0,38.86,57700,10+ years,RENT,TN
LN001755,D,D1,vacation,36,25800.0,18.48,938.96,2021-07-09,2021-08-08,Current,10328.56,6713.56,3615.0,0.0,586.0,17.08,191800,5 years,MORTGAGE,ID
LN001879,B,B5,credit_card,36,11500.0,9.26,367.09,2021-05-10,2021-06-14,Fully Paid,13177.6,11500.0,1677.6,0.0,587.0,24.13,80700,1 year,MORTGAGE,VA
LN002721,C,C4,medical,60,5800.0,15.62,139.88,2021-10-24,2021-11-21,Current,7273.76,4727.94,2545.82,0.0,755.0,15.03,165500,5 years,MORTGAGE,MT
LN001375,A,A3,renewable_energy,36,,5.23,114.28,2021-02-28,2021-03-30,Late (31-120 days),1371.36,959.95,411.41,0.0,728.0,27.25,130800,9 years,RENT,AK
LN001287,B,B2,car,36,21700.0,11.52,715.79,2023-09-19,2023-10-23,Fully Paid,25695.53,21700.0,3995.53,0.0,629.0,28.53,114700,10+ years,OTHER,MD
LN000350,F,F5,major_purchase,60,22100.0,30.56,722.63,2022-03-14,2022-04-17,Current,16620.49,10803.32,5817.17,0.0,735.0,14.63,248400,2 years,MORTGAGE,WV
LN001369,A,A2,medical,36,,5.55,480.47,2022-04-24,2022-05-28,Fully Paid,17025.55,15900.0,1125.55,0.0,657.0,14.28,209600,8 years,OWN,WV
LN002168,F,F3,credit_card,36,1200.0,27.96,49.61,2021-02-20,2021-03-22,Current,793.76,515.94,277.82,0.0,686.0,44.79,26300,7 years,MORTGAGE,NV
LN000644,G,G5,medical,36,19700.0,35.36,895.17,2021-05-19,2021-06-21,DEFAULT,6266.19,4386.33,1879.86,0.0,706.0,20.16,177800,10+ years,RENT,UT
LN003029,B,B5,credit_card,36,33900.0,9.77,1090.2,2023-03-01,2023-03-30,Fully Paid,39794.49,33900.0,5894.49,0.0,715.0,34.74,118600,3 years,OTHER,MO
LN001672,A,A5,small_business,36,32100.0,7.29,995.42,2023-08-24,2023-09-27,Fully Paid,36303.52,32100.0,4203.52,0.0,633.0,25.22,234600,5 years,RENT,AK
LN000670,F,F4,renewable_energy,60,6700.0,29.47,214.59,2022-05-08,2022-06-06,Fully Paid,13110.49,6700.0,6410.49,0.0,652.0,19.29,161600,1 year,MORTGAGE,ON
LN002216,A,A1,educational,36,11900.0,7.11,368.04,2021-06-18,2021-07-17,Fully Paid,13270.12,11900.0,1370.12,0.0,610.0,9.08,183300,10+ years,MORTGAGE,MO
LN003284,A,A2,vacation,36,31900.0,5.51,963.39,2023-05-13,2023-06-12,Fully Paid,34315.51,31900.0,2415.51,0.0,595.0,30.63,225000,6 years,MORTGAGE,IA
LN003478,A,A2,moving,60,19400.0,6.48,379.4,2023-12-06,2024-01-03,Fully Paid,23172.37,19400.0,3772.37,0.0,674.0,11.36,223600,7 years,OWN,AK
LN001180,C,C3,car,36,8000.0,16.24,282.21,2022-07-02,2022-08-05,Fully Paid,10344.69,8000.0,2344.69,0.0,801.0,35.92,232400,4 years,MORTGAGE,OH
LN002247,A,A2,small_business,60,2700.0,5.61,51.71,2021-11-26,2021-12-31,Fully Paid,3065.06,2700.0,365.06,0.0,639.0,40.48,105500,7 years,MORTGAGE,OH
LN002994,G,G1,home_improvement,36,15300.0,32.62,671.66,2023-11-27,2023-12-28,Fully Paid,23910.9,15300.0,8610.9,0.0,712.0,26.01,123000,,MORTGAGE,AL
LN002922,D,D3,debt_consolidation,36,7000.0,18.84,256.03,2021-09-12,2021-10-15,Current,5632.66,3661.23,1971.43,0.0,641.0,9.35,33800,4 years,MORTGAGE,CA
LN002017,B,B5,major_purchase,36,6100.0,10.67,198.75,2022-04-01,2022-05-06,Fully Paid,7116.36,6100.0,1016.36,0.0,764.0,9.27,202000,5 years,OTHER,NM
LN002517,D,D1,educational,60,25900.0,21.96,714.74,2021-01-03,2021-02-04,Fully Paid,42987.01,25900.0,17087.01,0.0,601.0,141.98,181200,2 years,MORTGAGE,NJ
LN001358,C,C1,renewable_energy,36,19300.0,13.05,650.76,2022-12-03,2023-01-06,Fully Paid,23151.75,19300.0,3851.75,0.0,757.0,19.84,215800,8 years,RENT,MN
LN000787,C,C4,car,36,10000.0,14.53,344.36,2023-12-09,2024-01-10,Late (31-120 days),688.72,482.1,206.62,0.0,639.0,16.89,164700,< 1 year,OWN,ON
LN003228,E,E1,car,36,4400.0,24.64,174.11,2022-12-26,2023-01-24,Charged Off,819.04,573.33,245.71,3826.67,756.0,31.28,146600,3 years,MORTGAGE,AK
LN000141,E,E2,educational,60,15800.0,26.45,477.28,2022-06-04,2022-07-02,Fully Paid,28754.54,15800.0,12954.54,0.0,817.0,44.32,141500,5 years,MORTGAGE,ND
LN000789,B,B3,small_business,36,15700.0,9.46,502.62,2022-08-27,2022-10-01,Fully Paid,17854.98,15700.0,2154.98,0.0,820.0,41.71,68400,10+ years,MORTGAGE,GA
LN000324,D,D2,moving,36,20500.0,17.98,740.92,2023-08-23,2023-09-22,Charged Off,1134.84,794.39,340.45,19705.61,992.0,24.98,236700,5 years,RENT,NY
LN002438,C,C3,home_improvement,60,36200.0,12.71,818.3,2021-02-03,2021-03-06,Current,38460.1,24999.06,13461.03,0.0,589.0,40.3,176700,10+ years,RENT,UT
LN000715,A,A1,educational,36,24800.0,6.7,762.35,2022-06-25,2022-07-28,Late (31-120 days),6861.15,4802.8,2058.34,0.0,596.0,20.42,111900,5 years,RENT,LA
LN002536,A,A2,credit_card,60,19700.0,6.91,389.25,2023-01-17,2023-02-14,Current,9731.25,6325.31,3405.94,0.0,767.0,36.86,95200,9 years,MORTGAGE,WA
LN003482,A,A2,wedding,60,3200.0,-5.19,60.67,2023-02-06,2023-03-07,Fully Paid,3604.78,3200.0,404.78,0.0,752.0,38.16,207500,2 years,MORTGAGE,VA
LN003323,B,B5,renewable_energy,36,2800.0,9.69,89.94,2022-11-25,2022-12-23,Current,539.64,350.77,188.87,0.0,720.0,13.72,195400,7 years,RENT,AR
LN001703,C,C1,car,60,34300.0,15.85,831.38,2021-12-25,2022-01-24,Current,45725.9,29721.84,16004.06,0.0,728.0,31.26,125100,10+ years,MORTGAGE,MS
LN003031,B,B2,wedding,36,34200.0,9.52,1095.85,2021-10-18,2021-11-20,Late (31-120 days),9862.65,6903.85,2958.79,0.0,771.0,36.34,135300,10+ years,MORTGAGE,WV
LN002357,A,A4,major_purchase,36,24100.0,6.88,742.82,2021-12-15,2022-01-19,Fully Paid,26821.13,24100.0,2721.13,0.0,626.0,19.8,73100,1 year,OWN,GA
LN000619,B,B2,wedding,60,31700.0,8.73,653.89,2023-02-08,2023-03-13,Fully Paid,39574.64,31700.0,7874.64,0.0,768.0,34.0,203900,9 years,RENT,DE
LN000407,A,A5,wedding,36,3700.0,7.71,115.45,2021-04-03,2021-05-01,Charged Off,1228.27,859.79,368.48,2840.21,700.0,27.96,160700,4 years,MORTGAGE,ME
LN001685,B,B3,educational,60,33800.0,9.07,702.78,2023-01-15,2023-02-15,Fully Paid,41829.61,33800.0,8029.61,0.0,676.0,39.18,177700,< 1 year,RENT,WV
LN001668,B,B5,moving,36,2100.0,11.77,69.52,2022-05-30,2022-06-29,Fully Paid,2498.73,2100.0,398.73,0.0,616.0,138.45,219000,1 year,MORTGAGE,PA
LN002969,B,B3,wedding,36,35300.0,11.76,1168.42,2022-10-22,2022-11-26,Fully Paid,42462.21,35300.0,7162.21,0.0,754.0,6.89,128000,1 year,OWN,CO
LN001745,B,B2,moving,36,5300.0,10.75,172.89,2023-10-05,2023-11-05,Fully Paid,6154.83,5300.0,854.83,0.0,668.0,24.91,35200,7 years,RENT,OK
LN003450,B,B3,debt_consolidation,60,21000.0,10.66,453.04,2021-05-04,2021-06-04,current,6342.56,4122.66,2219.9,0.0,725.0,42.29,206200,3 years,RENT,VA
LN000498,D,D2,major_purchase,36,,19.29,1254.98,2021-06-30,2021-07-28,Charged Off,18048.92,12634.24,5414.68,21465.76,757.0,20.9,111900,8 years,MORTGAGE,WV
LN002016,B,B5,educational,60,22800.0,8.67,469.65,2021-12-15,2022-01-13,Current,11271.6,7326.54,3945.06,0.0,694.0,44.11,87800,2 years,OWN,CA
LN000343,C,C4,moving,36,,14.46,1259.09,2021-01-26,2021-02-25,Charged Off,8345.7,5841.99,2503.71,30758.01,699.0,16.01,90600,< 1 year,RENT,ME
LN002334,C,C4,small_business,60,21100.0,15.96,512.66,2022-07-22,2022-08-19,Fully Paid,31191.18,21100.0,10091.18,0.0,614.0,41.14,105500,9 years,MORTGAGE,NM
LN003249,F,F3,medical,60,34600.0,30.16,1122.83,2022-12-24,2023-01-26,Charged Off,14777.21,10344.05,4433.16,24255.95,748.0,41.31,77700,3 years,OTHER,VT
LN000783,B,B1,car,36,8500.0,10.52,276.35,2023-02-23,2023-03-26,LATE (31-120 DAYS),2210.8,1547.56,663.24,0.0,583.0,11.67,196400,3 years,MORTGAGE,NM
LN001324,E,E2,educational,60,15400.0,-26.76,468.04,2022-01-04,2022-02-03,Late (31-120 days),5148.44,3603.91,1544.53,0.0,594.0,19.59,121600,2 years,RENT,IL
LN002285,B,B5,moving,36,32600.0,10.73,1063.12,2021-05-05,2021-06-07,Charged Off,2358.35,1650.84,707.5,30949.16,646.0,10.67,137300,< 1 year,RENT,SC
LN002471,D,D3,wedding,60,35700.0,17.3,893.01,2022-10-06,2022-11-06,Current,5358.06,3482.74,1875.32,0.0,646.0,36.92,118200,5 years,RENT,NJ
LN000304,D,D3,vacation,36,4500.0,18.15,163.02,2022-09-30,2022-11-03,Fully Paid,5755.23,4500.0,1255.23,0.0,713.0,39.38,231500,7 years,MORTGAGE,RI
LN002937,G,G1,educational,60,18000.0,32.11,605.9,2023-07-16,2023-08-18,Default,605.9,424.13,181.77,0.0,755.0,22.97,217600,10+ years,OWN,ND
LN002553,B,B4,educational,36,7100.0,10.13,229.53,2022-12-18,2023-01-22,Fully Paid,8419.37,7100.0,1319.37,0.0,773.0,7.72,235800,4 years,MORTGAGE,NY
LN000665,B,B4,credit_card,36,,9.15,780.8,2023-04-17,2023-05-17,Fully Paid,28098.14,24500.0,3598.14,0.0,766.0,12.22,140500,< 1 year,RENT,ID
LN001178,E,E1,debt_consolidation,60,14600.0,26.79,443.99,2022-02-20,2022-03-22,Current,19535.56,12698.11,6837.45,0.0,785.0,9.36,60600,< 1 year,RENT,NJ
LN001245,C,C3,vacation,60,18400.0,14.65,434.36,2021-03-04,2021-04-01,Charged Off,8839.07,6187.35,2651.72,12212.65,658.0,35.72,115400,2 years,OWN,RI
LN003130,E,E3,major_purchase,60,22300.0,26.42,673.23,2021-02-10,2021-03-17,Late (31-120 days),2692.92,1885.04,807.88,0.0,596.0,191.02,187300,5 years,RENT,ID
LN002647,A,A3,debt_consolidation,60,37300.0,5.11,705.78,2022-03-31,2022-04-30,Charged Off,2243.83,1570.68,673.15,35729.32,772.0,10.1,239500,2 years,OWN,VT
LN002723,A,A2,credit_card,60,26700.0,6.98,528.44,2022-02-12,2022-03-19,Current,28535.76,18548.24,9987.52,0.0,597.0,32.1,198800,10+ years,MORTGAGE,CT
LN003210,B,B4,major_purchase,36,23800.0,9.72,764.83,2022-12-10,2023-01-13,Current,6118.64,3977.12,2141.52,0.0,688.0,13.43,82100,3 years,RENT,GA
LN002345,D,D5,small_business,60,14600.0,21.44,398.6,2022-04-01,2022-05-04,Default,3986.0,2790.2,1195.8,0.0,635.0,5.96,101200,10+ years,RENT,SD
LN000085,C,C1,car,36,35000.0,16.26,1234.99,2022-03-13,2022-04-16,Current,7409.94,4816.46,2593.48,0.0,653.0,29.02,169000,1 year,OWN,GA
LN002657,D,D4,credit_card,60,,18.64,888.13,2022-08-10,2022-09-11,Current,34637.07,22514.1,12122.97,0.0,750.0,37.58,78600,6 years,MORTGAGE,KY
LN000942,D,D3,car,60,37300.0,21.32,1015.82,2022-06-12,2022-07-14,Fully Paid,61872.41,37300.0,24572.41,0.0,768.0,41.55,192600,7 years,OWN,NE
LN000962,G,G2,renewable_energy,36,37400.0,35.17,1695.43,2022-10-02,2022-10-31,Fully Paid,62216.08,37400.0,24816.08,0.0,706.0,5.64,196100,10+ years,RENT,KY
LN000842,B,F2,small_business,36,32400.0,11.05,1061.5,2023-01-28,2023-03-04,CHARGED OFF,9902.08,6931.46,2970.62,25468.54,590.0,9.86,225500,5 years,RENT,RI
LN001939,E,E5,car,36,15300.0,24.67,605.66,2023-10-19,2023-11-20,Current,18775.46,12204.05,6571.41,0.0,811.0,114.05,31300,2 years,RENT,MI
LN002846,D,D5,home_improvement,60,23400.0,17.78,591.41,2022-05-20,2022-06-18,Fully Paid,35041.96,23400.0,11641.96,0.0,658.0,6.3,100500,7 years,RENT,ND
LN001922,A,A5,moving,36,35600.0,7.38,1105.42,2022-05-12,2022-06-10,Late (31-120 days),9948.78,6964.15,2984.63,0.0,676.0,18.21,237500,10+ years,OTHER,DE
LN002097,B,B5,debt_consolidation,36,17300.0,9.71,555.87,2021-07-05,2021-08-09,Charged Off,3028.51,2119.96,908.55,15180.04,696.0,43.81,105100,6 years,RENT,NY
LN001840,C,C1,car,60,4000.0,13.74,92.53,2023-12-12,2024-01-09,Current,4533.97,2947.08,1586.89,0.0,737.0,37.86,246100,1 year,MORTGAGE,UT
LN000291,B,B4,renewable_energy,60,,9.06,170.46,2021-01-04,2021-02-04,Current,3238.74,2105.18,1133.56,0.0,629.0,9.58,47200,10+ years,MORTGAGE,OK
LN002300,G,G2,debt_consolidation,60,23500.0,33.59,812.93,2022-07-01,2022-08-04,Fully Paid,48539.46,23500.0,25039.46,0.0,591.0,26.29,246300,6 years,OWN,MA
LN001619,G,G2,car,36,17700.0,34.81,798.78,2021-11-13,2021-12-17,Late (31-120 days),4792.68,3354.88,1437.8,0.0,639.0,44.05,81400,8 years,RENT,OH
LN003015,B,B4,debt_consolidation,36,,9.02,155.86,2023-09-10,2023-10-14,Fully Paid,5562.79,4900.0,662.79,0.0,679.0,30.47,39800,6 years,OWN,ME
LN000605,D,D4,educational,36,25400.0,-17.17,907.73,2023-01-26,2023-02-28,Current,3630.92,2360.1,1270.82,0.0,758.0,31.63,85500,3 years,OWN,UT
LN002947,G,G5,car,60,35800.0,33.73,1241.59,2023-11-04,2023-12-06,Fully Paid,74715.78,35800.0,38915.78,0.0,817.0,16.6,102300,6 years,RENT,NM
LN000917,E,E5,renewable_energy,36,21500.0,25.89,864.99,2022-11-28,2022-12-28,Current,6919.92,4497.95,2421.97,0.0,665.0,19.07,245400,8 years,MORTGAGE,IA
LN001802,A,A5,car,36,5600.0,7.45,174.07,2022-11-29,2023-01-02,FULLY PAID,6365.84,5600.0,765.84,0.0,709.0,41.97,183600,10+ years,MORTGAGE,KS
LN002414,E,E2,wedding,36,23500.0,25.4,939.33,2022-02-24,2022-03-30,Fully Paid,34401.17,23500.0,10901.17,0.0,783.0,14.77,138400,,MORTGAGE,NH
LN001100,E,E5,major_purchase,36,23000.0,26.81,936.64,2022-09-07,2022-10-05,Current,8429.76,5479.34,2950.42,0.0,724.0,40.84,119700,4 years,RENT,NJ
LN001089,C,C4,debt_consolidation,60,14900.0,14.81,352.99,2022-02-14,2022-03-17,Charged Off,2694.69,1886.28,808.41,13013.72,690.0,13.44,184100,2 years,OWN,MN
LN002890,A,A3,vacation,60,,6.51,172.22,2023-12-30,2024-01-31,Charged Off,1182.06,827.44,354.62,7972.56,681.0,25.21,187400,10+ years,MORTGAGE,RI
LN001874,E,E2,wedding,60,8400.0,26.6,254.49,2023-03-02,2023-04-04,Fully Paid,15457.96,8400.0,7057.96,0.0,597.0,38.35,100400,3 years,MORTGAGE,CA
LN000822,F,F5,renewable_energy,36,9800.0,29.39,412.76,2022-02-27,2022-03-28,Fully Paid,14579.31,9800.0,4779.31,0.0,808.0,33.53,97400,10+ years,RENT,NE
LN001860,A,A2,medical,60,37700.0,7.28,751.5,2023-09-09,2023-10-11,CURRENT,5260.5,3419.33,1841.17,0.0,657.0,16.88,185100,10+ years,RENT,NV
LN003397,B,B3,renewable_energy,60,34300.0,10.13,730.97,2021-10-15,2021-11-15,Fully Paid,43943.03,34300.0,9643.03,0.0,745.0,36.95,103700,,RENT,ME
LN002914,F,F1,wedding,36,29000.0,30.75,1243.04,2022-09-09,2022-10-07,Current,28589.92,18583.45,10006.47,0.0,758.0,44.01,156400,< 1 year,OTHER,CT
LN002952,C,C3,vacation,60,20600.0,16.18,502.92,2023-11-26,2023-12-25,Fully Paid,29593.44,20600.0,8993.44,0.0,677.0,33.2,92700,6 years,MORTGAGE,MO
LN001303,E,E1,debt_consolidation,60,2600.0,25.07,76.42,2023-06-26,2023-07-30,Current,382.1,248.37,133.74,0.0,671.0,14.77,246500,6 years,OWN,KY
LN001001,B,B4,debt_consolidation,60,3200.0,11.56,70.47,2021-04-19,2021-05-23,Charged Off,1397.19,978.03,419.16,2221.97,782.0,14.26,44300,3 years,RENT,MS
LN001283,E,E5,major_purchase,60,1200.0,26.81,36.51,2023-01-13,2023-02-14,Late (31-120 days),401.61,281.13,120.48,0.0,602.0,40.09,152900,6 years,RENT,XX
LN001957,D,D1,wedding,36,24300.0,19.42,895.91,2021-07-15,2021-08-17,Fully Paid,32346.4,24300.0,8046.4,0.0,756.0,16.09,64300,9 years,MORTGAGE,HI
LN001478,G,G1,moving,36,,33.55,630.75,2021-03-28,2021-04-25,Fully Paid,23089.71,14200.0,8889.71,0.0,788.0,38.65,235900,3 years,RENT,NV
LN000019,C,C5,credit_card,36,30800.0,14.76,1064.08,2023-06-05,2023-07-08,Late (31-120 days),4256.32,2979.42,1276.9,0.0,751.0,33.65,122700,3 years,RENT,TN
LN000494,E,E2,wedding,60,17300.0,24.53,503.02,2021-02-01,2021-03-03,Fully Paid,30407.52,17300.0,13107.52,0.0,791.0,18.1,140400,2 years,OWN,ID
LN001126,G,G3,medical,60,14100.0,34.35,494.56,2021-01-29,2021-02-27,Fully Paid,29343.49,14100.0,15243.49,0.0,616.0,37.24,61800,,MORTGAGE,ND
LN001405,E,E2,debt_consolidation,60,28500.0,24.85,834.01,2022-05-16,2022-06-17,Fully Paid,49190.03,28500.0,20690.03,0.0,612.0,23.68,207100,10+ years,RENT,NC
LN003195,E,E5,small_business,36,33500.0,25.61,1342.79,2021-11-08,2021-12-06,Current,28198.59,18329.08,9869.51,0.0,667.0,39.76,89400,7 years,MORTGAGE,MO
LN001761,D,D4,vacation,60,,20.84,763.07,2022-12-05,2023-01-06,Fully Paid,45398.93,28300.0,17098.93,0.0,767.0,16.52,125300,5 years,MORTGAGE,DE
LN002209,C,C3,moving,60,2300.0,14.82,54.5,2023-01-14,2023-02-12,Fully Paid,3210.95,2300.0,910.95,0.0,687.0,12.92,99700,2 years,RENT,AK
LN002186,C,C4,debt_consolidation,36,22600.0,16.06,795.22,2023-09-08,2023-10-09,Current,15109.18,9820.97,5288.21,0.0,820.0,17.51,139200,10+ years,OWN,AZ
LN002868,C,C1,car,60,7600.0,15.54,182.96,2023-08-26,2023-09-29,Current,3110.32,2021.71,1088.61,0.0,639.0,9.68,63700,3 years,MORTGAGE,GA
LN000585,B,B2,wedding,60,24400.0,9.85,516.63,2023-08-23,2023-09-22,Current,4649.67,3022.29,1627.38,0.0,680.0,32.95,42800,2 years,MORTGAGE,LA
LN002103,C,C3,renewable_energy,36,35900.0,15.37,1251.0,2021-03-06,2021-04-10,current,37530.0,24394.5,13135.5,0.0,775.0,40.52,187000,3 years,RENT,WA
LN000688,E,E3,vacation,60,40000.0,26.44,1208.06,2021-11-15,2021-12-15,Late (31-120 days),12080.6,8456.42,3624.18,0.0,704.0,6.58,142400,4 years,MORTGAGE,UT
LN002211,C,C2,moving,60,17600.0,16.15,429.4,2021-04-04,2021-05-04,Current,16317.2,10606.18,5711.02,0.0,666.0,34.71,170800,3 years,MORTGAGE,IN
LN002108,B,B2,medical,60,,9.81,296.15,2023-04-17,2023-05-19,Fully Paid,17427.02,14000.0,3427.02,0.0,605.0,22.44,133000,6 years,RENT,ON
LN002422,F,F4,small_business,60,36100.0,28.15,1127.27,2021-06-03,2021-07-03,Fully Paid,68828.78,36100.0,32728.78,0.0,812.0,17.93,195400,10+ years,RENT,ID
LN001979,B,B2,car,60,10600.0,10.29,226.73,2021-01-18,2021-02-15,Current,2720.76,1768.49,952.27,0.0,594.0,13.24,246100,1 year,MORTGAGE,NH
LN001010,C,C1,vacation,36,2500.0,13.52,84.86,2022-05-13,2022-06-17,Current,2291.22,1489.29,801.93,0.0,772.0,26.56,65100,4 years,MORTGAGE,MN
LN002893,F,F3,wedding,36,29300.0,28.09,1213.38,2022-12-20,2023-01-19,Fully Paid,44477.68,29300.0,15177.68,0.0,627.0,18.17,224000,5 years,RENT,VT
LN000361,C,C5,debt_consolidation,36,4000.0,13.64,136.01,2023-03-09,2023-04-10,Fully Paid,4926.67,4000.0,926.67,0.0,582.0,7.66,136100,7 years,MORTGAGE,MS
LN003404,D,D4,moving,60,13500.0,-17.53,339.37,2021-08-16,2021-09-18,Default,2375.59,1662.91,712.68,0.0,615.0,33.87,118000,< 1 year,RENT,FL
LN003283,D,D3,small_business,36,14300.0,20.69,536.48,2021-12-02,2022-01-01,Fully Paid,19112.31,14300.0,4812.31,0.0,618.0,14.26,78800,9 years,RENT,AK
LN002308,B,B5,major_purchase,36,3000.0,11.75,99.29,2022-06-09,2022-07-14,Fully Paid,3567.36,3000.0,567.36,0.0,755.0,9.71,152800,8 years,MORTGAGE,ND
LN001311,E,E3,major_purchase,60,16900.0,26.4,510.0,2021-07-17,2021-08-15,Default,1530.0,1071.0,459.0,0.0,623.0,33.9,220200,2 years,RENT,OK
LN001750,B,B1,moving,36,25500.0,11.03,835.2,2021-08-15,2021-09-14,Current,23385.6,15200.64,8184.96,0.0,655.0,15.77,213300,9 years,OWN,ID
LN002931,C,C4,debt_consolidation,60,5100.0,14.85,120.93,2023-07-13,2023-08-13,Late (31-120 days),362.79,253.95,108.84,0.0,677.0,38.54,76600,3 years,MORTGAGE,SC
LN001815,C,C2,vacation,60,5300.0,16.3,129.73,2021-08-07,2021-08-01,Fully Paid,7799.46,5300.0,2499.46,0.0,744.0,29.09,245200,10+ years,RENT,ME
LN002164,D,D2,debt_consolidation,36,17900.0,18.48,651.45,2021-08-20,2021-09-19,Current,21497.85,13973.6,7524.25,0.0,815.0,36.67,66700,,RENT,CA
LN000345,E,E2,moving,60,29200.0,23.19,826.35,2021-12-26,2022-01-27,Fully Paid,49860.45,29200.0,20660.45,0.0,608.0,8.85,52300,< 1 year,MORTGAGE,ID
LN000987,D,D1,renewable_energy,36,29900.0,20.78,1123.11,2023-11-01,2023-11-29,Late (31-120 days),1123.11,786.18,336.93,0.0,765.0,33.69,79000,5 years,MORTGAGE,FL
LN001831,B,B4,home_improvement,60,31200.0,9.6,656.78,2022-03-11,2022-04-13,Current,30211.88,19637.72,10574.16,0.0,581.0,14.67,36700,< 1 year,RENT,OK
LN000744,C,C1,credit_card,36,34200.0,12.93,1151.18,2023-01-29,2023-02-27,Current,37988.94,24692.81,13296.13,0.0,756.0,18.25,49900,1 year,MORTGAGE,NC
LN001926,B,B2,medical,36,33800.0,9.75,1086.67,2022-05-21,2022-06-21,Current,7606.69,4944.35,2662.34,0.0,662.0,13.94,102700,< 1 year,RENT,AL
LN001656,D,D3,debt_consolidation,36,11300.0,18.01,408.58,2022-06-30,2022-08-03,Late (31-120 days),2860.06,2002.04,858.02,0.0,584.0,25.5,120500,,MORTGAGE,AZ
LN000114,F,F4,major_purchase,60,,30.27,858.51,2021-07-15,2021-08-17,Late (31-120 days),7726.59,5408.61,2317.98,0.0,648.0,37.05,198800,< 1 year,MORTGAGE,ID
LN001438,B,B4,moving,36,5100.0,10.52,165.81,2021-02-18,2021-03-25,Current,1326.48,862.21,464.27,0.0,650.0,42.81,162800,6 years,MORTGAGE,AK
LN001578,B,B3,small_business,60,33700.0,10.61,726.18,2022-12-01,2022-12-29,Fully Paid,43324.7,33700.0,9624.7,0.0,724.0,29.42,196400,5 years,OTHER,RI
LN001242,A,A1,car,60,4100.0,5.68,78.66,2022-07-10,2022-08-13,Fully Paid,4684.56,4100.0,584.56,0.0,685.0,44.03,76500,,MORTGAGE,MA
LN001143,B,B5,debt_consolidation,36,,8.58,1163.05,2022-04-05,2022-05-10,Fully Paid,42104.67,36800.0,5304.67,0.0,697.0,206.91,37500,7 years,RENT,IN
LN002173,B,B1,credit_card,36,4900.0,9.23,156.34,2021-02-05,2021-03-05,Charged Off,2528.84,1770.19,758.65,3129.81,722.0,41.16,246000,8 years,RENT,MT
LN001217,D,D4,debt_consolidation,36,14600.0,19.01,535.25,2023-06-11,2023-07-15,Fully Paid,19627.47,14600.0,5027.47,0.0,740.0,28.57,52700,9 years,RENT,PA
LN001199,B,B4,credit_card,36,,11.84,308.18,2023-10-04,2023-11-02,Fully Paid,10938.81,9300.0,1638.81,0.0,727.0,11.7,167600,7 years,RENT,IL
LN000086,D,D2,credit_card,36,29400.0,18.84,1075.31,2021-08-28,2021-09-29,Charged Off,14522.77,10165.94,4356.83,19234.06,796.0,27.44,35700,6 years,MORTGAGE,VT
LN001848,C,C4,vacation,36,33900.0,13.67,1153.2,2021-07-30,2021-08-28,Fully Paid,41011.2,33900.0,7111.2,0.0,645.0,15.97,45900,< 1 year,OTHER,AL
LN002478,E,E1,credit_card,60,6500.0,26.83,197.82,2021-08-15,2021-09-17,Current,8308.44,5400.49,2907.95,0.0,726.0,33.62,152400,3 years,RENT,VT
LN001382,A,A1,wedding,60,32600.0,5.76,626.62,2023-07-08,2023-08-10,Fully paid,37324.0,32600.0,4724.0,0.0,806.0,40.9,69800,5 years,RENT,GA
LN001736,C,C3,car,36,34900.0,16.17,1229.91,2021-02-04,2021-03-07,Fully Paid,44769.64,34900.0,9869.64,0.0,655.0,40.46,100400,5 years,MORTGAGE,NJ
LN000669,C,F1,debt_consolidation,36,16100.0,12.91,541.77,2022-07-26,2022-08-29,Fully Paid,19825.27,16100.0,3725.27,0.0,586.0,14.07,182800,,MORTGAGE,IA
LN001015,B,B5,vacation,36,23700.0,11.33,779.62,2023-05-11,2023-06-09,Fully Paid,27661.27,23700.0,3961.27,0.0,769.0,44.15,34600,4 years,RENT,VT
LN000129,C,C1,debt_consolidation,36,31500.0,16.03,1107.91,2023-08-20,2023-09-24,Fully Paid,39100.11,31500.0,7600.11,0.0,607.0,22.24,133300,8 years,MORTGAGE,MS
LN001365,A,D3,small_business,36,16500.0,6.14,503.01,2023-04-15,2023-05-14,Fully Paid,18188.72,16500.0,1688.72,0.0,725.0,7.18,36200,1 year,MORTGAGE,MN
LN002842,D,D5,medical,36,,18.96,1150.36,2023-09-18,2023-10-21,Current,25307.92,16450.15,8857.77,0.0,810.0,11.94,219600,7 years,RENT,NY
LN001671,B,B2,wedding,36,28800.0,10.39,934.58,2022-04-17,2022-05-15,Current,14953.28,9719.63,5233.65,0.0,698.0,25.57,169400,6 years,RENT,RI
LN000892,C,C3,medical,60,5300.0,15.1,126.37,2022-04-10,2022-05-14,Current,505.48,328.56,176.92,0.0,650.0,34.19,157400,< 1 year,MORTGAGE,ID
LN002320,B,B3,vacation,60,39800.0,8.76,821.55,2023-04-22,2023-05-20,Fully Paid,50010.72,39800.0,10210.72,0.0,714.0,43.03,64800,9 years,RENT,KY
LN001360,E,E5,car,36,15400.0,24.36,607.1,2022-08-30,2022-10-03,Fully Paid,22268.56,15400.0,6868.56,0.0,772.0,15.47,144600,8 years,RENT,KY
LN000308,D,D1,wedding,36,27600.0,17.04,984.56,2023-09-11,2023-10-12,Current,22644.88,14719.17,7925.71,0.0,684.0,19.49,88300,4 years,MORTGAGE,KY
LN000384,E,E3,small_business,36,17500.0,-25.95,704.62,2022-03-23,2022-04-21,current,16910.88,10992.07,5918.81,0.0,681.0,33.98,36900,10+ years,RENT,MI
LN000151,E,E1,small_business,36,37800.0,24.95,1501.92,2023-12-25,2024-01-28,Current,27034.56,17572.46,9462.1,0.0,697.0,18.85,137900,2 years,MORTGAGE,WI
LN001318,C,C3,credit_card,60,21000.0,13.15,479.43,2023-07-13,2023-08-11,Current,7191.45,4674.44,2517.01,0.0,820.0,151.88,224400,< 1 year,RENT,MT
LN001452,E,E3,credit_card,60,13100.0,26.24,394.08,2021-08-07,2021-09-09,Charged Off,7087.31,4961.12,2126.19,8138.88,614.0,38.83,75400,5 years,MORTGAGE,AK
LN001645,B,B5,credit_card,36,37100.0,10.27,1201.82,2022-02-25,2022-03-25,Charged Off,14510.61,10157.43,4353.18,26942.57,660.0,37.55,30800,10+ years,MORTGAGE,TX
LN002352,E,E3,credit_card,36,25800.0,23.15,1000.73,2021-08-15,2021-09-15,Current,11008.03,7155.22,3852.81,0.0,691.0,42.27,78800,6 years,MORTGAGE,CT
LN000427,A,A2,car,36,38700.0,7.04,1195.65,2022-12-19,2023-01-21,Fully Paid,43360.35,38700.0,4660.35,0.0,719.0,10.49,112300,8 years,MORTGAGE,MI
LN000495,B,B4,wedding,36,2100.0,11.73,69.48,2022-01-03,2022-02-03,Late (31-120 days),555.84,389.09,166.75,0.0,630.0,15.47,94100,< 1 year,MORTGAGE,RI
LN001208,A,A5,wedding,36,37800.0,7.16,1169.92,2021-12-31,2022-01-29,Charged Off,19810.24,13867.17,5943.07,23932.83,585.0,21.49,78200,,RENT,TN
LN002024,E,E3,medical,60,35600.0,25.41,1053.48,2023-02-14,2023-03-16,CURRENT,41085.72,26705.72,14380.0,0.0,592.0,35.52,117700,3 years,OWN,AK
LN002231,C,E4,moving,60,24900.0,16.34,610.03,2021-01-29,2021-03-02,Fully Paid,36926.14,24900.0,12026.14,0.0,580.0,24.51,74400,1 year,OWN,CA
LN001209,F,F1,major_purchase,36,9100.0,30.81,390.36,2021-07-03,2021-07-31,Fully Paid,14171.19,9100.0,5071.19,0.0,653.0,6.3,49000,1 year,MORTGAGE,MT
LN002837,B,B2,major_purchase,36,6500.0,8.95,206.55,2021-01-24,2021-02-27,Charged Off,1942.43,1359.7,582.73,5140.3,624.0,35.81,91200,9 years,MORTGAGE,PA
LN002908,A,A3,car,60,6100.0,5.96,117.82,2023-02-03,2023-03-06,Fully Paid,6937.24,6100.0,837.24,0.0,777.0,5.65,193300,4 years,MORTGAGE,AR
LN002640,F,F2,car,36,33700.0,27.56,1385.95,2021-10-14,2021-11-16,Fully Paid,50284.58,33700.0,16584.58,0.0,609.0,39.54,54300,2 years,MORTGAGE,NE
LN001613,D,D5,medical,60,37900.0,18.18,966.13,2022-12-14,2023-01-17,Fully Paid,56937.12,37900.0,19037.12,0.0,628.0,29.2,216800,3 years,MORTGAGE,NC
LN001240,G,G4,educational,60,23500.0,33.25,807.88,2021-10-28,2021-12-01,Charged Off,10076.31,7053.42,3022.89,16446.58,801.0,8.61,164300,,OTHER,TX
LN002767,E,E2,car,36,5300.0,25.39,211.82,2021-04-12,2021-05-17,Charged Off,1651.6,1156.12,495.48,4143.88,738.0,35.12,115800,2 years,MORTGAGE,ME
LN003254,D,D4,medical,36,24500.0,18.54,892.38,2021-10-11,2021-11-09,Charged Off,12274.12,8591.88,3682.24,15908.12,807.0,36.0,43600,7 years,RENT,AL
LN000276,C,C5,major_purchase,60,29300.0,15.03,697.51,2021-05-07,2021-06-07,Fully paid,42209.48,29300.0,12909.48,0.0,755.0,18.81,79300,10+ years,MORTGAGE,ID
LN000490,B,B4,small_business,60,36800.0,-9.77,777.73,2022-10-22,2022-11-20,Charged Off,6624.37,4637.06,1987.31,32162.94,693.0,20.54,185900,10+ years,MORTGAGE,MD
LN002310,B,B1,renewable_energy,60,20300.0,11.87,450.23,2022-07-09,2022-08-08,Fully Paid,27545.94,20300.0,7245.94,0.0,798.0,11.19,99100,9 years,MORTGAGE,FL
LN001230,C,C2,major_purchase,60,19100.0,12.93,433.9,2023-10-09,2023-11-13,CHARGED OFF,9978.72,6985.1,2993.62,12114.9,748.0,31.8,188000,2 years,MORTGAGE,RI
LN000691,D,D4,credit_card,36,38400.0,17.54,1379.41,2023-02-09,2023-03-15,Current,20691.15,13449.25,7241.9,0.0,682.0,18.15,154900,3 years,MORTGAGE,IN
LN001910,E,E3,car,36,,23.18,1043.82,2022-08-23,2022-09-24,Current,25051.68,16283.59,8768.09,0.0,642.0,26.01,161600,7 years,OWN,KS
LN002401,C,C4,car,60,,14.81,30.8,2023-06-10,2023-07-14,FULLY PAID,1811.95,1300.0,511.95,0.0,717.0,40.23,156200,4 years,MORTGAGE,WA
LN002581,B,B4,vacation,36,26400.0,10.26,855.08,2021-05-31,2021-07-04,Charged Off,8465.84,5926.09,2539.75,20473.91,767.0,5.28,118000,10+ years,MORTGAGE,MT
LN001733,B,B2,credit_card,36,3400.0,8.77,107.76,2023-07-10,2023-08-10,Fully Paid,3853.84,3400.0,453.84,0.0,664.0,7.06,202400,10+ years,RENT,CA
LN002648,G,G2,educational,60,7500.0,34.73,264.88,2023-02-07,2023-03-10,Current,14833.28,9641.63,5191.65,0.0,685.0,8.23,235800,7 years,RENT,KS
LN003439,C,C1,home_improvement,36,37400.0,13.19,1263.58,2021-04-12,2021-05-17,Fully Paid,46339.59,37400.0,8939.59,0.0,599.0,21.22,144200,10+ years,MORTGAGE,FL
LN001059,F,F4,wedding,36,23000.0,30.9,987.76,2023-01-21,2023-02-22,Fully Paid,35992.51,23000.0,12992.51,0.0,666.0,11.37,158900,6 years,MORTGAGE,CT
LN000119,B,B5,small_business,60,26100.0,9.2,544.33,2022-10-29,2022-11-28,Current,16874.23,10968.25,5905.98,0.0,624.0,40.95,207300,10+ years,MORTGAGE,MA
LN001025,G,G5,moving,60,4200.0,33.01,143.75,2021-06-11,2021-07-13,Late (31-120 days),718.75,503.12,215.62,0.0,732.0,25.54,153200,10+ years,RENT,KS
LN001946,D,D3,wedding,60,26700.0,20.5,714.84,2022-04-05,2022-05-10,Fully Paid,43248.17,26700.0,16548.17,0.0,650.0,8.48,51300,8 years,RENT,ND
LN000282,E,E1,major_purchase,36,8900.0,22.68,343.03,2021-08-11,2021-09-13,Charged Off,4232.07,2962.45,1269.62,5937.55,740.0,29.62,148300,5 years,MORTGAGE,MN
LN002111,B,B2,educational,36,9300.0,8.97,295.61,2021-09-11,2021-10-09,Fully Paid,10785.61,9300.0,1485.61,0.0,629.0,44.36,207200,7 years,RENT,LA
LN001317,G,G1,vacation,36,32100.0,32.16,1400.95,2021-03-26,2021-04-25,Charged Off,18479.41,12935.59,5543.82,19164.41,635.0,9.77,36900,3 years,MORTGAGE,WV
LN002795,D,D1,educational,36,22100.0,20.76,829.9,2021-06-29,2021-08-03,Charged Off,13110.47,9177.33,3933.14,12922.67,673.0,18.44,89100,1 year,MORTGAGE,MS
LN000969,B,B5,medical,36,11100.0,10.98,363.29,2022-09-07,2022-10-12,Current,5086.06,3305.94,1780.12,0.0,700.0,16.52,50000,5 years,OWN,CO
LN001673,E,E1,renewable_energy,36,5000.0,23.18,194.02,2023-03-07,2023-04-10,Current,2716.28,1765.58,950.7,0.0,609.0,42.43,36400,7 years,RENT,CO
LN003458,E,E4,medical,60,5700.0,25.51,169.01,2023-01-13,2023-02-10,Late (31-120 days),845.05,591.53,253.51,0.0,693.0,13.16,210800,3 years,RENT,ID
LN002546,A,A4,major_purchase,36,30000.0,7.09,927.55,2021-08-10,2021-09-12,Fully Paid,33616.14,30000.0,3616.14,0.0,602.0,42.96,99000,1 year,MORTGAGE,NE
LN000620,B,B1,credit_card,36,31300.0,11.78,1036.32,2021-10-24,2021-11-22,Charged Off,3758.49,2630.94,1127.55,28669.06,660.0,118.9,25600,3 years,MORTGAGE,IL
LN003151,D,D4,wedding,60,29100.0,21.69,798.59,2023-12-02,2024-01-05,Fully Paid,48602.67,29100.0,19502.67,0.0,583.0,25.96,66600,6 years,MORTGAGE,AL
LN000156,C,C2,car,36,11400.0,13.82,388.63,2021-09-03,2021-10-02,Late (31-120 days),2331.78,1632.25,699.53,0.0,603.0,26.43,103000,< 1 year,RENT,RI
LN001075,B,B5,renewable_energy,36,36000.0,10.0,1161.62,2023-02-07,2023-03-12,Current,38333.46,24916.75,13416.71,0.0,585.0,8.98,130700,2 years,RENT,KY
LN002698,B,B3,debt_consolidation,36,17900.0,10.09,578.34,2022-09-13,2022-10-17,Fully Paid,21149.25,17900.0,3249.25,0.0,670.0,8.04,67600,7 years,OWN,ND
LN000305,A,A4,wedding,36,28200.0,6.51,864.43,2021-06-12,2021-07-11,Fully Paid,31317.89,28200.0,3117.89,0.0,810.0,29.14,25400,10+ years,MORTGAGE,TN
LN002338,A,A3,renewable_energy,60,33800.0,7.06,670.24,2022-03-04,2022-04-07,Fully Paid,40633.48,33800.0,6833.48,0.0,587.0,34.05,241200,5 years,OWN,NM
LN003055,E,E4,vacation,60,35500.0,23.41,1009.14,2021-07-22,2021-08-23,Fully Paid,59415.61,35500.0,23915.61,0.0,818.0,29.88,44900,6 years,RENT,NE
LN001978,B,B3,educational,36,20100.0,10.9,657.1,2023-08-25,2023-09-27,Fully Paid,24057.3,20100.0,3957.3,0.0,608.0,25.83,243000,,MORTGAGE,VT
LN001272,C,C5,car,36,27600.0,16.09,971.56,2022-07-26,2022-08-24,Charged Off,16484.2,11538.94,4945.26,16061.06,749.0,30.63,54700,4 years,RENT,PA
LN002685,G,G3,home_improvement,36,17400.0,33.81,775.43,2021-10-22,2021-11-24,Fully Paid,28321.46,17400.0,10921.46,0.0,803.0,18.49,217700,10+ years,MORTGAGE,SD
LN001308,E,E5,wedding,60,38000.0,22.52,1060.78,2022-04-09,2022-05-12,Charged Off,10965.06,7675.54,3289.52,30324.46,777.0,9.48,203800,2 years,RENT,OK
LN003427,E,E2,debt_consolidation,36,20200.0,24.71,800.05,2021-12-09,2022-01-06,Fully Paid,29317.52,20200.0,9117.52,0.0,685.0,10.75,101300,1 year,RENT,VT
LN000576,B,B3,car,60,30600.0,11.15,667.61,2023-06-04,2023-07-02,Charged Off,10157.85,7110.49,3047.36,23489.51,774.0,43.06,187800,2 years,MORTGAGE,IN
LN002453,G,G1,renewable_energy,36,,32.52,140.3,2023-06-19,2023-07-19,Fully Paid,5092.5,3200.0,1892.5,0.0,586.0,26.76,208300,< 1 year,OWN,NV
LN003080,G,G3,medical,36,28600.0,35.74,1305.76,2021-03-28,2021-04-26,Current,15669.12,10184.93,5484.19,0.0,747.0,36.31,116300,10+ years,MORTGAGE,MO
LN003143,B,B1,home_improvement,36,29700.0,9.21,947.36,2023-06-14,2023-07-18,Fully Paid,34171.12,29700.0,4471.12,0.0,658.0,25.15,189900,2 years,MORTGAGE,OH
LN001300,C,C1,educational,60,25500.0,14.5,599.97,2023-05-17,2023-06-16,Current,9599.52,6239.69,3359.83,0.0,749.0,12.75,143300,3 years,MORTGAGE,MS
LN000133,D,D4,wedding,36,38100.0,21.36,1442.47,2023-08-19,2023-09-16,Charged Off,7469.19,5228.43,2240.76,32871.57,747.0,36.32,118200,,MORTGAGE,HI
LN002611,C,C2,major_purchase,60,23200.0,15.47,557.67,2023-01-26,2023-02-25,Charged Off,10953.28,7667.3,3285.98,15532.7,741.0,21.39,181900,4 years,RENT,SC
LN002886,B,B4,debt_consolidation,36,27900.0,9.3,891.11,2021-03-06,2021-04-03,Fully Paid,32330.82,27900.0,4430.82,0.0,662.0,30.36,138900,7 years,OWN,NY
LN001722,B,B4,educational,36,24500.0,8.81,776.93,2021-01-30,2021-03-05,Charged Off,10283.37,7198.36,3085.01,17301.64,685.0,32.28,116800,2 years,RENT,DE
LN000844,A,A1,moving,60,13700.0,5.53,261.88,2023-07-21,2023-08-19,Fully Paid,15489.45,13700.0,1789.45,0.0,706.0,22.24,137500,3 years,OWN,SC
LN003174,B,B5,moving,36,2300.0,10.64,74.91,2023-07-05,2023-08-08,Fully Paid,2730.11,2300.0,430.11,0.0,650.0,27.68,210300,< 1 year,RENT,MT
LN001826,G,G4,major_purchase,60,27300.0,32.79,930.6,2021-07-11,2021-08-12,Charged Off,13175.03,9222.52,3952.51,18077.48,723.0,34.66,118600,,MORTGAGE,TN
LN000270,B,B5,moving,36,35300.0,10.1,1140.69,2021-01-09,2021-02-11,Fully Paid,40332.7,35300.0,5032.7,0.0,637.0,38.77,160900,6 years,MORTGAGE,NM
LN000630,C,C1,wedding,36,25700.0,16.5,909.89,2023-03-04,2023-04-07,Fully Paid,32265.01,25700.0,6565.01,0.0,663.0,7.54,245100,2 years,MORTGAGE,AK
LN001034,F,F2,small_business,36,13200.0,30.18,561.66,2021-01-29,2021-03-04,Charged Off,5013.94,3509.76,1504.18,9690.24,678.0,22.85,120100,1 year,RENT,VA
LN002085,A,A1,wedding,60,20900.0,7.95,423.28,2022-02-20,2022-03-20,Fully Paid,24970.34,20900.0,4070.34,0.0,783.0,37.76,47600,1 year,RENT,CA
LN000287,E,E1,educational,60,2200.0,24.57,64.02,2023-07-15,2023-08-17,Fully Paid,3775.63,2200.0,1575.63,0.0,625.0,36.77,53800,6 years,RENT,KY
LN001327,C,C5,vacation,60,14800.0,14.07,344.91,2022-02-17,2022-03-23,Default,689.82,482.87,206.95,0.0,690.0,13.34,139800,1 year,RENT,ME
LN002655,D,D5,major_purchase,36,38000.0,20.0,1412.22,2021-08-11,2021-09-11,Charged Off,20698.73,14489.11,6209.62,23510.89,812.0,5.16,55200,3 years,RENT,NJ
LN000301,A,A5,educational,60,34800.0,5.69,667.78,2023-09-16,2023-10-19,Current,22036.74,14323.88,7712.86,0.0,752.0,24.15,111300,6 years,MORTGAGE,NE
LN003167,G,G3,credit_card,36,,33.29,584.41,2022-07-09,2022-08-06,Current,12272.61,7977.2,4295.41,0.0,736.0,7.12,140200,9 years,RENT,LA
LN001448,A,A1,wedding,60,24600.0,7.88,497.39,2023-04-30,2023-06-02,Current,7958.24,5172.86,2785.38,0.0,665.0,26.42,147700,4 years,RENT,MS
LN001473,A,A2,major_purchase,60,15200.0,6.62,298.26,2022-06-29,2022-08-02,Fully Paid,18213.82,15200.0,3013.82,0.0,590.0,25.17,73000,2 years,MORTGAGE,NE
LN002556,B,B5,renewable_energy,36,37800.0,9.19,1205.38,2023-09-16,2023-10-16,Fully Paid,43214.03,37800.0,5414.03,0.0,591.0,15.92,141600,1 year,OWN,IN
LN002229,A,A2,major_purchase,60,8600.0,7.36,171.75,2022-08-30,2022-09-30,Current,5667.75,3684.04,1983.71,0.0,623.0,31.98,218200,8 years,MORTGAGE,TX
LN002116,B,B3,vacation,36,32000.0,11.94,1061.94,2022-11-07,2022-12-06,Fully Paid,37753.29,32000.0,5753.29,0.0,694.0,44.58,249500,2 years,MORTGAGE,WI
LN000066,F,F4,moving,36,4500.0,28.44,187.21,2023-04-29,2023-05-31,Default,2246.52,1572.56,673.96,0.0,603.0,22.36,65300,8 years,MORTGAGE,CT
LN002664,D,D1,major_purchase,36,17600.0,19.45,649.16,2023-03-10,2023-04-11,Current,9737.4,6329.31,3408.09,0.0,730.0,21.32,220900,< 1 year,RENT,NH
LN000891,E,E3,vacation,36,6700.0,26.75,272.63,2022-11-30,2022-12-28,Fully Paid,9933.8,6700.0,3233.8,0.0,682.0,43.46,65900,4 years,MORTGAGE,CA
LN002782,A,A5,vacation,36,14100.0,5.0,422.59,2021-09-17,2021-10-22,Fully Paid,15453.88,14100.0,1353.88,0.0,740.0,12.29,233800,< 1 year,MORTGAGE,CO
LN003124,C,C2,educational,36,9400.0,15.36,327.51,2022-08-09,2022-09-09,Fully Paid,11679.28,9400.0,2279.28,0.0,638.0,24.56,42500,2 years,MORTGAGE,SC
LN003354,F,F4,vacation,36,10100.0,29.32,425.01,2021-07-26,2021-08-27,Fully Paid,15499.23,10100.0,5399.23,0.0,583.0,14.37,149900,6 years,MORTGAGE,WI
LN003001,B,B1,car,36,4800.0,10.87,156.85,2023-08-04,2023-09-03,Fully Paid,5598.15,4800.0,798.15,0.0,750.0,29.45,211900,10+ years,OWN,IN
LN000231,D,D4,renewable_energy,36,23200.0,17.79,836.29,2021-03-29,2021-04-27,Fully Paid,30677.74,23200.0,7477.74,0.0,684.0,32.89,246200,3 years,RENT,KS
LN000504,A,A1,medical,60,10200.0,7.5,204.39,2022-09-10,2022-10-12,Charged Off,4230.2,2961.14,1269.06,7238.86,634.0,28.34,26600,5 years,MORTGAGE,NE
LN002622,D,D5,debt_consolidation,36,37400.0,21.77,1423.88,2022-06-26,2022-07-25,CHARGED OFF,18417.5,12892.25,5525.25,24507.75,786.0,20.38,125400,2 years,MORTGAGE,UT
LN002903,A,A4,renewable_energy,36,1300.0,6.85,40.05,2023-07-08,2023-08-08,Charged Off,331.25,231.87,99.38,1068.13,739.0,14.28,208900,10+ years,RENT,VA
LN002499,B,B2,renewable_energy,60,35200.0,11.69,777.5,2023-02-18,2023-03-23,Current,43540.0,28301.0,15239.0,0.0,809.0,32.87,240200,1 year,OWN,AK
LN001526,E,E4,car,60,26100.0,22.98,735.47,2022-09-07,2022-10-07,Fully Paid,43765.52,26100.0,17665.52,0.0,737.0,40.32,177300,1 year,RENT,OK
LN002068,C,C2,credit_card,36,6300.0,13.55,213.94,2022-06-29,2022-08-01,Current,5776.38,3754.65,2021.73,0.0,649.0,17.59,76200,10+ years,RENT,MA
LN003291,B,B2,small_business,36,9200.0,9.15,293.2,2022-10-01,2022-10-31,Fully Paid,10500.18,9200.0,1300.18,0.0,693.0,32.01,238900,7 years,MORTGAGE,IA
LN001005,B,B4,credit_card,60,,8.65,592.96,2022-01-28,2022-02-26,charged off,5474.72,3832.3,1642.42,24967.7,720.0,31.59,92400,8 years,MORTGAGE,MI
LN000837,F,F5,car,36,,29.45,788.22,2022-12-18,2023-01-15,Fully Paid,28499.1,18700.0,9799.1,0.0,776.0,14.41,173300,,MORTGAGE,SC
LN003059,B,B2,educational,60,4300.0,11.42,94.4,2021-10-16,2021-11-19,Charged Off,1945.88,1362.12,583.76,2937.88,596.0,16.08,244400,1 year,OWN,ME
LN000375,B,B5,educational,36,27100.0,10.64,882.61,2022-02-03,2022-03-05,Fully Paid,31622.22,27100.0,4522.22,0.0,776.0,11.84,162200,6 years,MORTGAGE,GA
LN003179,D,D2,vacation,36,38200.0,21.77,1454.33,2021-10-27,2021-11-27,Current,24723.61,16070.35,8653.26,0.0,641.0,38.16,203500,10+ years,MORTGAGE,GA
LN002537,B,B2,home_improvement,36,21000.0,9.68,674.46,2021-02-22,2021-03-28,Fully Paid,24564.15,21000.0,3564.15,0.0,734.0,13.49,169500,< 1 year,RENT,IL
LN003456,D,D3,renewable_energy,36,15800.0,18.17,572.56,2022-10-09,2022-11-06,Current,8588.4,5582.46,3005.94,0.0,807.0,32.19,88500,3 years,RENT,NE
LN000940,F,F1,vacation,60,12300.0,30.35,400.6,2021-10-09,2021-11-07,Current,13620.4,8853.26,4767.14,0.0,632.0,27.85,31300,< 1 year,RENT,VT
LN001322,D,D3,renewable_energy,36,17400.0,18.33,631.94,2023-08-25,2023-09-24,Fully Paid,22763.21,17400.0,5363.21,0.0,711.0,30.45,41000,5 years,OWN,RI
LN002695,B,B2,credit_card,36,,8.56,423.38,2022-05-13,2022-06-14,Fully Paid,14999.72,13400.0,1599.72,0.0,620.0,34.77,87300,5 years,RENT,IN
LN002489,D,D3,small_business,60,39300.0,21.48,1073.84,2023-01-14,2023-02-16,Current,52618.16,34201.8,18416.36,0.0,709.0,40.03,95900,5 years,RENT,CT
LN000752,A,A5,renewable_energy,36,7600.0,7.09,234.98,2023-11-28,2023-12-31,Charged Off,3848.92,2694.24,1154.68,4905.76,597.0,6.8,90100,2 years,MORTGAGE,NY
LN000100,F,F3,renewable_energy,60,21000.0,28.02,654.11,2023-07-31,2023-08-29,Fully Paid,39053.0,21000.0,18053.0,0.0,782.0,18.14,77300,7 years,MORTGAGE,WV
LN001544,C,C2,renewable_energy,60,28200.0,16.11,687.42,2021-03-13,2021-04-15,Current,13748.4,8936.46,4811.94,0.0,595.0,12.64,68300,< 1 year,MORTGAGE,MI
LN002380,A,A5,car,36,24300.0,7.15,751.98,2022-03-02,2022-04-04,Fully Paid,26800.09,24300.0,2500.09,0.0,601.0,30.26,62900,6 years,OWN,TX
LN000867,C,C1,educational,60,27800.0,16.09,677.37,2021-11-17,2021-12-18,Fully Paid,39882.74,27800.0,12082.74,0.0,740.0,8.95,159900,5 years,RENT,OH
LN000911,A,A4,small_business,36,6200.0,5.27,186.57,2022-06-28,2022-07-31,fully paid,6810.54,6200.0,610.54,0.0,706.0,38.47,202100,4 years,MORTGAGE,WY
LN001927,C,C5,credit_card,60,6100.0,16.07,148.57,2023-06-02,2023-07-06,Fully Paid,8931.68,6100.0,2831.68,0.0,749.0,35.72,155900,5 years,MORTGAGE,VA
LN001576,E,E2,vacation,36,8800.0,24.38,347.01,2023-08-19,2023-09-21,Default,1388.04,971.63,416.41,0.0,777.0,37.17,214900,1 year,MORTGAGE,AL
LN000530,B,B2,small_business,36,28500.0,9.67,915.21,2021-06-16,2021-07-16,Charged Off,9901.89,6931.32,2970.57,21568.68,634.0,8.71,152800,5 years,MORTGAGE,HI
LN001261,D,D5,wedding,36,31000.0,19.64,1146.39,2021-06-15,2021-07-15,Late (31-120 days),13756.68,9629.68,4127.0,0.0,733.0,199.94,153800,,MORTGAGE,NM
LN001732,A,A1,medical,36,5000.0,5.11,150.1,2022-11-09,2022-12-14,Fully Paid,5505.32,5000.0,505.32,0.0,748.0,44.43,75000,9 years,OTHER,HI
LN002356,C,C3,major_purchase,60,31700.0,15.29,758.97,2023-02-02,2023-03-05,Fully Paid,45233.35,31700.0,13533.35,0.0,710.0,8.11,50300,5 years,MORTGAGE,TX
LN000637,A,A1,renewable_energy,36,4300.0,5.99,130.79,2021-07-16,2021-08-14,Fully Paid,4677.09,4300.0,377.09,0.0,649.0,10.85,117400,3 years,RENT,IA
LN001270,D,D2,small_business,36,23800.0,19.71,880.98,2022-04-24,2022-05-23,Fully Paid,32118.63,23800.0,8318.63,0.0,814.0,28.66,217200,< 1 year,MORTGAGE,MS
LN000186,E,E4,home_improvement,36,2500.0,26.08,100.83,2022-01-07,2022-02-07,Fully Paid,3597.19,2500.0,1097.19,0.0,717.0,16.55,212300,6 years,MORTGAGE,NY
LN002511,E,E3,car,60,10100.0,26.94,308.04,2022-07-19,2022-08-18,Current,17250.24,11212.66,6037.58,0.0,778.0,36.1,115300,7 years,MORTGAGE,HI
LN001730,C,C3,debt_consolidation,60,16500.0,16.12,402.3,2021-07-06,2021-08-03,Fully Paid,24555.93,16500.0,8055.93,0.0,722.0,37.12,61100,,RENT,OH
LN002145,B,B2,vacation,36,36500.0,9.38,1167.16,2023-01-19,2023-02-23,Charged Off,12592.08,8814.46,3777.62,27685.54,583.0,22.66,136600,4 years,OWN,NJ
LN000932,G,G5,debt_consolidation,36,20600.0,33.23,911.34,2023-03-29,2023-05-01,Current,12758.76,8293.19,4465.57,0.0,628.0,30.46,229000,2 years,RENT,MN
LN001442,B,B3,major_purchase,36,38000.0,9.99,1225.97,2023-05-03,2023-05-31,Current,28197.31,18328.25,9869.06,0.0,791.0,26.4,66300,10+ years,MORTGAGE,AZ
LN002005,E,E1,car,36,14200.0,25.68,569.71,2021-03-08,2021-04-05,Fully Paid,20381.41,14200.0,6181.41,0.0,613.0,12.63,204200,5 years,RENT,WY
LN002751,B,B5,debt_consolidation,36,14700.0,8.56,464.45,2021-09-12,2021-10-13,Fully Paid,16947.16,14700.0,2247.16,0.0,667.0,44.76,71000,7 years,MORTGAGE,MI
LN001536,E,E3,medical,60,15300.0,23.67,437.22,2022-05-10,2022-06-07,Charged Off,2223.76,1556.63,667.13,13743.37,620.0,18.94,103800,2 years,RENT,HI
LN002023,F,F3,small_business,36,16600.0,28.29,689.24,2021-11-26,2021-12-29,Current,22055.68,14336.19,7719.49,0.0,890.0,24.82,179100,4 years,RENT,MT
LN002874,A,A1,major_purchase,36,27700.0,6.87,853.65,2023-05-06,2023-06-04,Fully Paid,31012.53,27700.0,3312.53,0.0,800.0,14.97,220500,10+ years,RENT,DE
LN001274,G,G4,renewable_energy,36,29600.0,-35.32,1344.35,2022-02-12,2022-03-14,Fully Paid,48014.7,29600.0,18414.7,0.0,600.0,27.13,27300,8 years,OTHER,OR
LN003221,E,E1,car,36,38600.0,25.94,1553.98,2021-10-03,2021-11-01,Fully Paid,56380.96,38600.0,17780.96,0.0,,20.9,104000,,MORTGAGE,OH
LN002096,D,D3,car,60,24900.0,17.84,630.13,2023-05-20,2023-06-23,Fully Paid,38147.28,24900.0,13247.28,0.0,681.0,20.81,34200,2 years,RENT,NC
LN000608,E,E1,renewable_energy,36,18600.0,26.16,750.99,2023-05-18,2023-06-19,Current,21027.72,13668.02,7359.7,0.0,758.0,17.32,93900,9 years,RENT,CA
LN001961,B,B1,major_purchase,36,31300.0,10.12,1011.73,2021-09-01,2021-09-30,Default,11129.03,7790.32,3338.71,0.0,592.0,9.39,161400,7 years,OWN,IA
LN002065,G,G5,home_improvement,60,38100.0,33.94,1326.43,2022-01-29,2022-03-01,Fully Paid,81078.26,38100.0,42978.26,0.0,636.0,15.47,140000,1 year,MORTGAGE,ND
LN000152,A,A4,wedding,60,1800.0,5.72,34.57,2022-12-12,2023-01-10,Fully Paid,2035.5,1800.0,235.5,0.0,733.0,31.88,44900,2 years,RENT,NH
LN001867,F,F5,wedding,36,,27.73,1306.61,2021-12-21,2022-01-20,Late (31-120 days),3919.83,2743.88,1175.95,0.0,607.0,24.61,70200,3 years,MORTGAGE,MI
LN002574,A,A4,home_improvement,36,10500.0,7.72,327.68,2021-05-25,2021-06-26,Fully Paid,11854.63,10500.0,1354.63,0.0,748.0,44.65,237800,< 1 year,MORTGAGE,WA
LN003023,D,D5,vacation,60,29800.0,21.66,817.29,2023-09-01,2023-10-01,Fully Paid,49476.06,29800.0,19676.06,0.0,752.0,18.77,157300,2 years,MORTGAGE,ND
LN002305,C,C1,debt_consolidation,60,39200.0,13.32,898.36,2023-05-14,2023-06-15,Fully Paid,53473.68,39200.0,14273.68,0.0,733.0,24.85,247300,8 years,MORTGAGE,VA
LN000732,A,A2,vacation,36,1800.0,6.7,55.33,2022-12-14,2023-01-15,Current,1936.55,1258.76,677.79,0.0,622.0,35.2,63400,1 year,MORTGAGE,MI
LN001953,E,E4,renewable_energy,60,26300.0,23.11,743.07,2022-12-26,2023-01-28,Current,20805.96,13523.87,7282.09,0.0,816.0,32.87,147400,7 years,RENT,RI
LN002291,B,B3,educational,36,2700.0,8.5,85.23,2023-11-09,2023-12-12,Current,1875.06,1218.79,656.27,0.0,733.0,20.62,50600,5 years,RENT,AR
LN003271,B,B2,renewable_energy,60,39200.0,9.81,829.22,2021-07-18,2021-08-18,Fully Paid,49487.8,39200.0,10287.8,0.0,651.0,7.95,190200,7 years,MORTGAGE,OK
LN000024,F,F5,debt_consolidation,60,30800.0,29.71,991.01,2021-06-20,2021-07-24,Fully Paid,59004.56,30800.0,28204.56,0.0,810.0,42.32,41300,10+ years,RENT,KS
LN003019,B,B4,wedding,60,3300.0,11.12,71.95,2022-06-13,2022-07-11,Current,3309.7,2151.3,1158.39,0.0,750.0,21.16,51900,10+ years,MORTGAGE,CO
LN000159,C,C4,major_purchase,60,19900.0,13.75,460.46,2021-09-09,2021-10-07,Charged Off,3416.85,2391.79,1025.05,17508.21,617.0,5.65,196000,3 years,RENT,IA
LN000862,F,F4,medical,36,17800.0,30.07,756.32,2022-05-01,2022-05-30,Charged Off,7831.92,5482.34,2349.58,12317.66,772.0,14.79,131400,3 years,MORTGAGE,MI
LN002091,A,A5,renewable_energy,36,30200.0,7.2,935.25,2023-06-18,2023-07-18,Default,2805.75,1964.02,841.73,0.0,781.0,245.43,86100,10+ years,MORTGAGE,MT
LN000903,G,G2,credit_card,36,24400.0,35.32,1108.18,2023-12-06,2024-01-04,Charged Off,5188.47,3631.93,1556.54,20768.07,803.0,18.9,210300,4 years,OTHER,CO
LN000353,E,E1,wedding,36,12100.0,25.8,486.23,2023-10-25,2023-11-27,Current,6807.22,4424.69,2382.53,0.0,704.0,38.03,64000,6 years,RENT,WA
LN001231,F,F3,wedding,36,28900.0,28.49,1203.07,2022-09-10,2022-10-12,Late (31-120 days),8421.49,5895.04,2526.45,0.0,586.0,15.63,234500,3 years,RENT,AL
LN002707,G,G2,small_business,60,31700.0,32.25,1069.84,2023-08-03,2023-09-04,Fully Paid,63540.96,31700.0,31840.96,0.0,756.0,35.02,174600,< 1 year,MORTGAGE,NY
LN000445,A,A1,educational,36,8700.0,7.62,271.1,2023-09-03,2023-10-01,Fully Paid,9942.91,8700.0,1242.91,0.0,718.0,42.27,219100,3 years,OWN,TN
LN002322,B,B2,car,36,2800.0,10.54,91.06,2022-01-24,2022-02-27,Fully Paid,3317.62,2800.0,517.62,0.0,774.0,12.75,99200,4 years,RENT,ID
LN000755,A,A3,vacation,36,15600.0,5.68,472.32,2023-12-18,2024-01-17,Charged Off,5314.78,3720.35,1594.43,11879.65,782.0,12.69,34900,7 years,MORTGAGE,IN
LN000924,B,B3,credit_card,60,7800.0,9.63,164.31,2023-09-16,2023-10-17,Current,6572.4,4272.06,2300.34,0.0,612.0,8.86,232800,8 years,OWN,CT
LN001667,D,D1,major_purchase,36,28100.0,21.62,1067.64,2022-12-17,2023-01-15,Charged Off,9142.59,6399.81,2742.78,21700.19,655.0,36.16,181200,9 years,MORTGAGE,OR
LN002962,E,E3,vacation,60,32000.0,24.47,929.33,2023-03-09,2023-04-06,Current,17657.27,11477.23,6180.04,0.0,813.0,25.1,161100,4 years,RENT,MN
LN002529,A,A3,small_business,36,,-6.03,532.62,2021-10-21,2021-11-25,Fully Paid,18893.17,17500.0,1393.17,0.0,654.0,19.22,185800,1 year,RENT,IL
LN000312,A,A1,educational,36,21500.0,6.84,662.29,2021-08-18,2021-09-19,Current,3973.74,2582.93,1390.81,0.0,778.0,37.81,227400,4 years,RENT,TX
LN001376,B,B2,debt_consolidation,36,,10.1,520.26,2022-07-04,2022-08-01,Fully Paid,18892.45,16100.0,2792.45,0.0,621.0,31.48,79200,3 years,MORTGAGE,AR
LN000549,C,C2,renewable_energy,60,18400.0,13.34,421.87,2023-02-22,2023-03-27,Fully Paid,25506.44,18400.0,7106.44,0.0,745.0,41.89,220100,< 1 year,RENT,ID
LN002882,F,F3,home_improvement,60,5000.0,29.19,159.29,2021-12-15,2022-01-16,Fully Paid,9452.01,5000.0,4452.01,0.0,786.0,42.97,167400,1 year,MORTGAGE,SC
LN002421,B,B3,moving,60,4900.0,8.85,101.36,2022-06-20,2022-07-23,Current,506.8,329.42,177.38,0.0,798.0,12.55,212600,4 years,RENT,CO
LN002820,F,F1,vacation,60,2200.0,-28.9,69.7,2022-05-10,2022-06-10,Current,2021.3,1313.85,707.45,0.0,735.0,21.62,99400,< 1 year,RENT,CT
LN000307,E,E5,credit_card,36,14000.0,24.65,554.05,2021-12-04,2022-01-04,Late (31-120 days),1108.1,775.67,332.43,0.0,652.0,28.93,247700,4 years,RENT,VA
LN000288,B,B4,renewable_energy,36,17100.0,8.56,540.28,2021-04-11,2021-05-10,Charged Off,6887.58,4821.31,2066.27,12278.69,738.0,7.53,43600,8 years,RENT,NC
LN000695,C,C5,educational,60,36600.0,14.25,856.37,2023-05-12,2023-06-15,Current,32542.06,21152.34,11389.72,0.0,780.0,40.75,106300,< 1 year,MORTGAGE,SC
LN000309,E,D1,wedding,36,15100.0,26.96,616.14,2023-05-21,2023-06-24,Current,17868.06,11614.24,6253.82,0.0,721.0,36.35,222600,2 years,MORTGAGE,NM
LN002649,E,E5,debt_consolidation,60,22900.0,26.36,690.53,2021-04-01,2021-05-04,Charged Off,13550.67,9485.47,4065.2,13414.53,615.0,31.45,162100,2 years,MORTGAGE,TX
LN002777,B,B5,car,60,31500.0,8.7,649.31,2023-06-17,2023-07-17,FULLY PAID,38680.92,31500.0,7180.92,0.0,662.0,28.45,69100,3 years,MORTGAGE,WI
LN002683,D,D5,debt_consolidation,60,28800.0,18.01,731.49,2021-05-19,2021-06-19,Default,7314.9,5120.43,2194.47,0.0,637.0,15.37,157500,8 years,RENT,NY
LN000750,C,C4,small_business,36,9100.0,13.93,310.71,2021-12-11,2022-01-11,Fully Paid,11277.83,9100.0,2177.83,0.0,679.0,25.52,96400,7 years,RENT,WA
LN001591,E,E3,moving,36,7000.0,24.09,274.96,2023-09-07,2023-10-12,Default,1099.84,769.89,329.95,0.0,712.0,19.78,188800,4 years,OTHER,FL
LN001171,B,B5,car,36,19000.0,11.39,625.55,2021-08-20,2021-09-21,Fully Paid,22291.56,19000.0,3291.56,0.0,614.0,32.34,135200,9 years,MORTGAGE,AB
LN002803,B,B2,medical,36,11500.0,10.42,373.34,2021-05-12,2021-06-16,Fully Paid,13702.03,11500.0,2202.03,0.0,592.0,17.93,92400,,RENT,MA
LN001267,E,E4,small_business,36,39400.0,25.95,1586.4,2022-07-06,2022-08-05,Fully Paid,56674.83,39400.0,17274.83,0.0,801.0,44.3,154500,10+ years,MORTGAGE,AZ
LN001843,E,E2,credit_card,36,7700.0,24.62,304.61,2022-08-18,2022-09-20,Charged Off,2360.87,1652.61,708.26,6047.39,735.0,29.39,70100,8 years,RENT,AK
LN003224,C,C3,medical,36,21800.0,13.64,741.27,2023-06-21,2023-07-23,Fully Paid,26835.46,21800.0,5035.46,0.0,615.0,20.63,121700,8 years,OWN,AK
LN000909,A,A4,home_improvement,60,39900.0,5.98,771.01,2021-02-23,2021-03-24,Charged Off,13499.47,9449.63,4049.84,30450.37,777.0,30.14,217900,2 years,OWN,DE
LN002651,B,B5,small_business,36,26900.0,8.76,852.41,2022-11-05,2022-12-06,Fully Paid,31241.16,26900.0,4341.16,0.0,663.0,28.26,139600,3 years,RENT,UT
LN000087,B,B2,small_business,60,16800.0,11.73,371.42,2023-12-28,2024-01-30,Fully Paid,22614.9,16800.0,5814.9,0.0,724.0,31.29,53500,1 year,MORTGAGE,AK
LN003040,D,D4,educational,36,24700.0,18.9,904.16,2021-11-19,2021-12-17,Fully Paid,32943.78,24700.0,8243.78,0.0,785.0,5.82,42700,2 years,OWN,MD
LN002443,D,D5,wedding,36,5100.0,20.25,190.18,2021-07-04,2021-08-06,Fully Paid,6903.2,5100.0,1803.2,0.0,764.0,7.28,27800,9 years,OTHER,TN
LN002982,E,E2,vacation,36,1200.0,23.78,46.94,2023-02-15,2023-03-22,Late (31-120 days),46.94,32.86,14.08,0.0,742.0,38.21,153900,8 years,MORTGAGE,AR
LN000971,D,D5,small_business,60,26900.0,20.2,715.68,2021-08-31,2021-10-01,Charged Off,13543.01,9480.11,4062.9,17419.89,768.0,14.63,27800,7 years,MORTGAGE,KY
LN000014,C,C2,vacation,60,10700.0,12.88,242.8,2021-08-06,2021-09-09,Fully Paid,14516.2,10700.0,3816.2,0.0,801.0,34.16,65300,< 1 year,MORTGAGE,CT
LN000874,A,A4,major_purchase,60,28500.0,7.47,570.68,2021-03-28,2021-04-28,Current,29104.68,18918.04,10186.64,0.0,639.0,13.53,230500,3 years,MORTGAGE,NM
LN001724,B,B3,medical,36,35000.0,9.97,1128.86,2023-11-24,2023-12-29,Current,18061.76,11740.14,6321.62,0.0,755.0,15.95,66100,3 years,MORTGAGE,OH
LN000809,E,E4,moving,36,34300.0,23.56,1337.78,2022-08-27,2022-10-01,Current,46822.3,30434.5,16387.81,0.0,722.0,39.35,58300,10+ years,OWN,CA
LN003086,G,G4,home_improvement,36,2700.0,34.75,121.76,2023-01-12,2023-02-15,Current,852.32,554.01,298.31,0.0,615.0,13.57,93800,6 years,OWN,PA
LN000515,B,B4,small_business,36,7900.0,8.55,249.57,2023-04-03,2023-05-02,Current,3743.55,2433.31,1310.24,0.0,799.0,6.07,222000,7 years,MORTGAGE,NV
LN002887,B,B3,educational,36,34500.0,11.4,1136.03,2023-12-21,2024-01-25,Fully Paid,41320.87,34500.0,6820.87,0.0,702.0,6.38,199700,5 years,RENT,MS
LN000410,C,C2,small_business,60,13000.0,14.44,305.46,2022-01-02,2022-01-30,Fully Paid,18022.92,13000.0,5022.92,0.0,617.0,28.82,88100,10+ years,MORTGAGE,NE
LN002760,B,B3,home_improvement,60,25200.0,10.3,539.15,2021-04-24,2021-05-27,Charged Off,14120.36,9884.25,4236.11,15315.75,611.0,28.58,31200,4 years,RENT,MO
LN001338,D,D5,educational,60,25800.0,20.92,696.82,2021-11-08,2021-12-11,Fully Paid,41597.69,25800.0,15797.69,0.0,737.0,19.09,112300,10+ years,RENT,GA
LN001414,E,E3,vacation,36,28600.0,24.98,1136.83,2022-11-04,2022-12-09,Fully Paid,41506.39,28600.0,12906.39,0.0,607.0,27.13,195300,10+ years,RENT,GA
LN002713,C,F4,educational,36,28100.0,14.08,961.48,2023-07-28,2023-09-01,Current,31728.84,20623.75,11105.09,0.0,655.0,36.23,179900,4 years,MORTGAGE,NH
LN001903,F,F4,major_purchase,36,3600.0,31.28,155.36,2023-08-14,2023-09-17,Fully Paid,5549.12,3600.0,1949.12,0.0,652.0,13.45,130700,4 years,MORTGAGE,MO
LN002296,D,D5,renewable_energy,60,,17.4,686.87,2023-01-28,2023-02-26,Current,3434.35,2232.33,1202.02,0.0,785.0,32.24,181800,1 year,RENT,NE
LN003304,A,A5,credit_card,60,38400.0,5.21,728.36,2022-09-15,2022-10-13,Fully Paid,43342.07,38400.0,4942.07,0.0,794.0,43.8,239500,9 years,RENT,RI
LN000007,C,C3,home_improvement,36,29700.0,14.66,1024.62,2023-09-04,2023-10-08,Late (31-120 days),7172.34,5020.64,2151.7,0.0,672.0,13.77,81600,5 years,RENT,AR
LN000383,C,C1,educational,60,32500.0,16.5,799.0,2021-12-05,2022-01-08,Fully Paid,47651.69,32500.0,15151.69,0.0,786.0,30.5,29600,7 years,MORTGAGE,KY
LN001691,D,D2,credit_card,36,10600.0,19.08,388.98,2023-10-25,2023-11-29,Charged Off,4026.74,2818.72,1208.02,7781.28,676.0,44.6,194500,4 years,RENT,FL
LN002629,C,C2,credit_card,60,22500.0,16.34,551.23,2023-10-19,2023-11-19,Current,10473.37,6807.69,3665.68,0.0,749.0,10.43,210700,2 years,RENT,ME
LN003329,C,C3,car,36,19800.0,15.91,695.23,2022-02-13,2022-03-18,Late (31-120 days),4171.38,2919.97,1251.41,0.0,643.0,15.35,227200,3 years,MORTGAGE,FL
LN001938,C,C5,wedding,60,4700.0,-13.32,107.71,2021-03-17,2021-04-14,Fully Paid,6366.43,4700.0,1666.43,0.0,817.0,10.52,34400,10+ years,OTHER,WA
LN002219,D,D3,small_business,60,30000.0,18.77,774.42,2023-03-21,2023-04-24,Current,3097.68,2013.49,1084.19,0.0,582.0,14.23,27800,10+ years,RENT,NE
LN001714,D,D4,home_improvement,60,30500.0,19.76,804.0,2023-06-12,2023-07-15,Current,9648.0,6271.2,3376.8,0.0,654.0,13.1,184000,5 years,MORTGAGE,MD
LN002515,E,E4,major_purchase,60,7400.0,25.15,217.85,2023-11-06,2023-12-09,Charged Off,4180.38,2926.27,1254.11,4473.73,648.0,29.66,206700,10+ years,MORTGAGE,AK
LN002621,E,E2,small_business,60,4900.0,22.81,137.6,2023-11-11,2023-12-16,Charged Off,753.97,527.78,226.19,4372.22,616.0,25.85,181600,10+ years,OTHER,IL
LN001394,F,F4,vacation,60,25500.0,28.48,801.36,2021-10-07,2021-11-09,Charged Off,12157.54,8510.28,3647.26,16989.72,679.0,30.51,140400,10+ years,RENT,MD
LN000553,E,A3,moving,36,29200.0,23.37,1135.96,2021-04-22,2021-05-22,Fully Paid,40286.45,29200.0,11086.45,0.0,596.0,10.1,118300,10+ years,MORTGAGE,LA
LN003341,D,D1,renewable_energy,60,37900.0,18.47,972.13,2022-10-07,2022-11-09,Fully Paid,57703.84,37900.0,19803.84,0.0,727.0,27.02,104300,5 years,MORTGAGE,WV
LN000223,B,B5,wedding,36,10600.0,11.43,349.19,2022-08-17,2022-09-21,Charged Off,1553.5,1087.45,466.05,9512.55,589.0,8.61,120200,6 years,RENT,NM
LN001383,F,F4,educational,36,12200.0,29.73,516.11,2022-12-13,2023-01-12,Fully Paid,18476.44,12200.0,6276.44,0.0,654.0,10.99,71200,4 years,RENT,MA
LN001097,D,D1,credit_card,36,6400.0,18.21,232.05,2023-06-08,2023-07-10,Fully Paid,8268.36,6400.0,1868.36,0.0,751.0,42.25,242000,10+ years,MORTGAGE,ND
LN003112,A,A2,major_purchase,36,17500.0,7.72,546.13,2022-11-13,2022-12-14,current,4369.04,2839.88,1529.16,0.0,628.0,15.18,63200,5 years,RENT,ID
LN000009,E,E3,credit_card,36,9000.0,24.54,355.65,2022-04-07,2022-05-09,Default,1066.95,746.87,320.08,0.0,709.0,41.51,147200,10+ years,OWN,IL
LN000635,B,B5,car,36,14000.0,9.41,447.87,2021-08-01,2021-08-31,Fully Paid,15854.55,14000.0,1854.55,0.0,645.0,32.06,83600,5 years,RENT,WA
LN000317,F,F1,vacation,36,4400.0,29.03,184.46,2022-03-21,2022-04-21,Current,3135.82,2038.28,1097.54,0.0,784.0,17.63,169600,5 years,RENT,KY
LN001329,B,B3,vacation,36,13200.0,8.55,417.0,2023-06-29,2023-07-31,Fully Paid,14932.7,13200.0,1732.7,0.0,763.0,28.54,73600,3 years,RENT,ME
LN000428,A,A3,home_improvement,60,9600.0,7.09,190.5,2021-01-07,2021-02-06,Charged Off,5367.57,3757.3,1610.27,5842.7,590.0,10.33,179000,9 years,RENT,NY
LN002831,B,B5,debt_consolidation,60,12500.0,11.26,273.4,2022-02-12,2022-03-18,Fully Paid,16218.66,12500.0,3718.66,0.0,654.0,227.92,92400,3 years,RENT,NC
LN000106,A,A4,credit_card,60,12300.0,7.45,246.17,2022-12-03,2023-01-05,Late (31-120 days),1723.19,1206.23,516.96,0.0,593.0,20.86,178100,2 years,OTHER,MS
LN002009,C,C2,home_improvement,36,4800.0,16.17,169.16,2022-11-16,2022-12-14,Late (31-120 days),338.32,236.82,101.5,0.0,739.0,43.75,158500,6 years,MORTGAGE,IN
LN000143,D,D2,home_improvement,60,33700.0,21.49,921.01,2021-10-17,2021-11-20,Charged Off,3292.68,2304.88,987.8,31395.12,751.0,8.82,82500,5 years,MORTGAGE,AL
LN000122,A,A3,renewable_energy,36,24800.0,7.04,766.21,2022-08-14,2022-09-16,Fully Paid,27946.62,24800.0,3146.62,0.0,721.0,30.59,99500,8 years,RENT,NC
LN002561,B,B1,renewable_energy,60,33400.0,9.58,702.77,2021-09-14,2021-10-18,Charged Off,17813.49,12469.44,5344.05,20930.56,770.0,19.24,31700,5 years,RENT,ID
LN003069,G,G1,wedding,36,5200.0,32.04,226.6,2023-11-28,2024-01-01,Fully paid,8080.06,5200.0,2880.06,0.0,739.0,38.4,84300,5 years,MORTGAGE,VT
LN003437,B,B4,home_improvement,60,15000.0,9.89,317.89,2022-11-12,2022-12-14,Current,17166.06,11157.94,6008.12,0.0,681.0,5.38,245000,8 years,MORTGAGE,CO
LN001190,D,D4,renewable_energy,36,38300.0,17.51,1375.24,2022-09-20,2022-10-18,Charged Off,5741.51,4019.06,1722.45,34280.94,692.0,43.41,217000,2 years,OWN,IN
LN003147,B,B4,vacation,36,26300.0,11.61,868.65,2023-02-01,2023-03-06,Charged Off,11266.81,7886.77,3380.04,18413.23,650.0,43.58,231800,2 years,RENT,UT
LN003114,B,B2,moving,36,10600.0,10.65,345.28,2022-04-05,2022-05-06,Current,9667.84,6284.1,3383.74,0.0,738.0,30.22,67300,< 1 year,MORTGAGE,WI
LN003128,B,B1,moving,60,10800.0,9.51,226.87,2022-06-16,2022-07-17,Fully Paid,13706.92,10800.0,2906.92,0.0,763.0,9.77,204100,8 years,RENT,DE
LN001690,C,C3,renewable_energy,60,13300.0,16.38,326.12,2022-01-06,2022-02-03,Current,9783.6,6359.34,3424.26,0.0,798.0,30.38,37100,6 years,MORTGAGE,MO
LN000116,D,D4,small_business,60,3900.0,17.38,97.72,2023-08-11,2023-09-14,Fully Paid,5933.82,3900.0,2033.82,0.0,,11.4,37700,1 year,MORTGAGE,NH
LN002827,D,D1,moving,36,15700.0,21.71,597.24,2023-06-28,2023-07-26,Current,4777.92,3105.65,1672.27,0.0,674.0,7.37,216200,,MORTGAGE,MD
LN003198,C,C4,medical,60,,13.1,70.69,2022-09-19,2022-10-21,Current,3675.88,2389.32,1286.56,0.0,648.0,5.52,220600,2 years,RENT,NM
LN001841,D,D4,vacation,36,,21.74,232.14,2021-11-08,2021-12-09,Fully Paid,8266.5,6100.0,2166.5,0.0,778.0,26.24,242300,10+ years,RENT,MN
LN002575,B,B5,renewable_energy,36,11400.0,9.09,362.99,2021-03-19,2021-04-22,Current,1088.97,707.83,381.14,0.0,586.0,19.99,112900,2 years,MORTGAGE,OH
LN003356,C,C3,small_business,60,26300.0,15.96,639.01,2023-10-02,2023-11-04,Charged Off,11566.4,8096.48,3469.92,18203.52,631.0,29.41,29500,< 1 year,MORTGAGE,TN
LN003094,B,B3,credit_card,36,7600.0,11.53,250.73,2021-05-19,2021-06-18,Current,2005.84,1303.8,702.04,0.0,721.0,40.53,67100,< 1 year,RENT,CT
LN002429,A,A1,wedding,60,33900.0,7.06,672.22,2023-06-11,2023-07-13,Fully Paid,40466.94,33900.0,6566.94,0.0,735.0,15.81,71200,3 years,RENT,WI
LN002646,A,A4,medical,36,25000.0,5.62,756.25,2022-07-03,2022-08-05,Charged Off,6388.56,4471.99,1916.57,20528.01,738.0,34.26,93000,8 years,OWN,CA
LN000673,E,E1,wedding,36,38200.0,23.75,1493.69,2023-12-20,2024-01-18,Fully Paid,52971.7,38200.0,14771.7,0.0,776.0,20.4,155700,5 years,OWN,NE
LN002460,C,C3,major_purchase,60,21900.0,16.22,535.13,2023-04-02,2023-04-01,Current,28361.89,18435.23,9926.66,0.0,696.0,38.13,116400,3 years,OWN,UT
LN000092,C,C4,educational,60,15800.0,12.96,359.18,2022-11-18,2022-12-16,Default,1077.54,754.28,323.26,0.0,785.0,42.9,213400,10+ years,MORTGAGE,CO
LN001110,C,C1,moving,36,34200.0,14.82,1182.54,2022-01-20,2022-02-19,Fully Paid,42026.17,34200.0,7826.17,0.0,804.0,14.27,76700,2 years,RENT,RI
LN002122,E,E3,medical,60,24900.0,24.28,720.37,2022-08-27,2022-09-27,Fully Paid,43929.95,24900.0,19029.95,0.0,725.0,5.34,26600,5 years,OWN,ME
LN000592,D,D1,car,36,17700.0,18.61,645.33,2021-07-18,2021-08-18,Current,18069.24,11745.01,6324.23,0.0,820.0,22.12,120100,2 years,RENT,ID
LN002088,C,C4,renewable_energy,36,22100.0,15.92,776.1,2022-12-18,2023-01-20,Default,9313.2,6519.24,2793.96,0.0,687.0,7.81,81700,1 year,RENT,ND
LN002364,B,A2,small_business,60,39000.0,10.53,838.84,2021-06-29,2021-07-27,Charged Off,18233.39,12763.37,5470.02,26236.63,593.0,16.75,57500,5 years,RENT,MI
LN002030,E,E1,major_purchase,36,31400.0,22.59,1208.79,2021-05-27,2021-06-26,Fully Paid,43984.93,31400.0,12584.93,0.0,621.0,34.67,215400,8 years,RENT,MA
LN000889,E,E4,debt_consolidation,36,39000.0,26.34,1578.41,2022-01-14,2022-02-14,Fully Paid,56701.87,39000.0,17701.87,0.0,682.0,12.95,180800,6 years,RENT,ID
LN002282,A,A1,medical,60,1300.0,6.56,25.47,2022-02-16,2022-03-22,Current,1324.44,860.89,463.55,0.0,606.0,42.66,30400,3 years,MORTGAGE,NE
LN001989,A,A5,vacation,36,15100.0,6.54,463.07,2021-08-26,2021-09-25,Current,7872.19,5116.92,2755.27,0.0,630.0,35.91,175700,6 years,MORTGAGE,MD
LN001577,C,C3,wedding,36,21700.0,14.85,750.64,2023-05-04,2023-06-03,Fully Paid,27258.64,21700.0,5558.64,0.0,731.0,26.42,121000,,RENT,WY
LN002342,E,E3,debt_consolidation,36,,24.87,960.52,2022-01-13,2022-02-14,Charged Off,10936.3,7655.41,3280.89,16544.59,711.0,43.76,29300,2 years,OWN,WY
LN001715,A,A4,credit_card,36,24400.0,7.59,760.0,2022-02-07,2022-03-13,Default,9120.0,6384.0,2736.0,0.0,740.0,135.98,116900,3 years,RENT,TX
LN000214,B,B1,moving,36,11600.0,10.08,374.74,2022-04-08,2022-05-13,Fully Paid,13285.54,11600.0,1685.54,0.0,620.0,37.3,149600,9 years,MORTGAGE,AZ
LN000779,B,B5,debt_consolidation,60,8600.0,9.83,182.01,2022-05-20,2022-06-18,Default,728.04,509.63,218.41,0.0,724.0,25.14,249500,8 years,OWN,BC
LN002584,B,B4,medical,60,28300.0,8.61,582.12,2021-05-26,2021-06-23,Fully Paid,34478.41,28300.0,6178.41,0.0,590.0,21.05,51300,< 1 year,OWN,VA
LN001449,G,G1,medical,60,28900.0,32.0,970.82,2022-05-16,2022-06-20,Default,970.82,679.57,291.25,0.0,647.0,10.71,196900,2 years,RENT,ZZ
LN002400,D,D3,educational,36,20700.0,18.75,756.17,2022-11-07,2022-12-09,Late (31-120 days),4537.02,3175.91,1361.11,0.0,791.0,10.97,161800,6 years,MORTGAGE,MS
LN000801,A,A1,moving,36,28400.0,5.6,858.85,2021-11-06,2021-12-06,Current,24047.8,15631.07,8416.73,0.0,800.0,33.71,143800,9 years,MORTGAGE,MI
LN002966,B,B3,credit_card,60,15200.0,11.11,331.32,2023-12-24,2024-01-25,Current,16566.0,10767.9,5798.1,0.0,683.0,24.75,32600,5 years,RENT,MN
LN001710,C,C4,car,36,9900.0,15.48,345.52,2023-06-26,2023-07-29,Fully Paid,12563.28,9900.0,2663.28,0.0,742.0,31.8,124300,3 years,MORTGAGE,SD
LN002128,D,D2,major_purchase,60,33800.0,20.13,897.94,2023-06-09,2023-07-14,Charged Off,5740.98,4018.69,1722.29,29781.31,729.0,11.27,103100,2 years,MORTGAGE,MA
LN001568,A,A3,moving,60,30200.0,5.1,571.3,2023-04-22,2023-05-20,Fully Paid,34244.24,30200.0,4044.24,0.0,758.0,11.68,70000,< 1 year,OWN,MI
LN003022,G,G1,home_improvement,36,36800.0,34.29,1649.93,2021-06-30,2021-08-02,Fully Paid,60201.69,36800.0,23401.69,0.0,811.0,43.16,245100,8 years,RENT,RI
LN003268,C,C2,medical,36,19900.0,15.27,692.47,2023-07-14,2023-08-11,Default,2077.41,1454.19,623.22,0.0,653.0,18.9,229700,< 1 year,RENT,MO
LN001519,E,E5,car,60,24000.0,23.34,681.27,2022-03-12,2022-04-13,DEFAULT,5450.16,3815.11,1635.05,0.0,686.0,22.14,80700,< 1 year,MORTGAGE,MO
LN002120,E,E5,renewable_energy,36,31400.0,23.07,1216.63,2022-06-18,2022-07-17,Current,29199.12,18979.43,10219.69,0.0,758.0,20.76,44900,10+ years,MORTGAGE,IA
LN003250,E,E4,moving,36,36200.0,24.96,1438.54,2023-01-15,2023-02-18,Current,4315.62,2805.15,1510.47,0.0,580.0,9.16,70500,1 year,RENT,GA
LN001344,B,B5,home_improvement,60,35000.0,11.97,778.03,2022-05-29,2022-06-28,Fully Paid,47537.67,35000.0,12537.67,0.0,683.0,7.29,99900,9 years,MORTGAGE,MI
LN000274,D,D5,car,60,25700.0,21.62,704.26,2023-10-25,2023-11-24,Current,9859.64,6408.77,3450.87,0.0,767.0,37.61,67400,4 years,MORTGAGE,MA
LN001813,D,D1,moving,36,,21.35,806.31,2023-08-19,2023-09-18,Current,12900.96,8385.62,4515.34,0.0,684.0,42.07,202100,6 years,MORTGAGE,TX
LN000072,F,F3,educational,36,11200.0,28.03,463.45,2023-10-29,2023-12-01,Charged Off,6187.08,4330.96,1856.12,6869.04,792.0,11.58,222300,,RENT,MI
LN000721,F,F1,small_business,60,3200.0,27.94,99.52,2021-04-10,2021-05-12,Fully Paid,5930.44,3200.0,2730.44,0.0,736.0,36.67,180400,3 years,RENT,FL
LN001741,G,G5,wedding,36,1000.0,33.09,44.16,2021-06-15,2021-07-13,Current,883.2,574.08,309.12,0.0,695.0,29.21,72400,2 years,MORTGAGE,CT
LN001088,F,F2,credit_card,36,10400.0,30.09,442.01,2022-12-29,2023-01-27,Current,1768.04,1149.23,618.81,0.0,700.0,13.74,76800,2 years,MORTGAGE,UT
LN000395,C,C2,medical,36,32500.0,13.53,1103.37,2021-01-01,2021-02-03,Fully Paid,40038.48,32500.0,7538.48,0.0,750.0,18.21,158000,5 years,RENT,NM
LN000584,F,F4,vacation,36,3000.0,30.45,128.1,2021-04-05,2021-03-31,Current,4099.2,2664.48,1434.72,0.0,668.0,33.01,146800,,MORTGAGE,ID
LN003481,D,D3,credit_card,60,4200.0,19.5,110.11,2022-07-27,2022-08-26,Charged Off,531.46,372.02,159.44,3827.98,730.0,10.74,155100,1 year,MORTGAGE,SC
LN002417,D,D5,debt_consolidation,60,10600.0,18.9,274.39,2023-01-29,2023-03-03,Charged Off,2584.13,1808.89,775.24,8791.11,686.0,12.46,130000,2 years,MORTGAGE,NE
LN002424,B,B4,car,60,32900.0,11.74,727.53,2022-05-09,2022-06-10,Charged Off,2542.28,1779.6,762.68,31120.4,749.0,7.03,45700,9 years,RENT,OR
LN000501,C,C3,credit_card,36,7500.0,14.5,258.16,2022-11-12,2022-12-14,Current,7744.8,5034.12,2710.68,0.0,652.0,41.11,132800,6 years,MORTGAGE,KY
LN002496,A,A3,medical,60,33000.0,5.75,634.15,2021-05-19,2021-06-22,Default,6341.5,4439.05,1902.45,0.0,750.0,36.49,165600,2 years,OWN,MS
LN002667,E,E4,home_improvement,36,26300.0,26.0,1059.64,2021-04-05,2021-05-03,Current,24371.72,15841.62,8530.1,0.0,712.0,7.07,30700,10+ years,MORTGAGE,MO
LN002348,A,A5,renewable_energy,36,19000.0,5.83,576.55,2023-10-27,2023-11-24,Current,18449.6,11992.24,6457.36,0.0,633.0,41.98,35500,1 year,MORTGAGE,SD
LN001901,E,E1,renewable_energy,36,17500.0,24.8,693.95,2021-09-28,2021-10-29,Fully Paid,25321.86,17500.0,7821.86,0.0,585.0,35.79,82800,4 years,MORTGAGE,RI
LN003287,A,A2,medical,36,7500.0,6.46,229.73,2021-11-18,2021-12-19,Late (31-120 days),2756.76,1929.73,827.03,0.0,665.0,21.92,92100,4 years,OWN,WY
LN002365,D,D5,major_purchase,60,5700.0,20.13,151.43,2023-12-13,2024-01-17,Charged Off,984.32,689.02,295.3,5010.98,722.0,20.35,43900,,MORTGAGE,KS
LN003464,B,B3,wedding,60,6400.0,11.72,141.46,2023-07-07,2023-08-09,Fully Paid,8459.84,6400.0,2059.84,0.0,605.0,13.01,236800,10+ years,RENT,IA
LN001764,A,A2,medical,36,6800.0,6.17,207.39,2021-07-30,2021-09-03,Fully Paid,7504.62,6800.0,704.62,0.0,702.0,30.3,108700,3 years,RENT,IL
LN001260,D,D2,vacation,60,29200.0,17.54,734.2,2022-06-05,2022-07-08,Fully Paid,44220.73,29200.0,15020.73,0.0,617.0,26.47,230700,5 years,RENT,OH
LN002187,C,C1,renewable_energy,36,17500.0,13.33,592.43,2021-12-29,2022-01-27,Fully Paid,21513.81,17500.0,4013.81,0.0,637.0,39.38,125300,6 years,RENT,DE
LN002272,B,B4,medical,60,,8.87,31.04,2023-11-03,2023-12-01,Fully Paid,1888.89,1500.0,388.89,0.0,787.0,19.15,215700,1 year,OWN,MS
LN000206,D,D4,vacation,36,3800.0,19.5,140.26,2021-08-22,2021-09-21,Fully Paid,4999.9,3800.0,1199.9,0.0,606.0,40.77,72200,2 years,OWN,AZ
LN000734,C,C3,renewable_energy,36,,12.58,1128.68,2021-07-18,2021-08-21,Current,13544.16,8803.7,4740.46,0.0,671.0,24.91,125000,6 years,MORTGAGE,NV
LN001177,B,B1,major_purchase,60,11300.0,8.88,233.91,2021-07-12,2021-08-11,Fully Paid,14251.35,11300.0,2951.35,0.0,789.0,21.78,239800,1 year,MORTGAGE,NH
LN000527,E,E3,debt_consolidation,36,1500.0,25.73,60.22,2023-11-05,2023-12-04,Fully Paid,2151.86,1500.0,651.86,0.0,777.0,11.57,50100,4 years,RENT,TN
LN002822,A,A3,educational,36,16800.0,5.25,505.4,2021-10-01,2021-11-05,Fully Paid,18006.15,16800.0,1206.15,0.0,802.0,40.45,103700,6 years,MORTGAGE,ND
LN002139,D,D2,debt_consolidation,36,30900.0,21.24,1167.97,2022-03-11,2022-04-12,Fully Paid,41261.76,30900.0,10361.76,0.0,691.0,28.97,92000,,RENT,WA
LN000899,D,D3,educational,60,35200.0,19.95,931.61,2022-09-18,2022-10-20,Current,10247.71,6661.01,3586.7,0.0,663.0,21.88,84400,6 years,MORTGAGE,AZ
LN000378,D,D2,moving,36,33100.0,19.79,1226.58,2021-12-28,2022-01-28,Fully Paid,43535.6,33100.0,10435.6,0.0,747.0,18.96,84500,10+ years,MORTGAGE,RI
LN002526,A,A1,car,36,36800.0,6.66,1130.57,2021-08-27,2021-08-17,Fully Paid,40875.25,36800.0,4075.25,0.0,732.0,38.07,216400,9 years,RENT,ND
LN001560,A,A2,small_business,60,10200.0,6.87,201.35,2023-05-30,2023-06-27,Current,11879.65,7721.77,4157.88,0.0,689.0,37.35,218800,,RENT,NC
LN002974,E,E3,wedding,36,14700.0,26.14,593.37,2023-10-22,2023-11-26,Current,16614.36,10799.33,5815.03,0.0,731.0,34.38,243400,10+ years,OWN,CO
LN003214,D,D5,credit_card,36,28100.0,21.5,1065.9,2023-05-31,2023-07-05,Default,7461.3,5222.91,2238.39,0.0,639.0,41.51,77700,1 year,RENT,NE
LN000349,A,A5,major_purchase,60,36900.0,7.0,730.66,2022-12-03,2023-01-01,Fully Paid,43279.15,36900.0,6379.15,0.0,682.0,25.19,89700,5 years,MORTGAGE,MN
LN000387,B,B4,renewable_energy,36,9400.0,10.5,305.52,2021-05-20,2021-06-23,Fully Paid,10830.15,9400.0,1430.15,0.0,780.0,35.06,153800,8 years,RENT,CO
LN000199,B,B1,medical,36,31700.0,11.02,1038.12,2023-12-30,2024-01-31,Current,4152.48,2699.11,1453.37,0.0,797.0,38.88,148500,2 years,MORTGAGE,IL
LN002451,B,B4,medical,36,16600.0,10.62,540.48,2023-06-20,2023-07-21,Fully Paid,19837.11,16600.0,3237.11,0.0,809.0,5.65,244100,5 years,RENT,KS
LN001710,C,C4,car,36,9900.0,15.48,345.52,2023-06-26,2023-07-29,Fully Paid,12563.28,9900.0,2663.28,0.0,742.0,31.8,124300,3 years,MORTGAGE,SD
LN001051,D,D3,major_purchase,36,27400.0,19.93,1017.31,2023-05-07,2023-06-11,Current,30519.3,19837.55,10681.75,0.0,775.0,25.56,249400,8 years,MORTGAGE,CA
LN000591,B,B2,medical,36,22500.0,8.6,711.31,2023-07-20,2023-08-17,Fully Paid,25291.84,22500.0,2791.84,0.0,751.0,7.53,64500,,MORTGAGE,HI
LN000520,B,B5,educational,60,7700.0,11.59,169.69,2022-08-14,2022-09-17,Default,1866.59,1306.61,559.98,0.0,747.0,34.38,218400,9 years,MORTGAGE,SC
LN002427,B,B2,medical,60,23200.0,9.87,491.45,2021-01-11,2021-02-08,Fully Paid,29298.92,23200.0,6098.92,0.0,820.0,28.89,52500,3 years,OWN,WI
LN001629,A,A5,vacation,36,20100.0,5.39,605.94,2021-08-12,2021-09-13,Fully Paid,21560.09,20100.0,1460.09,0.0,731.0,18.06,206100,6 years,RENT,MO
LN002910,B,B2,educational,36,,9.39,342.2,2021-01-31,2021-02-28,Fully Paid,12315.7,10700.0,1615.7,0.0,599.0,43.9,28400,9 years,RENT,OR
LN002448,D,G5,educational,36,4300.0,19.46,158.62,2021-05-04,2021-06-08,Late (31-120 days),475.86,333.1,142.76,0.0,616.0,14.49,80000,4 years,MORTGAGE,NC
LN000430,C,C2,home_improvement,60,2900.0,14.89,68.82,2023-04-23,2023-05-28,current,550.56,357.86,192.7,0.0,740.0,38.06,148300,3 years,RENT,KS
LN001084,G,G3,credit_card,36,38800.0,33.2,1715.86,2022-05-12,2022-06-09,Fully Paid,61240.11,38800.0,22440.11,0.0,627.0,33.47,81200,10+ years,MORTGAGE,CT
LN002418,C,C4,debt_consolidation,60,,13.76,657.29,2022-12-07,2023-01-04,Fully Paid,39846.0,28400.0,11446.0,0.0,638.0,35.96,136600,3 years,RENT,VA
LN003021,B,B4,major_purchase,36,23000.0,10.86,751.47,2023-10-29,2023-12-01,Fully Paid,26858.01,23000.0,3858.01,0.0,629.0,16.38,225800,7 years,RENT,CO
LN000208,B,B1,wedding,36,26700.0,10.86,872.35,2021-03-06,2021-04-03,Fully Paid,31786.9,26700.0,5086.9,0.0,591.0,43.16,53200,10+ years,MORTGAGE,WY
LN000492,D,D3,educational,36,,21.12,230.19,2021-08-29,2021-09-30,Charged Off,1485.48,1039.84,445.64,5060.16,734.0,34.17,249300,8 years,OWN,AK
LN001948,A,A3,renewable_energy,36,6700.0,6.83,206.36,2022-02-23,2022-03-30,Charged Off,1907.64,1335.35,572.29,5364.65,819.0,33.91,45400,6 years,RENT,WV
LN001810,C,C4,educational,60,,15.89,591.94,2023-10-14,2023-11-16,Late (31-120 days),2367.76,1657.43,710.33,0.0,,44.74,61100,,RENT,OK
LN002035,F,F2,small_business,36,33200.0,31.09,1429.29,2023-07-16,2023-08-16,Fully Paid,52454.22,33200.0,19254.22,0.0,688.0,17.41,98200,1 year,MORTGAGE,KY
LN003492,A,A3,wedding,36,17400.0,5.03,521.73,2021-03-01,2021-03-29,Current,2086.92,1356.5,730.42,0.0,747.0,12.65,174500,8 years,RENT,MO
LN000793,D,D1,educational,60,,19.17,75.5,2023-08-20,2023-09-22,Fully Paid,4540.54,2900.0,1640.54,0.0,794.0,40.1,39500,10+ years,MORTGAGE,KS
LN002981,B,B1,debt_consolidation,36,4100.0,9.29,130.93,2021-04-08,2021-05-11,Current,3796.97,2468.03,1328.94,0.0,580.0,143.91,228300,10+ years,RENT,OR
LN002531,D,D3,major_purchase,60,22700.0,21.57,621.41,2022-01-05,2022-02-08,Default,2485.64,1739.95,745.69,0.0,748.0,44.48,247200,8 years,MORTGAGE,VA
LN001187,A,A5,home_improvement,60,34000.0,5.02,641.93,2023-10-05,2023-11-06,current,3851.58,2503.53,1348.05,0.0,676.0,34.53,61800,5 years,OWN,NY
LN001186,A,A5,educational,60,19800.0,5.86,381.5,2021-01-21,2021-02-19,Charged Off,9760.64,6832.45,2928.19,12967.55,624.0,33.3,68300,8 years,RENT,CA
LN001551,D,D1,wedding,36,29400.0,17.8,1059.93,2023-05-19,2023-06-18,Current,3179.79,2066.86,1112.93,0.0,773.0,9.25,100100,4 years,MORTGAGE,SD
LN003118,C,C3,credit_card,36,28000.0,15.2,973.37,2023-04-10,2023-05-10,Fully Paid,34808.03,28000.0,6808.03,0.0,582.0,14.84,246800,8 years,RENT,OR
LN001916,D,D2,educational,36,38300.0,17.9,1382.72,2021-05-08,2021-06-07,Charged Off,21047.67,14733.37,6314.3,23566.63,798.0,5.69,138900,10+ years,MORTGAGE,SC
LN002885,D,D2,renewable_energy,36,36000.0,17.06,1284.57,2023-05-02,2023-06-06,Charged Off,18587.03,13010.92,5576.11,22989.08,591.0,30.56,244300,4 years,MORTGAGE,WV
LN003385,C,C3,car,36,36800.0,13.82,1254.52,2022-12-26,2023-01-28,Default,2509.04,1756.33,752.71,0.0,754.0,21.18,111100,2 years,RENT,MI
LN001531,A,A2,wedding,36,21300.0,7.27,660.31,2021-11-09,2021-12-12,Fully Paid,23444.33,21300.0,2144.33,0.0,669.0,29.63,158100,1 year,MORTGAGE,WV
LN001411,C,C3,medical,36,30700.0,14.65,1058.97,2021-09-22,2021-10-21,Default,5294.85,3706.39,1588.46,0.0,778.0,28.37,36400,3 years,RENT,RI
LN001477,A,A2,home_improvement,60,11300.0,7.8,228.04,2023-03-07,2023-04-11,Current,9577.68,6225.49,3352.19,0.0,591.0,20.53,246900,9 years,RENT,OH
LN002859,C,C2,debt_consolidation,36,24200.0,12.83,813.41,2022-11-09,2022-12-11,Current,3253.64,2114.87,1138.77,0.0,629.0,29.76,88500,< 1 year,RENT,WV
LN001798,F,F4,renewable_energy,60,11000.0,-30.62,360.09,2022-10-04,2022-11-04,Default,1080.27,756.19,324.08,0.0,612.0,38.51,56100,8 years,RENT,SC
LN000084,B,B2,renewable_energy,60,4400.0,8.82,90.95,2023-09-10,2023-10-09,Fully Paid,5368.94,4400.0,968.94,0.0,769.0,19.91,78200,6 years,MORTGAGE,OK
LN002834,C,C5,educational,36,33300.0,13.16,1124.58,2022-09-30,2022-11-02,Fully Paid,39691.77,33300.0,6391.77,0.0,727.0,20.06,204200,< 1 year,MORTGAGE,NH
LN002670,A,A5,major_purchase,60,20300.0,6.49,397.1,2022-10-29,2022-11-29,Fully Paid,23541.16,20300.0,3241.16,0.0,583.0,19.01,76500,10+ years,OWN,KY
LN000021,B,B4,moving,60,32300.0,11.94,717.52,2023-06-01,2023-06-29,Current,27265.76,17722.74,9543.02,0.0,656.0,42.27,67400,10+ years,RENT,DE
LN002376,D,D3,debt_consolidation,60,35500.0,20.56,951.63,2021-02-01,2021-03-04,Charged Off,11380.12,7966.08,3414.04,27533.92,657.0,33.27,238300,,OWN,KS
LN001628,B,B3,debt_consolidation,36,11100.0,10.88,362.77,2022-06-14,2022-07-13,Charged Off,4702.68,3291.88,1410.8,7808.12,742.0,43.05,198300,5 years,RENT,NV
LN002130,F,F4,major_purchase,36,24400.0,28.45,1015.21,2023-06-01,2023-07-04,Current,21319.41,13857.62,7461.79,0.0,739.0,23.02,132500,6 years,RENT,FL
LN002633,B,B5,debt_consolidation,36,,11.89,155.86,2022-02-04,2022-03-06,FULLY PAID,5533.8,4700.0,833.8,0.0,804.0,40.15,240500,4 years,OWN,MI
LN001406,D,D3,wedding,36,28300.0,20.22,1054.9,2021-05-02,2021-06-03,Fully paid,37972.57,28300.0,9672.57,0.0,768.0,32.02,86700,8 years,RENT,VT
LN001148,E,E3,renewable_energy,60,2500.0,26.25,75.22,2022-09-13,2022-10-13,Charged Off,432.64,302.85,129.79,2197.15,581.0,31.71,235400,4 years,RENT,MO
LN001731,C,C3,major_purchase,36,25800.0,16.24,910.11,2022-11-20,2022-12-19,Current,14561.76,9465.14,5096.62,0.0,691.0,24.06,233900,4 years,RENT,NV
LN001563,A,A3,moving,36,12500.0,6.14,381.07,2021-04-05,2021-05-05,Fully Paid,13755.74,12500.0,1255.74,0.0,651.0,32.53,95800,2 years,OWN,VA
LN002525,B,B3,home_improvement,36,19600.0,8.72,620.72,2022-08-08,2022-09-12,Charged Off,7375.61,5162.93,2212.68,14437.07,708.0,24.51,83800,5 years,RENT,LA
LN003227,A,A1,wedding,36,39000.0,5.76,1182.22,2022-07-14,2022-08-18,Charged Off,17287.32,12101.12,5186.2,26898.88,797.0,35.77,149200,4 years,MORTGAGE,ND
LN002391,E,E2,wedding,60,39900.0,25.63,1185.9,2021-10-15,2021-11-15,Fully Paid,72192.96,39900.0,32292.96,0.0,649.0,26.19,155900,10+ years,MORTGAGE,NE
LN000974,B,B2,medical,36,3100.0,10.92,101.37,2023-09-22,2023-10-26,Charged Off,942.1,659.47,282.63,2440.53,,36.85,190100,5 years,MORTGAGE,NH
LN001711,D,D2,wedding,36,,18.78,467.77,2022-08-06,2022-09-04,Fully Paid,16622.53,12800.0,3822.53,0.0,,44.27,190500,4 years,RENT,CA
LN003347,E,E3,debt_consolidation,36,17400.0,23.36,676.82,2022-10-15,2022-11-17,Charged Off,9557.6,6690.32,2867.28,10709.68,743.0,30.29,182100,8 years,MORTGAGE,MT
LN003127,A,A1,home_improvement,60,10500.0,7.6,210.9,2022-02-24,2022-03-30,Current,6537.9,4249.64,2288.26,0.0,644.0,34.16,113000,5 years,OWN,CA
LN000884,B,B1,educational,36,5700.0,11.91,189.08,2023-05-31,2023-06-29,Charged Off,2788.58,1952.01,836.57,3747.99,796.0,39.06,216800,6 years,OTHER,WI
LN001099,A,A4,renewable_energy,60,31800.0,6.7,625.19,2022-10-04,2022-11-06,fully paid,37469.17,31800.0,5669.17,0.0,630.0,40.61,158000,< 1 year,RENT,NM
LN000157,D,D1,medical,60,31000.0,20.62,832.04,2022-01-05,2022-02-05,charged off,16374.53,11462.17,4912.36,19537.83,665.0,17.13,31200,2 years,RENT,WV
LN002731,D,D3,small_business,36,19700.0,19.54,727.51,2022-05-24,2022-06-28,Current,13095.18,8511.87,4583.31,0.0,750.0,24.37,52400,10+ years,MORTGAGE,MA
LN000887,F,F5,home_improvement,36,8500.0,28.32,353.06,2021-06-22,2021-07-22,Fully Paid,12727.15,8500.0,4227.15,0.0,796.0,6.58,77100,6 years,MORTGAGE,MA
LN000679,A,A2,moving,36,21200.0,7.5,659.45,2021-08-16,2021-09-20,Charged Off,10732.18,7512.53,3219.65,13687.47,815.0,27.88,150300,8 years,OWN,HI
LN002180,C,C1,educational,36,10300.0,15.16,357.86,2022-03-12,2022-04-12,Current,7157.2,4652.18,2505.02,0.0,945.0,30.33,175800,,RENT,NV
LN001513,A,A1,credit_card,60,15100.0,7.74,304.3,2023-01-13,2023-02-16,Fully Paid,18618.5,15100.0,3518.5,0.0,705.0,25.22,198800,10+ years,RENT,NM
LN002964,E,E3,small_business,60,38800.0,24.83,1134.97,2023-11-04,2023-12-09,Current,10214.73,6639.57,3575.16,0.0,783.0,9.63,64700,,RENT,OK
LN003232,E,E3,car,36,14400.0,22.94,556.97,2022-10-29,2022-11-27,Fully Paid,19729.96,14400.0,5329.96,0.0,752.0,36.04,116000,6 years,MORTGAGE,CO
LN003033,C,C5,moving,36,24700.0,-15.04,856.72,2021-09-17,2021-10-22,Fully Paid,30296.93,24700.0,5596.93,0.0,799.0,6.13,35200,7 years,MORTGAGE,WA
LN002615,F,C1,major_purchase,36,12400.0,29.44,522.6,2022-07-21,2022-08-22,Charged Off,5731.48,4012.04,1719.44,8387.96,766.0,19.1,88300,3 years,RENT,MI
LN000738,A,A1,medical,36,31300.0,5.37,943.3,2021-04-10,2021-05-15,Fully Paid,33864.15,31300.0,2564.15,0.0,749.0,38.36,45400,3 years,RENT,ME
LN001454,C,C5,credit_card,36,11500.0,14.69,396.91,2023-10-19,2023-11-23,Current,9922.75,6449.79,3472.96,0.0,711.0,13.9,120800,2 years,RENT,NM
LN001506,F,F1,home_improvement,60,29000.0,27.56,895.26,2021-02-08,2021-03-13,Current,28648.32,18621.41,10026.91,0.0,801.0,43.81,37800,< 1 year,MORTGAGE,TX
LN003026,A,A4,vacation,36,33500.0,6.91,1033.0,2021-08-13,2021-09-16,Current,34089.0,22157.85,11931.15,0.0,618.0,36.48,233800,2 years,MORTGAGE,CT
LN003176,A,A5,wedding,36,14000.0,7.75,437.1,2022-05-15,2022-06-14,Charged Off,7761.85,5433.3,2328.55,8566.7,782.0,31.96,91700,9 years,RENT,MO
LN000459,B,B3,debt_consolidation,36,28100.0,10.74,916.5,2022-11-17,2022-12-16,Charged Off,13250.37,9275.26,3975.11,18824.74,626.0,35.59,93400,6 years,MORTGAGE,UT
LN003117,E,E3,medical,60,30300.0,25.11,891.3,2022-10-06,2022-11-05,Fully Paid,54296.83,30300.0,23996.83,0.0,805.0,28.2,94800,5 years,RENT,GA
LN001952,B,B4,credit_card,60,17700.0,9.41,370.95,2023-01-17,2023-02-20,Late (31-120 days),2225.7,1557.99,667.71,0.0,642.0,28.43,185900,< 1 year,MORTGAGE,NY
LN000079,A,A2,home_improvement,36,9900.0,5.33,298.18,2021-10-17,2021-11-14,Fully Paid,10673.61,9900.0,773.61,0.0,781.0,14.52,157600,< 1 year,RENT,FL
LN003494,G,G3,medical,60,16100.0,34.16,562.76,2021-06-21,2021-07-19,Current,26449.72,17192.32,9257.4,0.0,656.0,28.06,185200,5 years,MORTGAGE,HI
LN002497,F,F4,medical,36,2300.0,28.92,96.28,2023-08-06,2023-09-03,Charged Off,822.68,575.88,246.8,1724.12,596.0,27.24,115900,< 1 year,MORTGAGE,MS
LN001057,F,F2,vacation,60,6000.0,30.29,195.19,2022-06-09,2022-07-12,Fully Paid,11664.48,6000.0,5664.48,0.0,725.0,18.25,58200,2 years,MORTGAGE,TX
LN000907,A,A3,educational,36,16900.0,5.63,511.3,2023-01-21,2023-02-19,Fully Paid,18340.81,16900.0,1440.81,0.0,616.0,24.24,90600,8 years,MORTGAGE,KS
LN002163,E,E4,educational,60,34300.0,23.74,981.57,2021-02-16,2021-03-16,Current,4907.85,3190.1,1717.75,0.0,806.0,11.25,196400,3 years,RENT,NY
LN002658,C,C3,medical,60,39100.0,15.76,945.86,2022-03-04,2022-04-06,Charged Off,19882.77,13917.94,5964.83,25182.06,684.0,39.54,56400,8 years,RENT,OH
LN003230,C,C1,medical,36,13700.0,12.98,461.48,2022-02-14,2022-03-21,Charged Off,4417.85,3092.49,1325.36,10607.51,777.0,14.39,168400,6 years,OWN,SD
LN000381,A,A5,educational,60,28000.0,7.96,567.2,2023-02-27,2023-04-03,Current,23255.2,15115.88,8139.32,0.0,819.0,36.53,142600,4 years,MORTGAGE,KY
LN000948,A,A2,major_purchase,60,23400.0,5.08,442.45,2021-06-03,2021-07-08,Fully Paid,26277.04,23400.0,2877.04,0.0,715.0,16.51,90900,1 year,MORTGAGE,AR
LN003324,D,D5,moving,60,18900.0,21.92,521.14,2022-03-18,2022-04-20,Late (31-120 days),2605.7,1823.99,781.71,0.0,659.0,37.0,142900,9 years,MORTGAGE,KY
LN002410,E,E2,major_purchase,36,2800.0,26.29,113.25,2023-01-29,2023-03-01,Fully Paid,4057.42,2800.0,1257.42,0.0,645.0,22.03,75400,1 year,MORTGAGE,DE
LN002861,D,D5,wedding,36,12800.0,17.84,461.72,2021-11-19,2021-12-20,Charged Off,6903.9,4832.73,2071.17,7967.27,820.0,11.96,109800,2 years,MORTGAGE,TX
LN000716,D,D1,wedding,60,22500.0,20.41,601.26,2021-03-30,2021-05-03,Fully Paid,35816.03,22500.0,13316.03,0.0,630.0,6.99,227300,,OTHER,NE
LN002399,B,B5,credit_card,60,32000.0,11.19,698.79,2023-07-14,2023-08-14,Fully Paid,42179.74,32000.0,10179.74,0.0,704.0,28.55,178900,3 years,OWN,ND
LN000687,E,E2,small_business,36,5400.0,24.75,213.99,2022-10-12,2022-11-16,Fully Paid,7837.39,5400.0,2437.39,0.0,621.0,7.73,173800,4 years,RENT,VA
LN003072,F,F1,medical,60,40000.0,31.07,1320.55,2023-07-09,2023-08-11,Current,23769.9,15450.44,8319.47,0.0,620.0,41.23,108800,5 years,RENT,ON
LN001294,A,A1,major_purchase,36,37800.0,7.79,1180.86,2023-02-04,2023-03-09,Default,12989.46,9092.62,3896.84,0.0,755.0,32.46,131300,5 years,MORTGAGE,MI
LN000306,C,C4,major_purchase,60,36700.0,14.62,865.79,2021-05-20,2021-06-20,Late (31-120 days),6926.32,4848.42,2077.9,0.0,782.0,35.75,168500,6 years,MORTGAGE,WI
LN000210,E,E5,medical,36,21900.0,22.61,843.3,2023-12-14,2024-01-16,Current,2529.9,1644.44,885.47,0.0,665.0,5.06,179100,10+ years,MORTGAGE,CT
LN001144,B,B2,moving,60,17600.0,10.85,381.35,2022-01-08,2022-02-10,Current,13728.6,8923.59,4805.01,0.0,615.0,31.29,32100,10+ years,OTHER,AL
LN002665,B,B2,credit_card,36,38100.0,10.59,1239.96,2023-07-16,2023-08-18,Fully Paid,44505.91,38100.0,6405.91,0.0,720.0,31.15,227800,8 years,RENT,TX
LN001667,D,D1,major_purchase,36,,21.62,1067.64,2022-12-17,2023-01-15,Charged Off,9142.59,6399.81,2742.78,21700.19,655.0,36.16,181200,,MORTGAGE,OR
LN001493,C,D4,major_purchase,36,22100.0,16.4,781.34,2023-12-28,2024-01-26,Current,17189.48,11173.16,6016.32,0.0,708.0,27.63,148400,10+ years,RENT,MA
LN000886,A,A4,debt_consolidation,36,17500.0,6.28,534.61,2023-01-12,2023-02-13,Current,12296.03,7992.42,4303.61,0.0,716.0,190.94,107000,8 years,MORTGAGE,MN
LN001930,F,F5,renewable_energy,36,35000.0,28.5,1457.2,2023-06-13,2023-07-12,Fully Paid,51706.72,35000.0,16706.72,0.0,,25.14,76500,1 year,RENT,NY
LN002203,E,E4,vacation,36,16300.0,26.88,664.4,2021-10-27,2021-11-25,Late (31-120 days),1328.8,930.16,398.64,0.0,582.0,39.33,114100,7 years,MORTGAGE,CO
LN000918,B,B3,credit_card,60,5600.0,10.74,121.03,2022-11-11,2022-12-14,Current,5204.29,3382.79,1821.5,0.0,627.0,35.26,107800,3 years,MORTGAGE,MN
LN003403,C,C1,renewable_energy,36,8900.0,14.97,308.39,2022-06-28,2022-08-02,Default,2158.73,1511.11,647.62,0.0,660.0,36.0,124900,,RENT,MD
LN002223,E,E1,medical,36,28000.0,25.33,1118.17,2021-12-04,2022-01-05,Fully Paid,40649.42,28000.0,12649.42,0.0,701.0,37.52,38800,< 1 year,OWN,NY
LN000192,B,B3,educational,60,19800.0,10.09,421.57,2021-11-01,2021-12-06,Fully Paid,24790.82,19800.0,4990.82,0.0,778.0,38.89,63100,8 years,OWN,TX
LN002277,C,C1,vacation,36,27700.0,14.72,956.44,2021-11-15,2021-12-19,Fully Paid,34361.55,27700.0,6661.55,0.0,718.0,5.28,188600,1 year,MORTGAGE,ID
LN003411,B,B1,car,60,4800.0,10.01,102.01,2023-01-02,2023-02-05,Current,4284.42,2784.87,1499.55,0.0,805.0,31.58,150900,7 years,MORTGAGE,NE
LN001266,A,A3,medical,36,5700.0,5.87,173.07,2023-02-21,2023-03-24,Late (31-120 days),865.35,605.75,259.61,0.0,817.0,17.77,124900,7 years,RENT,NC
LN000484,D,D4,small_business,60,34000.0,17.8,859.68,2023-04-05,2023-05-06,Fully Paid,50783.48,34000.0,16783.48,0.0,629.0,6.11,152100,5 years,MORTGAGE,NV
LN002709,B,B5,wedding,36,38400.0,10.47,1247.55,2022-06-01,2022-07-04,Current,4990.2,3243.63,1746.57,0.0,628.0,13.99,35700,5 years,MORTGAGE,CT
LN000916,D,D3,major_purchase,60,18600.0,18.76,480.04,2022-01-21,2022-02-21,Fully Paid,29129.26,18600.0,10529.26,0.0,663.0,23.33,132700,8 years,RENT,OK
LN002381,F,F1,major_purchase,36,33100.0,27.91,1367.53,2023-02-10,2023-03-13,Fully Paid,49924.68,33100.0,16824.68,0.0,661.0,6.99,60800,7 years,OTHER,ID
LN000278,A,A1,medical,36,9200.0,7.95,288.08,2022-08-29,2022-09-30,Fully Paid,10189.2,9200.0,989.2,0.0,780.0,16.81,246600,< 1 year,MORTGAGE,CT
LN000989,B,B4,educational,36,5500.0,11.35,180.98,2023-03-24,2023-04-28,Fully Paid,6583.76,5500.0,1083.76,0.0,802.0,15.43,123000,< 1 year,MORTGAGE,AK
LN003420,A,A4,renewable_energy,36,16800.0,6.89,517.89,2021-11-20,2021-12-23,Fully Paid,18428.12,16800.0,1628.12,0.0,585.0,7.85,105200,1 year,MORTGAGE,CT
LN001246,A,A2,medical,60,19900.0,5.77,382.6,2023-06-29,2023-08-02,Current,20277.8,13180.57,7097.23,0.0,613.0,39.17,100400,9 years,RENT,ME
LN002329,E,E1,educational,60,13900.0,22.61,388.74,2023-11-23,2023-12-26,Fully Paid,23319.88,13900.0,9419.88,0.0,733.0,237.19,136700,7 years,MORTGAGE,SC
LN000572,A,A2,medical,36,13000.0,6.19,396.61,2022-04-22,2022-05-24,Charged Off,3346.14,2342.3,1003.84,10657.7,,42.42,178200,3 years,RENT,WI
LN001436,D,D1,home_improvement,36,28600.0,17.94,1033.1,2023-03-16,2023-04-20,Late (31-120 days),8264.8,5785.36,2479.44,0.0,583.0,42.05,241700,3 years,MORTGAGE,MI
LN002432,D,D5,credit_card,60,8500.0,19.32,221.99,2022-06-26,2022-07-25,Fully Paid,13258.44,8500.0,4758.44,0.0,807.0,31.72,66600,10+ years,RENT,LA
LN000994,D,D2,medical,60,38600.0,20.74,1038.62,2022-03-23,2022-04-23,Late (31-120 days),5193.1,3635.17,1557.93,0.0,672.0,23.55,119100,,MORTGAGE,KY
LN002032,B,B3,major_purchase,36,3600.0,11.0,117.86,2021-08-11,2021-09-12,Fully Paid,4200.29,3600.0,600.29,0.0,682.0,29.77,83800,8 years,MORTGAGE,WV
LN003122,G,G3,small_business,36,,33.11,1638.81,2021-04-21,2021-05-25,Charged Off,22021.96,15415.37,6606.59,21684.63,955.0,40.59,126200,5 years,MORTGAGE,NM
LN000586,F,F5,small_business,60,4400.0,30.29,143.14,2021-09-24,2021-10-25,Late (31-120 days),1001.98,701.39,300.59,0.0,775.0,27.11,176000,< 1 year,RENT,WY
LN003075,C,C3,educational,36,17600.0,15.38,613.39,2022-08-09,2022-09-06,Default,3066.95,2146.86,920.08,0.0,780.0,25.74,144800,< 1 year,MORTGAGE,OH
LN000414,C,C4,renewable_energy,60,38500.0,15.19,919.76,2021-09-03,2021-10-04,Charged Off,16275.68,11392.98,4882.7,27107.02,626.0,17.53,29300,7 years,MORTGAGE,AL
LN001358,C,C1,renewable_energy,36,19300.0,13.05,650.76,2022-12-03,2023-01-06,Fully Paid,23151.75,19300.0,3851.75,0.0,757.0,19.84,215800,8 years,RENT,MN
LN001350,A,A1,home_improvement,36,9600.0,6.3,293.36,2021-11-05,2021-12-05,Current,2053.52,1334.79,718.73,0.0,739.0,39.68,228200,1 year,MORTGAGE,CO
LN001008,B,B4,small_business,60,28700.0,10.73,620.15,2021-05-14,2021-06-14,Fully Paid,36511.1,28700.0,7811.1,0.0,262.0,13.28,54200,< 1 year,OWN,DE
LN000675,D,D5,wedding,60,,18.1,1000.1,2022-11-11,2022-12-10,Fully Paid,58812.76,39300.0,19512.76,0.0,797.0,5.69,219100,10+ years,MORTGAGE,AR
LN002245,C,C2,medical,60,7600.0,13.1,173.31,2022-02-21,2022-03-26,Current,2253.03,1464.47,788.56,0.0,777.0,42.86,237800,2 years,RENT,IA
LN000856,C,C1,wedding,36,21900.0,16.28,772.97,2023-12-28,2024-01-30,CURRENT,10048.61,6531.6,3517.01,0.0,725.0,30.02,62200,,RENT,RI
LN000448,D,D2,educational,36,10300.0,21.87,392.67,2022-07-07,2022-08-06,Fully Paid,13919.51,10300.0,3619.51,0.0,661.0,27.98,205500,3 years,RENT,OK
LN002523,C,C2,wedding,36,6000.0,14.11,205.39,2022-01-27,2022-02-28,Fully Paid,7439.26,6000.0,1439.26,0.0,705.0,41.83,209300,8 years,RENT,MS
LN000866,D,D5,vacation,36,20400.0,17.07,728.03,2023-05-21,2023-06-19,Fully Paid,26009.17,20400.0,5609.17,0.0,637.0,11.0,73900,7 years,RENT,NJ
LN002600,B,B1,debt_consolidation,36,7100.0,9.41,227.14,2022-10-07,2022-11-05,Current,3861.38,2509.9,1351.48,0.0,799.0,16.12,97600,10+ years,MORTGAGE,AR
LN002712,B,B5,educational,36,6400.0,10.92,209.29,2023-10-16,2023-11-20,Fully Paid,7666.94,6400.0,1266.94,0.0,798.0,33.57,37100,2 years,RENT,MT
LN003205,F,F5,moving,60,9400.0,27.79,291.49,2021-01-22,2021-02-20,Charged Off,673.47,471.43,202.04,8928.57,111.0,11.44,35400,5 years,RENT,SC
LN002856,A,A5,educational,36,22800.0,7.89,713.31,2021-11-03,2021-12-02,Late (31-120 days),2853.24,1997.27,855.97,0.0,666.0,6.72,195300,1 year,RENT,ME
LN002258,D,D4,medical,36,20200.0,18.11,731.39,2021-08-02,2021-09-01,Fully Paid,26214.74,20200.0,6014.74,0.0,783.0,23.45,101100,2 years,MORTGAGE,ME
LN001691,D,D2,credit_card,36,10600.0,19.08,388.98,2023-10-25,2023-11-29,Charged Off,4026.74,2818.72,1208.02,7781.28,676.0,44.6,194500,4 years,RENT,FL
LN003201,D,D2,major_purchase,36,18400.0,19.1,675.4,2022-12-10,2023-01-09,Default,8104.8,5673.36,2431.44,0.0,586.0,26.75,68500,10+ years,MORTGAGE,WI
LN003259,B,B2,vacation,36,31800.0,11.68,1051.36,2022-09-18,2022-10-17,Current,9462.24,6150.46,3311.78,0.0,731.0,20.76,74400,2 years,MORTGAGE,MS
LN001248,G,G4,car,60,25400.0,34.78,897.88,2023-08-04,2023-09-08,Fully Paid,53084.83,25400.0,27684.83,0.0,660.0,29.53,184800,< 1 year,RENT,LA
LN001986,A,A5,educational,60,25900.0,6.94,512.12,2023-03-22,2023-04-22,Fully Paid,30525.99,25900.0,4625.99,0.0,749.0,44.92,209500,7 years,RENT,CA
LN000295,D,D3,home_improvement,60,,18.32,281.25,2023-03-22,2023-04-20,Current,1125.0,731.25,393.75,0.0,797.0,25.29,37700,9 years,MORTGAGE,WY
LN001548,G,G2,home_improvement,36,29500.0,33.72,1313.18,2023-02-18,2023-03-19,Fully Paid,47496.69,29500.0,17996.69,0.0,594.0,11.64,216300,8 years,MORTGAGE,NV
LN002013,A,A4,major_purchase,36,14900.0,5.2,447.91,2023-10-28,2023-11-29,Charged Off,5821.92,4075.34,1746.58,10824.66,748.0,39.6,52900,< 1 year,MORTGAGE,MT
LN000589,A,A1,wedding,36,16000.0,5.37,482.2,2022-02-19,2022-03-25,Fully Paid,17478.21,16000.0,1478.21,0.0,582.0,32.1,87800,5 years,RENT,VA
LN001742,D,D2,major_purchase,60,17000.0,-17.97,431.41,2023-01-26,2023-03-02,Late (31-120 days),1294.23,905.96,388.27,0.0,776.0,30.73,78700,10+ years,RENT,NV
LN001282,A,A2,car,36,3200.0,7.23,99.14,2021-04-14,2021-05-15,Late (31-120 days),793.12,555.18,237.94,0.0,593.0,37.83,80700,2 years,RENT,CA
LN003216,B,B5,small_business,36,30100.0,9.67,966.59,2023-11-24,2023-12-29,Fully Paid,34359.81,30100.0,4259.81,0.0,,17.7,206900,10+ years,OWN,OR
LN002324,A,A4,vacation,36,6900.0,7.04,213.18,2021-02-18,2021-03-22,Current,1918.62,1247.1,671.52,0.0,793.0,43.6,229400,2 years,MORTGAGE,WA
LN001951,E,E5,debt_consolidation,36,11400.0,23.38,443.55,2022-02-15,2022-03-19,Charged Off,1021.37,714.96,306.41,10685.04,798.0,18.35,114700,4 years,RENT,ND
LN003496,C,C3,vacation,36,1200.0,14.29,41.18,2023-07-21,2023-08-18,Fully Paid,1500.18,1200.0,300.18,0.0,262.0,32.65,215900,< 1 year,RENT,FL
LN003099,B,B1,vacation,36,19500.0,10.83,636.84,2022-11-18,2022-12-21,Fully Paid,22670.69,19500.0,3170.69,0.0,612.0,6.17,187100,5 years,RENT,PA
LN002616,F,F5,small_business,36,31300.0,30.88,1343.87,2022-07-12,2022-08-09,Fully Paid,48363.4,31300.0,17063.4,0.0,663.0,35.91,89600,10+ years,MORTGAGE,SD
LN002058,A,A5,car,36,18200.0,5.47,549.32,2022-10-24,2022-11-26,Current,3295.92,2142.35,1153.57,0.0,581.0,11.64,127300,< 1 year,RENT,ME
LN002933,E,E4,educational,60,,25.16,1133.64,2021-01-24,2021-02-27,Charged Off,15933.83,11153.68,4780.15,27346.32,799.0,16.1,207400,,OWN,DE
LN001418,C,C1,debt_consolidation,36,16100.0,13.71,547.99,2021-04-04,2021-05-06,Fully Paid,19802.85,16100.0,3702.85,0.0,591.0,20.74,137300,7 years,MORTGAGE,OK
LN000426,A,A1,small_business,60,,6.37,115.08,2021-09-24,2021-10-24,Current,805.56,523.61,281.95,0.0,789.0,37.7,71700,5 years,MORTGAGE,IA
LN001055,C,C5,educational,36,35000.0,13.81,1192.99,2023-11-21,2023-12-21,Current,23859.8,15508.87,8350.93,0.0,786.0,28.75,125400,2 years,RENT,NM
LN002996,C,C4,debt_consolidation,60,34300.0,13.11,782.36,2022-06-24,2022-07-22,Current,25035.52,16273.09,8762.43,0.0,660.0,24.07,232300,6 years,MORTGAGE,IL
LN000557,E,E3,small_business,36,25200.0,23.57,982.99,2021-05-13,2021-06-15,Current,23591.76,15334.64,8257.12,0.0,713.0,36.76,54800,9 years,MORTGAGE,WI
LN003190,A,A3,debt_consolidation,60,29600.0,6.49,579.02,2022-01-18,2022-02-15,Late (31-120 days),3474.12,2431.88,1042.24,0.0,755.0,12.56,36000,10+ years,RENT,LA
LN003187,D,D3,small_business,36,18900.0,17.39,677.51,2021-07-14,2021-08-11,Fully Paid,23925.07,18900.0,5025.07,0.0,740.0,30.79,69500,1 year,MORTGAGE,WA
LN003011,C,C5,home_improvement,36,3800.0,16.48,134.5,2021-07-06,2021-08-05,Fully Paid,4884.34,3800.0,1084.34,0.0,700.0,29.64,42800,4 years,RENT,MA
LN001194,B,B1,wedding,36,13900.0,10.52,451.92,2021-01-23,2021-02-27,Current,4519.2,2937.48,1581.72,0.0,626.0,40.73,204700,< 1 year,MORTGAGE,NH
LN001717,D,D5,renewable_energy,36,5900.0,18.77,215.59,2023-12-09,2024-01-09,Current,7545.65,4904.67,2640.98,0.0,601.0,9.06,236000,7 years,MORTGAGE,CO
LN002452,A,A4,educational,60,30700.0,7.67,617.65,2022-02-06,2022-03-06,Fully Paid,37524.52,30700.0,6824.52,0.0,716.0,8.82,32600,2 years,OWN,OK
LN003246,E,E5,wedding,60,36300.0,22.93,1021.85,2023-06-01,2023-07-04,Current,37808.45,24575.49,13232.96,0.0,600.0,37.38,74500,5 years,RENT,BC
LN002924,D,D2,home_improvement,60,7200.0,19.92,190.44,2022-07-30,2022-09-02,charged off,1002.16,701.51,300.65,6498.49,658.0,43.54,65800,4 years,RENT,ME
LN001286,B,B5,renewable_energy,60,12300.0,10.9,266.82,2022-12-20,2023-01-18,Charged Off,2622.65,1835.86,786.79,10464.14,805.0,36.35,172400,4 years,OWN,KS
LN002249,C,C3,renewable_energy,60,25400.0,16.3,621.73,2021-03-11,2021-04-14,Charged Off,13754.23,9627.96,4126.27,15772.04,,30.11,146100,4 years,MORTGAGE,MD
LN002274,A,A5,medical,60,30500.0,6.24,593.06,2021-12-10,2022-01-14,Fully Paid,35488.38,30500.0,4988.38,0.0,749.0,24.7,222800,< 1 year,RENT,MD
LN002883,A,A3,educational,36,17300.0,5.44,521.92,2021-08-28,2021-10-02,Fully Paid,18606.58,17300.0,1306.58,0.0,628.0,35.45,120600,1 year,OWN,LA
LN001890,A,A2,educational,36,20600.0,7.83,643.91,2021-08-28,2021-09-27,Charged Off,4922.14,3445.5,1476.64,17154.5,695.0,15.76,164200,9 years,RENT,MN
LN001592,B,B1,car,36,24700.0,10.62,804.21,2023-07-15,2023-08-18,Fully Paid,28457.87,24700.0,3757.87,0.0,675.0,28.26,223400,10+ years,MORTGAGE,TX
LN001548,G,G2,home_improvement,36,,33.72,1313.18,2023-02-18,2023-03-19,Fully Paid,47496.69,29500.0,17996.69,0.0,594.0,11.64,216300,8 years,MORTGAGE,NV
LN002631,A,A3,moving,36,14500.0,6.59,445.0,2023-07-31,2023-08-29,Charged Off,7825.45,5477.81,2347.63,9022.19,763.0,28.58,147900,10+ years,RENT,CO
LN002907,G,G1,home_improvement,60,28300.0,33.12,970.57,2023-06-01,2023-07-06,Charged Off,10027.64,7019.35,3008.29,21280.65,622.0,43.46,236100,5 years,RENT,NJ
LN001138,C,C5,educational,60,7900.0,14.13,184.35,2021-06-05,2021-07-06,Fully Paid,11005.39,7900.0,3105.39,0.0,765.0,9.97,66900,7 years,OWN,VT
LN002303,A,A4,credit_card,36,15600.0,6.07,475.08,2022-12-22,2023-01-25,Late (31-120 days),2850.48,1995.34,855.14,0.0,761.0,23.45,136000,10+ years,RENT,RI
LN003384,G,G1,major_purchase,36,18600.0,35.86,850.47,2022-12-25,2023-01-24,Late (31-120 days),9355.17,6548.62,2806.55,0.0,723.0,26.87,245900,< 1 year,MORTGAGE,RI
LN003402,D,D3,medical,60,8100.0,17.69,204.32,2021-02-13,2021-03-20,Fully Paid,12284.55,8100.0,4184.55,0.0,616.0,15.58,239800,5 years,MORTGAGE,HI
LN001712,B,B4,home_improvement,36,13600.0,11.55,448.8,2023-02-15,2023-03-15,Current,13015.2,8459.88,4555.32,0.0,686.0,17.01,134100,5 years,OTHER,IA
LN003369,B,B1,medical,60,13500.0,9.35,282.54,2022-08-08,2022-09-07,Current,2260.32,1469.21,791.11,0.0,588.0,9.01,163100,10+ years,MORTGAGE,NH
LN000454,B,B4,educational,60,8100.0,11.42,177.81,2021-10-11,2021-11-09,fully paid,10584.63,8100.0,2484.63,0.0,802.0,26.01,162300,< 1 year,MORTGAGE,WI
LN000914,G,F5,credit_card,36,13200.0,33.44,585.52,2023-05-24,2023-06-27,Current,2927.6,1902.94,1024.66,0.0,668.0,30.88,205300,10+ years,MORTGAGE,ND
LN002430,A,A5,major_purchase,60,,7.7,428.84,2023-11-21,2023-12-22,Charged Off,4398.03,3078.62,1319.41,18221.38,623.0,21.49,88000,< 1 year,RENT,HI
LN001200,C,C5,medical,36,11000.0,16.15,387.54,2021-04-07,2021-05-11,Default,775.08,542.56,232.52,0.0,,32.47,229700,1 year,MORTGAGE,GA
LN001275,B,B2,credit_card,60,19400.0,9.67,409.05,2021-11-06,2021-12-09,Default,818.1,572.67,245.43,0.0,697.0,24.47,144100,8 years,MORTGAGE,FL
LN000038,F,F4,medical,36,25800.0,27.62,1061.89,2022-11-08,2022-12-11,Current,29732.92,19326.4,10406.52,0.0,765.0,11.6,216400,10+ years,OTHER,OH
LN000975,A,A4,car,60,8100.0,7.36,161.77,2021-11-27,2021-12-31,Default,1779.47,1245.63,533.84,0.0,618.0,20.98,30700,4 years,MORTGAGE,ID
LN000984,B,B4,car,60,1500.0,9.54,31.53,2022-05-12,2022-06-12,Fully Paid,1855.88,1500.0,355.88,0.0,746.0,30.76,197600,< 1 year,OWN,GA
LN002412,B,B2,moving,60,38000.0,11.24,830.77,2022-04-03,2022-05-06,Fully Paid,49506.1,38000.0,11506.1,0.0,664.0,212.51,95300,< 1 year,MORTGAGE,LA
LN001419,F,F4,major_purchase,36,,29.01,121.54,2023-12-03,2024-01-02,Fully Paid,4447.23,2900.0,1547.23,0.0,736.0,28.89,220600,1 year,MORTGAGE,WY
LN001561,C,C1,credit_card,60,26300.0,14.98,625.4,2022-08-27,2022-09-27,Fully Paid,37820.19,26300.0,11520.19,0.0,590.0,40.29,142500,6 years,OWN,LA
LN000040,F,F3,car,36,5100.0,29.38,214.77,2022-09-24,2022-10-22,Default,1288.62,902.03,386.59,0.0,637.0,31.01,41400,8 years,MORTGAGE,IL
LN001487,B,B2,wedding,60,33100.0,10.0,703.28,2022-04-12,2022-05-15,Fully Paid,41402.43,33100.0,8302.43,0.0,811.0,15.58,243000,8 years,RENT,WV
LN002299,A,A4,moving,60,39700.0,5.56,759.42,2022-03-24,2022-04-21,Fully Paid,46448.99,39700.0,6748.99,0.0,,18.46,119300,6 years,OWN,NC
LN000170,F,F4,major_purchase,60,6200.0,28.03,193.15,2021-05-25,2021-06-24,Charged Off,2209.32,1546.52,662.8,4653.48,711.0,21.32,35700,1 year,MORTGAGE,RI
LN001356,E,E4,car,36,23900.0,25.17,952.41,2021-06-01,2021-07-03,Late (31-120 days),1904.82,1333.37,571.45,0.0,687.0,37.65,182900,10+ years,OWN,AZ
LN001325,F,F1,educational,36,5000.0,30.33,213.16,2023-04-19,2023-05-22,Current,7247.44,4710.84,2536.6,0.0,683.0,6.12,134300,4 years,OWN,WA
LN003248,B,B5,debt_consolidation,60,26200.0,10.8,567.04,2022-10-19,2022-11-16,Current,21547.52,14005.89,7541.63,0.0,743.0,115.86,170600,5 years,RENT,OR
LN002368,B,B5,debt_consolidation,36,1100.0,10.83,35.92,2021-06-25,2021-07-26,Charged Off,439.95,307.96,131.98,792.04,217.0,11.78,50700,6 years,MORTGAGE,ND
LN002379,B,B4,medical,36,2800.0,9.79,90.07,2022-10-10,2022-11-08,Fully Paid,3234.01,2800.0,434.01,0.0,629.0,40.31,128700,2 years,RENT,GA
LN001641,B,B3,debt_consolidation,36,,9.67,86.7,2021-10-20,2021-11-22,Fully Paid,3121.63,2700.0,421.63,0.0,657.0,114.91,142800,1 year,MORTGAGE,SD
LN001291,A,A1,credit_card,36,26900.0,-7.82,840.72,2021-06-04,2021-07-03,Current,3362.88,2185.87,1177.01,0.0,616.0,18.14,145800,8 years,OWN,ON
LN001381,B,B5,car,60,39000.0,10.65,841.16,2023-10-16,2023-11-14,Charged Off,3011.43,2108.0,903.43,36892.0,791.0,24.39,39700,9 years,MORTGAGE,RI
LN001934,A,A1,major_purchase,60,27200.0,7.65,546.97,2022-01-12,2022-02-09,Current,6563.64,4266.37,2297.27,0.0,813.0,30.27,236300,4 years,MORTGAGE,AZ
LN000580,A,A4,medical,36,17800.0,6.71,547.26,2023-03-11,2023-04-15,Current,12039.72,7825.82,4213.9,0.0,,11.86,97700,< 1 year,MORTGAGE,NY
LN002031,A,A2,home_improvement,60,1800.0,6.72,35.4,2021-09-23,2021-10-21,Charged Off,924.0,646.8,277.2,1153.2,684.0,7.7,152600,3 years,OWN,NY
LN000893,C,C2,moving,36,36500.0,14.38,1254.23,2021-10-01,2021-10-29,Fully Paid,45698.41,36500.0,9198.41,0.0,801.0,34.59,145000,4 years,OWN,HI
LN000781,B,B3,educational,60,36400.0,9.34,761.62,2023-06-30,2023-08-03,Fully Paid,45426.64,36400.0,9026.64,0.0,709.0,8.06,173300,7 years,MORTGAGE,NH
LN000160,B,B2,vacation,36,36000.0,9.68,1156.22,2021-08-29,2021-10-03,Default,12718.42,8902.89,3815.53,0.0,769.0,24.62,93900,,RENT,FL
LN000003,B,B3,credit_card,36,,9.76,189.71,2021-10-28,2021-11-30,Current,948.55,616.56,331.99,0.0,766.0,23.38,76100,10+ years,RENT,OK
LN000850,B,B4,home_improvement,36,39000.0,10.25,1263.0,2023-04-11,2023-05-11,Current,23997.0,15598.05,8398.95,0.0,683.0,6.29,57100,7 years,MORTGAGE,MN
LN002165,E,E3,vacation,60,14000.0,25.24,412.89,2023-08-08,2023-09-09,Charged Off,3676.79,2573.75,1103.04,11426.25,655.0,11.98,126500,10+ years,MORTGAGE,NM
LN001597,B,B1,renewable_energy,60,36700.0,10.13,782.12,2021-11-28,2022-01-01,Fully Paid,47146.71,36700.0,10446.71,0.0,771.0,42.76,149900,8 years,MORTGAGE,AZ
LN001777,D,D5,educational,60,17200.0,17.32,430.43,2021-10-27,2021-11-30,Charged Off,8105.77,5674.04,2431.73,11525.96,693.0,5.47,105700,4 years,RENT,FL
LN001914,A,A3,vacation,36,5700.0,6.53,174.78,2021-12-25,2022-01-28,Charged Off,2382.09,1667.46,714.63,4032.54,979.0,33.82,193500,4 years,MORTGAGE,MO
LN001044,C,C1,educational,36,33700.0,14.92,1166.9,2022-06-06,2022-07-04,Fully Paid,41802.43,33700.0,8102.43,0.0,580.0,16.49,241600,9 years,MORTGAGE,MT
LN001545,B,B3,credit_card,36,37800.0,11.2,1241.11,2022-08-17,2022-09-15,Charged Off,4074.35,2852.04,1222.3,34947.96,640.0,31.65,45200,5 years,OWN,PA
LN003160,F,F2,vacation,60,9400.0,28.13,293.41,2023-03-22,2023-04-22,Current,12029.81,7819.38,4210.43,0.0,,32.51,145500,2 years,MORTGAGE,UT
LN000054,C,C2,car,36,12500.0,15.09,433.87,2023-10-22,2023-11-23,Current,3037.09,1974.11,1062.98,0.0,595.0,11.64,150900,6 years,MORTGAGE,ME
LN003467,C,C1,renewable_energy,60,32800.0,15.58,790.33,2023-10-04,2023-11-03,Default,5532.31,3872.62,1659.69,0.0,694.0,44.44,46500,3 years,MORTGAGE,HI
LN001912,A,A5,educational,36,4000.0,7.21,123.89,2022-09-19,2022-10-21,Charged Off,1857.62,1300.33,557.29,2699.67,672.0,37.98,56800,< 1 year,MORTGAGE,RI
LN002423,G,G2,major_purchase,60,20900.0,34.49,734.94,2021-12-11,2022-01-10,Fully Paid,43655.36,20900.0,22755.36,0.0,652.0,215.87,59100,8 years,RENT,ME
LN000825,C,C3,wedding,36,26800.0,14.14,917.78,2023-12-10,2024-01-07,Fully Paid,33120.12,26800.0,6320.12,0.0,610.0,18.66,60200,6 years,OWN,DE
LN003218,C,C1,credit_card,36,38000.0,12.57,1272.51,2022-04-09,2022-05-12,Current,7635.06,4962.79,2672.27,0.0,753.0,22.6,56400,4 years,OTHER,CT
LN001390,D,D2,debt_consolidation,36,4800.0,18.68,175.17,2023-02-11,2023-03-15,Current,700.68,455.44,245.24,0.0,745.0,31.75,164100,1 year,RENT,CT
LN002949,A,A4,vacation,60,36000.0,7.38,719.32,2023-11-17,2023-12-22,Charged Off,17917.62,12542.33,5375.29,23457.67,682.0,11.34,44000,10+ years,RENT,IL
LN002255,B,B5,credit_card,60,1000.0,9.31,20.91,2021-09-27,2021-10-30,Fully Paid,1236.87,1000.0,236.87,0.0,700.0,20.25,87500,1 year,RENT,WI
LN001608,A,D5,wedding,36,14700.0,6.06,447.6,2023-06-22,2023-07-23,Default,447.6,313.32,134.28,0.0,734.0,37.56,170000,5 years,RENT,OH
LN001595,D,D4,moving,36,37300.0,19.48,1376.34,2022-08-26,2022-09-25,Fully Paid,50105.14,37300.0,12805.14,0.0,583.0,17.04,126100,3 years,RENT,ND
LN000772,D,D2,home_improvement,60,15300.0,21.0,413.92,2021-09-19,2021-10-21,Fully Paid,24586.78,15300.0,9286.78,0.0,718.0,16.83,186600,< 1 year,RENT,LA
LN001869,B,B2,credit_card,60,11200.0,11.4,245.76,2021-10-13,2021-11-12,Charged Off,6603.39,4622.37,1981.02,6577.63,673.0,38.31,208700,9 years,MORTGAGE,WI
LN001086,C,C1,educational,36,30500.0,15.98,1071.99,2021-04-15,2021-05-17,Late (31-120 days),11791.89,8254.32,3537.57,0.0,936.0,9.02,190300,8 years,RENT,NE
LN002459,A,A2,wedding,36,28200.0,7.91,882.52,2023-06-28,2023-07-29,Current,11472.76,7457.29,4015.47,0.0,590.0,16.11,220100,2 years,RENT,DE
LN001326,B,B5,renewable_energy,36,17900.0,11.29,588.48,2021-05-24,2021-06-27,Charged Off,9705.43,6793.8,2911.63,11106.2,784.0,44.61,162400,10+ years,RENT,KS
LN001464,D,D4,credit_card,60,,17.71,663.71,2021-12-30,2022-01-28,Fully Paid,40338.11,26300.0,14038.11,0.0,660.0,39.81,139400,8 years,MORTGAGE,NY
LN000807,C,C1,renewable_energy,36,8300.0,15.74,290.74,2022-08-13,2022-09-11,Fully Paid,10328.17,8300.0,2028.17,0.0,801.0,42.68,127300,1 year,OWN,NM
LN002213,D,D2,car,60,33500.0,17.96,849.95,2023-05-24,2023-06-24,Charged Off,2274.58,1592.21,682.37,31907.79,757.0,14.42,129500,4 years,OWN,NE
LN002235,E,E5,home_improvement,60,21700.0,24.67,632.73,2021-12-21,2022-01-18,Current,28472.85,18507.35,9965.5,0.0,683.0,21.48,32900,1 year,OWN,WA
LN002109,C,C3,educational,36,2400.0,12.9,80.75,2022-03-28,2022-04-26,Charged Off,515.11,360.58,154.53,2039.42,728.0,42.81,94600,5 years,MORTGAGE,ME
LN002565,F,F4,home_improvement,36,29100.0,29.04,1220.09,2022-06-06,2022-07-11,Late (31-120 days),12200.9,8540.63,3660.27,0.0,623.0,15.87,127600,6 years,OTHER,AK
LN000803,B,B2,debt_consolidation,36,7300.0,11.35,240.2,2022-10-05,2022-11-08,CURRENT,2642.2,1717.43,924.77,0.0,789.0,34.62,135500,10+ years,RENT,NC
LN000964,D,D1,major_purchase,36,7600.0,21.36,287.74,2023-10-26,2023-11-23,Current,1150.96,748.12,402.84,0.0,657.0,20.23,217500,4 years,RENT,UT
LN000399,C,C5,car,36,34000.0,15.14,1180.95,2022-12-18,2023-01-16,Fully Paid,41900.15,34000.0,7900.15,0.0,728.0,41.13,25000,8 years,MORTGAGE,NH
LN003372,F,F5,moving,36,12700.0,29.25,533.93,2022-12-26,2023-01-29,Fully Paid,19323.51,12700.0,6623.51,0.0,793.0,17.01,152700,8 years,MORTGAGE,NC
LN000705,D,D4,renewable_energy,60,29300.0,17.8,740.84,2021-07-01,2021-08-03,Fully Paid,43727.22,29300.0,14427.22,0.0,691.0,5.46,87600,< 1 year,MORTGAGE,CO
LN000432,C,C2,renewable_energy,60,3700.0,15.08,88.18,2022-04-11,2022-05-13,Fully Paid,5238.18,3700.0,1538.18,0.0,737.0,37.21,210600,< 1 year,MORTGAGE,OH
LN000293,B,B4,major_purchase,60,16600.0,10.93,360.34,2022-11-29,2022-12-29,Charged Off,4157.83,2910.48,1247.35,13689.52,660.0,43.35,94000,< 1 year,RENT,IA
LN003398,B,B3,car,60,9900.0,11.31,216.78,2022-07-27,2022-08-24,Current,4118.82,2677.23,1441.59,0.0,749.0,29.11,47800,3 years,RENT,UT
LN000146,E,E2,medical,60,31500.0,26.43,951.16,2021-08-20,2021-09-18,Charged Off,10725.6,7507.92,3217.68,23992.08,672.0,8.12,70900,< 1 year,OWN,NC
LN002034,E,E5,home_improvement,60,36200.0,24.06,1042.66,2023-10-06,2023-11-10,Charged Off,6238.62,4367.03,1871.59,31832.97,696.0,12.93,234200,1 year,RENT,AK
LN002535,D,D4,credit_card,60,3900.0,-20.4,104.2,2022-01-12,2022-02-14,Current,5210.0,3386.5,1823.5,0.0,753.0,39.55,28600,2 years,MORTGAGE,NJ
LN001166,D,D1,small_business,36,33000.0,19.73,1221.86,2021-02-19,2021-03-26,Default,1221.86,855.3,366.56,0.0,757.0,31.19,62500,4 years,RENT,OH
LN002051,B,B1,major_purchase,60,19700.0,11.37,431.97,2021-01-17,2021-02-17,Default,1727.88,1209.52,518.36,0.0,817.0,35.02,231300,,MORTGAGE,NH
LN002789,B,B4,home_improvement,60,7000.0,11.27,153.14,2021-10-25,2021-11-22,Fully Paid,9033.01,7000.0,2033.01,0.0,646.0,7.26,234000,5 years,MORTGAGE,VA
LN000340,A,A1,renewable_energy,36,6700.0,5.71,202.95,2021-11-30,2022-01-03,Fully Paid,7208.99,6700.0,508.99,0.0,650.0,28.39,187100,9 years,RENT,AZ
LN002178,B,B4,car,36,16000.0,8.94,508.35,2023-04-03,2023-05-08,Late (31-120 days),6100.2,4270.14,1830.06,0.0,703.0,26.81,80700,4 years,OWN,TX
LN000266,C,C1,small_business,60,1600.0,15.32,38.33,2023-02-09,2023-03-12,Default,421.63,295.14,126.49,0.0,803.0,18.53,239200,7 years,MORTGAGE,NV
LN002805,B,B4,car,36,28200.0,11.13,924.97,2023-01-21,2023-02-23,Charged Off,10816.79,7571.75,3245.04,20628.25,603.0,22.56,147000,5 years,MORTGAGE,MO
LN001772,B,B2,major_purchase,36,22100.0,10.53,718.62,2023-02-11,2023-03-17,Fully Paid,25905.33,22100.0,3805.33,0.0,665.0,39.35,83500,9 years,RENT,NE
LN000272,A,A2,vacation,36,37700.0,7.23,1168.04,2021-11-24,2021-12-28,Fully Paid,42235.89,37700.0,4535.89,0.0,628.0,9.83,185900,2 years,MORTGAGE,IL
LN000697,F,F2,renewable_energy,36,30600.0,27.89,1263.91,2022-12-25,2023-01-25,Current,18958.65,12323.12,6635.53,0.0,687.0,32.86,93000,6 years,RENT,IN
LN000482,C,C1,renewable_energy,60,10500.0,14.81,248.75,2021-01-07,2021-02-07,Current,13681.25,8892.81,4788.44,0.0,770.0,42.52,134700,10+ years,OWN,SC
LN000245,A,A1,home_improvement,60,11900.0,7.57,238.85,2021-08-12,2021-09-12,Current,4777.0,3105.05,1671.95,0.0,746.0,173.07,33200,,MORTGAGE,UT
LN003377,G,G1,car,36,39500.0,32.24,1725.67,2022-02-20,2022-03-26,Charged Off,22614.2,15829.94,6784.26,23670.06,589.0,17.41,37600,< 1 year,OTHER,UT
LN000477,B,B1,renewable_energy,36,13000.0,10.77,424.19,2022-10-01,2022-10-30,Late (31-120 days),848.38,593.87,254.51,0.0,802.0,17.2,163200,2 years,OWN,99
LN002033,C,C3,small_business,60,12500.0,14.99,297.31,2022-12-09,2023-01-10,Default,3270.41,2289.29,981.12,0.0,727.0,21.01,32800,3 years,MORTGAGE,WV
LN003057,E,E4,major_purchase,60,28100.0,25.83,838.5,2022-02-09,2022-03-15,Default,6708.0,4695.6,2012.4,0.0,644.0,41.82,101700,10+ years,RENT,WY
LN002684,B,B4,debt_consolidation,36,33000.0,9.55,1057.86,2023-05-05,2023-06-07,Fully Paid,38369.57,33000.0,5369.57,0.0,798.0,13.26,246300,6 years,RENT,SC
LN000814,C,C1,major_purchase,60,12500.0,13.88,290.08,2023-02-03,2023-03-03,Late (31-120 days),1450.4,1015.28,435.12,0.0,652.0,37.83,199500,6 years,RENT,SC
LN001915,C,C2,educational,60,38900.0,13.99,904.93,2022-07-24,2022-08-23,Fully Paid,53955.03,38900.0,15055.03,0.0,733.0,28.45,31800,5 years,MORTGAGE,LA
LN003037,B,B5,moving,60,26900.0,11.7,594.31,2021-06-18,2021-07-23,Default,5943.1,4160.17,1782.93,0.0,,26.09,188700,9 years,MORTGAGE,AK
LN003371,C,C2,major_purchase,36,10500.0,12.66,352.07,2023-12-25,2024-01-26,Current,5633.12,3661.53,1971.59,0.0,664.0,17.26,184000,,MORTGAGE,MT
LN001805,E,E3,credit_card,36,29600.0,25.95,1191.81,2023-02-24,2023-03-28,Fully Paid,42292.89,29600.0,12692.89,0.0,804.0,9.58,108100,8 years,MORTGAGE,VT
LN002607,G,G5,small_business,36,4100.0,34.59,184.52,2022-08-29,2022-09-30,Fully Paid,6732.57,4100.0,2632.57,0.0,614.0,15.3,30600,7 years,RENT,NY
LN000251,A,A3,medical,60,16700.0,6.26,324.88,2021-12-12,2022-01-14,Fully Paid,19559.52,16700.0,2859.52,0.0,698.0,39.05,217700,< 1 year,MORTGAGE,PA
LN000546,G,G2,moving,60,29400.0,33.81,1021.12,2023-01-12,2023-02-09,Current,57182.72,37168.77,20013.95,0.0,738.0,16.57,93500,< 1 year,MORTGAGE,NM
LN000739,E,E5,renewable_energy,60,29700.0,23.2,840.67,2022-01-16,2022-02-14,Current,10088.04,6557.23,3530.81,0.0,767.0,12.87,58000,3 years,RENT,MN
LN000311,E,E5,educational,60,3600.0,23.22,101.94,2023-09-11,2023-10-09,Current,5606.7,3644.36,1962.34,0.0,617.0,23.87,203300,1 year,RENT,MS
LN001132,B,B4,major_purchase,60,31000.0,8.99,643.36,2021-12-05,2022-01-08,Fully Paid,39087.9,31000.0,8087.9,0.0,620.0,42.66,232100,,RENT,LA
LN001450,F,F3,renewable_energy,36,14800.0,29.31,622.7,2021-11-18,2021-12-19,Charged Off,7205.17,5043.62,2161.55,9756.38,817.0,5.86,193600,6 years,RENT,NY
LN003487,B,B1,educational,60,24200.0,8.89,501.06,2023-01-10,2023-02-09,Current,4509.54,2931.2,1578.34,0.0,740.0,39.03,90300,1 year,RENT,BC
LN000016,G,G2,home_improvement,36,25600.0,32.85,1127.11,2022-08-20,2022-09-23,Late (31-120 days),3381.33,2366.93,1014.4,0.0,677.0,5.09,184900,3 years,MORTGAGE,NJ
LN003156,B,B3,car,60,36900.0,10.56,794.22,2022-12-08,2023-01-06,Fully Paid,47138.82,36900.0,10238.82,0.0,756.0,40.84,183500,10+ years,OTHER,MI
LN002530,B,B4,small_business,36,37200.0,11.84,1232.73,2023-06-26,2023-07-27,Fully Paid,45154.83,37200.0,7954.83,0.0,726.0,40.19,106800,7 years,OWN,CO
LN001223,A,A2,vacation,36,24500.0,7.46,761.65,2022-12-19,2023-01-18,Fully Paid,27321.5,24500.0,2821.5,0.0,795.0,11.33,36200,7 years,MORTGAGE,KY
LN000364,B,B1,renewable_energy,36,20800.0,11.62,687.09,2022-07-14,2022-08-11,Late (31-120 days),3435.45,2404.81,1030.63,0.0,637.0,11.07,185900,7 years,RENT,MO
LN000183,D,D5,credit_card,36,24400.0,20.09,907.91,2023-12-13,2024-01-14,Late (31-120 days),9079.1,6355.37,2723.73,0.0,601.0,31.88,153200,1 year,RENT,ID
LN001195,A,A1,major_purchase,36,31500.0,6.41,964.15,2021-12-22,2022-01-26,Current,15426.4,10027.16,5399.24,0.0,705.0,33.32,158800,1 year,MORTGAGE,ND
LN002230,C,C5,credit_card,60,3400.0,16.17,82.99,2022-03-23,2022-04-26,Late (31-120 days),580.93,406.65,174.28,0.0,650.0,30.49,218400,1 year,RENT,ND
LN001122,C,C1,small_business,60,13800.0,12.83,312.79,2023-12-03,2023-12-31,Current,6568.59,4269.58,2299.01,0.0,741.0,20.6,170200,10+ years,RENT,ME
LN001183,F,F1,home_improvement,60,20000.0,30.06,647.81,2021-03-20,2021-04-20,Fully Paid,38458.8,20000.0,18458.8,0.0,744.0,40.09,72400,9 years,MORTGAGE,CA
LN002643,A,A5,car,60,3900.0,6.04,75.47,2023-05-14,2023-06-18,Current,1433.93,932.05,501.88,0.0,761.0,13.19,100000,2 years,RENT,OR
LN000615,G,G3,debt_consolidation,60,3300.0,35.88,118.98,2022-08-04,2022-09-06,Current,2022.66,1314.73,707.93,0.0,735.0,243.18,58300,3 years,MORTGAGE,NM
LN001467,D,D5,small_business,36,23800.0,20.99,896.54,2023-09-01,2023-10-06,Late (31-120 days),6275.78,4393.05,1882.73,0.0,737.0,5.9,99800,4 years,MORTGAGE,MA
LN000402,B,B5,car,60,37400.0,9.84,791.7,2021-08-22,2021-09-25,Charged Off,6214.71,4350.3,1864.41,33049.7,624.0,23.99,102000,6 years,MORTGAGE,MS
LN000935,E,E4,credit_card,60,4300.0,24.02,123.75,2022-08-14,2022-09-16,FULLY PAID,7561.73,4300.0,3261.73,0.0,705.0,12.53,190500,< 1 year,RENT,NM
LN002381,F,F1,major_purchase,36,33100.0,27.91,1367.53,2023-02-10,2023-03-13,Fully Paid,49924.68,33100.0,16824.68,0.0,661.0,6.99,60800,7 years,OTHER,ID
LN002580,E,E1,wedding,36,4800.0,22.77,185.23,2023-08-22,2023-09-24,Fully Paid,6620.9,4800.0,1820.9,0.0,661.0,5.11,131200,5 years,RENT,ME
LN000727,A,A5,credit_card,36,11800.0,5.45,356.05,2023-01-06,2023-02-09,Charged Off,934.99,654.49,280.5,11145.51,649.0,19.79,45100,7 years,MORTGAGE,NV
LN000827,B,B2,educational,60,7700.0,9.59,162.05,2021-02-10,2021-03-16,Current,2268.7,1474.65,794.04,0.0,651.0,10.62,154200,4 years,MORTGAGE,LA
LN001522,C,C2,home_improvement,36,18100.0,15.62,632.95,2021-05-05,2021-06-05,FULLY PAID,22646.61,18100.0,4546.61,0.0,586.0,32.49,84300,5 years,MORTGAGE,WV
LN000137,B,B3,small_business,36,35600.0,10.4,1155.41,2021-03-17,2021-04-20,Current,13864.92,9012.2,4852.72,0.0,654.0,6.68,57300,3 years,OWN,KY
LN000629,G,G1,vacation,60,34200.0,33.53,1181.77,2022-06-14,2022-07-19,Fully Paid,69828.43,34200.0,35628.43,0.0,601.0,9.88,233700,2 years,MORTGAGE,OR
LN000335,E,E3,small_business,60,28200.0,26.14,846.66,2023-08-13,2023-09-16,Fully Paid,49922.73,28200.0,21722.73,0.0,614.0,16.58,211500,6 years,RENT,SC
LN000391,D,D3,debt_consolidation,36,16900.0,20.19,629.7,2023-09-15,2023-10-16,Fully Paid,22390.41,16900.0,5490.41,0.0,650.0,26.29,205600,7 years,RENT,HI
LN002766,B,B4,renewable_energy,60,39400.0,8.68,811.77,2023-02-18,2023-03-19,Fully Paid,49431.89,39400.0,10031.89,0.0,655.0,5.06,119300,5 years,RENT,NJ
LN001818,B,B4,moving,36,30200.0,8.74,956.7,2022-12-08,2023-01-07,CHARGED OFF,17272.97,12091.08,5181.89,18108.92,670.0,39.7,168700,9 years,OWN,NH
LN003234,F,F4,educational,36,17400.0,29.04,729.54,2021-04-29,2021-06-01,Fully Paid,26614.11,17400.0,9214.11,0.0,581.0,38.32,64300,7 years,RENT,NY
LN000711,F,F3,small_business,36,5700.0,28.89,238.52,2023-01-24,2023-02-25,Charged Off,2821.25,1974.87,846.38,3725.13,691.0,25.51,188800,10+ years,RENT,IL
LN001040,D,D5,debt_consolidation,36,,21.66,1056.81,2021-02-27,2021-04-03,Fully Paid,37499.8,27800.0,9699.8,0.0,691.0,16.14,101100,2 years,RENT,ND
LN002359,C,C4,vacation,60,37800.0,15.88,916.81,2023-06-06,2023-07-05,Charged Off,4646.17,3252.32,1393.85,34547.68,753.0,27.55,197700,7 years,OWN,GA
LN003108,B,B3,small_business,60,37900.0,11.87,840.58,2021-10-30,2021-12-04,Fully Paid,51255.63,37900.0,13355.63,0.0,819.0,22.51,146000,3 years,RENT,ME
LN001562,E,E1,vacation,36,14700.0,24.05,577.11,2022-11-01,2022-12-04,Current,20198.85,13129.25,7069.6,0.0,790.0,20.55,129600,5 years,MORTGAGE,AL
LN003306,A,A3,wedding,36,2500.0,5.85,75.89,2022-05-16,2022-06-16,Fully Paid,2782.05,2500.0,282.05,0.0,154.0,7.26,133500,1 year,RENT,NJ
LN003016,D,D1,wedding,60,5200.0,17.03,129.32,2021-04-12,2021-05-11,Charged Off,1277.07,893.95,383.12,4306.05,750.0,28.72,157300,3 years,MORTGAGE,WA
LN001113,A,A1,debt_consolidation,60,36300.0,5.07,686.19,2022-12-20,2023-01-17,Fully Paid,40619.58,36300.0,4319.58,0.0,770.0,37.32,58200,1 year,RENT,CT
LN001224,A,A5,credit_card,36,36000.0,7.11,1113.39,2021-07-13,2021-08-17,Late (31-120 days),2226.78,1558.75,668.03,0.0,601.0,44.04,34100,8 years,OWN,SD
LN002403,D,D1,wedding,60,12200.0,19.18,317.68,2021-11-22,2021-12-20,Charged Off,1066.3,746.41,319.89,11453.59,651.0,38.77,26400,9 years,RENT,NJ
LN001509,D,D2,credit_card,36,38600.0,17.58,1387.36,2022-02-05,2022-03-11,Late (31-120 days),4162.08,2913.46,1248.62,0.0,679.0,7.91,221700,10+ years,RENT,MS
LN001751,B,B1,moving,36,10400.0,-9.34,332.37,2021-12-22,2022-01-21,Late (31-120 days),997.11,697.98,299.13,0.0,634.0,17.06,26900,8 years,RENT,NJ
LN003310,C,C4,credit_card,36,39400.0,13.98,1346.22,2022-06-18,2022-07-19,Fully Paid,47563.97,39400.0,8163.97,0.0,606.0,30.89,197700,10+ years,RENT,KY
LN000339,C,C2,vacation,36,16900.0,16.24,596.16,2022-05-19,2022-06-18,Current,2980.8,1937.52,1043.28,0.0,770.0,42.5,238300,1 year,OWN,MD
LN000216,C,C5,medical,36,6200.0,15.72,217.12,2023-12-25,2024-01-24,Fully Paid,7679.27,6200.0,1479.27,0.0,779.0,44.3,78500,2 years,OWN,UT
LN001342,D,D2,educational,36,26200.0,20.33,978.1,2021-12-05,2022-01-08,Late (31-120 days),4890.5,3423.35,1467.15,0.0,716.0,39.38,189800,5 years,RENT,WI
LN003169,C,C1,vacation,36,,15.99,196.85,2023-07-21,2023-08-21,Current,3740.15,2431.1,1309.05,0.0,677.0,171.87,122900,5 years,RENT,OK
LN003366,A,A1,medical,60,13200.0,5.75,253.66,2021-02-10,2021-03-14,Fully Paid,15089.29,13200.0,1889.29,0.0,793.0,39.88,64200,10+ years,RENT,MA
LN002331,B,B5,medical,36,28300.0,9.8,910.51,2021-01-12,2021-02-15,Charged Off,4318.33,3022.83,1295.5,25277.17,735.0,9.83,191700,6 years,RENT,WV
LN002239,D,D4,educational,36,23500.0,21.33,889.35,2021-04-03,2021-05-03,Current,22233.75,14451.94,7781.81,0.0,595.0,39.1,142300,7 years,RENT,MI
LN002884,C,C3,debt_consolidation,36,,15.08,607.33,2023-09-07,2023-10-09,Fully Paid,22030.95,17500.0,4530.95,0.0,634.0,24.03,67600,10+ years,MORTGAGE,ME
LN000102,A,A1,moving,60,38800.0,7.65,780.24,2023-02-28,2023-03-28,Current,46034.16,29922.2,16111.96,0.0,776.0,29.72,179300,1 year,RENT,VT
LN002583,G,G2,educational,36,10500.0,34.26,470.59,2023-04-04,2023-05-03,Current,8470.62,5505.9,2964.72,0.0,613.0,5.44,69200,1 year,RENT,IL
LN000172,C,C1,home_improvement,36,22500.0,13.7,765.72,2022-09-17,2022-10-16,Fully Paid,28055.74,22500.0,5555.74,0.0,764.0,30.0,105000,5 years,RENT,AL
LN000108,A,A1,debt_consolidation,36,8600.0,6.65,264.17,2022-04-21,2022-05-25,Fully Paid,9429.51,8600.0,829.51,0.0,657.0,9.87,122600,4 years,MORTGAGE,NJ
LN002528,B,B2,credit_card,36,10700.0,12.0,355.39,2021-08-20,2021-09-20,Fully Paid,12548.3,10700.0,1848.3,0.0,600.0,9.34,70800,,OWN,TX
LN001533,C,C4,debt_consolidation,36,23000.0,15.37,801.48,2022-06-22,2022-07-27,Fully Paid,28658.38,23000.0,5658.38,0.0,623.0,23.14,93000,6 years,RENT,IN
LN002645,E,E1,wedding,60,22700.0,23.6,647.77,2022-11-19,2022-12-17,Current,16842.02,10947.31,5894.71,0.0,750.0,18.84,184000,< 1 year,MORTGAGE,ID
LN002406,C,C4,small_business,36,26100.0,14.3,895.84,2021-05-27,2021-06-29,Default,5375.04,3762.53,1612.51,0.0,679.0,32.81,70900,10+ years,MORTGAGE,GA
LN002288,F,F3,wedding,60,7800.0,31.36,258.91,2022-08-20,2022-09-23,Fully Paid,15725.14,7800.0,7925.14,0.0,679.0,8.39,184800,4 years,MORTGAGE,OH
LN002447,D,D1,educational,60,,17.13,149.54,2022-08-25,2022-09-28,Charged Off,1430.66,1001.46,429.2,4998.54,752.0,14.22,200600,2 years,MORTGAGE,WA
LN002413,E,E4,small_business,36,,23.01,282.62,2021-05-31,2021-06-30,Fully Paid,10318.59,7300.0,3018.59,0.0,730.0,12.88,175800,1 year,RENT,HI
LN002852,E,E1,moving,36,21300.0,24.31,839.13,2023-01-18,2023-02-15,Fully Paid,30116.09,21300.0,8816.09,0.0,717.0,7.33,73800,10+ years,RENT,ND
LN002824,A,A4,car,36,22100.0,5.14,663.75,2023-05-30,2023-07-03,Charged Off,5619.29,3933.5,1685.79,18166.5,819.0,19.0,170700,,RENT,WI
LN003083,A,A5,debt_consolidation,36,,7.03,914.37,2022-07-04,2022-08-07,Fully Paid,33218.7,29600.0,3618.7,0.0,725.0,28.7,107900,6 years,RENT,CA
LN001041,A,A1,wedding,36,34500.0,7.35,1070.79,2023-03-23,2023-04-22,Fully Paid,38502.56,34500.0,4002.56,0.0,688.0,40.8,121700,< 1 year,MORTGAGE,RI
LN002121,B,B4,educational,36,27500.0,10.87,898.62,2021-01-08,2021-02-07,charged Off,12474.94,8732.46,3742.48,18767.54,723.0,39.43,234700,4 years,MORTGAGE,OH
LN001525,B,B4,educational,60,24300.0,11.05,528.95,2022-02-28,2022-03-30,Fully Paid,31325.77,24300.0,7025.77,0.0,744.0,10.89,67300,1 year,RENT,NJ
LN003465,B,B3,car,36,,10.0,196.83,2023-12-01,2023-12-29,Fully Paid,7012.47,6100.0,912.47,0.0,695.0,32.28,223200,8 years,MORTGAGE,KS
LN000482,C,C1,renewable_energy,60,10500.0,14.81,248.75,2021-01-07,2021-02-07,Current,13681.25,8892.81,4788.44,0.0,770.0,42.52,134700,10+ years,OWN,SC
LN002562,B,B4,home_improvement,36,10400.0,9.82,334.7,2022-12-19,2023-01-18,Fully Paid,12248.3,10400.0,1848.3,0.0,616.0,18.1,90000,5 years,MORTGAGE,MD
LN002662,A,A2,debt_consolidation,60,12400.0,7.78,250.12,2021-03-14,2021-04-14,Charged Off,4365.08,3055.56,1309.52,9344.44,597.0,11.32,199800,4 years,OWN,99
LN001763,C,C4,credit_card,36,,13.14,1026.35,2022-10-30,2022-11-28,Current,23606.05,15343.93,8262.12,0.0,702.0,26.9,191600,7 years,MORTGAGE,SC
LN003280,E,E4,educational,60,7800.0,23.24,220.96,2021-04-08,2021-05-08,Fully Paid,13014.79,7800.0,5214.79,0.0,641.0,5.73,188500,2 years,RENT,CT
LN003043,A,A4,small_business,60,20700.0,7.32,413.02,2021-08-07,2021-09-06,fully paid,24796.68,20700.0,4096.68,0.0,736.0,24.03,104600,1 year,MORTGAGE,MN
LN002491,A,A5,medical,36,35000.0,7.74,1092.58,2023-11-20,2023-12-25,Fully Paid,39272.57,35000.0,4272.57,0.0,815.0,37.63,37400,8 years,RENT,AZ
LN002461,A,A5,renewable_energy,36,16900.0,7.18,523.21,2021-11-22,2021-12-20,Fully Paid,18936.28,16900.0,2036.28,0.0,607.0,18.91,223400,9 years,OWN,SC
LN000406,C,C1,home_improvement,60,27900.0,16.43,684.86,2021-07-05,2021-08-06,Charged Off,2595.51,1816.86,778.65,26083.14,807.0,29.4,125400,5 years,MORTGAGE,TX
LN000758,A,A2,debt_consolidation,60,17900.0,5.07,338.37,2022-03-29,2022-04-30,Late (31-120 days),1691.85,1184.29,507.55,0.0,679.0,33.13,52800,10+ years,RENT,ME
LN002354,E,E5,major_purchase,60,14400.0,25.84,429.78,2022-06-05,2022-07-10,Fully Paid,25967.52,14400.0,11567.52,0.0,666.0,5.6,145400,5 years,RENT,WV
LN000098,G,G1,moving,60,,32.99,102.64,2022-08-02,2022-09-06,Default,923.76,646.63,277.13,0.0,713.0,29.39,174000,4 years,RENT,NE
LN001334,F,F2,medical,60,24600.0,29.31,785.5,2022-03-26,2022-04-29,Fully Paid,46798.04,24600.0,22198.04,0.0,628.0,12.8,26300,1 year,MORTGAGE,TN
LN002860,D,D2,car,60,25600.0,17.04,636.78,2021-09-26,2021-10-26,Default,3183.9,2228.73,955.17,0.0,706.0,16.42,158600,10+ years,OWN,ND
LN003322,B,B5,car,36,11500.0,9.26,367.09,2022-11-04,2022-12-07,Fully Paid,13157.64,11500.0,1657.64,0.0,683.0,30.71,227000,4 years,MORTGAGE,MI
LN002367,A,A1,major_purchase,60,9800.0,5.13,185.52,2021-07-10,2021-08-13,Fully Paid,10923.26,9800.0,1123.26,0.0,761.0,12.59,122200,8 years,MORTGAGE,NV
LN002059,A,A4,educational,36,6200.0,5.55,187.35,2021-08-12,2021-09-10,Current,936.75,608.89,327.86,0.0,791.0,15.5,236500,10+ years,RENT,NC
LN002532,F,F5,car,60,4400.0,29.36,140.63,2022-09-25,2022-10-25,Fully Paid,8499.4,4400.0,4099.4,0.0,811.0,6.84,75200,6 years,MORTGAGE,DE
LN000149,C,C1,credit_card,60,25100.0,12.63,566.36,2021-08-09,2021-09-12,Fully Paid,33486.05,25100.0,8386.05,0.0,744.0,44.13,197100,,MORTGAGE,NH
LN000029,C,C5,renewable_energy,60,38900.0,15.45,934.64,2023-07-17,2023-08-17,Fully Paid,55113.79,38900.0,16213.79,0.0,750.0,41.83,153500,7 years,RENT,MD
LN002463,B,B2,vacation,36,29800.0,9.61,956.11,2022-05-08,2022-06-05,Late (31-120 days),3824.44,2677.11,1147.33,0.0,712.0,17.56,197200,10+ years,RENT,AR
LN002370,C,C1,home_improvement,36,39000.0,15.56,1362.67,2023-11-15,2023-12-19,Fully Paid,48620.69,39000.0,9620.69,0.0,766.0,37.65,150700,3 years,RENT,NJ
LN000693,G,G2,debt_consolidation,36,2100.0,35.81,95.96,2023-01-22,2023-02-25,Fully Paid,3473.31,2100.0,1373.31,0.0,601.0,10.67,137100,4 years,RENT,VA
LN001387,D,D4,medical,36,24100.0,21.61,915.53,2023-06-27,2023-08-01,Fully Paid,32524.67,24100.0,8424.67,0.0,813.0,19.35,87900,< 1 year,RENT,MT
LN001846,E,E4,medical,60,27000.0,23.0,761.14,2023-07-21,2023-08-24,Fully Paid,45877.35,27000.0,18877.35,0.0,770.0,7.14,231200,5 years,MORTGAGE,GA
LN002466,D,D2,credit_card,60,2600.0,20.7,69.9,2022-04-26,2022-05-31,Current,3215.4,2090.01,1125.39,0.0,750.0,5.37,138500,< 1 year,MORTGAGE,MD
LN001600,E,E1,wedding,60,22800.0,24.43,661.61,2021-07-04,2021-08-02,Current,12570.59,8170.88,4399.71,0.0,723.0,41.23,189100,1 year,MORTGAGE,WY
LN000702,E,E4,debt_consolidation,60,12400.0,24.78,362.36,2023-09-21,2023-10-23,Current,6884.84,4475.15,2409.69,0.0,658.0,38.54,194800,7 years,RENT,NE
LN001709,E,E4,renewable_energy,36,7400.0,23.47,288.27,2022-01-03,2022-02-02,Charged Off,1584.49,1109.14,475.35,6290.86,785.0,16.92,206300,4 years,RENT,KY
LN000455,B,B1,car,60,14900.0,9.95,316.21,2021-09-28,2021-11-02,Current,16126.71,10482.36,5644.35,0.0,814.0,10.48,101100,10+ years,RENT,NY
LN002041,A,A5,renewable_energy,60,15200.0,6.23,295.49,2022-10-22,2022-11-19,Current,8864.7,5762.06,3102.64,0.0,610.0,34.8,79900,10+ years,RENT,TX
LN003141,D,D2,home_improvement,36,9500.0,20.16,353.83,2023-09-09,2023-10-13,Fully Paid,12829.14,9500.0,3329.14,0.0,667.0,22.27,90200,2 years,RENT,VT
LN000610,E,E2,medical,36,10300.0,26.14,415.76,2021-08-31,2021-10-01,Fully Paid,15208.2,10300.0,4908.2,0.0,684.0,22.63,69700,10+ years,RENT,ME
LN000168,B,B5,wedding,36,17700.0,8.6,559.57,2023-01-02,2023-02-03,Current,17346.67,11275.34,6071.33,0.0,705.0,14.13,178700,4 years,MORTGAGE,TX
LN000731,A,A4,home_improvement,60,35100.0,6.42,685.46,2022-05-30,2022-07-02,Fully Paid,41907.99,35100.0,6807.99,0.0,805.0,8.08,28900,6 years,MORTGAGE,PA
LN002593,B,B4,renewable_energy,36,37300.0,9.34,1192.04,2021-06-15,2021-07-14,Charged Off,13206.86,9244.8,3962.06,28055.2,749.0,23.16,93000,9 years,RENT,KS
LN003219,D,D4,educational,60,38700.0,18.11,985.04,2022-02-16,2022-03-19,Fully Paid,58646.03,38700.0,19946.03,0.0,813.0,24.65,162900,8 years,OWN,VT
LN002388,F,F3,major_purchase,36,,30.55,957.68,2021-07-24,2021-08-25,Charged Off,5207.24,3645.07,1562.17,18754.93,618.0,21.84,81800,10+ years,MORTGAGE,MT
LN001623,F,F3,wedding,36,31500.0,28.97,1319.52,2023-01-20,2023-02-18,Charged Off,15857.38,11100.17,4757.21,20399.83,680.0,6.67,243400,4 years,RENT,NJ
LN000588,B,B1,small_business,36,7900.0,9.64,253.58,2022-10-30,2022-12-04,Charged Off,691.49,484.04,207.45,7415.96,720.0,31.28,204200,1 year,MORTGAGE,HI
LN001402,B,B1,renewable_energy,60,39400.0,11.4,864.53,2021-02-22,2021-03-28,Fully Paid,51778.17,39400.0,12378.17,0.0,643.0,22.36,149800,10+ years,RENT,CA
LN001701,A,A1,educational,60,25500.0,7.9,515.83,2022-10-26,2022-11-24,Fully Paid,31051.68,25500.0,5551.68,0.0,663.0,8.68,51500,3 years,OWN,OH
LN002627,C,C2,medical,60,10600.0,15.11,252.79,2023-12-06,2024-01-04,Fully Paid,15275.83,10600.0,4675.83,0.0,597.0,17.45,238000,3 years,MORTGAGE,AK
LN002833,D,D4,car,60,35300.0,20.04,936.02,2022-12-07,2023-01-04,Current,17784.38,11559.85,6224.53,0.0,671.0,13.47,249700,< 1 year,MORTGAGE,WA
LN001380,C,C2,vacation,36,4900.0,15.68,171.5,2021-01-31,2021-03-01,Fully Paid,6071.75,4900.0,1171.75,0.0,592.0,9.77,212500,10+ years,RENT,VT
LN002090,B,B1,educational,60,32100.0,9.34,671.65,2021-10-09,2021-11-09,Fully Paid,40501.58,32100.0,8401.58,0.0,731.0,7.64,214400,4 years,RENT,KS
LN002176,E,A5,small_business,36,37500.0,25.23,1495.56,2023-11-18,2023-12-20,Fully Paid,53843.39,37500.0,16343.39,0.0,620.0,44.74,243100,10+ years,OWN,AZ
LN002602,C,C4,home_improvement,36,39100.0,12.69,1311.6,2023-11-20,2023-12-19,Late (31-120 days),14427.6,10099.32,4328.28,0.0,686.0,5.53,197300,8 years,MORTGAGE,DE
LN002313,A,A2,small_business,60,14500.0,5.62,277.77,2022-08-18,2022-09-20,Charged Off,6522.86,4566.0,1956.86,9934.0,728.0,40.13,62500,1 year,OWN,MD
LN002918,A,A1,major_purchase,60,28500.0,5.16,539.92,2022-06-23,2022-07-28,Fully Paid,31840.8,28500.0,3340.8,0.0,645.0,36.34,136300,,RENT,ND
LN000442,D,D5,educational,60,8000.0,21.91,220.54,2023-12-17,2024-01-17,Charged Off,3255.77,2279.04,976.73,5720.96,768.0,42.57,110900,,MORTGAGE,MA
LN002052,B,B2,debt_consolidation,60,7800.0,9.72,164.65,2023-10-23,2023-11-25,Charged Off,3643.63,2550.54,1093.09,5249.46,634.0,14.61,217300,8 years,OWN,KS
LN001302,B,B2,car,36,6400.0,10.11,206.84,2023-01-04,2023-02-05,Fully Paid,7315.53,6400.0,915.53,0.0,627.0,162.35,86200,2 years,RENT,MI
LN003119,A,A1,wedding,60,,5.11,529.81,2023-10-25,2023-11-27,Fully Paid,32241.59,28000.0,4241.59,0.0,787.0,29.19,42400,10+ years,RENT,AL
LN001305,B,B5,moving,60,28800.0,10.08,613.05,2023-01-20,2023-02-19,Fully Paid,36920.45,28800.0,8120.45,0.0,731.0,35.84,152600,2 years,RENT,KS
LN000237,A,A1,renewable_energy,36,33100.0,5.44,998.59,2023-09-01,2023-10-03,Fully Paid,36275.81,33100.0,3175.81,0.0,786.0,7.68,183900,6 years,MORTGAGE,LA
LN000521,B,B1,renewable_energy,36,,9.2,312.55,2023-12-30,2024-02-03,Fully Paid,11213.99,9800.0,1413.99,0.0,,17.15,110700,6 years,OTHER,MN
LN000736,B,B3,major_purchase,36,22300.0,11.81,738.66,2022-11-26,2022-12-28,Fully Paid,26103.64,22300.0,3803.64,0.0,713.0,33.07,75300,4 years,OWN,MN
LN003181,E,E1,educational,36,4300.0,22.56,165.47,2022-07-07,2022-08-05,Charged Off,363.99,254.79,109.2,4045.21,746.0,42.51,224400,10+ years,MORTGAGE,SD
LN002107,E,E5,debt_consolidation,60,6700.0,26.42,202.27,2023-01-02,2023-02-05,Fully Paid,12098.35,6700.0,5398.35,0.0,871.0,36.38,182900,10+ years,OWN,XX
LN000593,A,A3,debt_consolidation,36,24400.0,5.66,738.54,2021-08-21,2021-09-22,Current,19202.04,12481.33,6720.71,0.0,591.0,7.69,114500,4 years,MORTGAGE,NY
LN001304,B,B2,credit_card,36,21100.0,-10.05,681.33,2023-03-20,2023-04-19,Current,2043.99,1328.59,715.4,0.0,652.0,40.86,162000,10+ years,MORTGAGE,NJ
LN001388,B,B1,home_improvement,60,7800.0,8.6,160.41,2023-02-01,2023-03-06,Charged Off,4368.75,3058.12,1310.62,4741.88,618.0,28.7,72900,,MORTGAGE,WY
LN002339,A,A1,renewable_energy,60,36800.0,6.63,722.28,2023-04-25,2023-05-24,Late (31-120 days),7222.8,5055.96,2166.84,0.0,626.0,14.57,188400,10+ years,MORTGAGE,OR
LN002673,B,B4,car,60,2800.0,11.98,62.26,2023-03-22,2023-04-25,Current,3486.56,2266.26,1220.3,0.0,766.0,25.94,156100,10+ years,MORTGAGE,IL
LN003346,E,E3,medical,36,7800.0,-22.71,300.76,2023-03-08,2023-04-08,Charged Off,3933.84,2753.69,1180.15,5046.31,595.0,151.69,47700,5 years,OWN,NH
LN000905,C,C5,major_purchase,36,36500.0,16.29,1288.46,2021-10-28,2021-11-27,Fully Paid,45642.66,36500.0,9142.66,0.0,622.0,30.4,117600,10+ years,MORTGAGE,GA
LN003046,C,C1,wedding,60,37600.0,15.81,910.57,2021-11-16,2021-11-13,Charged Off,15628.75,10940.12,4688.62,26659.88,796.0,19.19,118600,7 years,OWN,MI
LN001280,B,B3,debt_consolidation,36,25800.0,10.32,836.37,2022-12-10,2023-01-09,Fully Paid,29822.46,25800.0,4022.46,0.0,695.0,14.61,80800,10+ years,RENT,OH
LN002875,A,A3,home_improvement,60,6900.0,5.47,131.7,2022-01-28,2022-03-01,Default,658.5,460.95,197.55,0.0,686.0,22.58,55400,,MORTGAGE,NH
LN003452,C,C1,educational,60,,13.79,572.04,2021-03-06,2021-04-05,Current,16017.12,10411.13,5605.99,0.0,681.0,34.75,221100,< 1 year,MORTGAGE,NC
LN002309,B,B4,moving,36,24500.0,10.15,792.27,2022-03-15,2022-04-19,Fully Paid,28474.99,24500.0,3974.99,0.0,636.0,21.11,193300,10+ years,OTHER,MN
LN002858,B,B4,moving,36,20100.0,8.67,636.09,2021-02-07,2021-01-28,Fully Paid,22526.39,20100.0,2426.39,0.0,680.0,27.29,92100,1 year,RENT,00
LN002948,B,B3,home_improvement,36,16300.0,9.85,524.81,2023-05-17,2023-06-21,Current,9446.58,6140.28,3306.3,0.0,658.0,30.11,157900,< 1 year,RENT,WA
LN002851,D,D2,credit_card,36,31500.0,17.07,1124.16,2021-02-02,2021-03-05,Fully paid,41141.78,31500.0,9641.78,0.0,721.0,32.22,115700,2 years,RENT,MA
LN000707,E,E1,small_business,36,8300.0,25.32,331.41,2023-03-31,2023-04-29,Fully Paid,12134.63,8300.0,3834.63,0.0,611.0,9.28,140600,3 years,RENT,CA
LN003166,B,B5,moving,36,26900.0,10.62,875.84,2021-12-07,2022-01-10,Current,2627.52,1707.89,919.63,0.0,712.0,35.64,237200,4 years,MORTGAGE,CO
LN000746,E,E5,educational,36,4400.0,22.5,169.18,2023-11-01,2023-11-30,Charged Off,818.24,572.77,245.47,3827.23,606.0,23.95,232100,,RENT,DE
LN001940,A,A3,moving,36,17500.0,7.19,541.87,2021-02-04,2021-03-06,Default,5418.7,3793.09,1625.61,0.0,654.0,17.32,74900,3 years,MORTGAGE,WA
LN003129,A,A3,vacation,36,9700.0,5.08,291.07,2022-10-29,2022-11-29,Fully Paid,10494.73,9700.0,794.73,0.0,806.0,36.65,118700,8 years,RENT,LA
LN000514,F,F1,car,36,1200.0,-29.08,50.34,2022-02-19,2022-03-19,Fully Paid,1810.58,1200.0,610.58,0.0,757.0,21.2,224300,3 years,MORTGAGE,SC
LN000082,A,A3,wedding,60,29000.0,7.14,576.15,2021-10-15,2021-11-18,Default,5185.35,3629.74,1555.61,0.0,655.0,23.15,201200,1 year,MORTGAGE,TN
LN001309,C,G4,major_purchase,36,24700.0,15.26,859.38,2022-01-31,2022-03-07,Fully Paid,31173.71,24700.0,6473.71,0.0,677.0,27.24,43200,8 years,MORTGAGE,WY
LN002983,B,B1,home_improvement,36,28100.0,10.52,913.58,2022-12-01,2022-12-31,Current,27407.4,17814.81,9592.59,0.0,647.0,19.73,102000,< 1 year,MORTGAGE,AR
LN000915,A,A4,renewable_energy,60,23100.0,7.01,457.52,2022-10-27,2022-11-24,Fully Paid,27100.63,23100.0,4000.63,0.0,741.0,42.84,65400,3 years,OWN,AK
LN003311,G,G4,home_improvement,60,18800.0,32.86,641.68,2022-11-22,2022-12-20,Charged Off,6102.38,4271.67,1830.71,14528.33,599.0,12.48,27800,,RENT,AZ
LN003295,B,B2,debt_consolidation,36,1200.0,10.46,38.98,2022-07-02,2022-07-31,Charged Off,457.98,320.59,137.39,879.41,657.0,25.12,147000,4 years,OWN,NJ
LN000775,B,B4,home_improvement,36,9900.0,9.01,314.86,2022-08-28,2022-09-25,Fully Paid,11405.06,9900.0,1505.06,0.0,627.0,32.38,205300,6 years,RENT,VA
LN000330,C,C1,credit_card,36,8900.0,12.84,299.19,2023-08-04,2023-09-07,Fully Paid,10662.01,8900.0,1762.01,0.0,652.0,173.94,76700,1 year,MORTGAGE,AK
LN002055,D,D5,wedding,60,11600.0,19.84,306.3,2023-12-30,2024-02-03,Fully Paid,18347.31,11600.0,6747.31,0.0,713.0,25.4,80300,3 years,RENT,IN
LN002002,F,F4,vacation,36,24900.0,27.66,1025.38,2022-12-24,2023-01-24,Charged Off,13475.73,9433.01,4042.72,15466.99,684.0,10.77,116200,5 years,MORTGAGE,WV
LN000944,F,F4,credit_card,36,17700.0,28.17,733.76,2023-03-28,2023-04-29,Default,8805.12,6163.58,2641.54,0.0,818.0,32.8,141600,5 years,RENT,OR
LN000823,E,E1,debt_consolidation,36,37300.0,22.78,1439.6,2022-12-28,2023-01-26,Current,28792.0,18714.8,10077.2,0.0,798.0,12.77,31800,3 years,MORTGAGE,MA
LN000910,C,C5,vacation,36,,16.14,1394.96,2022-10-26,2022-11-28,Current,6974.8,4533.62,2441.18,0.0,677.0,38.52,129600,1 year,OWN,PA
LN000182,B,B1,wedding,36,,9.15,905.1,2023-01-07,2023-02-09,Fully Paid,32080.45,28400.0,3680.45,0.0,751.0,39.51,241100,10+ years,RENT,MO
LN000165,D,D1,vacation,60,34000.0,20.92,918.28,2023-07-30,2023-08-28,Late (31-120 days),918.28,642.8,275.48,0.0,638.0,13.46,219700,3 years,MORTGAGE,UT
LN001524,F,F4,educational,36,14000.0,28.14,580.15,2022-06-30,2022-07-29,Charged Off,7342.44,5139.71,2202.73,8860.29,641.0,38.25,240800,3 years,MORTGAGE,NM
LN000452,B,B1,credit_card,36,23800.0,10.87,777.72,2023-03-25,2023-04-23,Default,5444.04,3810.83,1633.21,0.0,629.0,24.62,234500,,MORTGAGE,MS
LN001312,B,B3,moving,36,,8.97,403.68,2021-08-23,2021-09-22,Fully Paid,14293.38,12700.0,1593.38,0.0,651.0,24.49,139100,7 years,MORTGAGE,WV
LN001112,A,A2,educational,60,27500.0,5.44,524.52,2021-08-21,2021-09-25,Fully Paid,31749.3,27500.0,4249.3,0.0,719.0,8.21,156800,5 years,MORTGAGE,MI
LN002980,F,F3,credit_card,60,3600.0,30.06,116.6,2023-08-27,2023-09-30,Fully Paid,7007.17,3600.0,3407.17,0.0,711.0,16.49,123600,10+ years,MORTGAGE,OR
LN001288,F,F5,medical,36,10000.0,28.77,417.81,2023-08-14,2023-09-14,Fully Paid,15330.79,10000.0,5330.79,0.0,812.0,30.22,147000,4 years,RENT,AR
LN000328,B,B3,major_purchase,60,37300.0,9.44,782.28,2023-10-16,2023-11-19,Fully Paid,46833.35,37300.0,9533.35,0.0,800.0,42.55,238300,10+ years,OWN,ID
LN001791,B,B4,home_improvement,36,20600.0,10.0,664.7,2022-06-09,2022-07-10,Fully Paid,23517.27,20600.0,2917.27,0.0,674.0,37.44,50000,2 years,RENT,ND
LN003183,D,D4,vacation,60,23300.0,18.3,595.48,2021-05-16,2021-06-13,Fully Paid,35874.56,23300.0,12574.56,0.0,790.0,35.15,95800,8 years,OWN,RI
LN002008,B,B3,home_improvement,36,2500.0,10.18,80.88,2023-09-25,2023-10-29,Charged Off,1001.62,701.13,300.49,1798.87,694.0,26.77,36200,7 years,RENT,WA
LN001859,E,E4,vacation,36,2200.0,24.18,86.52,2023-07-26,2023-08-30,Fully Paid,3064.69,2200.0,864.69,0.0,719.0,38.84,239900,5 years,RENT,AZ
LN000313,F,F5,small_business,36,31600.0,29.54,1333.52,2021-09-30,2021-10-31,Current,6667.6,4333.94,2333.66,0.0,672.0,14.57,25100,10+ years,RENT,LA
LN000833,B,B2,moving,36,,11.21,748.71,2022-07-30,2022-09-02,Charged Off,3196.89,2237.82,959.07,20562.18,622.0,41.89,239600,2 years,OTHER,WI
LN001202,A,A2,debt_consolidation,36,37900.0,5.1,1137.6,2021-09-24,2021-10-24,Current,35265.6,22922.64,12342.96,0.0,818.0,14.95,112600,< 1 year,MORTGAGE,NV
LN002771,C,C5,moving,36,34900.0,14.51,1201.46,2023-02-06,2023-03-10,Charged Off,10858.86,7601.2,3257.66,27298.8,805.0,20.33,125100,7 years,RENT,ZZ
LN002425,C,C1,debt_consolidation,36,19300.0,12.93,649.64,2021-02-28,2021-03-31,Fully Paid,22989.05,19300.0,3689.05,0.0,741.0,35.5,59900,8 years,RENT,HI
LN002135,D,D3,major_purchase,36,18400.0,19.9,682.87,2021-07-29,2021-08-26,Fully Paid,24492.75,18400.0,6092.75,0.0,760.0,18.31,27700,5 years,OWN,OH
LN002210,E,E4,major_purchase,60,,23.82,748.12,2022-12-24,2023-01-24,Current,32917.28,21396.23,11521.05,0.0,623.0,14.74,162200,6 years,RENT,OR
LN003466,B,B1,home_improvement,36,14200.0,10.19,459.46,2021-05-23,2021-06-26,Current,11945.96,7764.87,4181.09,0.0,641.0,37.18,96300,1 year,MORTGAGE,WY
LN001482,F,F1,home_improvement,60,28600.0,31.14,945.43,2021-12-18,2022-01-17,Late (31-120 days),10399.73,7279.81,3119.92,0.0,636.0,25.53,143300,10+ years,RENT,MT
LN000778,D,D2,major_purchase,36,8600.0,21.56,326.48,2023-09-26,2023-10-24,Fully Paid,11617.64,8600.0,3017.64,0.0,660.0,25.43,233100,9 years,MORTGAGE,IN
LN000800,E,E1,wedding,60,7600.0,25.22,224.05,2023-06-17,2023-07-15,Default,224.05,156.84,67.22,0.0,785.0,20.17,161500,10+ years,MORTGAGE,OK
LN000055,C,C4,educational,36,21600.0,16.27,762.27,2022-12-10,2023-01-14,charged off,8184.68,5729.28,2455.4,15870.72,807.0,22.28,157000,6 years,RENT,IA
LN001921,E,E5,credit_card,36,32800.0,26.71,1333.97,2023-06-04,2023-07-07,Current,13339.7,8670.81,4668.89,0.0,705.0,27.02,159200,3 years,MORTGAGE,SC
LN003095,F,F1,credit_card,36,34700.0,30.86,1489.46,2022-04-09,2022-05-12,Fully Paid,53399.55,34700.0,18699.55,0.0,743.0,11.8,104800,6 years,RENT,IN
LN002588,C,C3,home_improvement,36,21400.0,15.45,746.56,2021-01-10,2021-02-08,Charged Off,7758.24,5430.77,2327.47,15969.23,782.0,8.78,197900,3 years,RENT,NM
LN001702,B,B1,debt_consolidation,36,29000.0,8.77,919.09,2022-07-18,2022-08-22,Fully Paid,33239.63,29000.0,4239.63,0.0,683.0,30.23,156100,4 years,RENT,WI
LN002162,B,B4,moving,60,35200.0,11.98,782.65,2022-08-01,2022-09-03,Charged Off,17606.28,12324.4,5281.88,22875.6,599.0,14.71,193700,1 year,MORTGAGE,AR
LN003368,D,D5,medical,60,6900.0,18.05,175.4,2021-10-07,2021-11-10,Late (31-120 days),877.0,613.9,263.1,0.0,660.0,14.75,105400,2 years,MORTGAGE,HI
LN000988,A,A5,home_improvement,60,13000.0,5.28,247.0,2022-04-04,2022-05-07,Default,1482.0,1037.4,444.6,0.0,600.0,21.51,53400,5 years,OWN,ND
LN002586,D,D1,home_improvement,60,14000.0,21.15,379.93,2021-06-06,2021-07-11,Current,15577.13,10125.13,5452.0,0.0,586.0,17.32,146900,6 years,RENT,KS
LN001395,E,E1,wedding,36,7600.0,23.48,296.1,2023-07-03,2023-08-02,Fully Paid,10506.49,7600.0,2906.49,0.0,818.0,22.44,84300,2 years,RENT,AK
LN000769,E,E4,vacation,36,20500.0,24.23,806.75,2021-05-13,2021-06-10,Fully Paid,28902.81,20500.0,8402.81,0.0,748.0,22.24,46400,7 years,RENT,WI
LN003180,A,A5,small_business,36,17400.0,6.34,532.03,2023-06-20,2023-07-24,Fully Paid,19435.63,17400.0,2035.63,0.0,763.0,31.74,96700,10+ years,MORTGAGE,VA
LN000286,A,A5,moving,36,,5.63,130.09,2023-09-18,2023-10-19,Current,3902.7,2536.76,1365.94,0.0,793.0,9.16,245200,9 years,MORTGAGE,WV
LN003162,C,C2,medical,36,33800.0,13.34,1144.4,2023-08-07,2023-09-10,Fully Paid,41797.46,33800.0,7997.46,0.0,630.0,22.68,55100,7 years,RENT,AR
LN000429,A,A1,home_improvement,60,37100.0,6.96,733.92,2023-04-02,2023-05-04,Fully Paid,44576.68,37100.0,7476.68,0.0,777.0,24.04,76900,2 years,MORTGAGE,ND
LN002333,B,B1,educational,60,21800.0,9.76,460.62,2022-07-13,2022-08-13,Current,14279.22,9281.49,4997.73,0.0,741.0,136.4,109300,2 years,RENT,MT
LN002080,E,E4,major_purchase,60,13400.0,26.26,403.27,2023-10-20,2023-11-19,Current,18147.15,11795.65,6351.5,0.0,787.0,20.52,210600,7 years,RENT,CO
LN000723,E,E4,medical,36,16100.0,25.7,646.11,2023-07-04,2023-08-06,Charged Off,8534.28,5974.0,2560.28,10126.0,748.0,30.89,109300,7 years,RENT,NY
LN000952,A,A2,car,60,9200.0,6.1,178.29,2023-12-09,2024-01-06,Charged Off,1977.28,1384.1,593.18,7815.9,590.0,23.4,246700,10+ years,OTHER,FL
LN002263,C,C5,small_business,36,,15.67,916.85,2022-11-10,2022-12-11,Charged Off,12378.52,8664.96,3713.56,17535.04,805.0,7.28,158300,1 year,MORTGAGE,AK
LN000990,A,A2,vacation,36,12200.0,7.28,378.26,2021-06-19,2021-07-19,Default,1134.78,794.35,340.43,0.0,708.0,17.78,183700,8 years,MORTGAGE,AK
LN003351,E,E5,car,36,38100.0,22.77,1470.28,2022-01-10,2022-02-09,Fully Paid,53303.98,38100.0,15203.98,0.0,782.0,13.09,160100,10+ years,MORTGAGE,NV
LN002909,D,D4,medical,60,12900.0,17.45,323.73,2023-09-27,2023-10-26,Current,15215.31,9889.95,5325.36,0.0,603.0,44.96,161100,3 years,RENT,RI
LN000327,E,E4,credit_card,36,15600.0,24.59,616.88,2021-12-30,2022-01-29,Current,14805.12,9623.33,5181.79,0.0,687.0,30.25,190700,10+ years,RENT,HI
LN001384,D,D3,wedding,60,20500.0,21.25,557.48,2023-05-16,2023-06-16,Late (31-120 days),6689.76,4682.83,2006.93,0.0,768.0,5.06,246000,9 years,RENT,ME
LN001725,E,E3,credit_card,60,4600.0,26.39,138.79,2023-05-07,2023-06-11,Current,693.95,451.07,242.88,0.0,598.0,44.76,247900,1 year,OWN,ME
LN001087,A,A3,small_business,60,8000.0,5.21,151.74,2022-04-12,2022-05-10,Fully Paid,9096.02,8000.0,1096.02,0.0,700.0,37.38,191200,6 years,RENT,PA
LN000342,C,C1,home_improvement,36,17200.0,16.43,608.36,2021-09-06,2021-10-09,Current,18859.16,12258.45,6600.71,0.0,767.0,12.72,179700,4 years,RENT,AZ
LN000148,B,B5,debt_consolidation,36,,11.32,1164.32,2023-03-10,2023-04-07,Fully Paid,42446.09,35400.0,7046.09,0.0,770.0,13.72,54900,< 1 year,RENT,CA
LN002799,G,G3,educational,60,27900.0,34.19,975.76,2023-11-22,2023-12-27,Fully Paid,59107.72,27900.0,31207.72,0.0,789.0,42.42,168600,8 years,MORTGAGE,MI
LN001108,G,G4,home_improvement,60,31400.0,-34.13,1096.97,2023-11-26,2023-12-27,Default,7678.79,5375.15,2303.64,0.0,624.0,29.44,207300,3 years,RENT,IN
LN000849,B,B1,wedding,36,37400.0,10.63,1217.89,2023-02-26,2023-04-02,Charged Off,14927.27,10449.09,4478.18,26950.91,664.0,148.28,219800,10+ years,RENT,MI
LN000967,E,E1,credit_card,36,1600.0,25.81,64.3,2021-01-28,2021-03-02,Current,450.1,292.56,157.53,0.0,619.0,28.31,213700,7 years,RENT,TX
LN003118,C,C3,credit_card,36,28000.0,15.2,973.37,2023-04-10,2023-05-10,Fully Paid,34808.03,28000.0,6808.03,0.0,582.0,14.84,246800,8 years,RENT,OR
LN002204,D,D5,vacation,36,17400.0,21.07,656.17,2023-12-22,2024-01-19,Fully Paid,23832.05,17400.0,6432.05,0.0,780.0,11.36,126900,3 years,MORTGAGE,PA
LN000662,D,D2,medical,36,1000.0,20.24,37.29,2021-11-29,2022-01-01,Fully Paid,1366.41,1000.0,366.41,0.0,806.0,26.97,79700,4 years,MORTGAGE,MA
LN001003,B,B4,renewable_energy,36,19400.0,11.86,643.06,2022-08-19,2022-09-17,Current,7073.66,4597.88,2475.78,0.0,665.0,41.99,216100,5 years,OWN,UT
LN002801,E,E5,car,36,20600.0,26.04,830.43,2021-12-04,2022-01-05,Fully Paid,29692.78,20600.0,9092.78,0.0,819.0,13.77,148000,9 years,OWN,WV
LN003012,G,G3,credit_card,36,9300.0,33.75,414.14,2022-02-15,2022-03-18,CHARGED OFF,3896.75,2727.72,1169.02,6572.28,714.0,249.48,121900,6 years,MORTGAGE,OH
LN002804,F,F1,small_business,36,39400.0,29.17,1654.73,2021-06-22,2021-07-27,Current,49641.9,32267.24,17374.67,0.0,621.0,28.81,135400,4 years,MORTGAGE,NH
LN003182,B,B2,medical,36,22900.0,9.79,736.66,2022-11-27,2022-12-30,Fully Paid,26782.59,22900.0,3882.59,0.0,958.0,37.73,50200,2 years,MORTGAGE,LA
LN001880,B,B1,educational,60,16600.0,-8.96,344.27,2021-12-02,2022-01-01,Current,17213.5,11188.77,6024.72,0.0,797.0,42.8,63500,7 years,OWN,WA
LN000273,D,D1,car,36,33400.0,21.19,1261.61,2022-12-27,2023-01-25,Current,39109.91,25421.44,13688.47,0.0,697.0,31.34,231500,1 year,OWN,ND
LN001204,E,E4,renewable_energy,36,18200.0,26.37,736.88,2022-07-28,2022-08-30,Default,2210.64,1547.45,663.19,0.0,732.0,134.69,77700,< 1 year,MORTGAGE,IL
LN001991,B,B3,credit_card,36,,11.07,304.78,2021-03-03,2021-04-04,Fully Paid,11107.17,9300.0,1807.17,0.0,602.0,11.02,247400,2 years,RENT,MI
LN000025,D,D3,moving,60,21800.0,21.87,600.48,2023-11-14,2023-12-14,Late (31-120 days),2401.92,1681.34,720.58,0.0,801.0,11.5,97500,10+ years,RENT,WV
LN003373,F,F1,renewable_energy,36,10900.0,30.51,465.77,2022-12-17,2023-01-20,Current,6986.55,4541.26,2445.29,0.0,724.0,10.58,36100,4 years,MORTGAGE,AK
LN003349,D,D4,car,60,33800.0,18.38,865.3,2023-08-30,2023-09-29,Default,4326.5,3028.55,1297.95,0.0,747.0,14.68,148500,6 years,RENT,ND
LN002495,C,B3,wedding,36,,14.81,1355.24,2023-08-07,2023-09-05,Current,33881.0,22022.65,11858.35,0.0,610.0,6.64,81500,4 years,OWN,WI
LN002756,C,C1,car,36,26100.0,15.9,916.31,2021-01-02,2021-01-31,Fully Paid,32704.01,26100.0,6604.01,0.0,727.0,29.94,48400,3 years,MORTGAGE,OR
LN000876,D,D4,educational,36,14400.0,19.36,530.47,2022-11-09,2022-12-11,Fully Paid,18948.91,14400.0,4548.91,0.0,766.0,19.16,154100,5 years,OWN,MT
LN003229,D,D3,debt_consolidation,60,19100.0,21.03,517.04,2023-07-12,2023-08-16,Fully Paid,30814.58,19100.0,11714.58,0.0,714.0,43.2,223500,4 years,RENT,NJ
LN000939,C,C1,small_business,36,19000.0,16.36,671.37,2023-06-28,2023-07-26,Current,20141.1,13091.72,7049.38,0.0,769.0,25.33,98000,5 years,MORTGAGE,AZ
LN002395,D,D3,educational,36,24800.0,20.5,927.99,2022-10-16,2022-11-13,Fully Paid,33834.77,24800.0,9034.77,0.0,810.0,16.27,191100,9 years,RENT,NH
LN002999,F,F4,medical,36,28000.0,31.24,1207.74,2021-04-21,2021-05-21,Charged Off,11412.64,7988.85,3423.79,20011.15,805.0,21.94,183600,< 1 year,RENT,MT
LN000019,C,C5,credit_card,36,30800.0,14.76,1064.08,2023-06-05,2023-07-08,Late (31-120 days),4256.32,2979.42,1276.9,0.0,751.0,33.65,122700,3 years,RENT,TN
LN000386,A,F4,small_business,36,35700.0,5.95,1085.25,2021-11-20,2021-12-18,Fully Paid,39358.88,35700.0,3658.88,0.0,784.0,166.09,169800,< 1 year,RENT,AK
LN002750,C,C1,home_improvement,60,,12.94,620.32,2022-03-25,2022-04-25,Fully Paid,36495.96,27300.0,9195.96,0.0,798.0,5.72,235900,6 years,MORTGAGE,AL
LN003360,D,D5,renewable_energy,60,,20.56,766.66,2021-05-24,2021-06-27,Fully Paid,46730.35,28600.0,18130.35,0.0,645.0,42.52,96300,5 years,RENT,NJ
LN002639,B,B4,credit_card,60,19600.0,11.43,430.37,2021-03-15,2021-04-18,Fully Paid,25740.98,19600.0,6140.98,0.0,723.0,44.43,148500,10+ years,MORTGAGE,NE
LN002292,B,B2,debt_consolidation,60,38400.0,11.64,847.22,2022-05-21,2022-06-23,Fully Paid,49994.77,38400.0,11594.77,0.0,764.0,9.76,136400,,OWN,MI
LN002508,A,A1,debt_consolidation,36,23300.0,6.37,712.74,2022-11-25,2022-12-25,Default,3563.7,2494.59,1069.11,0.0,893.0,25.16,121700,7 years,OWN,SC
LN000937,B,B2,vacation,60,15900.0,11.8,352.08,2022-08-04,2022-09-07,Fully Paid,21020.92,15900.0,5120.92,0.0,705.0,5.95,67700,,OWN,MO
LN003089,B,B4,home_improvement,60,11100.0,9.11,231.01,2023-04-09,2023-05-14,Default,1617.07,1131.95,485.12,0.0,634.0,39.56,116600,9 years,RENT,PA
LN002361,G,G4,home_improvement,60,21300.0,33.44,734.8,2023-07-19,2023-08-17,Late (31-120 days),4408.8,3086.16,1322.64,0.0,608.0,32.74,107700,3 years,OWN,SD
LN002618,D,D2,debt_consolidation,60,35000.0,-19.59,919.32,2021-11-20,2021-12-22,FULLY PAID,54058.05,35000.0,19058.05,0.0,723.0,15.49,61700,3 years,MORTGAGE,FL
LN001333,E,E3,small_business,60,34300.0,26.51,1037.34,2022-04-24,2022-05-29,Fully Paid,62233.48,34300.0,27933.48,0.0,744.0,43.59,35300,7 years,OWN,MI
LN001935,B,B1,home_improvement,60,10300.0,9.42,215.92,2021-03-11,2021-04-14,Current,12307.44,7999.84,4307.6,0.0,656.0,40.46,132900,5 years,MORTGAGE,VT
LN000936,E,E5,credit_card,60,5600.0,25.49,165.98,2023-11-29,2024-01-01,Late (31-120 days),1659.8,1161.86,497.94,0.0,727.0,33.09,238600,4 years,OWN,IL
LN002419,A,A3,home_improvement,60,39300.0,6.78,774.11,2023-12-30,2024-01-31,Current,19352.75,12579.29,6773.46,0.0,651.0,38.66,86500,1 year,MORTGAGE,CT
LN000567,F,F2,major_purchase,60,13500.0,28.21,422.05,2021-04-26,2021-05-24,Fully Paid,25081.71,13500.0,11581.71,0.0,605.0,210.93,81200,4 years,MORTGAGE,DE
LN001855,A,A1,major_purchase,36,14100.0,7.1,436.01,2023-05-16,2023-06-14,Current,14388.33,9352.41,5035.92,0.0,813.0,5.35,71700,4 years,RENT,MS
LN003191,D,D2,home_improvement,60,9100.0,21.4,248.24,2021-06-28,2021-07-28,Fully Paid,14793.61,9100.0,5693.61,0.0,673.0,207.77,175600,8 years,MORTGAGE,WA
LN001646,B,B4,car,36,7500.0,8.96,238.36,2022-11-05,2022-12-06,Default,1191.8,834.26,357.54,0.0,808.0,20.24,78500,1 year,MORTGAGE,PA
LN003008,E,E4,moving,36,12500.0,25.75,501.97,2021-12-15,2022-01-12,Fully Paid,18334.05,12500.0,5834.05,0.0,702.0,21.34,80200,,RENT,AL
LN001793,D,D2,moving,60,9500.0,21.75,261.03,2022-08-13,2022-09-17,Charged Off,5281.24,3696.87,1584.37,5803.13,773.0,9.64,230300,3 years,RENT,VT
LN001431,D,D2,wedding,60,31100.0,21.66,852.95,2023-05-13,2023-06-14,Fully Paid,51819.03,31100.0,20719.03,0.0,614.0,28.51,130200,10+ years,MORTGAGE,NV
LN003344,C,C1,credit_card,36,27300.0,15.34,950.92,2021-11-23,2021-12-24,Late (31-120 days),3803.68,2662.58,1141.1,0.0,818.0,44.85,155500,< 1 year,MORTGAGE,GA
LN001014,D,D4,credit_card,60,4900.0,18.0,124.43,2021-01-24,2021-02-28,Fully Paid,7432.15,4900.0,2532.15,0.0,770.0,37.27,97300,9 years,RENT,ID
LN001929,D,D5,educational,60,2100.0,19.1,54.59,2022-03-10,2022-04-08,Late (31-120 days),655.08,458.56,196.52,0.0,677.0,44.29,180800,7 years,RENT,AR
LN002700,D,D2,moving,60,32900.0,17.53,827.05,2021-10-07,2021-09-27,late (31-120 days),2481.15,1736.81,744.35,0.0,810.0,17.49,54700,10+ years,OWN,SD
LN000127,A,A3,moving,36,17300.0,5.73,524.19,2021-01-22,2021-02-20,Fully Paid,18680.56,17300.0,1380.56,0.0,604.0,7.02,182300,10+ years,OWN,HI
LN002514,E,E3,vacation,60,11800.0,24.33,341.73,2022-02-08,2022-03-08,Current,5467.68,3553.99,1913.69,0.0,587.0,13.09,135000,< 1 year,MORTGAGE,KS
LN001348,D,D4,debt_consolidation,36,13800.0,19.84,511.73,2023-12-13,2024-01-12,Late (31-120 days),5629.03,3940.32,1688.71,0.0,597.0,19.73,200300,10+ years,RENT,CA
LN000356,A,A3,credit_card,36,39100.0,5.15,1174.5,2021-07-15,2021-08-18,Fully Paid,42110.38,39100.0,3010.38,0.0,691.0,35.95,78400,8 years,OWN,IL
LN000828,F,F2,small_business,36,23500.0,28.56,979.17,2022-07-04,2022-08-08,Fully Paid,35057.81,23500.0,11557.81,0.0,777.0,30.67,209100,9 years,MORTGAGE,HI
LN001640,C,C2,credit_card,36,,14.52,1311.81,2022-05-26,2022-06-23,Default,9182.67,6427.87,2754.8,0.0,817.0,16.95,220800,< 1 year,MORTGAGE,AL
LN000985,C,C4,moving,36,23700.0,15.53,827.73,2023-01-04,2023-02-02,Late (31-120 days),6621.84,4635.29,1986.55,0.0,650.0,12.91,210600,3 years,MORTGAGE,MA
LN002189,D,D1,major_purchase,60,11500.0,19.29,300.15,2021-06-03,2021-07-04,Fully Paid,17979.02,11500.0,6479.02,0.0,613.0,30.44,209200,5 years,OWN,NJ
LN003053,A,A5,debt_consolidation,60,37300.0,-6.58,731.22,2021-04-10,2021-05-14,Fully Paid,43350.92,37300.0,6050.92,0.0,819.0,28.02,179700,1 year,MORTGAGE,NM
LN002444,A,A4,major_purchase,36,,6.65,906.16,2022-05-16,2022-06-17,Charged Off,12161.15,8512.8,3648.34,20987.2,736.0,29.48,188600,2 years,RENT,MO
LN000363,C,C1,debt_consolidation,36,28100.0,13.72,956.57,2022-10-26,2022-11-30,Fully Paid,33964.06,28100.0,5864.06,0.0,668.0,32.37,170500,7 years,RENT,NC
LN002350,F,F2,debt_consolidation,36,7300.0,30.63,312.42,2021-12-08,2022-01-05,Charged Off,4018.84,2813.19,1205.65,4486.81,594.0,41.38,166900,3 years,RENT,NH
LN000346,F,F2,credit_card,36,6000.0,-27.63,246.98,2023-08-04,2023-09-07,Current,4692.62,3050.2,1642.42,0.0,592.0,19.65,54000,< 1 year,MORTGAGE,TN
LN002625,C,C4,major_purchase,60,24300.0,14.01,565.54,2022-10-12,2022-11-14,Fully Paid,33702.78,24300.0,9402.78,0.0,806.0,7.33,127400,10+ years,OWN,SC
LN003044,A,A3,medical,36,7800.0,7.58,242.92,2021-01-29,2021-02-26,Charged Off,2303.62,1612.53,691.09,6187.47,629.0,34.32,152100,10+ years,RENT,TN
LN000712,D,D3,car,36,31000.0,18.56,1129.45,2023-02-05,2023-03-08,Default,9035.6,6324.92,2710.68,0.0,690.0,40.31,198500,6 years,RENT,MA
LN002476,C,C1,renewable_energy,36,,12.55,682.94,2021-06-02,2021-07-01,Fully Paid,24489.47,20400.0,4089.47,0.0,729.0,13.16,38500,4 years,RENT,CA
LN000011,F,F1,educational,36,4500.0,31.41,194.52,2021-08-28,2021-09-27,Fully Paid,6995.8,4500.0,2495.8,0.0,720.0,11.61,241100,10+ years,OWN,IN
LN002891,D,D2,small_business,36,,17.47,1202.22,2023-12-02,2024-01-04,Current,6011.1,3907.22,2103.89,0.0,787.0,32.6,181100,2 years,OWN,TN
LN002117,B,B4,home_improvement,36,13800.0,9.64,442.96,2022-12-31,2023-01-29,Fully Paid,15875.79,13800.0,2075.79,0.0,720.0,27.8,171000,10+ years,MORTGAGE,AZ
LN001835,E,E4,home_improvement,60,,-23.0,524.34,2023-10-11,2023-11-08,Charged Off,6003.16,4202.21,1800.95,14397.79,715.0,12.7,168300,3 years,RENT,CO
LN000794,A,A4,medical,60,14500.0,6.41,283.1,2023-08-04,2023-09-08,Current,13871.9,9016.74,4855.16,0.0,707.0,16.3,106300,7 years,RENT,ND
LN003316,A,A2,moving,60,23100.0,6.88,456.1,2023-04-13,2023-05-17,Current,9122.0,5929.3,3192.7,0.0,720.0,7.5,59000,< 1 year,RENT,WY
LN000095,C,C5,wedding,36,29900.0,15.07,1037.52,2021-03-11,2021-04-13,Current,23862.96,15510.92,8352.04,0.0,,22.59,217000,5 years,RENT,LA
LN000130,A,A1,wedding,36,19500.0,6.66,599.08,2023-06-29,2023-07-28,Fully Paid,21524.05,19500.0,2024.05,0.0,720.0,16.19,73600,1 year,RENT,MS
LN002372,C,C3,small_business,60,9600.0,13.74,222.08,2022-03-20,2022-04-24,Current,4885.76,3175.74,1710.02,0.0,818.0,42.99,182200,9 years,RENT,OR
LN002686,A,A2,moving,36,33700.0,5.61,1019.27,2023-08-28,2023-09-27,Default,11211.97,7848.38,3363.59,0.0,769.0,39.95,84500,5 years,RENT,TX
LN003484,B,B4,medical,36,13500.0,11.22,443.38,2022-12-25,2023-01-26,Late (31-120 days),3103.66,2172.56,931.1,0.0,667.0,7.65,42200,2 years,RENT,IL
LN002264,D,D4,car,36,,19.77,200.05,2023-05-30,2023-07-04,Charged Off,2924.97,2047.48,877.49,3352.52,769.0,22.97,62000,6 years,MORTGAGE,OH
LN001901,E,E1,renewable_energy,36,17500.0,24.8,693.95,2021-09-28,2021-10-29,Fully Paid,25321.86,17500.0,7821.86,0.0,585.0,35.79,82800,4 years,MORTGAGE,RI
LN002630,A,A5,major_purchase,60,9600.0,6.03,185.73,2021-05-25,2021-06-22,Fully Paid,11251.02,9600.0,1651.02,0.0,778.0,43.31,232700,7 years,OWN,WY
LN002867,B,B1,credit_card,60,35600.0,9.2,742.46,2021-08-07,2021-09-07,Fully Paid,43669.36,35600.0,8069.36,0.0,910.0,22.39,96300,9 years,RENT,UT
LN001933,A,A4,small_business,36,32500.0,6.48,995.8,2021-02-19,2021-03-21,Fully Paid,35406.25,32500.0,2906.25,0.0,698.0,42.57,84200,6 years,RENT,MI
LN002578,G,G4,educational,36,38700.0,32.54,1697.18,2021-04-23,2021-05-21,Fully Paid,60110.76,38700.0,21410.76,0.0,628.0,25.29,130000,8 years,OWN,IA
LN001866,A,A1,vacation,60,21500.0,6.96,425.32,2021-06-03,2021-07-08,Fully Paid,25466.32,21500.0,3966.32,0.0,736.0,34.16,238200,7 years,MORTGAGE,NM
LN001659,C,C4,renewable_energy,36,32000.0,14.4,1099.91,2023-11-01,2023-12-06,Current,37396.94,24308.01,13088.93,0.0,614.0,38.63,162800,10+ years,MORTGAGE,DE
LN000517,C,C2,small_business,36,21000.0,12.7,704.54,2021-10-03,2021-10-31,Fully Paid,25716.12,21000.0,4716.12,0.0,690.0,44.18,228000,8 years,MORTGAGE,OK
LN001858,A,A4,vacation,60,,7.06,136.82,2021-07-11,2021-08-14,Current,7798.74,5069.18,2729.56,0.0,688.0,14.62,170100,4 years,RENT,MT
LN002244,C,C4,renewable_energy,36,2200.0,12.75,73.86,2021-07-05,2021-08-07,Current,1181.76,768.14,413.62,0.0,682.0,33.93,192100,6 years,RENT,FL
LN001278,B,B1,major_purchase,36,26800.0,8.94,851.48,2022-10-17,2022-11-16,Fully Paid,31106.51,26800.0,4306.51,0.0,707.0,38.22,32300,10+ years,RENT,SD
LN003469,A,A1,wedding,60,33600.0,6.09,650.99,2022-03-26,2022-04-26,Current,20180.69,13117.45,7063.24,0.0,665.0,18.05,25400,3 years,MORTGAGE,NV
LN000951,D,D4,vacation,60,13100.0,20.41,350.07,2023-03-04,2023-04-05,Fully Paid,21414.18,13100.0,8314.18,0.0,696.0,24.17,87700,5 years,MORTGAGE,IA
LN001121,A,A4,wedding,60,,5.51,727.93,2023-07-14,2023-08-15,Fully Paid,43079.35,38100.0,4979.35,0.0,642.0,40.18,78400,4 years,MORTGAGE,ND
LN002205,B,B1,vacation,36,27500.0,10.16,889.41,2022-06-21,2022-07-25,Fully Paid,32436.77,27500.0,4936.77,0.0,706.0,23.15,87800,4 years,MORTGAGE,NJ
LN000420,A,A3,car,36,27300.0,7.12,844.44,2021-03-21,2021-04-25,Charged Off,7429.75,5200.82,2228.92,22099.18,766.0,36.24,53700,6 years,RENT,VT
LN000923,A,A2,moving,36,33100.0,6.73,1017.95,2022-11-19,2022-12-23,Current,26466.7,17203.35,9263.34,0.0,785.0,37.07,201600,4 years,MORTGAGE,KS
LN002642,F,F4,educational,60,,30.86,970.07,2021-03-08,2021-04-11,Charged Off,10454.66,7318.26,3136.4,22181.74,714.0,24.27,232800,7 years,OTHER,WV
LN000478,C,C4,wedding,36,22500.0,13.57,764.31,2023-01-31,2023-03-07,Charged Off,13323.84,9326.69,3997.15,13173.31,676.0,27.81,157000,6 years,MORTGAGE,CT
LN002036,A,A5,moving,36,37500.0,7.46,1165.79,2021-04-12,2021-05-12,Fully Paid,41515.44,37500.0,4015.44,0.0,591.0,17.97,54700,4 years,RENT,FL
LN002944,B,B2,car,36,37600.0,9.11,1197.6,2021-11-27,2021-12-29,Current,10778.4,7005.96,3772.44,0.0,721.0,5.15,180300,7 years,MORTGAGE,SC
LN001693,D,D4,moving,36,22500.0,19.44,829.77,2021-08-06,2021-09-03,Fully Paid,30306.94,22500.0,7806.94,0.0,737.0,7.89,86300,7 years,RENT,MT
LN002656,C,C4,small_business,36,13500.0,14.1,462.05,2023-06-04,2023-07-03,Fully Paid,16535.36,13500.0,3035.36,0.0,685.0,38.57,81300,5 years,OTHER,FL
LN001472,C,C5,wedding,36,23300.0,13.7,792.95,2022-06-27,2022-07-25,Fully Paid,28816.79,23300.0,5516.79,0.0,775.0,26.16,107500,4 years,MORTGAGE,SD
LN001203,B,B2,moving,36,,10.09,326.33,2022-10-07,2022-11-08,Current,2936.97,1909.03,1027.94,0.0,618.0,35.57,140500,2 years,RENT,AK
LN002439,E,E5,educational,60,8400.0,23.78,240.58,2023-04-13,2023-05-18,Current,2646.38,1720.15,926.23,0.0,668.0,16.06,202000,,MORTGAGE,NV
LN001670,C,C4,debt_consolidation,60,29200.0,13.62,673.69,2023-07-16,2023-08-20,Default,6736.9,4715.83,2021.07,0.0,662.0,33.13,53900,,OWN,NY
LN003330,C,C5,credit_card,36,24400.0,14.68,842.02,2021-01-16,2021-02-13,Fully Paid,30360.95,24400.0,5960.95,0.0,799.0,5.09,26200,2 years,RENT,AL
LN001971,E,E5,wedding,36,26000.0,22.76,1003.2,2021-10-29,2021-11-28,Fully Paid,36170.57,26000.0,10170.57,0.0,,36.16,112500,2 years,RENT,CT
LN002152,B,B5,wedding,36,,10.59,768.06,2022-08-28,2022-10-02,Current,16129.26,10484.02,5645.24,0.0,685.0,8.33,46900,3 years,RENT,AZ
LN000821,C,C1,wedding,36,,13.6,1158.84,2023-06-07,2023-07-12,Fully Paid,42545.49,34100.0,8445.49,0.0,760.0,129.27,48400,10+ years,MORTGAGE,VA
LN001998,A,A3,small_business,36,3600.0,6.37,110.12,2023-01-06,2023-02-08,Current,2422.64,1574.72,847.92,0.0,785.0,24.09,73000,1 year,RENT,OR
LN003440,F,F5,home_improvement,60,13600.0,29.69,437.42,2023-06-11,2023-07-10,Charged Off,3151.01,2205.71,945.3,11394.29,800.0,24.14,184800,1 year,OWN,UT
LN001249,D,D1,credit_card,36,26700.0,21.08,1007.02,2023-07-25,2023-08-26,Charged Off,8928.17,6249.72,2678.45,20450.28,679.0,44.73,27500,8 years,OTHER,AL
LN002638,D,D2,home_improvement,60,39600.0,19.0,1027.25,2021-01-19,2021-02-21,Late (31-120 days),6163.5,4314.45,1849.05,0.0,754.0,7.09,185200,5 years,OWN,MN
LN003189,C,C3,small_business,60,39800.0,13.01,905.78,2022-10-05,2022-11-02,Current,17209.82,11186.38,6023.44,0.0,752.0,5.67,92500,9 years,MORTGAGE,IN
LN002191,D,D3,major_purchase,36,18500.0,18.62,674.59,2023-03-04,2023-04-04,Current,18213.93,11839.05,6374.88,0.0,614.0,27.53,58900,5 years,RENT,MS
LN003132,B,B4,debt_consolidation,36,3400.0,11.62,112.31,2021-06-07,2021-07-09,Late (31-120 days),1010.79,707.55,303.24,0.0,755.0,29.83,78100,3 years,MORTGAGE,VA
LN001047,A,A4,renewable_energy,60,24000.0,7.6,482.05,2021-04-30,2021-05-30,Current,10605.1,6893.32,3711.78,0.0,681.0,14.78,31700,,MORTGAGE,KY
LN001889,B,B3,credit_card,60,38700.0,10.34,828.75,2022-11-04,2022-12-08,Late (31-120 days),4143.75,2900.62,1243.12,0.0,767.0,6.49,203000,9 years,RENT,ME
LN002470,E,E3,renewable_energy,36,39600.0,22.63,1525.28,2023-06-06,2023-05-27,Fully Paid,55657.09,39600.0,16057.09,0.0,748.0,21.93,242100,6 years,MORTGAGE,AB
LN000616,G,G1,educational,36,32000.0,32.78,1407.63,2022-04-11,2022-05-11,Current,49267.05,32023.58,17243.47,0.0,588.0,10.11,60600,3 years,MORTGAGE,OK
LN001319,C,C3,car,60,21100.0,14.34,494.69,2021-04-21,2021-05-19,Fully Paid,29919.36,21100.0,8819.36,0.0,818.0,11.12,234700,9 years,RENT,AR
LN003462,A,A4,moving,36,8200.0,7.07,253.45,2021-02-01,2021-03-03,Fully Paid,9278.6,8200.0,1078.6,0.0,614.0,27.78,129300,3 years,MORTGAGE,AZ
LN003497,A,B4,vacation,36,32300.0,5.16,970.38,2023-08-10,2023-09-12,Current,17466.84,11353.45,6113.39,0.0,726.0,7.98,110500,2 years,MORTGAGE,CT
LN001436,D,D1,home_improvement,36,,17.94,1033.1,2023-03-16,2023-04-20,Late (31-120 days),8264.8,5785.36,2479.44,0.0,583.0,42.05,241700,,MORTGAGE,MI
LN002137,D,D2,car,36,37900.0,20.3,1414.3,2023-06-11,2023-07-11,Late (31-120 days),9900.1,6930.07,2970.03,0.0,807.0,42.17,32100,2 years,MORTGAGE,GA
LN002941,C,C5,small_business,36,,12.92,878.41,2023-10-28,2023-11-29,Charged Off,2232.76,1562.93,669.83,24537.07,608.0,20.58,200400,6 years,RENT,UT
LN001773,E,E4,car,60,10100.0,25.19,297.57,2021-12-13,2022-01-13,Current,13985.79,9090.76,4895.03,0.0,585.0,29.56,113200,3 years,MORTGAGE,FL
LN002276,B,B2,credit_card,60,15300.0,10.52,329.01,2023-11-26,2023-12-26,Default,329.01,230.31,98.7,0.0,724.0,39.86,133600,< 1 year,RENT,IN
LN000132,A,A5,major_purchase,36,32500.0,7.22,1006.78,2021-03-05,2021-04-06,Charged Off,10693.26,7485.28,3207.98,25014.72,710.0,26.29,147700,5 years,RENT,MI
LN000078,C,C1,debt_consolidation,60,13400.0,16.46,329.15,2022-05-17,2022-06-17,Fully Paid,19958.46,13400.0,6558.46,0.0,633.0,28.46,120400,3 years,RENT,RI
LN002053,A,A2,credit_card,36,36200.0,6.67,1112.3,2023-11-19,2023-12-18,Charged Off,5013.29,3509.3,1503.99,32690.7,686.0,9.31,140900,6 years,MORTGAGE,AL
LN000725,D,G4,credit_card,60,12200.0,21.58,334.04,2023-11-07,2023-12-11,Default,3340.4,2338.28,1002.12,0.0,711.0,13.12,188900,2 years,RENT,HI
LN001315,E,E5,credit_card,36,3400.0,24.33,133.98,2021-09-05,2021-10-09,Fully Paid,4858.43,3400.0,1458.43,0.0,,7.3,119500,10+ years,OWN,NJ
LN001852,A,A3,credit_card,36,15300.0,6.13,466.36,2021-10-09,2021-11-07,Charged Off,2108.73,1476.11,632.62,13823.89,580.0,8.94,244300,7 years,RENT,KS
LN001424,A,A3,home_improvement,60,17000.0,5.3,323.15,2022-08-30,2022-09-28,Default,1938.9,1357.23,581.67,0.0,705.0,19.73,59400,5 years,RENT,AR
LN002752,B,B2,major_purchase,60,,11.02,598.19,2022-01-14,2022-02-17,Current,23927.6,15552.94,8374.66,0.0,731.0,6.52,100500,10+ years,MORTGAGE,CA
LN002972,A,A2,home_improvement,36,,5.9,391.86,2021-08-30,2021-09-28,Fully Paid,13830.84,12900.0,930.84,0.0,742.0,28.67,86800,1 year,RENT,ID
LN001373,D,D2,debt_consolidation,36,7800.0,18.65,284.54,2022-01-18,2022-02-16,Fully Paid,10398.24,7800.0,2598.24,0.0,638.0,5.88,105800,3 years,OWN,CA
LN001856,F,F1,renewable_energy,60,32000.0,28.78,1011.46,2022-09-14,2022-10-14,Fully Paid,59489.43,32000.0,27489.43,0.0,675.0,8.24,70100,10+ years,MORTGAGE,CO
LN001320,B,B3,small_business,36,2800.0,10.04,90.4,2023-04-24,2023-05-28,Fully Paid,3214.87,2800.0,414.87,0.0,658.0,29.19,102200,8 years,MORTGAGE,MN
LN003447,D,D2,moving,36,32500.0,21.15,1226.94,2023-05-26,2023-06-24,Current,35581.26,23127.82,12453.44,0.0,815.0,8.01,230200,< 1 year,MORTGAGE,WI
LN002608,A,A5,car,36,,6.74,587.48,2022-10-19,2022-11-18,Charged Off,10689.01,7482.31,3206.7,11617.69,662.0,34.59,136900,5 years,RENT,NM
LN000376,A,A2,home_improvement,60,3600.0,6.26,70.03,2021-03-18,2021-04-19,Current,2170.93,1411.1,759.83,0.0,653.0,30.06,73100,10+ years,MORTGAGE,AL
LN001909,B,B1,major_purchase,60,11600.0,10.78,250.94,2021-03-09,2021-04-09,Fully Paid,15109.62,11600.0,3509.62,0.0,781.0,6.29,44000,,RENT,AZ
LN000334,B,B5,car,36,9300.0,-11.0,304.47,2021-04-29,2021-06-02,Current,5175.99,3364.39,1811.6,0.0,647.0,8.17,123100,5 years,MORTGAGE,SC
LN002705,D,D3,wedding,36,1200.0,21.1,45.27,2022-07-11,2022-08-10,Charged Off,503.17,352.22,150.95,847.78,720.0,7.89,99100,< 1 year,MORTGAGE,UT
LN002758,A,A2,debt_consolidation,36,8500.0,7.98,266.28,2023-07-18,2023-08-22,Fully Paid,9430.41,8500.0,930.41,0.0,627.0,21.53,114100,7 years,MORTGAGE,WY
LN002366,F,F4,debt_consolidation,36,27500.0,31.43,1189.06,2021-09-24,2021-10-27,Current,4756.24,3091.56,1664.68,0.0,602.0,6.34,177200,9 years,MORTGAGE,RI
LN001605,D,D5,wedding,60,31200.0,17.99,792.11,2022-10-25,2022-11-29,Fully Paid,47449.84,31200.0,16249.84,0.0,628.0,16.93,100300,9 years,MORTGAGE,MD
LN001119,E,E5,home_improvement,36,4100.0,23.71,160.23,2022-09-21,2022-10-19,Late (31-120 days),1121.61,785.13,336.48,0.0,644.0,38.4,75800,10+ years,MORTGAGE,WV
LN003394,D,D2,credit_card,36,31100.0,18.28,1128.71,2021-04-27,2021-06-01,Current,11287.1,7336.62,3950.48,0.0,608.0,8.85,151100,5 years,RENT,KY
LN001944,A,A5,moving,36,28400.0,7.18,879.25,2023-12-07,2024-01-10,Charged Off,7816.46,5471.52,2344.94,22928.48,706.0,25.1,188500,3 years,MORTGAGE,IA
LN002715,C,C2,major_purchase,60,7700.0,15.66,185.86,2023-09-27,2023-10-29,Fully Paid,11024.89,7700.0,3324.89,0.0,643.0,35.95,72900,4 years,RENT,RI
LN002377,A,A3,major_purchase,36,20700.0,7.06,639.72,2022-11-03,2022-12-06,Current,19831.32,12890.36,6940.96,0.0,749.0,20.98,177300,9 years,OWN,MO
LN003017,B,B1,credit_card,36,27500.0,11.54,907.36,2022-10-12,2022-11-15,Fully Paid,32972.26,27500.0,5472.26,0.0,705.0,34.09,89000,,RENT,TN
LN001343,B,B2,medical,60,12000.0,11.94,266.57,2023-06-04,2023-07-04,Fully Paid,15777.57,12000.0,3777.57,0.0,762.0,25.33,68400,8 years,RENT,GA
LN000321,B,B2,wedding,36,27900.0,11.3,917.38,2023-08-04,2023-09-08,Late (31-120 days),917.38,642.17,275.21,0.0,957.0,18.89,96500,5 years,RENT,ND
LN001620,B,B2,major_purchase,36,29400.0,11.68,972.01,2023-11-13,2023-12-11,Fully Paid,34835.96,29400.0,5435.96,0.0,682.0,6.94,46200,4 years,RENT,MT
LN002925,B,B5,car,36,39900.0,11.82,1321.82,2021-01-01,2021-01-31,Fully Paid,47220.65,39900.0,7320.65,0.0,750.0,26.69,100800,,MORTGAGE,CO
LN002061,D,D1,wedding,36,10900.0,19.08,399.99,2022-08-27,2022-09-29,Fully Paid,14336.8,10900.0,3436.8,0.0,662.0,38.17,140400,3 years,RENT,GA
LN002220,D,D2,home_improvement,36,8600.0,21.78,327.46,2021-12-13,2022-01-16,Current,10806.18,7024.02,3782.16,0.0,812.0,15.68,76400,7 years,MORTGAGE,WA
LN001674,C,C5,credit_card,36,30000.0,15.09,1041.28,2023-04-16,2023-05-20,Current,9371.52,6091.49,3280.03,0.0,710.0,35.68,35800,7 years,OWN,MT
LN001943,B,B5,renewable_energy,36,9100.0,10.34,295.09,2023-04-18,2023-05-18,Current,885.27,575.43,309.84,0.0,774.0,35.56,240800,2 years,RENT,IN
LN000261,D,D4,major_purchase,36,1600.0,-20.36,59.76,2023-08-22,2023-09-20,Current,2031.84,1320.7,711.14,0.0,618.0,42.98,234500,< 1 year,MORTGAGE,KY
LN002814,C,C5,home_improvement,60,25300.0,16.44,621.18,2022-07-16,2022-08-20,Current,18635.4,12113.01,6522.39,0.0,643.0,6.9,217000,5 years,MORTGAGE,NC
LN002040,G,G5,educational,60,6600.0,33.33,227.23,2023-01-07,2023-02-11,Current,5226.29,3397.09,1829.2,0.0,671.0,24.85,74600,10+ years,RENT,IA
LN000690,E,E5,debt_consolidation,36,6300.0,23.81,246.54,2023-02-13,2023-03-15,Charged Off,3273.52,2291.46,982.06,4008.54,637.0,20.53,214300,7 years,RENT,NJ
LN000902,B,B2,small_business,36,25900.0,11.2,850.39,2021-11-19,2021-12-24,Current,20409.36,13266.08,7143.28,0.0,775.0,25.76,50800,9 years,OWN,AK
LN002307,C,C3,medical,36,12200.0,14.56,420.29,2023-12-20,2024-01-24,Late (31-120 days),4202.9,2942.03,1260.87,0.0,802.0,6.8,111200,2 years,RENT,ID
LN002027,C,C1,educational,60,33200.0,16.4,814.43,2022-09-08,2022-09-06,Current,9773.16,6352.55,3420.61,0.0,699.0,14.67,71500,8 years,RENT,ID
LN000139,B,B1,car,36,25100.0,8.85,796.42,2023-04-18,2023-05-18,Fully Paid,28728.87,25100.0,3628.87,0.0,817.0,11.32,219800,5 years,RENT,ME
LN001918,C,C1,small_business,36,38900.0,14.5,1338.98,2022-09-30,2022-10-30,Fully Paid,47816.17,38900.0,8916.17,0.0,657.0,38.1,26000,2 years,MORTGAGE,ME
LN001829,B,B4,wedding,60,28400.0,8.61,584.18,2023-10-04,2023-11-01,Current,30961.54,20125.0,10836.54,0.0,658.0,17.77,49400,4 years,MORTGAGE,RI
LN001574,D,D1,small_business,60,29700.0,19.11,772.23,2023-01-15,2023-02-13,Charged Off,8043.06,5630.14,2412.92,24069.86,765.0,22.71,191700,4 years,RENT,AR
LN000320,C,C1,moving,60,25600.0,13.98,595.4,2023-10-15,2023-10-05,Charged Off,15153.89,10607.72,4546.17,14992.28,809.0,27.98,137500,5 years,OTHER,NC
LN000654,C,C1,small_business,36,19600.0,13.62,666.27,2022-06-07,2022-07-10,Current,11992.86,7795.36,4197.5,0.0,278.0,40.8,99400,< 1 year,RENT,WV
LN002138,A,A4,major_purchase,60,,5.07,672.96,2021-10-20,2021-11-18,Charged Off,13635.54,9544.88,4090.66,26055.12,690.0,30.73,214300,< 1 year,MORTGAGE,MI
LN002779,B,B2,vacation,60,,9.53,710.36,2022-09-14,2022-10-18,Charged Off,14773.09,10341.16,4431.93,23458.84,612.0,29.77,236400,2 years,RENT,MN
LN000559,D,D4,credit_card,36,3800.0,19.8,140.83,2023-05-07,2023-06-08,Current,3943.24,2563.11,1380.13,0.0,604.0,29.69,193300,2 years,MORTGAGE,TX
LN002188,B,B5,vacation,36,39800.0,9.82,1280.87,2023-04-07,2023-05-08,Fully Paid,45971.69,39800.0,6171.69,0.0,739.0,7.13,249500,9 years,RENT,OH
LN000113,C,C1,renewable_energy,36,,15.95,674.54,2022-07-02,2022-07-30,Current,16188.96,10522.82,5666.14,0.0,649.0,9.98,175700,4 years,OWN,NH
LN000532,C,C5,educational,36,18300.0,16.43,647.27,2023-01-03,2023-02-03,Fully Paid,23100.89,18300.0,4800.89,0.0,780.0,37.6,82300,8 years,OWN,KS
LN000225,B,B4,wedding,36,16400.0,9.63,526.34,2021-03-04,2021-04-03,Current,15790.2,10263.63,5526.57,0.0,782.0,30.57,224500,7 years,RENT,OK
LN000724,A,A1,renewable_energy,36,20700.0,5.56,625.62,2022-09-22,2022-10-21,Fully Paid,22805.2,20700.0,2105.2,0.0,774.0,26.11,153300,8 years,RENT,NJ
LN002904,C,C5,medical,36,11100.0,14.28,380.88,2023-07-14,2023-08-15,Default,3047.04,2132.93,914.11,0.0,807.0,34.62,119700,6 years,RENT,IN
LN003077,B,B5,vacation,60,20400.0,8.57,419.23,2022-06-04,2022-07-02,Fully Paid,25192.53,20400.0,4792.53,0.0,791.0,32.06,196200,1 year,RENT,VA
LN001434,E,E3,wedding,60,35300.0,25.27,1041.7,2022-11-19,2022-12-24,Charged Off,10269.55,7188.68,3080.86,28111.32,,41.43,176900,9 years,MORTGAGE,MI
LN002374,E,E5,wedding,60,,25.95,439.69,2022-12-02,2023-01-05,Fully Paid,26558.34,14700.0,11858.34,0.0,,25.77,74800,,OWN,FL
LN002788,B,B3,small_business,36,,8.63,1265.11,2021-12-14,2022-01-16,Fully Paid,45735.53,40000.0,5735.53,0.0,666.0,20.73,189200,2 years,RENT,TN
LN002869,A,A1,credit_card,36,36300.0,6.35,1110.08,2022-07-30,2022-08-31,Fully Paid,40636.24,36300.0,4336.24,0.0,644.0,6.85,70100,6 years,MORTGAGE,MS
LN001459,D,D5,vacation,36,20900.0,21.91,797.21,2023-04-05,2023-05-09,Fully Paid,28329.29,20900.0,7429.29,0.0,600.0,44.67,147200,9 years,RENT,AL
LN003237,B,B4,home_improvement,36,9600.0,9.33,306.75,2022-12-02,2023-01-05,Fully Paid,10900.95,9600.0,1300.95,0.0,685.0,6.75,30400,6 years,RENT,OH
LN000847,D,D5,medical,60,3500.0,18.87,90.54,2022-02-20,2022-03-27,Fully Paid,5527.03,3500.0,2027.03,0.0,650.0,34.87,101000,3 years,MORTGAGE,RI
LN000194,F,D4,debt_consolidation,36,24500.0,27.57,1007.72,2023-10-08,2023-11-07,Charged Off,1234.11,863.88,370.23,23636.12,689.0,13.09,79000,,RENT,LA
LN001465,A,A2,moving,60,4500.0,6.42,87.88,2021-05-17,2021-06-14,Charged Off,983.32,688.32,295.0,3811.68,684.0,7.15,84200,9 years,MORTGAGE,ME
LN000947,C,C2,major_purchase,60,13800.0,16.19,336.98,2023-11-20,2023-12-23,Charged Off,7532.86,5273.0,2259.86,8527.0,594.0,20.65,87700,10+ years,OWN,IA
LN002022,B,B1,home_improvement,36,,11.83,1007.25,2023-07-19,2023-08-23,Current,18130.5,11784.83,6345.67,0.0,168.0,41.96,202800,8 years,OWN,ON
LN002552,B,B4,renewable_energy,36,10400.0,10.99,340.43,2021-10-27,2021-11-30,Fully Paid,12397.13,10400.0,1997.13,0.0,774.0,31.81,241400,3 years,MORTGAGE,CA
LN001630,G,G3,medical,36,17300.0,34.78,780.43,2022-10-26,2022-11-30,Charged Off,3903.31,2732.32,1170.99,14567.68,697.0,9.92,57700,8 years,MORTGAGE,SD
LN000118,C,C4,major_purchase,60,13700.0,16.34,335.64,2022-12-01,2022-12-29,Current,11411.76,7417.64,3994.12,0.0,712.0,20.48,73200,3 years,RENT,NH
LN000646,E,E1,vacation,60,25900.0,22.76,726.57,2022-06-22,2022-07-20,Current,17437.68,11334.49,6103.19,0.0,656.0,19.16,27100,3 years,MORTGAGE,MT
LN001871,D,D1,medical,60,1600.0,19.5,41.95,2023-04-05,2023-05-09,Default,251.7,176.19,75.51,0.0,628.0,36.81,95300,1 year,RENT,VT
LN000004,B,B5,major_purchase,36,37000.0,8.74,1172.12,2021-09-02,2021-10-03,Current,9376.96,6095.02,3281.94,0.0,798.0,14.31,66300,4 years,OWN,MS
LN000075,D,D4,educational,36,21900.0,17.58,787.13,2022-12-19,2023-01-16,Late (31-120 days),3935.65,2754.95,1180.69,0.0,706.0,9.64,121100,10+ years,RENT,AB
LN001756,F,F3,renewable_energy,36,10000.0,31.1,430.56,2023-09-25,2023-10-29,Current,14208.48,9235.51,4972.97,0.0,799.0,44.62,27000,4 years,OTHER,MN
LN000468,C,C4,small_business,36,38600.0,13.75,1314.57,2023-01-30,2023-03-06,Fully Paid,47149.01,38600.0,8549.01,0.0,798.0,22.12,53500,10+ years,MORTGAGE,UT
LN000006,D,D2,renewable_energy,36,3800.0,18.15,137.67,2023-01-11,2023-02-08,Current,3854.76,2505.59,1349.17,0.0,648.0,7.65,153800,2 years,OWN,TN
LN001247,A,A4,renewable_energy,36,32100.0,6.04,977.13,2021-03-25,2021-04-22,Fully Paid,35784.41,32100.0,3684.41,0.0,688.0,11.41,101400,1 year,RENT,ID
LN000920,D,D1,medical,36,37400.0,-19.99,1389.73,2023-02-28,2023-04-03,Current,16676.76,10839.89,5836.87,0.0,763.0,18.61,169900,4 years,MORTGAGE,CT
LN002596,A,A4,debt_consolidation,36,,6.09,444.76,2023-07-30,2023-08-28,Current,9784.72,6360.07,3424.65,0.0,632.0,15.84,143900,10+ years,RENT,CT
LN000229,B,B4,home_improvement,60,26200.0,11.59,577.39,2021-06-22,2021-07-25,Charged Off,2771.59,1940.11,831.48,24259.89,702.0,36.55,117300,2 years,RENT,AZ
LN001064,D,D4,car,60,13000.0,20.97,351.47,2022-10-28,2022-11-29,Current,5623.52,3655.29,1968.23,0.0,641.0,23.45,88500,< 1 year,RENT,DE
LN002591,G,G2,wedding,60,10700.0,32.86,365.21,2023-03-02,2023-04-04,Current,16799.66,10919.78,5879.88,0.0,740.0,5.64,129400,< 1 year,MORTGAGE,KS
LN000243,F,F2,debt_consolidation,36,24300.0,27.7,1001.2,2022-07-26,2022-08-28,Current,20024.0,13015.6,7008.4,0.0,674.0,37.94,231800,4 years,MORTGAGE,UT
LN003173,E,E4,credit_card,36,12900.0,26.08,520.3,2023-07-01,2023-08-04,Fully Paid,18756.38,12900.0,5856.38,0.0,641.0,5.41,106000,1 year,MORTGAGE,FL
LN001161,C,C1,car,60,26400.0,13.44,606.64,2022-04-16,2022-05-20,Charged Off,13046.43,9132.5,3913.93,17267.5,800.0,36.7,174500,8 years,RENT,GA
LN003009,F,F4,moving,36,21500.0,28.51,895.25,2023-11-08,2023-12-06,Current,21486.0,13965.9,7520.1,0.0,693.0,22.96,191400,10+ years,RENT,RI
LN001497,F,F5,home_improvement,60,28000.0,29.57,898.51,2021-03-24,2021-04-27,Charged Off,16693.32,11685.32,5008.0,16314.68,683.0,15.39,32400,,RENT,CT
LN002564,B,B3,car,36,6300.0,8.66,199.34,2021-01-02,2021-01-31,Late (31-120 days),996.7,697.69,299.01,0.0,733.0,34.15,183200,,RENT,MO
LN001527,B,B5,medical,36,9900.0,11.79,327.83,2021-10-14,2021-11-17,Default,327.83,229.48,98.35,0.0,633.0,28.38,98300,2 years,MORTGAGE,WV
LN001606,B,B4,small_business,36,1000.0,11.23,32.85,2023-07-11,2023-08-15,Charged Off,294.16,205.91,88.25,794.09,716.0,21.64,77700,9 years,RENT,CA
LN003342,B,B4,wedding,60,27700.0,8.92,573.93,2021-07-02,2021-08-03,Fully Paid,34478.58,27700.0,6778.58,0.0,591.0,10.5,190600,9 years,OTHER,ID
LN001624,B,B4,small_business,60,14100.0,11.34,308.96,2021-11-22,2021-12-22,Fully Paid,18378.79,14100.0,4278.79,0.0,722.0,43.51,140300,7 years,MORTGAGE,IA
LN002786,E,E1,renewable_energy,36,27700.0,25.6,1110.16,2023-02-06,2023-03-10,Current,29974.32,19483.31,10491.01,0.0,648.0,42.89,195000,8 years,MORTGAGE,CA
LN003047,A,A4,debt_consolidation,36,6600.0,7.69,205.88,2021-03-31,2021-04-30,FULLY PAID,7455.06,6600.0,855.06,0.0,610.0,36.61,103400,1 year,OWN,NH
LN001990,A,A5,renewable_energy,36,21900.0,6.09,667.13,2023-08-03,2023-09-03,Late (31-120 days),4002.78,2801.95,1200.83,0.0,797.0,8.38,152500,3 years,RENT,OR
LN002863,C,C3,major_purchase,60,,14.68,571.66,2022-08-26,2022-09-23,Charged Off,9584.31,6709.02,2875.29,17490.98,792.0,27.96,135400,8 years,RENT,NE
LN002363,E,E1,car,60,34900.0,23.47,993.29,2023-01-11,2023-02-13,Current,44698.05,29053.73,15644.32,0.0,703.0,32.97,194800,4 years,RENT,SC
LN001976,F,F1,credit_card,60,35400.0,28.01,1102.42,2022-04-04,2022-05-05,Current,14331.46,9315.45,5016.01,0.0,599.0,15.55,93100,3 years,RENT,MO
LN001762,D,D3,medical,60,36800.0,21.56,1007.19,2023-01-29,2023-02-27,Current,34244.46,22258.9,11985.56,0.0,689.0,43.77,200300,3 years,RENT,TX
LN001306,B,B2,debt_consolidation,60,8200.0,10.1,174.63,2022-07-30,2022-09-01,Charged Off,760.6,532.42,228.18,7667.58,698.0,44.33,35100,7 years,RENT,NH
LN001542,B,B1,wedding,36,21200.0,10.06,684.66,2021-12-16,2022-01-16,Fully Paid,24521.94,21200.0,3321.94,0.0,764.0,21.03,198400,10+ years,RENT,MA
LN002473,A,A1,moving,36,15700.0,5.74,475.78,2023-02-17,2023-03-20,Fully Paid,16966.59,15700.0,1266.59,0.0,671.0,32.57,177200,,MORTGAGE,HI
LN000623,A,A5,vacation,60,12000.0,6.49,234.74,2021-07-30,2021-09-02,Fully Paid,14259.16,12000.0,2259.16,0.0,619.0,38.12,111200,10+ years,MORTGAGE,IA
LN002770,B,B5,medical,36,21200.0,10.99,693.96,2022-07-23,2022-08-27,Charged Off,6954.11,4867.88,2086.23,16332.12,656.0,12.05,31400,8 years,MORTGAGE,ME
LN001494,E,E2,small_business,36,38100.0,24.39,1502.58,2021-10-28,2021-12-01,Charged Off,21759.32,15231.52,6527.8,22868.48,618.0,8.48,202200,10+ years,MORTGAGE,WI
LN000111,B,B1,wedding,60,18000.0,8.97,373.39,2023-08-17,2023-09-19,Charged Off,8953.74,6267.62,2686.12,11732.38,624.0,38.22,215300,10+ years,OWN,ID
LN002276,B,B2,credit_card,60,15300.0,10.52,329.01,2023-11-26,2023-12-26,Default,329.01,230.31,98.7,0.0,724.0,39.86,133600,< 1 year,RENT,IN
LN002718,B,B5,medical,36,32900.0,11.17,1079.75,2021-12-19,2022-01-21,Fully Paid,38663.73,32900.0,5763.73,0.0,769.0,32.93,187600,< 1 year,MORTGAGE,MN
LN001170,D,D4,wedding,36,35400.0,17.62,1273.06,2021-11-26,2021-12-28,Late (31-120 days),3819.18,2673.43,1145.75,0.0,779.0,34.86,178400,3 years,RENT,ND
LN002942,C,C2,major_purchase,60,18600.0,12.64,419.79,2022-03-09,2022-04-12,Current,10494.75,6821.59,3673.16,0.0,689.0,29.52,242100,< 1 year,MORTGAGE,GA
LN000233,D,D1,vacation,60,16700.0,20.92,451.04,2022-10-13,2022-11-17,CHARGED OFF,6906.65,4834.65,2071.99,11865.35,603.0,30.67,183700,2 years,MORTGAGE,MS
LN000067,C,C3,debt_consolidation,36,3800.0,13.67,129.27,2021-09-08,2021-10-11,Charged Off,700.37,490.26,210.11,3309.74,685.0,27.64,98700,2 years,RENT,MO
LN003244,C,C5,credit_card,60,5100.0,15.15,121.73,2023-04-18,2023-05-16,Fully Paid,7438.2,5100.0,2338.2,0.0,722.0,24.53,110100,< 1 year,MORTGAGE,PA
LN002073,G,G4,vacation,36,29700.0,33.51,1318.58,2023-09-28,2023-10-30,Charged Off,9926.35,6948.44,2977.91,22751.56,699.0,5.48,125900,4 years,RENT,AR
LN002193,F,F5,renewable_energy,60,9300.0,30.6,304.32,2023-12-02,2023-12-31,Fully Paid,18122.87,9300.0,8822.87,0.0,803.0,7.68,100700,1 year,MORTGAGE,MS
LN000537,C,C3,small_business,36,38800.0,14.46,1334.78,2021-07-03,2021-08-01,Charged Off,3381.83,2367.28,1014.55,36432.72,591.0,21.7,151800,6 years,MORTGAGE,MO
LN000126,B,B4,credit_card,60,9000.0,10.04,191.4,2021-12-21,2022-01-25,Charged Off,2133.95,1493.76,640.18,7506.24,616.0,17.5,155700,8 years,MORTGAGE,MT
LN002134,D,D1,home_improvement,36,8600.0,21.53,326.35,2021-06-12,2021-07-13,Current,1305.4,848.51,456.89,0.0,673.0,20.45,141000,4 years,MORTGAGE,KS
LN001255,B,B5,wedding,60,38400.0,-11.92,852.64,2023-09-08,2023-10-07,Charged Off,20952.72,14666.9,6285.82,23733.1,681.0,35.57,124400,7 years,MORTGAGE,ON
LN002970,B,B1,vacation,36,,10.91,166.75,2023-10-05,2023-09-29,Fully Paid,6113.82,5100.0,1013.82,0.0,761.0,34.7,27400,< 1 year,OWN,NM
LN001977,A,A1,wedding,36,33800.0,6.64,1038.09,2023-04-19,2023-05-19,Current,22837.98,14844.69,7993.29,0.0,680.0,44.07,155400,5 years,RENT,SD
LN002943,B,B4,renewable_energy,36,27800.0,8.72,880.41,2021-04-21,2021-05-22,Current,19369.02,12589.86,6779.16,0.0,791.0,34.48,32500,1 year,MORTGAGE,NM
LN002848,B,B5,moving,60,30700.0,10.72,663.21,2022-09-20,2022-10-22,Current,24538.77,15950.2,8588.57,0.0,,30.61,212500,8 years,MORTGAGE,GA
LN002076,A,A3,major_purchase,60,22600.0,6.34,440.5,2022-09-08,2022-10-09,Fully Paid,26605.05,22600.0,4005.05,0.0,712.0,17.12,191700,10+ years,MORTGAGE,MS
LN000485,C,C1,medical,36,7900.0,12.62,264.74,2023-07-23,2023-08-24,Current,3706.36,2409.13,1297.23,0.0,744.0,39.1,224000,9 years,RENT,CO
LN001655,E,E3,renewable_energy,36,4600.0,24.37,181.37,2022-07-18,2022-08-20,Fully Paid,6426.55,4600.0,1826.55,0.0,624.0,40.67,148900,3 years,MORTGAGE,PA
LN003207,C,C3,vacation,36,12500.0,15.72,437.74,2023-04-20,2023-05-21,Fully Paid,15734.16,12500.0,3234.16,0.0,766.0,17.81,139400,8 years,MORTGAGE,CO
LN002719,A,A5,moving,60,13100.0,5.87,252.47,2022-04-01,2022-04-29,Fully Paid,14999.12,13100.0,1899.12,0.0,787.0,29.1,149700,5 years,RENT,WA
LN002878,F,F1,credit_card,60,24100.0,28.35,755.47,2023-09-26,2023-10-27,Current,33996.15,22097.5,11898.65,0.0,713.0,30.26,60900,5 years,RENT,KS
LN001775,D,D1,small_business,60,26200.0,20.62,703.21,2023-10-19,2023-11-23,Current,7735.31,5027.95,2707.36,0.0,675.0,9.65,237800,3 years,MORTGAGE,NJ
LN002411,C,C5,car,60,,13.26,695.75,2022-07-13,2022-08-15,Fully Paid,40972.84,30400.0,10572.84,0.0,740.0,8.05,220900,6 years,RENT,TN
LN000919,B,B4,major_purchase,60,9600.0,9.63,202.23,2023-01-12,2023-02-10,Fully Paid,12041.84,9600.0,2441.84,0.0,709.0,33.01,146300,8 years,OWN,MT
LN001647,D,D5,renewable_energy,36,6300.0,18.65,229.82,2021-09-29,2021-10-31,Charged Off,1491.14,1043.8,447.34,5256.2,644.0,5.65,54900,2 years,OWN,WV
LN001027,D,D3,educational,36,17400.0,18.02,629.23,2021-01-04,2021-02-08,Charged Off,2529.59,1770.71,758.88,15629.29,765.0,33.91,144300,7 years,RENT,SD
LN001031,C,C3,home_improvement,60,,15.25,932.93,2021-10-02,2021-11-02,Fully Paid,56334.71,39000.0,17334.71,0.0,595.0,5.39,163200,10+ years,MORTGAGE,ME
LN000883,B,B4,debt_consolidation,60,4000.0,11.7,88.37,2021-01-11,2021-02-13,Fully Paid,5288.88,4000.0,1288.88,0.0,588.0,43.39,158900,9 years,OWN,OR
LN001336,A,A3,home_improvement,36,34900.0,7.54,1086.25,2021-09-17,2021-10-18,Fully Paid,38364.3,34900.0,3464.3,0.0,657.0,14.07,75500,8 years,RENT,MT
LN002666,A,A3,moving,60,22900.0,6.6,449.14,2021-03-05,2021-04-02,Current,10779.36,7006.58,3772.78,0.0,634.0,44.24,80900,10+ years,MORTGAGE,NV
LN000365,C,C5,renewable_energy,60,22300.0,13.46,512.66,2022-02-26,2022-03-28,Charged Off,4946.37,3462.46,1483.91,18837.54,734.0,18.17,247000,1 year,MORTGAGE,PA
LN002126,G,G3,moving,60,24000.0,34.03,836.92,2023-12-06,2024-01-06,Late (31-120 days),6695.36,4686.75,2008.61,0.0,664.0,21.67,54500,4 years,OWN,IN
LN000028,A,A3,debt_consolidation,36,23200.0,6.04,706.21,2021-04-16,2021-05-19,Charged Off,13718.85,9603.19,4115.65,13596.81,609.0,20.41,102800,3 years,MORTGAGE,AL
LN000474,C,C1,debt_consolidation,36,34700.0,15.94,1218.92,2021-08-15,2021-09-16,Late (31-120 days),3656.76,2559.73,1097.03,0.0,705.0,22.23,152900,8 years,OWN,DE
LN000526,B,B4,major_purchase,60,13500.0,9.03,280.43,2023-04-06,2023-05-10,Current,3084.73,2005.07,1079.66,0.0,785.0,22.15,192600,10+ years,MORTGAGE,ND
LN000726,D,D5,renewable_energy,36,24600.0,21.38,931.61,2023-12-30,2024-01-28,Fully Paid,34066.65,24600.0,9466.65,0.0,627.0,15.67,220000,7 years,OWN,KY
LN000056,G,G5,wedding,60,35400.0,35.29,1262.94,2022-10-29,2022-11-26,Current,17681.16,11492.75,6188.41,0.0,700.0,25.76,206100,10+ years,RENT,PA
LN000639,B,B4,home_improvement,36,38900.0,10.87,1271.14,2022-08-08,2022-09-11,Charged Off,4674.41,3272.09,1402.32,35627.91,582.0,32.47,88600,7 years,RENT,OR
LN000303,D,D3,credit_card,36,32000.0,21.96,1221.43,2023-07-03,2023-08-07,Fully Paid,44552.54,32000.0,12552.54,0.0,733.0,10.71,99400,,OWN,HI
LN003126,C,C2,home_improvement,60,26900.0,14.28,629.83,2022-03-26,2022-04-24,Current,31491.5,20469.48,11022.02,0.0,690.0,6.34,170000,9 years,MORTGAGE,PA
LN001277,D,D4,major_purchase,36,,19.25,176.56,2022-01-06,2022-02-07,Current,4590.56,2983.86,1606.7,0.0,648.0,41.65,68100,9 years,RENT,ME
LN003410,E,E1,educational,36,7500.0,26.8,305.38,2023-07-03,2023-08-05,Late (31-120 days),3664.56,2565.19,1099.37,0.0,637.0,14.42,81600,2 years,MORTGAGE,MD
LN000625,A,A3,small_business,60,10900.0,7.1,216.35,2022-08-10,2022-09-13,Fully Paid,12889.31,10900.0,1989.31,0.0,782.0,28.22,47100,10+ years,MORTGAGE,NJ
LN002056,A,A3,medical,36,35300.0,5.18,1060.83,2022-06-08,2022-07-06,Charged Off,7415.73,5191.01,2224.72,30108.99,660.0,11.3,150800,6 years,RENT,AK
LN001281,F,F3,debt_consolidation,36,4000.0,30.65,171.23,2021-03-14,2021-04-11,Fully Paid,6182.62,4000.0,2182.62,0.0,580.0,29.42,214900,10+ years,RENT,TX
LN001050,A,A1,home_improvement,60,29700.0,5.81,571.56,2021-02-17,2021-03-17,Charged Off,11787.07,8250.95,3536.12,21449.05,247.0,5.97,190200,3 years,MORTGAGE,MN
LN000337,B,B3,vacation,60,24700.0,10.94,536.3,2021-09-01,2021-09-29,Fully Paid,32620.19,24700.0,7920.19,0.0,617.0,7.24,185700,< 1 year,OWN,IL
LN000048,D,D3,credit_card,60,40000.0,20.45,1069.8,2021-11-01,2021-12-02,Fully Paid,64147.43,40000.0,24147.43,0.0,765.0,28.58,239800,6 years,OTHER,IL
LN000107,B,B3,credit_card,60,34200.0,9.67,721.11,2021-05-03,2021-06-02,Fully Paid,42897.76,34200.0,8697.76,0.0,792.0,23.9,81800,8 years,OWN,SC
LN002398,C,C1,major_purchase,60,,16.31,641.46,2022-01-16,2022-02-16,Default,6414.6,4490.22,1924.38,0.0,641.0,6.22,53300,10+ years,MORTGAGE,WA
LN001080,C,C1,educational,36,34600.0,16.24,1220.54,2021-08-24,2021-09-28,Charged Off,10442.95,7310.06,3132.89,27289.94,662.0,30.7,106500,10+ years,RENT,IL
LN002287,D,D5,major_purchase,36,5900.0,18.95,216.12,2022-10-10,2022-11-11,Charged Off,1996.8,1397.76,599.04,4502.24,741.0,21.03,217200,10+ years,MORTGAGE,MO
LN002262,D,D5,medical,36,22200.0,18.46,807.72,2021-12-30,2022-02-01,Current,7269.48,4725.16,2544.32,0.0,583.0,16.42,226000,9 years,MORTGAGE,NE
LN001145,F,F4,renewable_energy,36,8200.0,31.11,353.11,2022-02-09,2022-03-15,Fully Paid,12737.0,8200.0,4537.0,0.0,797.0,36.36,191300,6 years,RENT,UT
LN002857,A,A3,vacation,60,30700.0,6.49,600.54,2023-08-25,2023-09-22,Fully Paid,36333.77,30700.0,5633.77,0.0,806.0,25.94,40200,6 years,MORTGAGE,TN
LN002297,B,B4,moving,60,39600.0,11.32,867.33,2023-06-15,2023-07-16,Current,22550.58,14657.88,7892.7,0.0,709.0,23.94,140600,9 years,MORTGAGE,FL
LN001837,D,D4,educational,36,22300.0,17.68,802.62,2021-01-11,2021-02-10,Charged Off,2435.37,1704.76,730.61,20595.24,696.0,12.99,206100,3 years,RENT,FL
LN001754,B,B2,medical,60,17400.0,-10.74,376.07,2021-12-10,2022-01-09,Charged Off,3036.26,2125.38,910.88,15274.62,651.0,5.81,82200,6 years,RENT,VT
LN001102,G,G5,vacation,60,5700.0,33.36,196.35,2021-05-14,2021-06-14,Current,1570.8,1021.02,549.78,0.0,786.0,15.01,244900,,MORTGAGE,KS
LN001969,F,F4,wedding,60,14800.0,29.8,477.01,2021-09-28,2021-11-02,Charged Off,6443.93,4510.75,1933.18,10289.25,625.0,42.77,153000,3 years,RENT,VA
LN002785,B,B5,major_purchase,60,19500.0,9.64,410.87,2023-05-27,2023-07-01,Current,24241.33,15756.86,8484.47,0.0,677.0,24.58,156100,8 years,OWN,OK
LN003289,A,A3,car,36,,5.5,274.78,2022-05-30,2022-06-29,Late (31-120 days),1099.12,769.38,329.74,0.0,630.0,25.88,58800,2 years,MORTGAGE,MA
LN000524,E,E1,moving,36,6300.0,23.25,244.69,2023-05-05,2023-06-03,Current,6361.94,4135.26,2226.68,0.0,620.0,34.13,205800,8 years,OWN,CT
LN002281,D,D1,debt_consolidation,60,37000.0,18.93,958.38,2021-09-23,2021-10-22,Charged Off,10082.82,7057.97,3024.85,29942.03,720.0,6.94,143000,,RENT,CO
LN002693,E,E3,debt_consolidation,36,9800.0,-26.33,396.57,2022-09-23,2022-10-27,Late (31-120 days),2379.42,1665.59,713.83,0.0,678.0,16.69,111100,3 years,RENT,UT
LN001429,E,E4,home_improvement,36,4200.0,23.91,164.58,2021-10-05,2021-11-03,Charged Off,916.24,641.37,274.87,3558.63,663.0,38.27,112100,10+ years,MORTGAGE,NM
LN002582,B,B3,debt_consolidation,36,27100.0,9.31,865.69,2023-04-27,2023-05-30,Current,2597.07,1688.1,908.97,0.0,601.0,24.9,91900,5 years,OWN,RI
LN003125,A,A1,major_purchase,36,17400.0,7.05,537.66,2022-01-12,2022-02-10,Late (31-120 days),2688.3,1881.81,806.49,0.0,978.0,229.88,151200,2 years,MORTGAGE,MT
LN000604,A,A1,credit_card,36,29900.0,5.49,902.72,2023-04-10,2023-05-14,Default,10832.64,7582.85,3249.79,0.0,669.0,25.38,225100,7 years,RENT,AR
LN001490,B,B3,moving,60,5200.0,10.22,111.05,2021-02-16,2021-03-22,Charged Off,726.7,508.69,218.01,4691.31,661.0,35.27,76600,9 years,MORTGAGE,ID
LN002811,A,A2,small_business,36,10400.0,5.87,315.78,2021-04-10,2021-05-10,Current,10420.74,6773.48,3647.26,0.0,606.0,44.23,102100,6 years,RENT,AR
LN002921,C,C1,medical,36,36600.0,14.38,1257.67,2021-04-09,2021-05-12,Current,10061.36,6539.88,3521.48,0.0,709.0,9.48,68700,9 years,RENT,ID
LN000061,G,G2,vacation,36,20600.0,32.76,905.93,2023-12-19,2024-01-18,Current,18118.6,11777.09,6341.51,0.0,777.0,36.6,194900,3 years,MORTGAGE,LA
LN003296,D,D3,home_improvement,60,6000.0,18.34,153.47,2023-08-08,2023-09-08,Current,6752.68,4389.24,2363.44,0.0,677.0,39.78,41900,6 years,MORTGAGE,OR
LN000672,B,B4,renewable_energy,36,14500.0,-11.34,477.05,2023-07-31,2023-08-29,Current,5724.6,3720.99,2003.61,0.0,779.0,31.23,156100,1 year,OWN,NM
LN000093,C,C1,medical,36,,14.6,741.1,2023-05-17,2023-06-20,Current,17786.4,11561.16,6225.24,0.0,636.0,18.32,93800,< 1 year,MORTGAGE,ND
LN000667,A,A4,debt_consolidation,36,1600.0,7.29,49.62,2023-05-16,2023-06-13,Fully Paid,1805.62,1600.0,205.62,0.0,648.0,10.71,30500,9 years,RENT,CT
LN001888,B,B4,car,60,27200.0,11.11,592.89,2021-11-19,2021-12-21,Fully Paid,35148.76,27200.0,7948.76,0.0,656.0,31.98,245600,6 years,MORTGAGE,KY
LN000281,A,A2,small_business,36,35900.0,5.22,1079.5,2023-02-25,2023-03-27,Current,10795.0,7016.75,3778.25,0.0,676.0,6.63,139300,6 years,RENT,PA
LN001720,C,C2,major_purchase,60,8300.0,15.49,199.6,2023-03-05,2023-04-04,Fully Paid,12073.02,8300.0,3773.02,0.0,668.0,35.03,109000,10+ years,RENT,CT
LN000360,B,B4,debt_consolidation,36,38800.0,10.38,1258.9,2022-04-21,2022-05-22,Charged Off,17952.58,12566.81,5385.77,26233.19,720.0,24.32,82800,7 years,MORTGAGE,MO
LN000900,D,D4,renewable_energy,36,11100.0,21.9,423.34,2022-09-21,2022-10-19,Fully Paid,14956.23,11100.0,3856.23,0.0,,14.51,187500,3 years,MORTGAGE,NM
LN001936,G,G3,debt_consolidation,60,2100.0,33.03,71.9,2023-12-24,2024-01-22,Current,3523.1,2290.01,1233.08,0.0,729.0,25.2,203400,4 years,MORTGAGE,IN
LN001995,E,E4,debt_consolidation,36,15300.0,23.51,596.33,2023-03-12,2023-04-14,Late (31-120 days),6559.63,4591.74,1967.89,0.0,795.0,33.58,211300,7 years,MORTGAGE,IA
LN002769,D,D1,home_improvement,60,34700.0,21.02,939.14,2023-09-09,2023-10-12,Fully Paid,55446.39,34700.0,20746.39,0.0,816.0,16.28,151500,4 years,RENT,VA
LN000761,F,F1,major_purchase,60,22300.0,29.89,719.97,2023-04-08,2023-05-07,Late (31-120 days),5759.76,4031.83,1727.93,0.0,613.0,15.82,42000,1 year,OWN,IA
LN002159,B,B1,major_purchase,36,32500.0,11.03,1064.47,2022-09-12,2022-10-11,Fully Paid,38456.16,32500.0,5956.16,0.0,588.0,25.62,111600,10+ years,MORTGAGE,NC
LN003142,B,B5,debt_consolidation,36,30400.0,9.48,973.52,2021-01-23,2021-02-27,fully paid,34464.46,30400.0,4064.46,0.0,760.0,44.34,86600,6 years,OTHER,KY
LN000043,E,E5,debt_consolidation,36,22900.0,25.48,916.32,2021-09-07,2021-10-06,Charged Off,5442.81,3809.97,1632.84,19090.03,797.0,21.8,225700,1 year,MORTGAGE,SD
LN002174,B,B3,educational,60,18700.0,10.68,403.61,2023-10-14,2023-11-16,Charged Off,4809.45,3366.61,1442.83,15333.39,670.0,22.32,146400,< 1 year,MORTGAGE,HI
LN000205,B,B3,home_improvement,60,14700.0,11.07,320.13,2022-06-16,2022-07-15,Current,1280.52,832.34,448.18,0.0,665.0,37.28,136400,5 years,RENT,OR
LN001474,B,B4,home_improvement,36,1400.0,9.09,44.58,2023-10-09,2023-11-08,Fully Paid,1619.44,1400.0,219.44,0.0,755.0,42.55,85700,10+ years,RENT,MI
LN002101,G,G5,home_improvement,36,12400.0,35.85,566.91,2022-08-17,2022-09-16,Current,2834.55,1842.46,992.09,0.0,807.0,23.87,238600,5 years,RENT,SD
LN002594,B,B2,medical,60,1100.0,11.79,24.35,2022-03-27,2022-04-26,Fully Paid,1437.88,1100.0,337.88,0.0,688.0,12.78,135600,9 years,RENT,VT
LN000069,F,F5,small_business,60,22700.0,30.26,738.05,2021-12-12,2022-01-16,CURRENT,11070.75,7195.99,3874.76,0.0,678.0,39.13,68600,2 years,MORTGAGE,OR
LN001876,C,C3,major_purchase,36,11600.0,15.39,404.34,2022-12-17,2023-01-18,Fully Paid,14319.74,11600.0,2719.74,0.0,679.0,13.71,46500,6 years,RENT,WY
LN003417,A,A5,credit_card,36,27900.0,5.51,842.59,2021-10-07,2021-11-11,Current,14324.03,9310.62,5013.41,0.0,655.0,37.95,214900,3 years,OWN,ND
LN002232,B,B4,small_business,36,37400.0,10.77,1220.36,2022-01-23,2022-02-21,Default,10983.24,7688.27,3294.97,0.0,641.0,7.41,212300,4 years,RENT,WA
LN000138,D,D2,medical,60,14800.0,21.67,405.99,2023-04-13,2023-05-15,Fully Paid,24472.11,14800.0,9672.11,0.0,730.0,193.43,45700,7 years,OWN,SD
LN000797,E,E4,vacation,36,34900.0,24.41,1376.75,2022-03-30,2022-04-29,Charged Off,7866.4,5506.48,2359.92,29393.52,609.0,18.9,188000,8 years,MORTGAGE,NM
LN002181,A,A2,vacation,36,37500.0,7.3,1163.04,2021-03-26,2021-04-23,Fully Paid,41388.72,37500.0,3888.72,0.0,715.0,19.26,217400,2 years,MORTGAGE,WY
LN002129,B,B2,medical,36,31000.0,10.61,1009.18,2023-01-08,2023-02-07,Default,6055.08,4238.56,1816.52,0.0,754.0,35.63,101700,2 years,MORTGAGE,FL
LN000759,A,A5,medical,60,,6.5,630.03,2021-07-25,2021-08-28,Current,23311.11,15152.22,8158.89,0.0,758.0,40.67,217900,10+ years,OTHER,TN
LN000542,B,B3,credit_card,36,6000.0,10.4,194.73,2023-11-22,2023-12-24,Fully Paid,6941.73,6000.0,941.73,0.0,602.0,11.17,191800,7 years,RENT,MA
LN001020,A,A4,moving,60,28700.0,7.58,576.18,2023-04-18,2023-05-17,Fully Paid,34054.94,28700.0,5354.94,0.0,710.0,10.82,52800,5 years,OTHER,CA
LN002744,B,B5,wedding,60,36700.0,10.41,787.19,2023-04-26,2023-05-30,Current,18105.37,11768.49,6336.88,0.0,723.0,20.89,86600,10+ years,RENT,NV
LN000166,F,F5,wedding,60,10100.0,31.22,334.38,2021-03-19,2021-04-21,Fully Paid,19827.79,10100.0,9727.79,0.0,616.0,35.09,188100,10+ years,RENT,OR
LN000249,A,A4,small_business,36,22400.0,6.21,683.58,2023-01-05,2023-02-02,Charged Off,13375.37,9362.76,4012.61,13037.24,,139.35,116000,7 years,MORTGAGE,NM
LN001332,F,F1,major_purchase,60,23800.0,27.87,739.17,2021-07-01,2021-08-02,Fully Paid,43834.17,23800.0,20034.17,0.0,788.0,43.78,139400,8 years,RENT,NC
LN002018,D,D1,wedding,36,4700.0,19.86,174.33,2021-06-13,2021-07-11,Fully Paid,6291.53,4700.0,1591.53,0.0,,33.95,169500,1 year,RENT,GA
LN000447,C,C3,wedding,36,16600.0,13.19,560.84,2023-02-26,2023-03-30,Fully Paid,20086.79,16600.0,3486.79,0.0,653.0,35.79,44300,1 year,RENT,HI
LN002483,C,C3,wedding,36,,14.21,569.04,2021-12-21,2022-01-18,Fully Paid,20082.87,16600.0,3482.87,0.0,725.0,26.28,234300,10+ years,RENT,OH
LN001359,A,A5,home_improvement,36,35500.0,5.62,1073.88,2023-08-15,2023-09-16,Fully Paid,38007.67,35500.0,2507.67,0.0,660.0,29.56,239800,7 years,MORTGAGE,OR
LN002146,E,E1,car,36,32400.0,24.81,1284.96,2023-07-17,2023-08-21,Default,3854.88,2698.42,1156.46,0.0,719.0,17.25,188300,5 years,MORTGAGE,FL
LN001330,A,A3,renewable_energy,36,,5.74,333.35,2023-04-24,2023-05-24,Late (31-120 days),666.7,466.69,200.01,0.0,657.0,36.07,151500,2 years,MORTGAGE,NH
LN003490,E,E4,wedding,60,,26.02,395.37,2022-09-03,2022-10-07,Fully Paid,23873.41,13200.0,10673.41,0.0,811.0,7.78,102500,3 years,MORTGAGE,NH
LN002151,D,D4,vacation,60,6200.0,18.84,160.29,2022-02-19,2022-03-19,Charged Off,2522.63,1765.84,756.79,4434.16,765.0,42.96,218000,9 years,RENT,IA
LN000435,D,D3,small_business,36,7500.0,17.16,267.99,2022-07-21,2022-08-18,Fully Paid,9497.56,7500.0,1997.56,0.0,699.0,23.34,95100,8 years,RENT,ME
LN002123,D,D5,educational,60,16200.0,20.91,437.44,2021-01-13,2021-02-15,Charged Off,8834.84,6184.39,2650.45,10015.61,748.0,15.11,151800,3 years,MORTGAGE,AZ
LN000578,A,A2,wedding,60,16600.0,-7.83,335.24,2022-06-13,2022-07-11,Charged Off,6845.28,4791.7,2053.58,11808.3,670.0,18.59,196600,4 years,MORTGAGE,WI
LN002862,D,D3,small_business,36,16100.0,19.96,598.01,2022-03-27,2022-04-27,Charged Off,9223.67,6456.57,2767.1,9643.43,808.0,16.83,175600,3 years,MORTGAGE,NC
LN003288,A,A2,wedding,36,,7.43,540.69,2023-07-21,2023-08-25,Current,17302.08,11246.35,6055.73,0.0,630.0,26.76,99600,7 years,RENT,NC
LN002449,E,E4,debt_consolidation,60,11100.0,26.48,335.5,2021-05-05,2021-06-04,Fully Paid,20392.12,11100.0,9292.12,0.0,608.0,10.6,57800,5 years,MORTGAGE,ND
LN001849,A,A4,educational,60,,6.68,263.32,2021-05-04,2021-06-01,Late (31-120 days),3159.84,2211.89,947.95,0.0,820.0,17.39,166800,10+ years,RENT,MA
LN000763,C,C4,car,60,23000.0,-15.31,550.92,2023-04-12,2023-05-12,Fully Paid,32550.11,23000.0,9550.11,0.0,737.0,44.3,175600,4 years,RENT,AR
LN000389,F,F2,medical,36,,30.43,1097.07,2023-10-26,2023-11-27,Current,13164.84,8557.15,4607.69,0.0,776.0,39.87,236400,7 years,RENT,WA
LN000236,A,A5,moving,60,35600.0,7.95,720.99,2021-05-12,2021-06-11,Fully Paid,43704.43,35600.0,8104.43,0.0,624.0,42.96,93400,10+ years,MORTGAGE,FL
LN003123,B,B3,medical,36,36400.0,11.74,1204.49,2021-11-09,2021-12-12,Current,31316.74,20355.88,10960.86,0.0,685.0,24.81,153800,6 years,OWN,HI
LN001985,D,D4,small_business,36,32300.0,17.42,1158.35,2021-02-23,2021-03-23,Fully Paid,42378.16,32300.0,10078.16,0.0,772.0,14.23,33300,4 years,MORTGAGE,OR
LN000268,E,E1,vacation,36,17900.0,26.87,729.52,2023-12-17,2024-01-14,Charged Off,6314.63,4420.24,1894.39,13479.76,676.0,21.13,121200,< 1 year,OWN,OR
LN000771,E,E1,credit_card,36,37900.0,26.7,1541.18,2022-10-29,2022-11-30,Current,49317.76,32056.54,17261.22,0.0,688.0,27.9,237500,3 years,MORTGAGE,NJ
LN002166,D,D3,renewable_energy,36,10200.0,17.4,365.69,2023-08-29,2023-10-02,Fully Paid,12997.99,10200.0,2797.99,0.0,666.0,26.41,136100,3 years,RENT,ID
LN000438,A,A5,car,36,36600.0,7.46,1137.82,2023-07-18,2023-08-22,Charged Off,3502.63,2451.84,1050.79,34148.16,772.0,5.5,191500,10+ years,RENT,ME
LN000674,D,D3,home_improvement,60,34400.0,21.61,942.48,2021-12-01,2021-11-22,Fully Paid,56542.25,34400.0,22142.25,0.0,716.0,24.7,244600,9 years,RENT,PA
LN000250,F,F3,moving,36,9700.0,30.86,416.36,2021-11-25,2021-12-25,Fully Paid,14971.44,9700.0,5271.44,0.0,,15.35,99900,10+ years,MORTGAGE,TN
LN002202,C,C5,debt_consolidation,36,4500.0,15.18,156.39,2021-02-02,2021-03-05,Fully Paid,5734.58,4500.0,1234.58,0.0,766.0,37.67,109700,1 year,MORTGAGE,IA
LN001575,E,E4,home_improvement,36,35600.0,26.53,1444.42,2022-01-12,2022-02-09,Charged Off,20253.84,14177.69,6076.15,21422.31,728.0,28.25,233400,,RENT,OR
LN002143,D,D1,credit_card,60,,19.11,247.01,2023-12-20,2024-01-17,Late (31-120 days),1235.05,864.53,370.51,0.0,125.0,33.15,174700,5 years,RENT,WV
LN002082,A,A2,major_purchase,36,7400.0,5.36,222.98,2022-04-02,2022-05-01,Fully Paid,7975.58,7400.0,575.58,0.0,680.0,32.9,101900,10+ years,RENT,KY
LN003137,D,D2,major_purchase,60,28300.0,18.25,722.49,2021-12-29,2022-01-28,Fully Paid,43171.71,28300.0,14871.71,0.0,596.0,21.32,122600,2 years,RENT,WA
LN003075,C,C3,educational,36,17600.0,15.38,613.39,2022-08-09,2022-09-06,Default,3066.95,2146.86,920.08,0.0,780.0,25.74,144800,< 1 year,MORTGAGE,OH
LN003286,B,B5,wedding,60,24400.0,10.53,524.81,2021-10-13,2021-11-15,Fully Paid,30945.88,24400.0,6545.88,0.0,650.0,5.14,102500,< 1 year,OWN,RI
LN000449,D,D3,major_purchase,36,23900.0,19.7,884.56,2023-06-28,2023-06-23,Charged Off,2791.99,1954.39,837.6,21945.61,586.0,21.18,229500,8 years,MORTGAGE,MA
LN001470,G,G3,educational,60,28400.0,35.54,1017.76,2022-02-27,2022-03-31,Charged Off,8104.73,5673.31,2431.42,22726.69,804.0,41.33,235400,7 years,RENT,NJ
LN000717,A,A4,home_improvement,60,31200.0,6.15,605.36,2021-02-13,2021-03-13,Fully Paid,36530.33,31200.0,5330.33,0.0,799.0,28.03,26900,10+ years,RENT,MT
LN003106,D,D2,renewable_energy,60,27300.0,20.14,725.41,2022-03-11,2022-04-12,Default,8704.92,6093.44,2611.48,0.0,734.0,31.95,166600,4 years,MORTGAGE,SD
LN003133,A,A5,home_improvement,36,24900.0,5.62,753.23,2022-10-28,2022-12-01,Fully Paid,27592.82,24900.0,2692.82,0.0,719.0,23.3,202700,10+ years,RENT,OR
LN002049,B,B4,moving,60,30900.0,10.7,667.23,2021-12-31,2022-02-02,Fully Paid,39641.95,30900.0,8741.95,0.0,652.0,29.3,108700,4 years,MORTGAGE,KY
LN001902,B,B5,renewable_energy,36,39800.0,9.53,1275.47,2023-04-06,2023-05-09,Fully Paid,46593.23,39800.0,6793.23,0.0,761.0,24.59,168400,5 years,MORTGAGE,AR
LN002988,A,A1,educational,60,1100.0,6.48,21.51,2021-03-16,2021-04-13,Default,258.12,180.68,77.44,0.0,675.0,228.53,200200,6 years,MORTGAGE,IN
LN001169,C,C5,debt_consolidation,36,10500.0,15.23,365.17,2021-01-09,2021-02-09,Fully Paid,13248.92,10500.0,2748.92,0.0,806.0,6.2,172600,8 years,RENT,WA
LN000083,D,D5,educational,60,23000.0,19.26,599.93,2022-10-02,2022-11-02,Fully Paid,36467.23,23000.0,13467.23,0.0,682.0,21.64,63900,3 years,RENT,KY
LN002899,A,A2,credit_card,36,,5.31,189.69,2021-08-29,2021-09-27,Fully Paid,6748.94,6300.0,448.94,0.0,607.0,6.18,159400,2 years,MORTGAGE,UT
LN002725,B,B4,educational,36,4400.0,10.44,142.89,2023-09-14,2023-10-14,Current,1428.9,928.79,500.12,0.0,622.0,38.98,243700,5 years,MORTGAGE,HI
LN001461,C,C4,educational,60,3800.0,16.24,92.89,2022-01-26,2022-02-25,Current,464.45,301.89,162.56,0.0,732.0,18.41,121800,4 years,MORTGAGE,WA
LN001894,C,C5,moving,60,14200.0,14.33,332.84,2022-10-25,2022-11-28,Current,10650.88,6923.07,3727.81,0.0,759.0,39.13,34100,10+ years,MORTGAGE,NV
LN001669,A,A2,home_improvement,36,35700.0,7.48,1110.16,2022-08-11,2022-09-08,Fully Paid,40465.41,35700.0,4765.41,0.0,775.0,44.14,154500,9 years,MORTGAGE,VA
LN002757,D,D4,small_business,60,21300.0,18.35,544.94,2022-12-21,2022-12-20,Charged Off,2753.93,1927.75,826.18,19372.25,,33.26,157200,2 years,MORTGAGE,WY
LN002001,A,A4,car,60,38300.0,6.79,754.6,2021-06-06,2021-07-10,Fully Paid,45311.14,38300.0,7011.14,0.0,818.0,21.39,249400,5 years,MORTGAGE,NH
LN000476,B,B3,major_purchase,36,31200.0,8.66,987.22,2023-09-17,2023-10-20,Fully Paid,35884.03,31200.0,4684.03,0.0,586.0,35.61,164700,4 years,OWN,MN
LN000518,G,G1,vacation,36,27200.0,34.36,1220.59,2021-03-31,2021-05-05,Fully Paid,43169.11,27200.0,15969.11,0.0,584.0,21.88,154300,6 years,RENT,TN
LN000405,D,D5,vacation,60,,20.56,351.16,2023-05-21,2023-06-22,Fully Paid,21108.51,13100.0,8008.51,0.0,673.0,6.34,40500,6 years,MORTGAGE,DE
LN000385,F,F4,vacation,60,34000.0,28.04,1059.44,2022-03-17,2022-04-16,Current,61447.52,39940.89,21506.63,0.0,717.0,40.84,214400,9 years,OWN,WV
LN003211,E,E2,debt_consolidation,36,18800.0,24.78,745.3,2022-10-20,2022-11-18,Charged Off,10843.99,7590.79,3253.2,11209.21,679.0,43.27,126600,10+ years,OWN,AR
LN002153,F,F5,debt_consolidation,36,,27.7,1030.04,2021-03-03,2021-04-01,Charged Off,11382.5,7967.75,3414.75,17032.25,587.0,34.06,29800,4 years,RENT,TX
LN001634,D,D4,medical,60,7800.0,18.05,198.28,2023-07-31,2023-09-03,Fully Paid,11677.86,7800.0,3877.86,0.0,802.0,27.43,79600,3 years,MORTGAGE,MT
LN003430,A,A4,small_business,60,31500.0,7.61,632.84,2023-04-10,2023-05-11,Current,21516.56,13985.76,7530.8,0.0,818.0,16.72,246400,8 years,RENT,NY
LN000689,A,A3,moving,60,17000.0,6.12,329.61,2021-09-11,2021-10-15,Charged Off,3307.44,2315.21,992.23,14684.79,804.0,44.65,42400,7 years,MORTGAGE,WV
LN001241,A,A1,wedding,36,31600.0,7.04,976.29,2021-03-03,2021-03-31,Current,32217.57,20941.42,11276.15,0.0,672.0,14.86,181200,10+ years,RENT,DE
LN000063,F,F2,educational,36,20600.0,28.43,856.88,2022-09-02,2022-10-06,Fully Paid,31149.62,20600.0,10549.62,0.0,760.0,41.54,181100,4 years,MORTGAGE,TN
LN000853,A,A2,educational,60,29100.0,6.23,565.7,2021-03-16,2021-04-16,Fully Paid,34076.75,29100.0,4976.75,0.0,661.0,35.82,68200,,MORTGAGE,SD
LN003298,D,D1,major_purchase,36,22000.0,17.89,794.14,2021-11-23,2021-12-25,Default,2382.42,1667.69,714.73,0.0,688.0,31.39,207500,4 years,MORTGAGE,AK
LN003253,C,C3,vacation,36,3700.0,16.28,130.59,2023-12-28,2024-01-28,Fully Paid,4632.04,3700.0,932.04,0.0,717.0,29.13,63700,10+ years,MORTGAGE,AZ
LN001263,D,D5,vacation,36,13000.0,18.19,471.22,2021-04-24,2021-05-23,Fully Paid,16701.14,13000.0,3701.14,0.0,745.0,31.38,229700,< 1 year,MORTGAGE,HI
LN000224,A,A5,medical,60,18400.0,7.15,365.65,2023-03-30,2023-05-02,Fully Paid,21629.85,18400.0,3229.85,0.0,760.0,41.69,70400,10+ years,MORTGAGE,CA
LN002194,C,C3,major_purchase,36,11400.0,12.66,382.25,2021-02-28,2021-03-30,Charged Off,2988.45,2091.91,896.53,9308.09,739.0,40.27,214700,2 years,OWN,WY
LN000374,A,A5,educational,60,24200.0,5.27,459.68,2023-01-04,2023-02-06,Current,22064.64,14342.02,7722.62,0.0,783.0,11.56,75600,1 year,MORTGAGE,SD
LN001825,B,B4,moving,60,11600.0,9.77,245.16,2023-09-27,2023-10-29,Fully Paid,14634.69,11600.0,3034.69,0.0,645.0,18.21,51800,3 years,MORTGAGE,OK
LN003035,A,A4,wedding,36,14000.0,7.22,433.69,2022-09-18,2022-10-16,Charged Off,5485.64,3839.95,1645.69,10160.05,782.0,34.7,123900,5 years,MORTGAGE,NY
LN003442,B,B2,vacation,36,21000.0,11.48,692.3,2022-03-15,2022-04-13,Fully Paid,25056.9,21000.0,4056.9,0.0,626.0,39.08,194800,5 years,RENT,ND
LN003163,B,B2,car,36,25700.0,11.84,851.65,2023-06-18,2023-07-23,Current,12774.75,8303.59,4471.16,0.0,770.0,10.14,79300,3 years,MORTGAGE,NM
LN003217,D,D4,educational,36,39500.0,18.11,1430.2,2022-12-05,2023-01-07,Fully Paid,51747.7,39500.0,12247.7,0.0,678.0,6.36,90900,10+ years,MORTGAGE,TX
LN000010,A,A2,moving,60,28100.0,7.76,566.54,2021-02-02,2021-03-07,Charged Off,3133.92,2193.74,940.18,25906.26,672.0,40.15,150900,2 years,RENT,OR
LN002498,A,A5,medical,60,24900.0,6.35,485.45,2021-10-01,2021-11-01,Fully Paid,28696.13,24900.0,3796.13,0.0,701.0,44.56,137700,10+ years,MORTGAGE,ND
LN001945,C,C3,educational,36,17600.0,15.82,617.2,2022-12-08,2023-01-12,Fully Paid,21845.34,17600.0,4245.34,0.0,671.0,30.45,58200,10+ years,RENT,MN
LN001839,C,C4,car,36,31100.0,14.99,1077.94,2021-04-28,2021-05-26,Charged Off,5558.28,3890.8,1667.48,27209.2,734.0,38.29,123500,< 1 year,MORTGAGE,SC
LN000709,E,E2,small_business,36,10100.0,25.47,404.09,2021-11-12,2021-12-10,Fully Paid,14455.77,10100.0,4355.77,0.0,668.0,24.36,248800,< 1 year,OWN,KY
LN000256,C,C2,credit_card,60,16200.0,16.29,396.45,2023-12-26,2024-01-30,Current,16254.45,10565.39,5689.06,0.0,714.0,18.51,79800,3 years,MORTGAGE,MN
LN001618,F,F2,credit_card,36,4200.0,28.66,175.23,2022-11-18,2022-12-17,Current,4205.52,2733.59,1471.93,0.0,766.0,14.76,136500,4 years,MORTGAGE,MO
LN000390,A,A4,educational,60,,5.01,130.24,2023-01-11,2023-02-08,Current,5339.84,3470.9,1868.94,0.0,,184.16,216200,10+ years,RENT,WY
LN001582,B,B2,vacation,60,6800.0,10.17,145.05,2023-09-24,2023-10-24,Fully Paid,8632.8,6800.0,1832.8,0.0,694.0,40.19,108300,< 1 year,MORTGAGE,AZ
LN000925,E,E5,medical,60,37700.0,25.66,1121.18,2022-12-09,2023-01-09,Charged Off,13792.26,9654.58,4137.68,28045.42,593.0,23.41,204300,,OWN,HI
LN003327,G,G4,car,36,20000.0,32.09,872.09,2021-02-11,2021-03-11,Fully Paid,31804.29,20000.0,11804.29,0.0,666.0,30.67,106500,8 years,RENT,NH
LN002835,B,B4,debt_consolidation,60,26600.0,11.89,590.22,2021-10-11,2021-11-14,Default,5311.98,3718.39,1593.59,0.0,813.0,27.44,116200,10+ years,RENT,SD
LN002509,F,F2,vacation,36,4700.0,31.37,203.07,2023-08-21,2023-09-22,Charged Off,2506.74,1754.72,752.02,2945.28,608.0,22.25,133900,4 years,MORTGAGE,ND
LN002037,B,B1,vacation,60,19700.0,11.82,436.43,2023-03-04,2023-04-06,Charged Off,6387.94,4471.56,1916.38,15228.44,785.0,28.51,134200,7 years,MORTGAGE,LA
LN003359,B,B2,small_business,36,32500.0,11.64,1073.89,2023-03-07,2023-04-08,Current,3221.67,2094.09,1127.58,0.0,657.0,32.96,236100,5 years,MORTGAGE,SD
LN001225,C,C3,renewable_energy,36,4600.0,16.38,162.59,2023-04-26,2023-05-30,Late (31-120 days),812.95,569.06,243.88,0.0,716.0,10.53,74200,5 years,MORTGAGE,MN
LN002550,A,A5,medical,36,39400.0,6.12,1200.77,2021-06-23,2021-07-21,Fully Paid,43379.88,39400.0,3979.88,0.0,810.0,7.4,198200,2 years,OTHER,MI
LN001947,B,B2,car,36,39900.0,8.92,1267.32,2023-12-23,2024-01-21,Current,43088.88,28007.77,15081.11,0.0,688.0,15.29,116700,3 years,OWN,MA
LN000740,B,B4,car,36,6000.0,11.63,198.23,2021-12-31,2022-02-01,Charged Off,871.9,610.33,261.57,5389.67,691.0,32.16,157000,9 years,RENT,WY
LN000041,E,E5,home_improvement,36,25200.0,25.51,1008.76,2023-02-10,2023-03-13,Charged Off,4811.54,3368.08,1443.46,21831.92,674.0,11.71,71900,9 years,RENT,MD
LN000869,A,A5,small_business,36,5600.0,7.23,173.5,2021-06-09,2021-07-08,Late (31-120 days),520.5,364.35,156.15,0.0,713.0,17.11,110000,2 years,MORTGAGE,PA
LN002780,A,A1,wedding,36,39000.0,6.0,1186.46,2022-04-21,2022-05-21,Current,22542.74,14652.78,7889.96,0.0,632.0,35.35,121200,3 years,MORTGAGE,NJ
LN000540,A,A5,moving,36,3700.0,7.87,115.72,2021-05-06,2021-06-06,Current,4050.2,2632.63,1417.57,0.0,809.0,5.75,242800,2 years,RENT,IN
LN002746,B,B5,small_business,36,,8.73,383.26,2023-09-13,2023-10-13,Charged Off,1921.93,1345.35,576.58,10754.65,775.0,39.73,161900,5 years,RENT,CA
LN003317,A,A2,educational,60,8500.0,-7.46,170.16,2021-07-04,2021-08-04,Fully Paid,10179.41,8500.0,1679.41,0.0,700.0,24.91,236600,2 years,RENT,NJ
LN002724,B,B5,vacation,36,,9.37,703.39,2022-07-04,2022-08-02,Fully Paid,25082.69,22000.0,3082.69,0.0,799.0,18.27,196800,5 years,MORTGAGE,GA
LN001372,F,F2,home_improvement,60,,31.28,1067.24,2022-05-09,2022-06-12,FULLY PAID,63217.77,32200.0,31017.77,0.0,772.0,18.47,90300,2 years,RENT,GA
LN001146,A,A3,credit_card,60,20500.0,6.72,403.22,2023-03-01,2023-04-03,Fully Paid,23779.79,20500.0,3279.79,0.0,792.0,13.67,222300,9 years,RENT,UT
LN001032,C,C2,medical,60,30200.0,15.51,726.57,2021-07-10,2021-08-12,Current,8718.84,5667.25,3051.59,0.0,585.0,241.68,154700,8 years,RENT,MO
LN000373,D,D2,vacation,60,24100.0,17.45,604.79,2023-03-23,2023-04-21,Fully Paid,36411.43,24100.0,12311.43,0.0,808.0,32.84,80400,4 years,RENT,AK
LN000668,C,C3,educational,36,8100.0,14.42,278.49,2021-09-04,2021-10-09,Current,6126.78,3982.41,2144.37,0.0,664.0,24.16,124800,< 1 year,MORTGAGE,SD
LN000358,B,B3,major_purchase,36,2200.0,11.19,72.22,2021-10-18,2021-11-17,Default,722.2,505.54,216.66,0.0,790.0,44.61,206100,7 years,OWN,IA
LN000968,A,A1,debt_consolidation,60,11200.0,7.75,225.76,2023-08-26,2023-09-24,Fully Paid,13663.86,11200.0,2463.86,0.0,603.0,5.15,120400,2 years,MORTGAGE,MO
LN002832,F,F1,vacation,36,38300.0,-28.38,1592.1,2022-11-21,2022-12-24,Fully Paid,57918.97,38300.0,19618.97,0.0,655.0,39.85,100300,3 years,MORTGAGE,SC
LN002784,A,A1,home_improvement,36,12700.0,6.1,386.93,2021-12-11,2022-01-14,Charged Off,6290.53,4403.37,1887.16,8296.63,780.0,44.58,45600,2 years,RENT,IL
LN001354,E,E3,small_business,36,27200.0,25.52,1088.96,2023-06-13,2023-07-16,Fully Paid,38614.03,27200.0,11414.03,0.0,591.0,11.34,53300,4 years,RENT,MN
LN001036,A,A5,wedding,36,23600.0,6.82,726.76,2023-05-15,2023-06-17,Fully Paid,25721.05,23600.0,2121.05,0.0,794.0,32.96,179600,2 years,OWN,IN
LN000471,B,B5,car,60,27100.0,9.48,568.89,2022-03-22,2022-04-26,Fully Paid,33793.01,27100.0,6693.01,0.0,707.0,14.23,80100,< 1 year,MORTGAGE,CA
LN003104,A,A2,home_improvement,36,20200.0,7.93,632.34,2021-03-15,2021-04-13,Current,1897.02,1233.06,663.96,0.0,683.0,34.77,70900,10+ years,MORTGAGE,AZ
LN001397,E,E1,vacation,60,23800.0,23.19,673.53,2023-03-07,2023-04-10,Charged Off,8966.26,6276.38,2689.88,17523.62,736.0,16.11,240700,1 year,RENT,VT
LN003140,C,C1,moving,60,10400.0,15.65,250.98,2023-10-05,2023-11-03,Fully Paid,15102.27,10400.0,4702.27,0.0,643.0,28.74,125300,9 years,OWN,ND
LN001550,A,A2,debt_consolidation,60,14600.0,6.19,283.55,2022-11-29,2022-12-29,Current,14744.6,9583.99,5160.61,0.0,623.0,19.5,113700,10+ years,MORTGAGE,MA
LN001257,E,E2,debt_consolidation,36,37500.0,25.36,1498.14,2023-06-05,2023-07-03,Fully Paid,54999.47,37500.0,17499.47,0.0,638.0,18.0,248300,5 years,RENT,SC
LN002095,E,E1,renewable_energy,60,36700.0,26.5,1109.7,2021-07-04,2021-08-08,Charged Off,20588.3,14411.81,6176.49,22288.19,593.0,11.87,170900,6 years,MORTGAGE,AK
LN001556,B,B1,moving,36,25800.0,10.81,842.34,2023-05-15,2023-06-17,Fully Paid,30203.23,25800.0,4403.23,0.0,816.0,32.4,196200,10+ years,RENT,NV
LN003098,D,D3,medical,36,11500.0,18.81,420.44,2023-12-28,2024-01-26,Default,5045.28,3531.7,1513.58,0.0,627.0,21.85,158300,10+ years,RENT,OR
LN001251,F,F3,vacation,36,37700.0,29.13,1582.51,2022-07-09,2022-08-10,Current,47475.3,30858.95,16616.35,0.0,599.0,10.89,70400,,RENT,ND
LN001700,A,A1,small_business,36,17400.0,5.86,528.24,2022-05-15,2022-06-19,Charged Off,5037.23,3526.06,1511.17,13873.94,604.0,25.55,46200,7 years,MORTGAGE,NC
LN001253,A,A2,credit_card,60,36500.0,7.25,727.06,2022-08-30,2022-10-02,Current,18903.56,12287.31,6616.25,0.0,784.0,35.1,134900,< 1 year,MORTGAGE,NV
LN003318,C,C1,vacation,36,36300.0,16.06,1277.28,2023-04-17,2023-05-19,Default,11495.52,8046.86,3448.66,0.0,736.0,36.7,171800,1 year,MORTGAGE,IA
LN003338,A,A5,debt_consolidation,36,15600.0,7.8,487.41,2022-01-12,2022-02-11,Current,11697.84,7603.6,4094.24,0.0,620.0,38.88,145900,4 years,MORTGAGE,CO
LN000080,D,D5,credit_card,60,25300.0,19.24,659.64,2021-09-27,2021-10-30,Charged Off,2782.49,1947.74,834.75,23352.26,708.0,13.86,42700,8 years,MORTGAGE,TX
LN001173,G,G4,home_improvement,60,18500.0,33.56,639.61,2021-10-07,2021-11-06,Fully Paid,38513.41,18500.0,20013.41,0.0,802.0,32.78,165600,5 years,MORTGAGE,MS
LN000815,E,E3,moving,36,,23.41,1350.65,2022-09-18,2022-10-18,Fully Paid,48071.9,34700.0,13371.9,0.0,625.0,15.52,66900,1 year,OWN,TN
LN001853,A,A5,educational,36,38400.0,5.23,1154.85,2021-07-23,2021-08-26,Charged Off,17203.8,12042.66,5161.14,26357.34,743.0,21.44,195100,10+ years,RENT,OR
LN002221,G,G4,educational,60,11600.0,33.56,401.05,2021-04-27,2021-05-28,Charged Off,4778.81,3345.17,1433.64,8254.83,803.0,7.21,158000,10+ years,MORTGAGE,AK
LN002720,C,C4,vacation,36,39900.0,14.85,1380.22,2023-02-27,2023-03-27,Charged Off,11146.31,7802.42,3343.89,32097.58,716.0,7.71,151900,4 years,MORTGAGE,MI
LN003149,B,B4,vacation,60,8900.0,8.92,184.4,2023-08-09,2023-09-13,Current,2581.6,1678.04,903.56,0.0,738.0,18.31,248800,10+ years,MORTGAGE,WI
LN002106,A,A2,renewable_energy,36,8200.0,7.63,255.56,2023-11-01,2023-12-03,Fully Paid,9184.3,8200.0,984.3,0.0,786.0,13.19,71900,10+ years,MORTGAGE,GA
LN000134,C,C5,car,36,35800.0,13.47,1214.36,2023-11-02,2023-12-01,Fully Paid,43613.86,35800.0,7813.86,0.0,687.0,11.06,108500,4 years,MORTGAGE,NM
LN001141,D,D4,credit_card,60,16100.0,17.73,406.47,2023-03-28,2023-04-30,Charged Off,6443.66,4510.56,1933.1,11589.44,725.0,14.93,160300,6 years,RENT,WY
LN000934,E,E3,small_business,36,35900.0,23.31,1395.49,2021-05-25,2021-06-24,Late (31-120 days),11163.92,7814.74,3349.18,0.0,629.0,29.14,163100,10+ years,MORTGAGE,OK
LN000929,C,C2,educational,36,31700.0,15.59,1108.07,2023-03-13,2023-04-12,Current,4432.28,2880.98,1551.3,0.0,746.0,42.15,73900,3 years,RENT,MT
LN000824,F,F2,wedding,60,19700.0,29.57,632.17,2023-06-17,2023-07-21,Fully Paid,38184.67,19700.0,18484.67,0.0,595.0,7.6,230400,,RENT,ID
LN001532,D,D2,vacation,60,39800.0,19.47,1042.75,2023-09-30,2023-10-29,Fully Paid,62746.67,39800.0,22946.67,0.0,790.0,20.5,167500,7 years,RENT,WY
LN001215,A,A1,wedding,36,18800.0,6.6,577.06,2023-03-07,2023-04-09,Charged Off,8213.24,5749.27,2463.97,13050.73,732.0,15.15,37100,2 years,MORTGAGE,MI
LN000505,F,F2,vacation,60,17800.0,27.6,549.93,2021-01-30,2021-02-28,Fully Paid,33115.03,17800.0,15315.03,0.0,607.0,38.48,87900,< 1 year,OWN,VA
LN002391,E,E2,wedding,60,39900.0,25.63,1185.9,2021-10-15,2021-11-15,Fully Paid,72192.96,39900.0,32292.96,0.0,135.0,206.79,155900,10+ years,MORTGAGE,NE
LN002396,F,F1,renewable_energy,60,5900.0,30.65,193.25,2022-10-31,2022-11-28,Current,9662.5,6280.62,3381.88,0.0,649.0,22.63,70500,9 years,RENT,VT
LN001997,A,A1,small_business,36,28300.0,7.58,881.35,2022-10-17,2022-11-18,Current,27321.85,17759.2,9562.65,0.0,765.0,37.08,72900,6 years,OTHER,MO
LN002435,F,F3,car,36,21100.0,-29.41,888.92,2023-07-08,2023-08-06,Current,11555.96,7511.37,4044.59,0.0,582.0,44.8,153200,2 years,MORTGAGE,WI
LN001959,E,E5,debt_consolidation,36,,23.97,764.73,2022-08-02,2022-09-03,Current,12235.68,7953.19,4282.49,0.0,743.0,38.41,116100,10+ years,OWN,NM
LN001385,B,B4,debt_consolidation,36,27500.0,10.25,890.58,2021-05-31,2021-07-03,Fully Paid,32015.51,27500.0,4515.51,0.0,785.0,11.65,178200,6 years,RENT,NC
LN000895,F,F3,wedding,36,2300.0,28.83,96.17,2021-08-06,2021-09-10,Fully Paid,3513.64,2300.0,1213.64,0.0,813.0,21.31,245900,4 years,MORTGAGE,ND
LN000829,A,A5,car,36,,5.63,910.66,2022-10-08,2022-11-11,Fully Paid,33191.47,30100.0,3091.47,0.0,,16.55,165100,7 years,OWN,WV
LN000308,D,D1,wedding,36,27600.0,17.04,984.56,2023-09-11,2023-10-12,Current,22644.88,14719.17,7925.71,0.0,684.0,19.49,88300,4 years,MORTGAGE,KY
LN002524,E,E4,car,36,13800.0,24.66,546.21,2021-03-11,2021-04-14,Fully Paid,19547.77,13800.0,5747.77,0.0,582.0,25.01,165000,10+ years,RENT,NV
LN001684,C,C2,wedding,60,35200.0,13.09,802.53,2023-12-19,2024-01-23,Fully Paid,48169.22,35200.0,12969.22,0.0,723.0,35.96,110300,8 years,RENT,CO
LN003082,A,A2,home_improvement,36,34600.0,5.62,1046.65,2023-02-21,2023-03-25,Current,19886.35,12926.13,6960.22,0.0,753.0,15.75,78800,6 years,MORTGAGE,MO
LN003062,D,D4,wedding,60,,18.38,58.88,2021-10-21,2021-11-25,Charged Off,499.39,349.57,149.82,1950.43,767.0,17.21,132200,< 1 year,RENT,OH
LN003007,D,D3,home_improvement,60,7100.0,21.2,192.88,2021-11-19,2021-12-22,Fully Paid,11405.01,7100.0,4305.01,0.0,186.0,28.77,137800,10+ years,RENT,IL
LN000653,G,G2,car,36,11200.0,32.36,490.05,2023-10-27,2023-11-24,Fully Paid,17659.42,11200.0,6459.42,0.0,,30.33,119700,2 years,OWN,AR
LN000173,F,F3,wedding,36,17800.0,29.26,748.44,2022-06-02,2022-07-06,Current,8232.84,5351.35,2881.49,0.0,656.0,17.83,107200,,RENT,MT
LN000039,A,A4,wedding,36,2300.0,5.25,69.19,2023-08-01,2023-09-04,Fully Paid,2487.02,2300.0,187.02,0.0,592.0,15.41,159000,2 years,RENT,WI
LN003432,F,F5,medical,36,9400.0,28.09,389.27,2023-07-22,2023-08-26,Charged Off,698.7,489.09,209.61,8910.91,653.0,36.83,37200,4 years,RENT,ID
LN000714,G,G5,major_purchase,36,6800.0,32.72,298.89,2022-07-02,2022-08-04,Charged Off,1035.32,724.72,310.6,6075.28,642.0,7.91,177200,4 years,MORTGAGE,DE
LN000091,C,C2,car,36,12700.0,14.5,437.15,2021-04-30,2021-06-02,Fully Paid,15965.13,12700.0,3265.13,0.0,590.0,22.45,213300,10+ years,MORTGAGE,OR
LN000719,E,E4,wedding,36,16200.0,25.63,649.52,2021-12-19,2022-01-23,Charged Off,6522.18,4565.53,1956.65,11634.47,813.0,9.86,178100,10+ years,RENT,IA
LN001206,E,E1,medical,60,7000.0,-23.14,197.9,2021-12-06,2022-01-06,Charged Off,1732.21,1212.55,519.66,5787.45,663.0,26.59,183600,3 years,MORTGAGE,IN
LN002959,D,D3,debt_consolidation,60,22200.0,17.39,556.39,2021-12-02,2022-01-05,Fully Paid,33846.06,22200.0,11646.06,0.0,731.0,22.05,190000,< 1 year,MORTGAGE,MA
LN003094,B,B3,credit_card,36,7600.0,11.53,250.73,2021-05-19,2021-06-18,Current,2005.84,1303.8,702.04,0.0,721.0,40.53,67100,< 1 year,RENT,CT
LN001828,C,C5,vacation,36,27000.0,16.1,950.57,2021-07-12,2021-08-13,Fully Paid,34594.4,27000.0,7594.4,0.0,746.0,21.34,114400,,MORTGAGE,MD
LN001156,C,C3,small_business,36,38100.0,16.34,1345.89,2022-06-16,2022-07-19,Fully Paid,49157.74,38100.0,11057.74,0.0,655.0,25.41,63700,4 years,RENT,AR
LN001325,F,F1,educational,36,5000.0,30.33,213.16,2023-04-19,2023-05-22,Current,7247.44,4710.84,2536.6,0.0,683.0,6.12,134300,4 years,OWN,WA
LN000217,D,D1,wedding,36,4800.0,17.11,171.4,2022-09-01,2022-09-30,Fully Paid,6206.43,4800.0,1406.43,0.0,787.0,10.15,160800,1 year,MORTGAGE,AR
LN000511,A,A2,renewable_energy,60,13700.0,6.57,268.51,2021-08-20,2021-09-21,Charged Off,4836.74,3385.72,1451.02,10314.28,814.0,6.8,69000,,OWN,NJ
LN001681,A,A1,wedding,60,24000.0,6.85,473.53,2022-07-06,2022-08-03,Current,5682.36,3693.53,1988.83,0.0,639.0,30.55,148900,9 years,MORTGAGE,MN
LN000500,B,B4,renewable_energy,36,29600.0,8.64,936.32,2021-05-20,2021-06-19,Fully Paid,33712.57,29600.0,4112.57,0.0,818.0,18.57,216700,1 year,RENT,ND
LN002965,A,A1,wedding,36,17900.0,6.06,545.04,2022-03-05,2022-04-09,Fully Paid,19362.75,17900.0,1462.75,0.0,705.0,34.52,181200,10+ years,RENT,AZ
LN001857,D,D3,major_purchase,36,19600.0,19.1,719.45,2023-04-09,2023-05-14,Fully Paid,25791.86,19600.0,6191.86,0.0,666.0,20.58,72000,6 years,OWN,NY
LN001389,B,B1,home_improvement,36,17100.0,11.15,561.05,2021-06-01,2021-07-05,Fully Paid,19991.27,17100.0,2891.27,0.0,751.0,33.81,88100,7 years,RENT,BC
LN001520,D,D2,vacation,60,37100.0,-18.03,942.7,2022-12-12,2023-01-14,Fully Paid,56671.71,37100.0,19571.71,0.0,815.0,21.04,196000,7 years,RENT,FL
LN002387,A,A2,credit_card,60,23700.0,5.85,456.54,2023-08-12,2023-09-10,Fully Paid,27310.21,23700.0,3610.21,0.0,669.0,20.93,42700,2 years,RENT,CO
LN003262,A,A3,moving,60,1100.0,7.6,22.09,2021-09-01,2021-10-04,Current,684.79,445.11,239.68,0.0,605.0,44.79,116400,7 years,MORTGAGE,LA
LN002077,F,F2,wedding,60,,30.6,834.43,2021-08-31,2021-08-23,Current,40887.07,26576.6,14310.47,0.0,639.0,19.41,25500,10+ years,MORTGAGE,MD
LN001541,G,G4,medical,36,24500.0,33.24,1084.02,2023-07-15,2023-08-17,Fully Paid,38346.57,24500.0,13846.57,0.0,583.0,20.36,134800,7 years,MORTGAGE,NH
LN001218,C,C4,credit_card,60,2900.0,12.58,65.36,2021-09-16,2021-10-18,Charged Off,1012.49,708.74,303.75,2191.26,721.0,7.72,135400,6 years,RENT,TX
LN002682,B,B4,vacation,60,12800.0,10.4,274.49,2021-07-02,2021-08-04,Fully Paid,16443.01,12800.0,3643.01,0.0,653.0,34.44,227500,10+ years,MORTGAGE,AR
LN003436,E,E3,medical,36,2600.0,23.25,100.98,2022-04-24,2022-05-28,Charged Off,1386.57,970.6,415.97,1629.4,664.0,5.42,156600,4 years,MORTGAGE,HI
LN001417,C,C5,debt_consolidation,36,25500.0,16.16,898.52,2022-12-28,2023-01-25,Current,29651.16,19273.25,10377.91,0.0,621.0,21.58,39300,< 1 year,MORTGAGE,IN
LN002218,C,C2,car,36,14000.0,16.2,493.58,2022-11-25,2022-12-26,Charged Off,1389.19,972.43,416.76,13027.57,648.0,37.28,106200,3 years,MORTGAGE,LA
LN003014,B,B4,major_purchase,36,33800.0,10.44,1097.63,2022-08-22,2022-09-23,Fully Paid,39754.65,33800.0,5954.65,0.0,600.0,33.24,90900,4 years,OWN,SD
LN001677,B,B5,educational,60,10700.0,9.68,225.66,2022-09-16,2022-10-21,Fully Paid,13532.47,10700.0,2832.47,0.0,640.0,34.59,94900,10+ years,MORTGAGE,IN
LN001198,D,D4,debt_consolidation,60,39400.0,20.95,1064.79,2023-06-30,2023-07-28,Fully Paid,63320.41,39400.0,23920.41,0.0,657.0,14.45,183800,7 years,MORTGAGE,OR
LN001543,A,A5,renewable_energy,60,13800.0,6.15,267.76,2022-01-16,2022-02-15,Current,15797.84,10268.6,5529.24,0.0,738.0,22.03,208700,9 years,RENT,AL
LN002540,C,C5,renewable_energy,60,29900.0,14.93,710.22,2022-05-18,2022-06-22,Fully Paid,42212.63,29900.0,12312.63,0.0,581.0,17.09,107800,1 year,MORTGAGE,AL
LN000954,C,C2,medical,60,30100.0,13.28,689.19,2023-05-31,2023-07-03,Late (31-120 days),6202.71,4341.9,1860.81,0.0,800.0,35.56,192200,4 years,RENT,MT
LN002636,A,A4,educational,36,,6.49,1026.59,2023-11-11,2023-12-13,Current,30797.7,20018.51,10779.19,0.0,590.0,31.92,68300,4 years,RENT,MD
LN000751,C,C4,educational,60,8100.0,13.61,186.84,2021-12-20,2022-01-21,Late (31-120 days),373.68,261.58,112.1,0.0,814.0,38.57,223100,4 years,OWN,TX
LN002706,B,B1,vacation,60,,8.51,595.12,2021-02-18,2021-03-20,Fully Paid,35607.38,29000.0,6607.38,0.0,665.0,43.59,159100,8 years,OWN,IA
LN000235,G,G5,medical,36,,35.27,944.09,2021-09-15,2021-10-19,Default,10384.99,7269.49,3115.5,0.0,908.0,42.45,121500,5 years,RENT,VA
LN000733,C,C3,moving,36,25900.0,13.51,879.05,2023-09-30,2023-11-04,Fully Paid,31459.25,25900.0,5559.25,0.0,761.0,18.35,237100,9 years,MORTGAGE,RI
LN003455,D,D5,credit_card,60,31500.0,18.9,815.4,2022-04-01,2022-05-05,Charged Off,8608.48,6025.94,2582.54,25474.06,769.0,12.35,105800,4 years,OTHER,OR
LN001157,B,B2,renewable_energy,36,6200.0,9.89,199.74,2022-04-29,2022-05-28,Late (31-120 days),1597.92,1118.54,479.38,0.0,769.0,36.64,235200,2 years,RENT,AL
LN003081,E,E3,vacation,60,19600.0,26.3,590.32,2023-09-15,2023-10-20,Current,15938.64,10360.12,5578.52,0.0,649.0,37.26,161000,1 year,MORTGAGE,MO
LN002446,D,D2,major_purchase,36,18200.0,17.5,653.42,2023-04-18,2023-05-19,Current,15028.66,9768.63,5260.03,0.0,736.0,7.69,145400,1 year,OWN,TX
LN001210,G,G5,renewable_energy,36,22600.0,35.57,1029.64,2022-07-13,2022-08-14,Current,26770.64,17400.92,9369.72,0.0,693.0,28.6,167500,4 years,OWN,ID
LN001066,C,C5,small_business,60,,16.08,285.02,2021-10-28,2021-11-25,Fully Paid,17026.5,11700.0,5326.5,0.0,668.0,7.64,37800,10+ years,MORTGAGE,MO
LN002157,B,B3,debt_consolidation,60,35800.0,11.48,786.98,2022-04-20,2022-05-19,Late (31-120 days),3147.92,2203.54,944.38,0.0,641.0,23.34,119100,10+ years,MORTGAGE,WI
LN001063,A,A5,medical,60,2600.0,6.18,50.48,2021-03-30,2021-05-02,Current,2372.56,1542.16,830.4,0.0,701.0,37.41,171900,,RENT,ON
LN002617,F,F5,small_business,36,39900.0,30.89,1713.33,2023-03-30,2023-05-03,Fully Paid,60846.24,39900.0,20946.24,0.0,781.0,29.97,228300,3 years,MORTGAGE,OR
LN001168,C,C5,wedding,60,,14.49,630.42,2022-10-18,2022-11-17,Current,6934.62,4507.5,2427.12,0.0,661.0,25.64,105300,5 years,MORTGAGE,TN
LN001493,C,C2,major_purchase,36,22100.0,16.4,781.34,2023-12-28,2024-01-26,Current,17189.48,11173.16,6016.32,0.0,708.0,27.63,148400,10+ years,RENT,MA
LN002939,E,E1,medical,36,22600.0,26.15,912.37,2023-11-17,2023-12-15,Current,12773.18,8302.57,4470.61,0.0,779.0,23.59,150400,3 years,RENT,WY
LN003054,A,A1,car,36,21300.0,6.81,655.83,2022-08-19,2022-09-19,Charged Off,11257.79,7880.45,3377.34,13419.55,594.0,18.27,49000,3 years,RENT,TX
LN000885,A,A4,small_business,36,38800.0,5.46,1170.9,2023-09-13,2023-10-16,Fully Paid,42401.67,38800.0,3601.67,0.0,666.0,23.16,202100,10+ years,OWN,ME
LN000144,B,B2,vacation,60,17800.0,9.56,374.36,2023-08-13,2023-09-10,FULLY PAID,22335.41,17800.0,4535.41,0.0,640.0,7.48,73400,,RENT,UT
LN002042,F,F3,educational,36,17100.0,28.03,707.59,2023-08-14,2023-09-11,Charged Off,9691.45,6784.02,2907.43,10315.98,660.0,6.66,88000,< 1 year,MORTGAGE,TX
LN000851,A,A5,major_purchase,36,39400.0,5.95,1197.73,2023-08-13,2023-09-17,Fully Paid,43333.63,39400.0,3933.63,0.0,622.0,29.97,201700,4 years,MORTGAGE,WI
LN002783,F,F5,wedding,36,14500.0,31.49,627.44,2021-10-13,2021-11-16,Late (31-120 days),4392.08,3074.46,1317.62,0.0,,35.52,136800,5 years,MORTGAGE,WV
LN000718,A,A5,moving,36,34000.0,-5.05,1019.77,2022-04-18,2022-05-23,Fully Paid,37155.95,34000.0,3155.95,0.0,765.0,17.04,154900,8 years,OWN,OK
LN003409,C,C1,wedding,60,,13.76,613.32,2023-09-20,2023-10-23,Current,6746.52,4385.24,2361.28,0.0,591.0,8.81,83900,10+ years,MORTGAGE,NM
LN002503,B,B2,debt_consolidation,36,27200.0,10.69,886.51,2022-06-20,2022-07-24,Charged Off,6589.25,4612.47,1976.77,22587.53,759.0,125.46,157900,3 years,OWN,AL
LN000265,B,B5,vacation,60,35700.0,10.03,759.05,2023-07-02,2023-08-05,Current,31880.1,20722.06,11158.03,0.0,587.0,39.5,78500,5 years,OWN,NE
LN000076,B,B5,car,36,38200.0,9.04,1215.46,2022-03-09,2022-04-12,Current,41325.64,26861.67,14463.97,0.0,737.0,21.32,139500,< 1 year,RENT,NH
LN002493,C,C5,home_improvement,36,34200.0,13.67,1163.4,2023-10-03,2023-11-05,Charged Off,4902.21,3431.55,1470.66,30768.45,818.0,26.04,80200,5 years,MORTGAGE,NE
LN000396,A,A4,vacation,60,15400.0,7.3,307.12,2021-11-10,2021-12-10,Charged Off,4206.16,2944.31,1261.85,12455.69,762.0,36.87,158400,6 years,RENT,MD
LN003048,A,A1,vacation,36,6300.0,5.82,191.14,2023-07-13,2023-08-15,Fully Paid,7005.25,6300.0,705.25,0.0,599.0,29.77,189800,8 years,MORTGAGE,AL
LN002225,E,E4,educational,60,19100.0,26.3,575.26,2021-10-23,2021-11-22,Charged Off,2725.68,1907.98,817.7,17192.02,581.0,43.69,70900,,MORTGAGE,VA
LN003358,E,E5,medical,36,34200.0,26.0,1377.94,2021-09-07,2021-10-08,Fully Paid,50246.69,34200.0,16046.69,0.0,738.0,32.57,215900,10+ years,RENT,MA
LN000397,C,C4,wedding,36,32700.0,13.47,1109.21,2022-04-16,2022-05-16,Default,7764.47,5435.13,2329.34,0.0,596.0,18.63,201500,9 years,OWN,MI
LN001366,A,A1,medical,60,24600.0,6.0,475.59,2021-10-26,2021-11-29,Current,17121.24,11128.81,5992.43,0.0,760.0,28.8,102900,,RENT,UT
LN002992,C,C2,car,36,36400.0,13.28,1231.37,2022-02-27,2022-03-31,Late (31-120 days),7388.22,5171.75,2216.47,0.0,757.0,43.76,139600,4 years,OWN,WI
LN001904,D,D2,medical,36,4600.0,20.37,171.82,2021-03-31,2021-04-30,Fully Paid,6153.55,4600.0,1553.55,0.0,753.0,21.87,220200,8 years,MORTGAGE,AR
LN000596,B,B4,medical,60,4000.0,8.98,82.99,2023-08-22,2023-09-26,Fully Paid,4910.02,4000.0,910.02,0.0,632.0,30.68,122500,10+ years,MORTGAGE,NH
LN002110,A,A3,debt_consolidation,36,1900.0,6.96,58.63,2023-07-11,2023-08-14,Current,1700.27,1105.18,595.09,0.0,,34.23,104900,1 year,MORTGAGE,VA
LN001297,A,A3,home_improvement,60,11900.0,6.29,231.67,2023-10-24,2023-11-25,Fully Paid,13923.98,11900.0,2023.98,0.0,740.0,29.54,63400,,OTHER,MI
LN001822,A,A2,home_improvement,36,10600.0,6.22,323.53,2022-08-09,2022-09-09,Current,1294.12,841.18,452.94,0.0,678.0,11.73,42100,< 1 year,MORTGAGE,SD
LN000873,B,B4,credit_card,60,10300.0,10.21,219.91,2021-07-05,2021-08-07,Late (31-120 days),1979.19,1385.43,593.76,0.0,700.0,24.83,98200,< 1 year,OWN,MD
LN003107,C,C4,home_improvement,36,1100.0,13.53,37.34,2021-12-23,2022-01-27,Fully Paid,1318.96,1100.0,218.96,0.0,638.0,20.34,164000,2 years,OWN,WI
LN003491,D,D5,car,36,29900.0,20.51,1118.98,2023-12-17,2024-01-16,Fully Paid,39504.46,29900.0,9604.46,0.0,620.0,14.26,132400,10+ years,RENT,IA
LN002327,F,C1,home_improvement,36,8600.0,29.46,362.54,2022-03-14,2022-04-18,Current,9063.5,5891.28,3172.22,0.0,732.0,20.75,133000,8 years,OWN,TN
LN001549,B,B5,major_purchase,60,19300.0,11.07,420.3,2023-10-12,2023-11-12,Current,15551.1,10108.22,5442.89,0.0,623.0,43.91,156300,7 years,MORTGAGE,NM
LN000037,B,B5,educational,36,30400.0,9.83,978.5,2023-06-27,2023-07-25,Late (31-120 days),4892.5,3424.75,1467.75,0.0,772.0,20.6,196600,5 years,MORTGAGE,RI
LN002711,D,D3,wedding,36,17100.0,17.59,614.69,2021-06-14,2021-07-14,Late (31-120 days),4917.52,3442.26,1475.26,0.0,704.0,11.82,49300,6 years,OWN,ME
LN003024,D,D2,medical,36,6000.0,19.0,219.94,2021-06-21,2021-07-23,Current,879.76,571.84,307.92,0.0,813.0,31.35,79800,6 years,OWN,VA
LN002144,F,F4,car,36,30000.0,29.17,1259.95,2021-09-05,2021-10-03,Current,23939.05,15560.38,8378.67,0.0,692.0,11.23,130200,10+ years,OTHER,ID
LN003060,E,E4,small_business,60,33800.0,26.23,1016.6,2022-05-24,2022-06-22,Current,31514.6,20484.49,11030.11,0.0,600.0,21.81,158500,< 1 year,RENT,SD
LN000978,E,E4,vacation,36,16700.0,25.34,667.0,2023-11-02,2023-12-05,Current,20010.0,13006.5,7003.5,0.0,736.0,9.87,78000,5 years,RENT,MS
LN001572,C,C3,medical,36,17800.0,15.21,618.87,2022-12-04,2023-01-01,Fully Paid,22503.39,17800.0,4703.39,0.0,726.0,21.59,149700,,RENT,NC
LN001123,E,E1,home_improvement,36,12700.0,25.75,510.0,2023-06-15,2023-07-18,Fully Paid,18494.53,12700.0,5794.53,0.0,655.0,12.67,34500,7 years,OWN,MD
LN002787,A,A4,credit_card,36,36700.0,6.92,1131.85,2023-03-16,2023-04-16,Current,20373.3,13242.65,7130.65,0.0,607.0,35.84,186700,2 years,MORTGAGE,NH
LN002240,B,B4,home_improvement,36,21200.0,9.76,681.68,2023-09-13,2023-10-15,Fully Paid,24636.76,21200.0,3436.76,0.0,621.0,25.09,207900,10+ years,RENT,NM
LN002968,B,B5,renewable_energy,36,16000.0,9.02,508.94,2021-02-05,2021-03-05,Charged Off,4162.94,2914.06,1248.88,13085.94,717.0,8.14,29300,< 1 year,OWN,KY
LN002505,G,G1,moving,60,,35.07,557.9,2021-10-21,2021-11-20,Fully Paid,33866.62,15700.0,18166.62,0.0,815.0,14.04,135700,8 years,RENT,AZ
LN001893,C,C5,major_purchase,36,29100.0,14.53,1002.08,2023-03-30,2023-05-04,Fully Paid,35749.88,29100.0,6649.88,0.0,652.0,34.58,189600,7 years,OWN,NV
LN000676,F,F3,home_improvement,36,8300.0,30.84,356.18,2022-10-29,2022-12-02,Fully Paid,12990.62,8300.0,4690.62,0.0,594.0,34.88,73000,10+ years,MORTGAGE,MO
LN002809,F,F1,wedding,36,,30.52,1239.37,2023-07-04,2023-08-08,Fully Paid,44604.43,29000.0,15604.43,0.0,802.0,31.75,115400,,RENT,RI
LN000729,C,C2,credit_card,36,15100.0,13.41,511.77,2021-02-14,2021-03-20,Fully Paid,18129.9,15100.0,3029.9,0.0,767.0,37.96,134800,5 years,RENT,IN
LN000413,D,D1,credit_card,60,33600.0,18.77,867.36,2023-01-07,2023-02-10,Current,38163.84,24806.5,13357.34,0.0,799.0,15.9,135700,3 years,RENT,TN
LN001517,B,B3,renewable_energy,36,33800.0,11.13,1108.65,2022-09-20,2022-10-25,Current,6651.9,4323.73,2328.16,0.0,635.0,8.91,155200,3 years,RENT,AK
LN001650,A,A5,debt_consolidation,36,4900.0,7.96,153.46,2021-12-25,2022-01-25,Current,2915.74,1895.23,1020.51,0.0,727.0,30.7,189100,3 years,MORTGAGE,OR
LN000826,F,F2,educational,36,17200.0,29.86,728.85,2022-06-26,2022-07-24,Current,2186.55,1421.26,765.29,0.0,635.0,30.52,213500,1 year,MORTGAGE,KS
LN000617,G,G4,home_improvement,60,6900.0,33.93,240.18,2023-03-28,2023-04-28,Fully Paid,14220.83,6900.0,7320.83,0.0,748.0,33.0,68200,4 years,MORTGAGE,HI
LN000115,C,C3,credit_card,36,34800.0,13.68,1183.98,2023-09-26,2023-10-31,Current,35519.4,23087.61,12431.79,0.0,622.0,32.59,168900,5 years,MORTGAGE,MN
LN000418,G,G3,home_improvement,36,26100.0,35.92,1194.29,2022-06-04,2022-07-05,Current,16720.06,10868.04,5852.02,0.0,745.0,24.68,83900,6 years,OWN,SC
LN001626,A,A2,wedding,60,19900.0,-5.45,379.65,2021-03-07,2021-04-11,Current,2277.9,1480.64,797.26,0.0,660.0,32.98,180600,< 1 year,MORTGAGE,NE
LN002653,A,A3,educational,36,36200.0,6.34,1106.86,2021-12-06,2022-01-08,Fully Paid,40373.68,36200.0,4173.68,0.0,729.0,30.25,44400,9 years,MORTGAGE,WA
LN001245,C,C3,vacation,60,18400.0,14.65,434.36,2021-03-04,2021-04-01,Charged Off,8839.07,6187.35,2651.72,12212.65,658.0,35.72,115400,2 years,OWN,RI
LN000090,C,C3,debt_consolidation,36,31600.0,12.72,1060.47,2021-02-21,2021-03-24,Fully Paid,37735.95,31600.0,6135.95,0.0,615.0,35.57,143500,3 years,RENT,WV
LN002897,B,B5,home_improvement,60,17800.0,9.29,372.01,2021-03-03,2021-03-31,Current,14508.39,9430.45,5077.94,0.0,673.0,19.36,249200,5 years,MORTGAGE,VA
LN003136,C,C1,medical,60,38200.0,14.4,896.79,2023-09-01,2023-10-01,Late (31-120 days),2690.37,1883.26,807.11,0.0,742.0,24.5,67200,6 years,RENT,IN
LN002083,B,B4,medical,60,28300.0,10.93,614.32,2021-06-16,2021-07-21,Fully Paid,37505.96,28300.0,9205.96,0.0,749.0,44.09,159200,4 years,RENT,AB
LN000754,A,A1,vacation,60,32000.0,6.89,631.98,2022-07-17,2022-08-14,Late (31-120 days),3791.88,2654.32,1137.56,0.0,607.0,32.95,179600,,MORTGAGE,OK
LN002547,F,F2,home_improvement,36,37100.0,29.07,1556.12,2023-01-24,2023-02-26,Charged Off,2790.74,1953.52,837.22,35146.48,763.0,16.04,127900,2 years,RENT,IN
LN001631,C,C4,car,60,16300.0,15.89,395.43,2021-12-08,2022-01-11,Charged Off,4667.13,3266.99,1400.14,13033.01,679.0,40.41,121200,2 years,RENT,RI
LN000012,F,F2,educational,36,35300.0,30.1,1500.47,2022-07-07,2022-08-11,Late (31-120 days),12003.76,8402.63,3601.13,0.0,610.0,14.92,51200,3 years,MORTGAGE,IA
LN002445,C,C4,home_improvement,60,13100.0,14.69,309.52,2023-03-24,2023-04-21,Current,12380.8,8047.52,4333.28,0.0,671.0,7.92,130300,6 years,MORTGAGE,LA
LN000285,B,B1,car,36,38000.0,9.49,1217.07,2022-06-19,2022-07-22,Charged Off,12532.57,8772.8,3759.77,29227.2,704.0,219.57,103800,3 years,RENT,CT
LN001067,A,A4,vacation,60,,-7.35,425.29,2022-11-24,2022-12-27,Charged Off,10621.88,7435.32,3186.56,13864.68,770.0,43.67,197900,7 years,MORTGAGE,WI
LN001192,D,D3,renewable_energy,60,4800.0,20.2,127.71,2022-04-02,2022-05-03,Charged Off,619.82,433.87,185.95,4366.13,809.0,11.66,173900,8 years,RENT,OR
LN001441,A,A4,debt_consolidation,60,7200.0,5.37,137.1,2021-07-11,2021-08-11,Current,1096.8,712.92,383.88,0.0,582.0,14.94,243100,1 year,MORTGAGE,NM
LN003363,D,D4,home_improvement,36,35500.0,20.31,1324.92,2021-07-04,2021-08-07,Charged Off,19787.47,13851.23,5936.24,21648.77,624.0,42.43,56100,5 years,RENT,NJ
LN003361,A,A3,vacation,36,10900.0,6.44,333.78,2023-03-15,2023-04-13,Fully Paid,11971.21,10900.0,1071.21,0.0,,40.33,89200,< 1 year,OWN,MO
LN002739,A,A5,vacation,36,7900.0,5.46,238.41,2021-11-29,2021-12-27,Current,7152.3,4648.99,2503.3,0.0,678.0,22.56,191200,10+ years,RENT,AL
LN003247,B,B5,small_business,36,25700.0,9.45,822.65,2023-05-28,2023-06-29,Fully Paid,29075.35,25700.0,3375.35,0.0,802.0,11.97,100300,6 years,MORTGAGE,MT
LN001569,A,A4,renewable_energy,60,,6.16,576.4,2023-06-20,2023-07-22,Default,3458.4,2420.88,1037.52,0.0,685.0,35.12,200400,< 1 year,MORTGAGE,IA
LN002428,F,F5,credit_card,36,32300.0,27.9,1334.3,2021-05-30,2021-07-02,Current,17345.9,11274.84,6071.07,0.0,724.0,7.38,159800,2 years,MORTGAGE,PA
LN002738,A,A2,car,60,21000.0,7.08,416.62,2022-09-09,2022-10-08,Fully Paid,25292.71,21000.0,4292.71,0.0,669.0,6.31,100600,4 years,RENT,KY
LN003085,D,D4,moving,36,26300.0,20.97,990.45,2023-05-26,2023-06-24,Current,17828.1,11588.26,6239.83,0.0,687.0,31.04,30100,4 years,MORTGAGE,TN
LN001688,F,F2,credit_card,36,5800.0,29.12,243.43,2022-03-07,2022-04-05,Current,5112.03,3322.82,1789.21,0.0,808.0,44.94,118300,9 years,RENT,LA
LN000852,G,G5,educational,36,13000.0,33.5,577.08,2021-02-09,2021-03-11,Fully Paid,21147.85,13000.0,8147.85,0.0,611.0,8.88,114400,2 years,RENT,ME
LN002208,A,A3,wedding,60,21600.0,7.74,435.29,2022-04-18,2022-05-22,Fully Paid,26226.67,21600.0,4626.67,0.0,800.0,33.63,126500,2 years,OWN,AK
LN000896,A,A1,debt_consolidation,36,12400.0,5.28,373.2,2022-02-25,2022-03-26,Fully Paid,13422.14,12400.0,1022.14,0.0,686.0,39.25,244800,5 years,MORTGAGE,SD
LN000497,B,B4,car,36,11500.0,10.6,374.32,2022-03-19,2022-04-20,Current,5614.8,3649.62,1965.18,0.0,687.0,178.97,84700,< 1 year,OTHER,KS
LN002306,B,B1,educational,36,26900.0,8.82,853.16,2021-03-22,2021-04-26,Charged Off,2139.3,1497.51,641.79,25402.49,761.0,44.84,78500,1 year,MORTGAGE,GA
LN001783,D,D1,moving,60,12000.0,21.76,329.79,2023-11-11,2023-12-09,Fully Paid,19896.67,12000.0,7896.67,0.0,595.0,16.27,136300,2 years,RENT,MO
LN000336,C,C3,debt_consolidation,36,28300.0,12.59,947.96,2023-07-29,2023-08-27,Fully Paid,33614.72,28300.0,5314.72,0.0,692.0,34.08,120300,1 year,RENT,IN
LN002840,A,A3,small_business,60,19900.0,5.56,380.66,2022-05-01,2022-06-02,Fully Paid,22698.0,19900.0,2798.0,0.0,748.0,25.01,83700,6 years,MORTGAGE,WV
LN000516,E,E5,medical,36,24700.0,23.17,958.32,2023-06-30,2023-06-22,Fully Paid,34038.75,24700.0,9338.75,0.0,619.0,34.55,207300,10+ years,OWN,NH
LN001349,C,C3,major_purchase,36,1800.0,14.78,62.2,2022-05-21,2022-06-19,Charged Off,462.22,323.55,138.67,1476.45,634.0,28.64,209600,6 years,RENT,ID
LN001016,C,C5,educational,36,28800.0,12.93,969.42,2021-09-24,2021-10-29,Fully Paid,34810.18,28800.0,6010.18,0.0,759.0,21.89,51600,1 year,MORTGAGE,TX
LN002817,B,B2,vacation,36,18600.0,9.51,595.9,2023-12-20,2024-01-20,Fully Paid,21556.36,18600.0,2956.36,0.0,751.0,8.14,168800,4 years,RENT,NJ
LN003371,C,C2,major_purchase,36,10500.0,12.66,352.07,2023-12-25,2024-01-26,Current,5633.12,3661.53,1971.59,0.0,664.0,17.26,184000,9 years,MORTGAGE,MT
LN003365,C,C4,wedding,36,24300.0,14.65,838.21,2022-12-13,2023-01-12,Fully Paid,29952.8,24300.0,5652.8,0.0,618.0,28.91,47500,10+ years,RENT,SC
LN002810,A,A1,debt_consolidation,36,1600.0,5.96,48.65,2021-12-25,2022-01-27,Current,1508.15,980.3,527.85,0.0,638.0,20.19,174200,3 years,RENT,OR
LN003079,E,E3,vacation,36,18200.0,25.91,732.42,2022-06-06,2022-07-10,Fully Paid,26353.99,18200.0,8153.99,0.0,640.0,44.49,245000,5 years,OWN,VT
LN001782,F,F2,major_purchase,36,34400.0,31.38,1486.46,2023-06-15,2023-07-13,Fully Paid,54366.45,34400.0,19966.45,0.0,654.0,20.66,219600,3 years,MORTGAGE,VA
LN002570,A,A1,wedding,36,5000.0,5.5,150.98,2023-01-31,2023-02-28,Fully Paid,5353.14,5000.0,353.14,0.0,732.0,41.61,223200,2 years,MORTGAGE,ID
LN001786,A,A4,renewable_energy,36,32000.0,6.58,981.93,2021-11-11,2021-12-12,Charged Off,3409.82,2386.87,1022.95,29613.13,603.0,9.27,236300,10+ years,OWN,ND
LN002071,A,A2,car,60,24000.0,6.05,464.55,2022-05-29,2022-06-27,Current,17652.9,11474.39,6178.52,0.0,591.0,18.91,187400,2 years,MORTGAGE,AZ
LN000357,C,C5,medical,36,38600.0,14.6,1330.53,2023-11-20,2023-12-21,Fully Paid,48429.36,38600.0,9829.36,0.0,662.0,32.39,61600,1 year,OWN,MS
LN003422,A,A1,vacation,36,33400.0,6.6,1025.2,2021-04-20,2021-05-24,Fully Paid,37531.82,33400.0,4131.82,0.0,683.0,17.32,88700,8 years,MORTGAGE,IN
LN001313,E,D4,credit_card,36,19400.0,25.1,772.37,2023-11-03,2023-12-04,Current,8496.07,5522.45,2973.62,0.0,768.0,30.09,30300,,MORTGAGE,AR
LN001636,D,D1,home_improvement,36,10300.0,17.11,367.79,2021-05-24,2021-06-22,fully paid,13500.79,10300.0,3200.79,0.0,596.0,21.93,102300,2 years,MORTGAGE,ND
LN000551,B,B2,educational,60,7300.0,10.12,155.53,2023-01-26,2023-02-26,Charged Off,1254.41,878.09,376.32,6421.91,585.0,35.34,171500,2 years,MORTGAGE,SD
LN002389,D,D4,educational,36,24200.0,20.62,907.02,2021-12-23,2022-01-21,Fully Paid,33161.14,24200.0,8961.14,0.0,671.0,41.14,203800,6 years,RENT,PA
LN002480,C,C3,debt_consolidation,36,10800.0,13.03,364.05,2022-01-19,2022-02-21,Charged Off,4063.38,2844.37,1219.01,7955.63,791.0,18.91,47900,7 years,MORTGAGE,WV
LN002522,F,F3,car,36,25700.0,27.78,1059.99,2022-12-28,2023-01-29,Fully paid,38847.45,25700.0,13147.45,0.0,746.0,32.83,184900,< 1 year,RENT,OK
LN002266,A,A5,renewable_energy,36,35400.0,6.17,1079.67,2022-01-02,2022-02-05,Current,14035.71,9123.21,4912.5,0.0,647.0,42.21,147100,,RENT,KY
LN002960,E,E3,medical,36,37900.0,22.69,1460.98,2023-01-24,2023-02-25,Current,11687.84,7597.1,4090.74,0.0,596.0,38.2,37600,10+ years,RENT,MD
LN001228,B,B2,wedding,60,29600.0,11.66,653.36,2023-04-12,2023-05-12,Charged Off,13725.11,9607.58,4117.53,19992.42,,42.73,220400,7 years,RENT,AZ
LN003212,E,E3,moving,60,33600.0,26.95,1024.98,2021-01-10,2021-02-07,Charged Off,14456.6,10119.62,4336.98,23480.38,762.0,22.17,57300,1 year,MORTGAGE,NC
LN000958,E,E3,major_purchase,36,8700.0,26.81,354.29,2022-08-11,2022-09-12,Current,9211.54,5987.5,3224.04,0.0,739.0,41.37,207900,5 years,MORTGAGE,ME
LN001774,A,A5,credit_card,36,34600.0,6.11,1054.32,2022-01-17,2022-02-14,Fully Paid,38391.89,34600.0,3791.89,0.0,654.0,40.72,214000,6 years,MORTGAGE,VT
LN002142,A,A1,major_purchase,36,29600.0,5.97,900.09,2022-09-11,2022-10-16,Current,10801.08,7020.7,3780.38,0.0,595.0,21.01,86700,1 year,MORTGAGE,VT
LN001009,C,C3,renewable_energy,36,36700.0,14.89,1270.24,2023-07-17,2023-08-19,Fully Paid,45195.35,36700.0,8495.35,0.0,689.0,29.77,220900,7 years,MORTGAGE,UT
LN001093,B,B5,renewable_energy,36,34900.0,9.21,1113.22,2023-06-29,2023-07-29,Fully Paid,39840.56,34900.0,4940.56,0.0,802.0,31.63,124400,5 years,MORTGAGE,NV
LN003204,A,A3,car,60,13900.0,7.96,281.58,2022-03-25,2022-04-29,Fully Paid,16814.23,13900.0,2914.23,0.0,782.0,20.74,201100,5 years,MORTGAGE,NY
LN002745,A,A4,renewable_energy,36,35000.0,6.04,1065.4,2021-08-02,2021-09-04,Fully Paid,38815.17,35000.0,3815.17,0.0,730.0,39.9,207900,7 years,RENT,PA
LN000997,B,B4,educational,36,9100.0,8.84,288.7,2022-02-10,2022-03-15,Fully Paid,10264.65,9100.0,1164.65,0.0,688.0,34.67,177700,< 1 year,OWN,AK
LN001680,G,G1,home_improvement,60,34100.0,35.17,1213.93,2021-03-22,2021-04-19,Fully Paid,72939.97,34100.0,38839.97,0.0,693.0,9.55,186100,9 years,MORTGAGE,RI
LN000154,B,B3,small_business,36,31200.0,11.58,1030.04,2022-07-21,2022-08-20,Current,30901.2,20085.78,10815.42,0.0,722.0,24.82,166000,10+ years,MORTGAGE,AB
LN003340,C,C5,vacation,36,9100.0,15.32,316.88,2022-02-24,2022-03-26,Current,9189.52,5973.19,3216.33,0.0,672.0,27.09,114500,6 years,RENT,VT
LN002909,D,D4,medical,60,12900.0,17.45,323.73,2023-09-27,2023-10-26,Current,15215.31,9889.95,5325.36,0.0,603.0,44.96,161100,3 years,RENT,RI
LN002838,B,B4,educational,60,16800.0,10.21,358.69,2021-03-12,2021-04-14,Fully Paid,21142.56,16800.0,4342.56,0.0,724.0,30.9,209800,1 year,MORTGAGE,TN
LN000581,A,A2,credit_card,60,20700.0,5.85,398.75,2021-10-21,2021-11-21,Fully Paid,23948.35,20700.0,3248.35,0.0,696.0,7.3,237300,< 1 year,RENT,NE
LN001471,B,B1,debt_consolidation,36,14700.0,9.59,471.5,2023-12-02,2024-01-03,Fully Paid,17143.2,14700.0,2443.2,0.0,692.0,37.83,61200,10+ years,RENT,AZ
LN000704,E,E5,car,36,33500.0,24.26,1318.88,2021-03-20,2021-04-19,Fully Paid,47134.27,33500.0,13634.27,0.0,620.0,22.5,65700,8 years,RENT,DE
LN001213,C,C2,wedding,36,37800.0,12.93,1272.36,2023-09-19,2023-10-22,Current,40715.52,26465.09,14250.43,0.0,601.0,12.82,42300,4 years,RENT,AR
LN000897,A,A4,vacation,60,14100.0,5.38,268.55,2022-06-13,2022-07-16,DEFAULT,2954.05,2067.84,886.22,0.0,763.0,8.86,226800,,MORTGAGE,IL
LN000488,B,B1,home_improvement,36,15000.0,10.04,484.29,2023-03-29,2023-04-30,Current,2905.74,1888.73,1017.01,0.0,705.0,26.34,71200,3 years,OWN,UT
LN000560,D,D4,car,36,22900.0,21.4,867.47,2022-01-15,2022-02-13,Fully Paid,31775.53,22900.0,8875.53,0.0,780.0,6.04,236800,3 years,RENT,CT
LN001142,C,C3,wedding,60,10900.0,16.31,266.87,2021-08-24,2021-09-24,Fully Paid,16229.44,10900.0,5329.44,0.0,786.0,37.77,145500,9 years,MORTGAGE,NV
LN001120,A,A3,renewable_energy,36,,6.5,772.35,2023-06-03,2023-07-04,CHARGED OFF,6500.3,4550.21,1950.09,20649.79,775.0,12.51,51200,4 years,RENT,UT
LN002850,G,G1,renewable_energy,36,21700.0,34.6,976.72,2022-03-09,2022-04-13,Current,15627.52,10157.89,5469.63,0.0,775.0,12.47,103300,< 1 year,RENT,VA
LN000513,B,B5,educational,36,,10.07,1140.19,2023-04-13,2023-05-15,Fully Paid,41733.33,35300.0,6433.33,0.0,787.0,12.49,100800,< 1 year,OTHER,KY
LN000634,D,D5,medical,60,34900.0,21.1,946.13,2021-04-20,2021-05-21,Fully Paid,55954.13,34900.0,21054.13,0.0,799.0,38.31,79900,6 years,RENT,MN
LN001870,B,B4,wedding,36,,9.26,702.26,2021-09-15,2021-10-14,Fully Paid,25624.36,22000.0,3624.36,0.0,634.0,26.02,46900,4 years,OTHER,HI
LN001665,D,D3,credit_card,36,9100.0,18.22,329.99,2022-06-26,2022-07-27,Fully Paid,12065.68,9100.0,2965.68,0.0,587.0,34.47,172600,8 years,RENT,SC
LN001013,A,A3,educational,36,28400.0,6.96,876.39,2022-10-16,2022-11-13,Fully Paid,31067.54,28400.0,2667.54,0.0,712.0,24.64,210000,3 years,RENT,ME
LN001932,A,A1,debt_consolidation,36,12700.0,5.42,383.03,2022-09-25,2022-10-28,Charged Off,5944.04,4160.83,1783.21,8539.17,721.0,30.09,45100,8 years,RENT,AK
LN001151,D,D2,debt_consolidation,60,12200.0,20.19,324.52,2021-06-22,2021-07-24,Fully Paid,19467.52,12200.0,7267.52,0.0,693.0,28.95,185000,2 years,MORTGAGE,NH
LN002839,B,B3,vacation,36,22700.0,8.63,717.95,2023-09-15,2023-10-17,Fully Paid,26298.84,22700.0,3598.84,0.0,791.0,8.3,128400,5 years,MORTGAGE,MI
LN003367,C,C2,home_improvement,60,,12.95,670.46,2023-08-17,2023-09-19,Fully Paid,39571.21,29500.0,10071.21,0.0,734.0,43.72,209700,9 years,OWN,NM
LN000117,A,A1,medical,60,,6.09,381.68,2021-11-23,2021-12-21,Current,17557.28,11412.23,6145.05,0.0,695.0,42.95,177300,5 years,RENT,FL
LN000741,A,A2,car,36,16400.0,5.91,498.25,2023-01-04,2023-02-05,Charged Off,6487.44,4541.21,1946.23,11858.79,719.0,12.33,203900,1 year,OWN,VT
LN003314,D,D5,credit_card,36,37800.0,21.31,1430.14,2021-01-06,2021-02-10,late (31-120 days),2860.28,2002.2,858.08,0.0,782.0,28.49,100600,5 years,OWN,MD
LN001975,A,A4,medical,60,25100.0,7.43,502.12,2023-06-05,2023-07-07,Current,27114.48,17624.41,9490.07,0.0,597.0,10.66,232400,10+ years,OWN,NV
LN001082,C,C1,wedding,36,26300.0,14.71,907.97,2021-09-07,2021-10-10,Fully Paid,33093.32,26300.0,6793.32,0.0,781.0,38.41,154800,2 years,OWN,NV
LN001811,F,F2,debt_consolidation,60,23100.0,29.49,740.14,2022-03-22,2022-04-22,Current,31085.88,20205.82,10880.06,0.0,708.0,16.61,82100,1 year,MORTGAGE,DE
LN000831,C,C5,debt_consolidation,36,6300.0,15.02,218.45,2023-08-15,2023-09-12,Fully Paid,7856.49,6300.0,1556.49,0.0,666.0,30.92,66000,2 years,RENT,HI
LN000120,D,D1,moving,36,16300.0,21.26,616.28,2021-06-17,2021-07-17,Current,21569.8,14020.37,7549.43,0.0,637.0,9.85,107300,9 years,RENT,NY
LN000657,A,A2,medical,60,6000.0,5.22,113.83,2021-03-23,2021-04-25,Fully Paid,6822.75,6000.0,822.75,0.0,774.0,13.08,87900,< 1 year,RENT,OK
LN003275,E,E1,credit_card,60,32300.0,22.58,902.77,2023-06-04,2023-07-06,Fully Paid,54232.99,32300.0,21932.99,0.0,734.0,119.25,174000,10+ years,RENT,LA
LN003225,D,D2,wedding,60,6300.0,19.1,163.77,2022-03-11,2022-04-10,Charged Off,2356.69,1649.68,707.01,4650.32,722.0,17.49,133400,5 years,RENT,FL
LN002376,D,D3,debt_consolidation,60,35500.0,20.56,951.63,2021-02-01,2021-03-04,Charged Off,11380.12,7966.08,3414.04,27533.92,657.0,33.27,238300,10+ years,OWN,KS
LN000636,B,B2,educational,36,34600.0,10.77,1128.99,2021-09-06,2021-10-06,Fully Paid,40080.31,34600.0,5480.31,0.0,781.0,22.35,35600,10+ years,RENT,LA
LN000370,G,G2,credit_card,36,23400.0,35.47,1064.76,2023-10-10,2023-11-14,Current,34072.32,22147.01,11925.31,0.0,807.0,14.87,190800,9 years,MORTGAGE,MO
LN000269,C,C4,vacation,36,26400.0,15.48,921.38,2022-12-17,2023-01-14,Fully Paid,33053.37,26400.0,6653.37,0.0,722.0,26.96,62200,9 years,MORTGAGE,SD
LN002704,B,B2,renewable_energy,36,7200.0,10.25,233.17,2021-09-07,2021-10-06,Fully Paid,8419.27,7200.0,1219.27,0.0,661.0,19.27,52000,2 years,MORTGAGE,OK
LN002984,B,B1,credit_card,60,28900.0,11.75,639.22,2023-08-28,2023-09-30,Late (31-120 days),3835.32,2684.72,1150.6,0.0,656.0,24.29,247000,5 years,RENT,ME
LN002871,B,B3,credit_card,36,23100.0,9.34,738.23,2023-05-28,2023-06-27,Fully Paid,26299.68,23100.0,3199.68,0.0,587.0,11.0,101000,9 years,OTHER,WI
LN002915,C,C4,moving,60,39200.0,13.55,903.0,2021-07-25,2021-08-27,Charged Off,22473.52,15731.46,6742.06,23468.54,,44.96,245600,9 years,MORTGAGE,NH
LN000047,B,B2,small_business,60,19800.0,10.16,422.25,2021-04-21,2021-05-24,Charged Off,9113.24,6379.27,2733.97,13420.73,664.0,19.07,210800,3 years,RENT,DE
LN003331,C,C2,small_business,60,21700.0,12.54,488.65,2021-12-19,2022-01-16,Charged Off,5232.37,3662.66,1569.71,18037.34,895.0,25.81,169800,1 year,OWN,CO
LN000992,F,F5,home_improvement,36,,29.64,367.62,2021-04-19,2021-05-21,Fully Paid,13167.78,8700.0,4467.78,0.0,679.0,11.39,107500,8 years,RENT,IL
LN000877,E,E1,car,36,21900.0,24.09,860.23,2021-09-21,2021-10-21,Default,4301.15,3010.8,1290.34,0.0,,37.74,107800,2 years,MORTGAGE,ME
LN000774,D,D5,medical,36,30600.0,21.69,1163.73,2022-08-26,2022-09-27,Late (31-120 days),10473.57,7331.5,3142.07,0.0,660.0,43.13,205400,2 years,MORTGAGE,LA
LN001220,C,C4,renewable_energy,36,4300.0,13.29,145.49,2021-08-04,2021-09-08,Current,4219.21,2742.49,1476.72,0.0,677.0,29.12,144800,1 year,MORTGAGE,CT
LN001127,C,C1,moving,36,11100.0,13.46,376.47,2023-10-14,2023-11-12,Current,5647.05,3670.58,1976.47,0.0,706.0,13.67,190800,7 years,OTHER,AZ
LN000005,A,A3,medical,60,,7.81,744.85,2023-03-17,2023-04-15,Current,9683.05,6293.98,3389.07,0.0,716.0,34.17,91900,5 years,RENT,SD
LN003052,D,D1,car,60,20200.0,21.75,555.03,2022-12-25,2023-01-27,Fully Paid,33751.31,20200.0,13551.31,0.0,698.0,13.79,30100,3 years,MORTGAGE,ME
LN001596,F,F3,wedding,60,5800.0,28.81,183.43,2021-05-17,2021-06-17,Default,1834.3,1284.01,550.29,0.0,601.0,11.19,76600,4 years,RENT,CA
LN002312,F,F3,renewable_energy,36,23000.0,29.78,973.62,2023-01-27,2023-02-24,Late (31-120 days),6815.34,4770.74,2044.6,0.0,748.0,43.66,38200,10+ years,OWN,99
LN003041,D,D5,major_purchase,60,27700.0,20.35,739.29,2022-12-26,2023-01-30,Fully Paid,43479.12,27700.0,15779.12,0.0,610.0,30.46,158300,,MORTGAGE,AR
LN000022,F,F5,home_improvement,36,31900.0,28.34,1325.36,2023-02-03,2023-03-08,Fully Paid,47969.16,31900.0,16069.16,0.0,647.0,25.22,127800,10+ years,MORTGAGE,CO
LN002492,B,B4,major_purchase,60,,8.78,123.91,2023-05-10,2023-06-13,Fully Paid,7309.54,6000.0,1309.54,0.0,611.0,43.59,168400,< 1 year,RENT,FL
LN003051,A,A1,car,36,32400.0,5.06,971.93,2022-06-20,2022-07-20,Fully Paid,34365.99,32400.0,1965.99,0.0,,16.88,199500,8 years,RENT,MD
LN001078,E,E3,credit_card,36,20800.0,26.13,839.49,2023-04-22,2023-05-24,Current,6715.92,4365.35,2350.57,0.0,596.0,11.49,165100,2 years,MORTGAGE,OH
LN000838,C,C4,credit_card,60,8000.0,14.5,188.23,2021-06-18,2021-07-16,Fully Paid,11264.62,8000.0,3264.62,0.0,666.0,20.36,98600,4 years,RENT,MO
LN000682,A,A2,wedding,36,16800.0,-5.56,507.75,2021-06-21,2021-06-14,Current,2538.75,1650.19,888.56,0.0,641.0,15.77,43300,6 years,MORTGAGE,AZ
LN001716,B,B5,major_purchase,36,,9.36,732.06,2023-01-08,2023-02-05,Fully Paid,25933.83,22900.0,3033.83,0.0,767.0,26.54,146200,6 years,MORTGAGE,KS
LN002353,C,C2,major_purchase,36,24900.0,15.24,866.1,2022-06-13,2022-07-12,Fully Paid,30978.11,24900.0,6078.11,0.0,590.0,14.75,235200,1 year,OWN,WA
LN002618,D,D2,debt_consolidation,60,35000.0,19.59,919.32,2021-11-20,2021-12-22,Fully Paid,54058.05,35000.0,19058.05,0.0,723.0,168.84,61700,3 years,MORTGAGE,FL
LN002362,E,E1,major_purchase,36,19600.0,24.01,769.07,2022-12-10,2023-01-10,Current,19226.75,12497.39,6729.36,0.0,671.0,29.9,162700,10+ years,RENT,NV
LN002198,F,F3,small_business,36,5400.0,29.71,228.38,2023-04-22,2023-05-21,Default,456.76,319.73,137.03,0.0,632.0,37.0,120500,3 years,OWN,MS
LN001149,A,A1,credit_card,60,40000.0,6.16,776.29,2021-04-03,2021-05-04,Fully Paid,46890.99,40000.0,6890.99,0.0,788.0,29.48,35400,< 1 year,RENT,ND
LN000575,D,D3,small_business,60,35900.0,21.23,975.87,2021-10-23,2021-11-23,Current,10734.57,6977.47,3757.1,0.0,798.0,35.1,247400,10+ years,RENT,MD
LN000051,A,A2,wedding,60,5300.0,7.98,107.41,2022-02-09,2022-03-10,Charged Off,1478.15,1034.7,443.44,4265.3,172.0,36.63,117400,9 years,RENT,NH
LN000854,E,E3,moving,36,21000.0,23.51,818.5,2022-11-22,2022-12-26,Charged Off,6408.21,4485.75,1922.46,16514.25,791.0,41.98,89200,10+ years,RENT,ME
LN001983,B,B5,major_purchase,36,22500.0,10.79,734.39,2022-10-16,2022-11-14,Current,10281.46,6682.95,3598.51,0.0,604.0,24.96,42100,3 years,OWN,ND
LN002775,B,B2,vacation,36,22600.0,8.98,718.46,2021-04-15,2021-05-16,Charged Off,10849.49,7594.64,3254.85,15005.36,677.0,40.33,169600,3 years,MORTGAGE,99
LN001824,B,B1,educational,60,26300.0,11.59,579.59,2023-10-22,2023-11-20,Current,29559.09,19213.41,10345.68,0.0,650.0,17.2,175500,10+ years,MORTGAGE,NY
LN000834,A,A3,debt_consolidation,60,,7.38,335.68,2022-05-15,2022-06-14,Current,10741.76,6982.14,3759.62,0.0,681.0,11.61,25300,7 years,RENT,ID
LN001116,E,E3,car,36,,24.46,1061.87,2023-07-14,2023-08-11,Fully Paid,37537.47,26900.0,10637.47,0.0,749.0,15.45,125600,4 years,MORTGAGE,CO
LN001167,B,B4,vacation,36,34600.0,9.15,1102.69,2022-03-09,2022-04-13,Fully Paid,40141.84,34600.0,5541.84,0.0,737.0,7.54,213900,,OWN,MO
LN002519,C,C3,moving,60,16700.0,12.77,378.01,2023-03-13,2023-04-12,Charged Off,4155.82,2909.07,1246.75,13790.93,639.0,30.11,127600,1 year,MORTGAGE,NC
LN001907,B,B3,moving,60,8000.0,10.56,172.19,2021-03-27,2021-04-27,Charged Off,2422.66,1695.86,726.8,6304.14,644.0,40.13,36200,10+ years,MORTGAGE,NM
LN000972,B,B2,credit_card,36,26200.0,9.7,841.71,2021-03-11,2021-04-08,Current,25251.3,16413.35,8837.95,0.0,600.0,31.96,207600,< 1 year,MORTGAGE,CO
LN002702,B,B2,moving,36,18700.0,9.43,598.4,2022-09-20,2022-10-22,Current,1795.2,1166.88,628.32,0.0,697.0,8.05,52700,7 years,RENT,NJ
LN000400,C,C4,wedding,36,11000.0,13.32,372.33,2022-05-24,2022-06-26,Fully Paid,13561.7,11000.0,2561.7,0.0,753.0,17.18,203000,8 years,MORTGAGE,CO
LN002560,C,C4,renewable_energy,60,3500.0,16.3,85.67,2023-02-05,2023-03-12,Charged Off,773.1,541.17,231.93,2958.83,682.0,22.24,185600,4 years,RENT,OK
LN002369,B,B4,moving,36,39700.0,9.94,1279.89,2022-09-05,2022-10-10,Charged Off,7410.25,5187.17,2223.07,34512.83,805.0,15.92,80300,8 years,OWN,MD
LN000020,B,B3,credit_card,36,32800.0,11.99,1089.27,2021-01-08,2021-02-06,Fully Paid,38763.79,32800.0,5963.79,0.0,647.0,10.3,167900,10+ years,MORTGAGE,MS
LN000685,A,A2,medical,60,34400.0,5.42,655.81,2021-01-03,2020-12-30,Default,5902.29,4131.6,1770.69,0.0,712.0,44.69,239300,10+ years,RENT,FL
LN000036,B,B5,credit_card,36,12800.0,9.84,412.06,2022-08-27,2022-09-26,Current,2884.42,1874.87,1009.55,0.0,686.0,21.3,247200,5 years,RENT,NE
LN002951,C,C4,wedding,60,38500.0,14.54,906.64,2021-07-10,2021-08-11,Current,7253.12,4714.53,2538.59,0.0,785.0,11.86,240600,10+ years,OWN,NC
LN003395,E,E1,wedding,36,18500.0,26.68,752.09,2021-08-06,2021-09-05,Late (31-120 days),5264.63,3685.24,1579.39,0.0,788.0,8.06,75500,4 years,MORTGAGE,VA
LN002876,A,A4,educational,36,30300.0,7.67,944.89,2022-08-19,2022-09-16,Current,26456.92,17197.0,9259.92,0.0,732.0,17.85,155000,7 years,OWN,NM
LN000525,A,A3,major_purchase,60,7200.0,7.55,144.44,2022-12-15,2023-01-19,Default,144.44,101.11,43.33,0.0,642.0,38.39,219000,3 years,OWN,CO
LN002456,E,E3,car,36,1600.0,25.33,63.9,2022-08-21,2022-09-19,Fully Paid,2275.96,1600.0,675.96,0.0,673.0,18.36,211400,6 years,RENT,WA
LN000921,E,E3,wedding,36,5200.0,23.96,203.9,2022-12-23,2023-01-23,Charged Off,376.61,263.63,112.98,4936.37,720.0,11.2,137100,< 1 year,RENT,VT
LN001842,E,E1,renewable_energy,36,8700.0,22.76,335.69,2023-12-19,2024-01-21,Current,6042.42,3927.57,2114.85,0.0,682.0,16.91,43900,10+ years,RENT,ID
LN001891,A,A5,renewable_energy,60,27700.0,7.42,554.0,2021-05-27,2021-06-29,Current,32686.0,21245.9,11440.1,0.0,815.0,24.18,28300,2 years,OWN,RI
LN000538,C,C5,home_improvement,60,26800.0,15.05,638.27,2022-10-27,2022-12-01,Current,7659.24,4978.51,2680.73,0.0,801.0,34.11,61500,9 years,MORTGAGE,NE
LN002807,A,A1,renewable_energy,60,13900.0,7.88,281.04,2023-02-02,2023-03-06,Default,3372.48,2360.74,1011.74,0.0,733.0,42.31,51400,10+ years,RENT,OR
LN001706,B,B5,wedding,36,5800.0,11.94,192.48,2023-12-20,2024-01-23,Charged Off,1087.02,760.91,326.11,5039.09,797.0,34.61,82600,1 year,MORTGAGE,LA
LN000262,D,D4,small_business,36,3500.0,17.5,125.66,2023-08-20,2023-09-19,Current,2638.86,1715.26,923.6,0.0,,37.06,153000,4 years,RENT,QQ
LN003111,B,B5,credit_card,36,23000.0,10.83,751.14,2023-05-11,2023-05-02,Fully Paid,27404.51,23000.0,4404.51,0.0,687.0,5.24,146000,,RENT,NV
LN000246,A,A2,renewable_energy,36,1400.0,5.67,42.38,2023-02-23,2023-03-27,Current,847.6,550.94,296.66,0.0,688.0,40.82,167800,5 years,RENT,MD
LN000785,B,B3,credit_card,36,18200.0,10.57,592.15,2021-10-27,2021-11-25,Default,592.15,414.5,177.64,0.0,598.0,34.55,170300,10+ years,MORTGAGE,SD
LN001410,C,C5,wedding,36,15100.0,12.8,507.33,2022-07-18,2022-08-18,Current,17756.55,11541.76,6214.79,0.0,796.0,17.09,193300,5 years,RENT,NJ
LN002538,D,F1,home_improvement,36,35400.0,19.69,1310.01,2021-04-19,2021-05-21,Fully Paid,46318.37,35400.0,10918.37,0.0,706.0,17.56,240800,,RENT,LA
LN000155,B,B4,car,36,20200.0,9.14,643.67,2021-05-13,2021-06-17,Fully Paid,22917.55,20200.0,2717.55,0.0,799.0,33.3,214600,10+ years,MORTGAGE,NE
LN003010,D,D4,moving,60,22800.0,18.71,587.81,2021-03-23,2021-04-22,Fully Paid,35047.96,22800.0,12247.96,0.0,798.0,17.03,132700,3 years,MORTGAGE,MT
LN001687,A,A5,major_purchase,36,34200.0,5.25,1028.85,2023-12-03,2024-01-07,Fully Paid,37678.47,34200.0,3478.47,0.0,817.0,29.39,198900,< 1 year,RENT,AL
LN002902,B,B1,moving,60,29700.0,11.57,654.22,2022-01-24,2022-02-24,Charged Off,4253.06,2977.14,1275.92,26722.86,637.0,42.99,70700,4 years,MORTGAGE,OK
LN000626,D,D5,home_improvement,36,25700.0,18.46,935.06,2023-04-14,2023-05-14,FULLY PAID,34071.97,25700.0,8371.97,0.0,630.0,34.41,28700,4 years,MORTGAGE,CT
LN002734,B,B4,vacation,36,8500.0,10.18,274.99,2021-12-25,2022-01-22,Charged Off,5056.11,3539.28,1516.83,4960.72,805.0,22.92,216900,1 year,OWN,WV
LN003449,A,A3,wedding,36,20900.0,6.47,640.28,2023-05-22,2023-06-21,Current,21129.24,13734.01,7395.23,0.0,625.0,12.41,85400,1 year,RENT,MN
LN001347,B,B4,home_improvement,36,3900.0,10.28,126.36,2023-11-03,2023-12-05,Current,2148.12,1396.28,751.84,0.0,726.0,38.13,218900,7 years,RENT,MA
LN000570,B,B1,renewable_energy,60,7400.0,11.48,162.67,2023-06-26,2023-06-23,Fully Paid,9596.78,7400.0,2196.78,0.0,700.0,36.64,51500,2 years,RENT,TN
LN000701,B,B4,medical,36,,10.43,785.76,2022-12-10,2023-01-08,Fully Paid,28252.93,24200.0,4052.93,0.0,611.0,19.02,215000,4 years,MORTGAGE,VA
LN001759,D,D4,credit_card,36,10400.0,21.21,392.94,2023-04-25,2023-05-29,Current,7858.8,5108.22,2750.58,0.0,759.0,24.69,235500,8 years,RENT,RI
LN001817,B,B5,medical,60,19900.0,11.86,441.26,2021-12-18,2022-01-15,Fully Paid,26924.92,19900.0,7024.92,0.0,815.0,33.42,144100,1 year,OWN,WY
LN002066,A,A5,renewable_energy,36,1400.0,7.85,43.77,2021-10-14,2021-11-16,Late (31-120 days),525.24,367.67,157.57,0.0,892.0,14.26,153900,7 years,OWN,PA
LN000128,E,E5,educational,36,,23.22,1552.98,2023-10-14,2023-11-18,Charged Off,8787.89,6151.52,2636.37,33848.48,585.0,8.6,186000,5 years,MORTGAGE,IN
LN000215,B,B3,home_improvement,36,,11.89,454.32,2023-11-14,2023-12-18,Charged Off,5787.58,4051.31,1736.27,9648.69,646.0,37.8,96200,< 1 year,OWN,NH
LN002007,C,B1,medical,36,30600.0,15.03,1061.21,2023-08-21,2023-09-18,Fully Paid,37992.84,30600.0,7392.84,0.0,659.0,41.18,241800,9 years,RENT,NH
LN002976,A,A1,car,60,9600.0,7.15,190.77,2023-03-27,2023-04-30,Current,6104.64,3968.02,2136.62,0.0,595.0,14.06,177200,10+ years,MORTGAGE,SC
LN000981,C,C4,debt_consolidation,36,5800.0,14.04,198.34,2021-04-17,2021-05-17,Current,1586.72,1031.37,555.35,0.0,715.0,24.64,133900,< 1 year,RENT,IL
LN002297,B,B4,moving,60,39600.0,-11.32,867.33,2023-06-15,2023-07-16,Current,22550.58,14657.88,7892.7,0.0,709.0,23.94,140600,9 years,MORTGAGE,FL
LN000191,B,B3,medical,60,35600.0,9.87,754.12,2022-04-07,2022-05-07,Charged Off,7041.48,4929.04,2112.44,30670.96,686.0,20.01,55900,7 years,MORTGAGE,CO
LN001140,C,C2,car,60,37100.0,14.79,878.52,2021-02-03,2021-03-09,Current,34262.28,22270.48,11991.8,0.0,863.0,20.03,146400,10+ years,MORTGAGE,WI
LN000993,B,B3,car,36,15600.0,10.08,503.95,2022-06-20,2022-07-25,Current,17638.25,11464.86,6173.39,0.0,777.0,21.23,100700,1 year,RENT,CT
LN000700,G,G1,credit_card,60,32500.0,35.73,1168.67,2022-08-19,2022-09-17,charged off,15062.12,10543.48,4518.64,21956.52,817.0,26.79,206900,5 years,MORTGAGE,TX
LN003276,A,A4,debt_consolidation,60,22400.0,6.69,440.28,2023-04-15,2023-05-16,Fully Paid,26275.19,22400.0,3875.19,0.0,671.0,21.07,233500,4 years,MORTGAGE,ND
LN000607,C,C2,car,36,22800.0,13.51,773.83,2022-06-21,2022-07-23,Charged Off,7826.34,5478.44,2347.9,17321.56,806.0,20.31,151100,8 years,MORTGAGE,WA
LN000181,C,C4,medical,60,33200.0,13.24,759.49,2023-03-09,2023-04-12,Fully Paid,46002.11,33200.0,12802.11,0.0,806.0,12.89,200900,4 years,MORTGAGE,IN
LN000302,A,A1,home_improvement,36,9200.0,5.4,277.39,2022-08-20,2022-09-17,Late (31-120 days),832.17,582.52,249.65,0.0,594.0,11.65,98700,5 years,OWN,OR
LN002545,C,C2,educational,60,29900.0,12.78,676.95,2023-11-15,2023-12-15,Current,27754.95,18040.72,9714.23,0.0,801.0,6.74,209200,10+ years,MORTGAGE,DE
LN003332,C,C4,car,36,14600.0,16.08,513.87,2023-07-01,2023-07-29,Fully Paid,18709.53,14600.0,4109.53,0.0,653.0,34.79,188200,8 years,OWN,TN
LN001061,D,D3,renewable_energy,36,3000.0,17.83,108.2,2023-09-23,2023-10-25,Fully Paid,3823.36,3000.0,823.36,0.0,729.0,8.29,41100,6 years,MORTGAGE,IL
LN003383,E,E2,renewable_energy,36,32100.0,24.72,1271.54,2021-11-26,2021-12-26,Fully Paid,46416.76,32100.0,14316.76,0.0,685.0,6.33,72700,,RENT,SD
LN003451,D,D3,educational,60,4500.0,19.11,117.01,2023-02-01,2023-03-07,Fully Paid,7149.53,4500.0,2649.53,0.0,793.0,28.72,158100,10+ years,RENT,PA
LN002566,E,E5,major_purchase,36,22800.0,-25.3,910.15,2021-05-26,2021-06-28,Fully Paid,32223.69,22800.0,9423.69,0.0,139.0,16.99,44200,10+ years,OTHER,IA
LN001070,B,B3,renewable_energy,60,38700.0,11.1,843.36,2023-12-25,2024-01-26,Charged Off,20869.85,14608.89,6260.95,24091.11,731.0,29.5,105500,4 years,MORTGAGE,AZ
LN002525,B,B3,home_improvement,36,19600.0,8.72,620.72,2022-08-08,2022-09-12,Charged Off,7375.61,5162.93,2212.68,14437.07,708.0,24.51,83800,5 years,RENT,LA
LN002206,A,A1,car,60,11600.0,5.35,220.77,2022-01-25,2022-02-22,Current,9934.65,6457.52,3477.13,0.0,127.0,43.39,231300,8 years,RENT,TX
LN001244,G,G3,educational,60,,33.74,1123.88,2022-05-10,2022-06-14,Fully Paid,66965.83,32400.0,34565.83,0.0,691.0,15.49,30800,9 years,MORTGAGE,MA
LN000017,B,B5,renewable_energy,60,8900.0,9.16,185.44,2021-08-30,2021-09-30,DEFAULT,1854.4,1298.08,556.32,0.0,768.0,26.69,153400,< 1 year,MORTGAGE,NC
LN003121,C,C4,wedding,36,36200.0,15.98,1272.33,2022-09-08,2022-10-07,Current,30535.92,19848.35,10687.57,0.0,583.0,38.78,66500,,RENT,MN
LN002454,A,F2,vacation,36,33800.0,7.38,1049.53,2021-02-15,2021-03-18,Fully Paid,37124.49,33800.0,3324.49,0.0,725.0,29.26,220800,10+ years,MORTGAGE,IN
LN000547,B,B3,renewable_energy,36,18900.0,11.45,622.8,2023-11-15,2023-12-16,Charged Off,6249.86,4374.9,1874.96,14525.1,591.0,11.46,243700,6 years,RENT,MT
LN000659,D,D2,small_business,36,29900.0,17.3,1070.49,2021-02-28,2021-03-31,Current,29973.72,19482.92,10490.8,0.0,706.0,32.39,235300,10+ years,RENT,WI
LN003240,B,B5,vacation,36,34100.0,9.87,1098.23,2023-02-17,2023-03-18,Fully Paid,38854.82,34100.0,4754.82,0.0,,44.12,52700,10+ years,OTHER,AR
LN003068,D,D2,home_improvement,60,32200.0,18.52,826.8,2022-08-16,2022-09-20,Fully Paid,49896.26,32200.0,17696.26,0.0,605.0,29.4,166800,10+ years,MORTGAGE,ID
LN003281,E,E4,wedding,36,,25.83,245.22,2022-01-24,2022-02-24,Fully Paid,8736.88,6100.0,2636.88,0.0,731.0,8.14,62200,10+ years,OTHER,GA
LN001505,D,D5,renewable_energy,60,13800.0,19.41,361.1,2023-05-05,2023-06-03,Charged Off,4372.4,3060.68,1311.72,10739.32,794.0,14.07,208200,10+ years,MORTGAGE,CT
LN000960,G,G2,vacation,36,3000.0,32.54,131.56,2023-01-07,2023-02-10,Charged Off,936.85,655.79,281.06,2344.21,776.0,5.8,173400,10+ years,MORTGAGE,ID
LN002927,B,B5,credit_card,60,,11.7,322.56,2021-08-09,2021-09-10,Default,3225.6,2257.92,967.68,0.0,658.0,5.8,27000,6 years,RENT,MI
LN002332,C,C3,debt_consolidation,36,24400.0,13.34,826.13,2021-10-11,2021-11-12,Fully Paid,29147.42,24400.0,4747.42,0.0,805.0,20.45,97300,9 years,MORTGAGE,AK
LN000798,E,E4,wedding,36,,22.63,500.72,2023-10-20,2023-11-21,Charged Off,7012.15,4908.5,2103.64,8091.5,162.0,21.36,157300,3 years,RENT,MT
LN000226,D,D5,major_purchase,36,31100.0,21.07,1172.81,2022-10-02,2022-11-05,Fully Paid,42539.5,31100.0,11439.5,0.0,612.0,12.11,25700,10+ years,MORTGAGE,MT
LN002075,C,C1,credit_card,60,4700.0,14.27,110.02,2022-03-29,2022-05-02,Current,550.1,357.57,192.53,0.0,651.0,29.64,94700,10+ years,RENT,ME
LN001800,D,D1,debt_consolidation,36,37200.0,21.14,1404.19,2023-01-03,2023-02-02,Fully Paid,49601.96,37200.0,12401.96,0.0,588.0,10.38,167800,6 years,MORTGAGE,TX
LN002486,C,C5,wedding,60,12300.0,13.07,280.3,2021-10-20,2021-11-21,Charged Off,3594.04,2515.83,1078.21,9784.17,616.0,20.89,80700,4 years,MORTGAGE,CT
LN001277,D,D4,major_purchase,36,4800.0,19.25,176.56,2022-01-06,2022-02-07,Current,4590.56,2983.86,1606.7,0.0,648.0,41.65,68100,,RENT,ME
LN002278,F,F2,educational,36,12700.0,31.17,547.31,2023-01-31,2023-03-06,Charged Off,6433.72,4503.6,1930.12,8196.4,598.0,22.17,225800,7 years,RENT,DE
LN002086,B,B5,vacation,36,14200.0,11.26,466.64,2023-07-01,2023-07-30,Fully Paid,16522.0,14200.0,2322.0,0.0,639.0,152.49,234700,1 year,MORTGAGE,ND
LN001694,A,A3,debt_consolidation,60,11800.0,5.74,226.7,2022-07-11,2022-08-13,Fully Paid,13495.39,11800.0,1695.39,0.0,681.0,41.32,202800,10+ years,RENT,MO
LN002798,C,C3,educational,36,22100.0,13.61,751.15,2022-08-10,2022-09-12,Fully Paid,26992.57,22100.0,4892.57,0.0,618.0,40.87,125500,1 year,RENT,DE
LN001046,E,E2,credit_card,36,19800.0,26.29,800.82,2022-07-16,2022-08-14,Current,23223.78,15095.46,8128.32,0.0,677.0,20.04,178000,< 1 year,OWN,WI
LN000470,A,A2,major_purchase,36,21600.0,5.37,650.97,2021-03-12,2021-04-15,Current,13019.4,8462.61,4556.79,0.0,775.0,33.54,136800,8 years,MORTGAGE,MT
LN000955,A,A1,moving,60,,7.71,328.25,2022-02-05,2022-03-11,Fully Paid,19472.19,16300.0,3172.19,0.0,721.0,40.6,182400,10+ years,OWN,NH
LN003407,C,C5,renewable_energy,36,30800.0,15.44,1074.34,2021-01-03,2021-02-07,Current,26858.5,17458.03,9400.47,0.0,683.0,31.87,203600,7 years,RENT,CA
LN002736,C,C4,vacation,36,9500.0,15.89,333.48,2021-01-09,2021-02-13,Fully Paid,12119.69,9500.0,2619.69,0.0,659.0,14.86,54400,4 years,OTHER,IA
LN003457,A,A2,credit_card,36,25000.0,7.29,775.25,2023-05-28,2023-06-29,Fully Paid,27512.83,25000.0,2512.83,0.0,799.0,12.44,148500,1 year,MORTGAGE,VA
LN000640,D,D1,educational,60,19900.0,20.54,533.23,2021-10-28,2021-11-28,Current,15463.67,10051.39,5412.28,0.0,760.0,23.31,204700,10+ years,MORTGAGE,NC
LN003335,F,F5,wedding,60,10800.0,30.17,350.55,2022-11-17,2022-12-22,Default,2103.3,1472.31,630.99,0.0,628.0,40.07,50900,5 years,RENT,OH
LN001219,G,C5,major_purchase,60,3100.0,33.02,106.12,2021-06-10,2021-07-08,Current,2334.64,1517.52,817.12,0.0,745.0,38.21,228500,10+ years,RENT,RI
LN001159,E,E5,vacation,36,22800.0,26.4,923.49,2023-04-06,2023-05-07,Current,16622.82,10804.83,5817.99,0.0,804.0,9.6,236000,2 years,MORTGAGE,MA
LN001416,C,C2,debt_consolidation,60,19300.0,14.05,449.58,2022-04-01,2022-04-30,Charged Off,9109.4,6376.58,2732.82,12923.42,629.0,38.02,246700,7 years,MORTGAGE,ME
LN003252,F,F4,home_improvement,36,14700.0,30.62,629.04,2022-12-19,2023-01-16,Current,16355.04,10630.78,5724.26,0.0,787.0,43.47,223400,,MORTGAGE,OH
LN001528,B,B5,moving,36,14600.0,9.15,465.3,2021-10-12,2021-11-15,Fully Paid,16971.12,14600.0,2371.12,0.0,595.0,21.89,35300,10+ years,OWN,WI
LN002937,G,G1,educational,60,18000.0,32.11,605.9,2023-07-16,2023-08-18,Default,605.9,424.13,181.77,0.0,755.0,22.97,217600,10+ years,OWN,ND
LN001301,E,E1,debt_consolidation,36,24400.0,24.2,959.85,2023-06-09,2023-07-09,Fully Paid,33874.63,24400.0,9474.63,0.0,621.0,30.32,29500,< 1 year,RENT,MO
LN003438,A,B2,debt_consolidation,60,17300.0,7.26,344.69,2023-08-20,2023-09-20,Fully Paid,20421.75,17300.0,3121.75,0.0,683.0,24.41,54100,8 years,RENT,NY
LN002849,G,G3,small_business,60,10900.0,35.15,387.89,2023-06-18,2023-07-19,Fully Paid,23130.57,10900.0,12230.57,0.0,806.0,24.8,190100,4 years,RENT,RI
LN001604,D,D1,vacation,60,18900.0,17.31,472.87,2023-02-28,2023-04-03,Fully Paid,28458.0,18900.0,9558.0,0.0,749.0,12.17,43400,,RENT,SC
LN000161,D,D4,home_improvement,60,28700.0,21.95,791.85,2021-03-19,2021-04-16,Charged Off,14679.7,10275.79,4403.91,18424.21,599.0,42.81,44800,8 years,OWN,SD
LN001705,F,F1,renewable_energy,36,8000.0,28.17,331.64,2021-06-27,2021-07-26,Fully Paid,12076.7,8000.0,4076.7,0.0,586.0,21.15,221700,< 1 year,RENT,KY
LN000957,F,F3,wedding,60,32300.0,29.62,1037.49,2021-01-16,2021-02-13,Current,54986.97,35741.53,19245.44,0.0,596.0,8.43,28500,10+ years,MORTGAGE,MI
LN003235,C,C3,debt_consolidation,60,1100.0,15.13,26.24,2021-03-11,2021-04-08,Current,1548.16,1006.3,541.86,0.0,773.0,26.51,90500,2 years,MORTGAGE,MT
LN002870,A,A1,wedding,60,1500.0,5.02,28.32,2022-11-22,2022-12-25,Fully Paid,1695.19,1500.0,195.19,0.0,787.0,14.31,171600,1 year,OWN,IA
LN003495,B,B5,major_purchase,36,38000.0,9.66,1220.1,2023-07-18,2023-08-17,Fully Paid,43047.97,38000.0,5047.97,0.0,816.0,9.48,174100,7 years,RENT,MD
LN000878,E,E1,major_purchase,36,20500.0,23.97,803.95,2023-09-26,2023-10-27,Current,28138.25,18289.86,9848.39,0.0,692.0,39.26,68700,< 1 year,RENT,WA
LN001920,C,C1,medical,36,11400.0,16.17,401.75,2022-07-13,2022-08-11,Charged Off,1748.12,1223.68,524.44,10176.32,616.0,19.21,178100,2 years,MORTGAGE,NE
LN002962,E,E3,vacation,60,32000.0,24.47,929.33,2023-03-09,2023-04-06,CURRENT,17657.27,11477.23,6180.04,0.0,813.0,25.1,161100,4 years,RENT,MN
LN001885,F,F2,car,60,35100.0,31.11,1159.65,2021-12-07,2022-01-05,Fully Paid,68743.03,35100.0,33643.03,0.0,678.0,17.78,134400,2 years,MORTGAGE,ID
LN002201,G,G1,moving,36,28000.0,34.85,1264.23,2023-04-27,2023-05-31,Current,27813.06,18078.49,9734.57,0.0,787.0,19.42,102100,,MORTGAGE,UT
LN000099,E,E5,debt_consolidation,60,34100.0,24.01,981.19,2023-11-29,2024-01-01,Fully Paid,59291.46,34100.0,25191.46,0.0,652.0,15.08,86500,3 years,MORTGAGE,GA
LN003393,C,C2,major_purchase,60,23000.0,12.81,521.09,2021-05-05,2021-06-06,Fully Paid,30834.4,23000.0,7834.4,0.0,763.0,35.53,247000,5 years,RENT,AR
LN002558,F,F2,wedding,36,32000.0,30.05,1359.33,2022-03-10,2022-04-07,Fully Paid,49893.55,32000.0,17893.55,0.0,750.0,42.77,150100,6 years,MORTGAGE,OK
LN003184,A,A3,renewable_energy,36,18000.0,7.95,563.64,2021-02-03,2021-03-08,Current,10709.16,6960.95,3748.21,0.0,791.0,12.21,201000,1 year,OTHER,TX
LN000254,E,E5,home_improvement,36,40000.0,26.01,1611.84,2022-05-17,2022-06-16,Current,48355.2,31430.88,16924.32,0.0,683.0,22.16,220500,4 years,RENT,IL
LN000104,F,F2,major_purchase,60,30200.0,31.44,1003.95,2022-08-11,2022-09-15,Current,52205.4,33933.51,18271.89,0.0,677.0,25.12,196400,10+ years,MORTGAGE,RI
LN001446,B,B1,credit_card,36,13600.0,9.88,438.07,2023-06-07,2023-07-05,Current,15332.45,9966.09,5366.36,0.0,,14.6,224100,2 years,RENT,HI
LN001444,A,A4,credit_card,36,18800.0,6.53,576.46,2023-01-31,2023-03-06,Charged Off,3100.91,2170.64,930.27,16629.36,641.0,36.94,49700,8 years,MORTGAGE,OH
LN001649,C,C4,credit_card,60,26600.0,14.61,627.38,2021-06-24,2021-07-24,Fully Paid,37681.74,26600.0,11081.74,0.0,719.0,30.96,48600,,OWN,ME
LN000587,E,E4,vacation,36,11600.0,24.78,459.87,2022-05-24,2022-06-28,Fully Paid,16647.28,11600.0,5047.28,0.0,752.0,34.99,181100,3 years,RENT,IL
LN000628,D,D5,car,60,33100.0,20.61,888.22,2021-08-25,2021-09-25,Fully Paid,52740.77,33100.0,19640.77,0.0,705.0,128.02,95600,7 years,RENT,VT
LN001697,B,B2,educational,60,18500.0,8.72,381.52,2021-05-30,2021-06-30,Current,20220.56,13143.36,7077.2,0.0,649.0,36.18,129700,10+ years,RENT,GA
LN003192,G,G2,moving,36,26400.0,33.49,1171.78,2023-09-06,2023-10-09,Current,36325.18,23611.37,12713.81,0.0,719.0,32.66,118900,6 years,MORTGAGE,WY
LN002102,C,C4,major_purchase,60,15800.0,14.68,373.23,2022-12-04,2023-01-03,Fully paid,22368.66,15800.0,6568.66,0.0,581.0,7.56,208900,10+ years,MORTGAGE,FL
LN002200,A,A1,home_improvement,36,9400.0,6.86,289.64,2022-03-10,2022-04-10,Charged Off,5608.63,3926.04,1682.59,5473.96,590.0,115.91,150000,6 years,RENT,ND
LN000404,D,D4,vacation,60,36600.0,20.02,970.08,2023-09-13,2023-10-17,Current,31042.56,20177.66,10864.9,0.0,710.0,21.96,209300,4 years,RENT,NV
LN001155,A,A4,medical,60,,5.95,679.7,2022-12-26,2023-01-30,Charged Off,12861.71,9003.2,3858.51,26196.8,668.0,20.04,102900,2 years,RENT,TX
LN002256,B,B4,small_business,36,35600.0,11.95,1181.58,2022-11-15,2022-12-16,Charged Off,6815.41,4770.79,2044.62,30829.21,666.0,41.68,143300,< 1 year,MORTGAGE,MN
LN002864,G,G5,medical,36,18900.0,33.44,838.36,2021-03-08,2021-04-10,Current,16767.2,10898.68,5868.52,0.0,792.0,41.72,247800,2 years,OWN,AZ
LN001683,E,E1,car,36,7800.0,25.26,311.2,2021-11-03,2021-12-08,Fully Paid,11202.58,7800.0,3402.58,0.0,749.0,13.33,73700,4 years,MORTGAGE,MS
LN003171,F,F4,major_purchase,36,10700.0,29.8,453.06,2021-02-01,2021-03-04,Current,6342.84,4122.85,2219.99,0.0,662.0,20.75,210000,,MORTGAGE,NM
LN002057,C,C3,credit_card,36,30000.0,14.77,1036.58,2021-09-23,2021-10-27,Fully Paid,36975.76,30000.0,6975.76,0.0,773.0,20.5,234700,6 years,MORTGAGE,MN
LN003063,A,A1,wedding,60,32500.0,5.76,624.7,2021-03-09,2021-04-08,Charged Off,11717.82,8202.47,3515.35,24297.53,603.0,44.99,54700,7 years,MORTGAGE,NV
LN003413,A,A2,vacation,36,34100.0,6.11,1039.09,2021-04-09,2021-05-13,Fully Paid,37261.12,34100.0,3161.12,0.0,613.0,13.41,97800,8 years,RENT,NC
LN003109,B,B3,major_purchase,36,29600.0,11.86,981.17,2022-05-17,2022-06-14,Fully Paid,35487.73,29600.0,5887.73,0.0,199.0,44.2,168300,3 years,RENT,MA
LN000453,B,B4,major_purchase,36,1600.0,9.5,51.25,2022-06-04,2022-07-07,Fully Paid,1840.98,1600.0,240.98,0.0,723.0,124.71,206900,8 years,OWN,NH
LN002302,B,B2,car,36,34600.0,10.79,1129.32,2021-09-22,2021-10-27,Current,9034.56,5872.46,3162.1,0.0,874.0,36.61,132800,2 years,MORTGAGE,DE
LN001328,B,B5,educational,60,30300.0,9.66,638.73,2021-06-27,2021-07-29,Charged Off,15093.07,10565.15,4527.92,19734.85,627.0,35.42,83400,3 years,MORTGAGE,OR
LN002945,D,D1,renewable_energy,60,30300.0,21.24,823.81,2021-05-30,2021-07-03,Late (31-120 days),823.81,576.67,247.14,0.0,643.0,7.73,68800,,MORTGAGE,RI
LN002050,B,B3,wedding,36,23200.0,9.83,746.75,2023-11-13,2023-12-17,CHARGED OFF,2032.5,1422.75,609.75,21777.25,723.0,18.51,226200,,RENT,MD
LN000881,A,A2,major_purchase,36,40000.0,6.98,1234.72,2021-10-05,2021-11-06,Current,13581.92,8828.25,4753.67,0.0,777.0,35.8,153500,10+ years,RENT,WY
LN003498,D,D2,renewable_energy,36,27000.0,20.81,1014.59,2021-03-23,2021-04-20,Default,10145.9,7102.13,3043.77,0.0,696.0,11.89,164900,9 years,OWN,MN
LN000624,D,D1,home_improvement,60,38200.0,18.96,990.09,2021-05-11,2021-06-10,Default,8910.81,6237.57,2673.24,0.0,680.0,18.5,218900,10+ years,MORTGAGE,MT
LN002394,A,A3,credit_card,36,12300.0,5.57,371.8,2022-12-01,2023-01-04,Current,6692.4,4350.06,2342.34,0.0,637.0,44.22,108100,8 years,RENT,NM
LN003326,D,D5,medical,36,27700.0,18.32,1005.87,2022-02-24,2022-03-24,Fully Paid,36700.3,27700.0,9000.3,0.0,954.0,23.0,139300,6 years,MORTGAGE,CO
LN001788,D,B1,major_purchase,60,28400.0,18.04,721.79,2022-01-14,2022-02-14,Fully Paid,43556.2,28400.0,15156.2,0.0,597.0,28.52,197800,3 years,MORTGAGE,OH
LN000263,F,F1,home_improvement,60,9700.0,28.81,306.78,2022-02-09,2022-03-16,Default,1533.9,1073.73,460.17,0.0,804.0,34.32,177600,9 years,RENT,MT
LN001635,F,F4,car,60,31300.0,30.11,1014.78,2023-12-04,2024-01-05,Fully Paid,60822.01,31300.0,29522.01,0.0,640.0,29.88,90300,2 years,OWN,MI
LN001439,D,D5,renewable_energy,60,37800.0,19.86,998.53,2022-08-21,2022-09-20,Current,30954.43,20120.38,10834.05,0.0,699.0,28.08,176700,3 years,MORTGAGE,NV
LN002199,C,C2,medical,60,36100.0,14.99,858.63,2023-11-11,2023-12-11,Late (31-120 days),6010.41,4207.29,1803.12,0.0,719.0,21.64,101000,5 years,RENT,FL
LN001970,A,A3,wedding,60,13100.0,6.99,259.33,2022-01-14,2022-02-17,Charged Off,5531.75,3872.22,1659.52,9227.78,670.0,44.93,200400,5 years,RENT,QQ
LN002521,A,A5,debt_consolidation,36,36700.0,7.47,1141.09,2022-05-17,2022-06-17,Current,12551.99,8158.79,4393.2,0.0,749.0,32.84,143500,8 years,MORTGAGE,KY
LN001803,E,E1,medical,36,26300.0,25.62,1054.33,2021-02-27,2021-04-02,charged Off,3430.55,2401.38,1029.16,23898.62,712.0,10.68,185900,5 years,RENT,PA
LN000641,B,B4,moving,60,12700.0,9.57,267.16,2023-12-02,2023-12-31,Late (31-120 days),1870.12,1309.08,561.04,0.0,777.0,17.51,61900,7 years,RENT,KS
LN002400,D,D3,educational,36,,18.75,756.17,2022-11-07,2022-12-09,Late (31-120 days),4537.02,3175.91,1361.11,0.0,791.0,10.97,161800,6 years,MORTGAGE,MS
LN002386,A,A2,home_improvement,36,29100.0,6.76,895.33,2021-04-22,2021-05-24,Fully Paid,32793.83,29100.0,3693.83,0.0,790.0,23.4,140700,10+ years,RENT,GA
LN002599,A,A5,moving,60,9800.0,5.76,188.37,2023-04-04,2023-05-05,Fully Paid,11370.83,9800.0,1570.83,0.0,739.0,29.73,228000,4 years,MORTGAGE,DE
LN003396,C,C5,credit_card,60,33600.0,12.74,760.04,2021-08-07,2021-09-05,Fully Paid,45984.74,33600.0,12384.74,0.0,636.0,44.09,34300,1 year,OWN,MO
LN001960,D,D1,major_purchase,60,29800.0,17.87,754.62,2023-03-08,2023-04-07,Current,42258.72,27468.17,14790.55,0.0,729.0,15.63,47000,5 years,MORTGAGE,VT
LN002977,A,A1,car,36,20300.0,7.26,629.22,2021-09-18,2021-10-22,Current,7550.64,4907.92,2642.72,0.0,726.0,21.23,167200,6 years,RENT,WV
LN000489,B,B3,home_improvement,36,37600.0,9.79,1209.54,2022-08-21,2022-09-22,Fully Paid,44356.49,37600.0,6756.49,0.0,735.0,6.39,47300,,MORTGAGE,KS
LN001844,D,D3,medical,60,27600.0,21.25,750.56,2022-06-25,2022-07-26,Current,13510.08,8781.55,4728.53,0.0,691.0,40.32,177500,2 years,MORTGAGE,AZ
LN001735,F,F4,wedding,36,37000.0,29.95,1569.7,2023-01-15,2023-02-17,Charged Off,14151.76,9906.23,4245.53,27093.77,709.0,27.81,115400,10+ years,RENT,CT
LN002912,B,B3,vacation,60,16200.0,8.94,335.81,2023-11-03,2023-12-07,Charged Off,9111.25,6377.88,2733.38,9822.12,642.0,10.9,156500,< 1 year,OWN,MI
LN003220,A,A5,educational,36,36000.0,6.89,1109.77,2022-01-17,2022-02-17,Fully Paid,40395.62,36000.0,4395.62,0.0,778.0,16.65,186100,1 year,MORTGAGE,UT
LN000147,B,B5,home_improvement,36,27600.0,10.05,891.22,2022-08-13,2022-09-13,Current,30301.48,19695.96,10605.52,0.0,603.0,40.96,207400,9 years,OWN,NC
LN001535,G,G4,debt_consolidation,36,28900.0,32.04,1259.36,2023-07-22,2023-08-20,Charged Off,14835.02,10384.51,4450.51,18515.49,623.0,28.8,92900,2 years,RENT,MS
LN001987,D,D3,moving,36,10600.0,18.99,388.5,2022-03-17,2022-04-16,Charged Off,3238.31,2266.82,971.49,8333.18,582.0,23.49,96700,1 year,RENT,KS
LN001370,D,D4,moving,60,2600.0,19.76,68.54,2023-11-02,2023-12-05,Current,822.48,534.61,287.87,0.0,725.0,39.41,181200,8 years,MORTGAGE,GA
LN002451,B,B4,medical,36,16600.0,10.62,540.48,2023-06-20,2023-07-21,Fully Paid,19837.11,16600.0,3237.11,0.0,809.0,5.65,244100,5 years,RENT,KS
LN000135,F,F1,educational,36,11600.0,29.74,490.79,2021-04-04,2021-05-09,Charged Off,2581.74,1807.22,774.52,9792.78,624.0,23.39,243300,3 years,RENT,WY
LN003003,C,C3,moving,36,14000.0,14.17,479.64,2023-01-22,2023-02-24,Charged Off,7768.12,5437.68,2330.44,8562.32,697.0,41.64,80400,4 years,RENT,IN
LN002812,E,E4,major_purchase,36,20000.0,26.45,810.61,2021-09-29,2021-10-30,Current,21075.86,13699.31,7376.55,0.0,736.0,42.8,153500,10+ years,MORTGAGE,TX
LN000660,C,C5,car,36,14900.0,13.33,504.41,2021-06-13,2021-07-11,Fully Paid,17953.79,14900.0,3053.79,0.0,758.0,5.35,235000,5 years,MORTGAGE,ND
LN001795,B,B3,vacation,36,35700.0,11.88,1183.71,2023-02-01,2023-03-06,Current,39062.43,25390.58,13671.85,0.0,797.0,37.87,208100,10+ years,RENT,SC
LN002512,C,C2,major_purchase,60,7000.0,13.06,159.49,2021-11-01,2021-10-27,Late (31-120 days),478.47,334.93,143.54,0.0,598.0,11.17,127000,,MORTGAGE,MI
LN000187,C,C1,wedding,36,28800.0,15.79,1009.54,2023-08-01,2023-09-03,Charged Off,13427.49,9399.24,4028.25,19400.76,774.0,33.76,248700,2 years,OWN,WV
LN001148,E,E3,renewable_energy,60,2500.0,26.25,75.22,2022-09-13,2022-10-13,Charged Off,432.64,302.85,129.79,2197.15,581.0,31.71,235400,4 years,RENT,MO
LN003273,C,C2,renewable_energy,36,26900.0,13.96,918.86,2021-05-20,2021-06-21,Current,20214.92,13139.7,7075.22,0.0,717.0,19.55,184100,< 1 year,MORTGAGE,GA
LN000609,E,E4,moving,36,15700.0,25.8,630.89,2021-04-12,2021-05-12,Fully Paid,22427.14,15700.0,6727.14,0.0,614.0,12.92,99500,5 years,RENT,OR
LN002192,F,F3,credit_card,36,32900.0,28.88,1376.55,2022-07-02,2022-08-01,Current,15142.05,9842.33,5299.72,0.0,769.0,39.13,175300,1 year,MORTGAGE,NJ
LN002800,C,C1,major_purchase,36,6500.0,12.51,217.48,2021-08-16,2021-09-19,Charged Off,2083.27,1458.29,624.98,5041.71,646.0,15.15,203200,< 1 year,RENT,OH
LN001931,B,B4,home_improvement,60,20500.0,11.42,450.03,2023-03-27,2023-04-30,Default,450.03,315.02,135.01,0.0,715.0,12.74,135900,5 years,MORTGAGE,VA
LN003030,B,D5,renewable_energy,36,12400.0,9.5,397.21,2023-03-10,2023-04-11,Fully Paid,14423.52,12400.0,2023.52,0.0,699.0,32.67,235500,9 years,OWN,TN
LN000198,D,D2,car,60,23600.0,21.3,642.45,2021-02-25,2021-03-26,Late (31-120 days),1927.35,1349.14,578.2,0.0,772.0,9.93,182200,4 years,OWN,FL
LN002932,B,B4,car,60,26400.0,11.46,580.07,2021-12-21,2022-01-18,Charged Off,6475.13,4532.59,1942.54,21867.41,,39.29,155400,6 years,RENT,MS
LN002328,D,D4,wedding,36,,20.17,1147.31,2023-04-04,2023-05-09,Current,28682.75,18643.79,10038.96,0.0,670.0,101.1,122700,3 years,OWN,KY
LN000294,D,D4,small_business,60,,20.4,208.39,2021-10-14,2021-11-16,Current,6668.48,4334.51,2333.97,0.0,694.0,19.35,150100,5 years,RENT,TN
LN000767,B,B4,educational,60,25800.0,9.48,541.6,2022-04-25,2022-05-26,Late (31-120 days),4874.4,3412.08,1462.32,0.0,639.0,17.2,111300,1 year,MORTGAGE,GA
LN000401,C,C5,moving,36,7500.0,15.91,263.34,2022-04-29,2022-05-27,Fully Paid,9498.78,7500.0,1998.78,0.0,908.0,5.03,172100,1 year,RENT,AK
LN000123,F,F1,credit_card,36,16500.0,-28.16,683.93,2023-05-02,2023-06-04,Late (31-120 days),2735.72,1915.0,820.72,0.0,668.0,42.9,237500,10+ years,MORTGAGE,KY
LN003256,B,B3,major_purchase,36,27000.0,9.95,870.58,2022-03-01,2022-04-03,Late (31-120 days),7835.22,5484.65,2350.57,0.0,672.0,5.98,199500,,RENT,NC
LN000203,F,F2,moving,36,31000.0,30.04,1316.68,2023-07-18,2023-08-16,Fully Paid,47281.95,31000.0,16281.95,0.0,796.0,14.55,125100,,OWN,NJ
LN000836,D,D2,vacation,60,24700.0,20.53,661.7,2022-03-25,2022-04-23,Fully Paid,39413.54,24700.0,14713.54,0.0,819.0,10.34,158900,10+ years,MORTGAGE,WA
LN002295,D,D4,vacation,36,28800.0,17.76,1037.72,2021-11-15,2021-12-17,Fully Paid,36832.8,28800.0,8032.8,0.0,817.0,9.59,242400,1 year,RENT,NY
LN001440,F,F5,medical,36,20100.0,27.86,829.89,2023-06-09,2023-07-12,Current,3319.56,2157.71,1161.85,0.0,773.0,33.88,29800,8 years,MORTGAGE,IL
LN001734,B,B3,major_purchase,36,17500.0,9.11,557.39,2021-06-11,2021-07-16,Current,3901.73,2536.12,1365.61,0.0,580.0,10.56,173800,3 years,MORTGAGE,CA
LN001696,C,C2,renewable_energy,36,36000.0,14.25,1234.77,2021-02-19,2021-03-23,Current,27164.94,17657.21,9507.73,0.0,735.0,6.8,113600,10+ years,MORTGAGE,OK
LN001630,G,G3,medical,36,,34.78,780.43,2022-10-26,2022-11-30,Charged Off,3903.31,2732.32,1170.99,14567.68,697.0,9.92,57700,8 years,MORTGAGE,SD
LN001708,B,B3,medical,36,6100.0,9.17,194.46,2021-11-24,2021-12-24,Fully Paid,7005.33,6100.0,905.33,0.0,609.0,36.86,89800,2 years,MORTGAGE,MI
LN003493,D,D5,major_purchase,36,33700.0,20.91,1268.09,2022-12-05,2023-01-03,Fully Paid,46290.64,33700.0,12590.64,0.0,703.0,14.06,112200,10+ years,RENT,MO
LN001154,B,B2,medical,36,,8.88,682.49,2021-10-25,2021-11-23,charged off,3498.14,2448.7,1049.44,19051.3,810.0,41.31,66600,< 1 year,RENT,MO
LN001662,A,A5,small_business,36,,7.62,1068.83,2021-08-24,2021-09-21,Current,8550.64,5557.92,2992.72,0.0,670.0,41.45,82300,3 years,RENT,AK
LN002433,D,D5,credit_card,60,17000.0,17.96,431.32,2023-01-20,2023-02-19,Current,16390.16,10653.6,5736.56,0.0,747.0,6.02,63900,1 year,RENT,MA
LN003376,D,D2,wedding,60,31500.0,21.4,859.28,2022-04-01,2022-04-29,Fully Paid,52358.55,31500.0,20858.55,0.0,779.0,31.66,175500,7 years,MORTGAGE,NY
LN001760,B,B4,wedding,60,8300.0,9.29,173.46,2023-02-28,2023-04-01,Current,4336.5,2818.72,1517.77,0.0,766.0,37.15,113900,1 year,RENT,MO
LN000855,A,A3,vacation,60,35900.0,7.72,723.12,2023-10-05,2023-11-08,Charged Off,10050.38,7035.27,3015.11,28864.73,687.0,21.41,36800,6 years,RENT,SC
LN001590,A,A3,medical,60,22700.0,5.77,436.43,2023-10-27,2023-11-25,Current,24003.65,15602.37,8401.28,0.0,692.0,36.59,139000,7 years,OTHER,MT
LN002268,A,A3,small_business,36,15800.0,6.15,481.74,2023-07-30,2023-08-27,Late (31-120 days),4817.4,3372.18,1445.22,0.0,785.0,7.34,220300,4 years,OWN,NJ
LN000642,F,F2,wedding,36,,28.64,1626.69,2022-08-29,2022-10-03,Current,4880.07,3172.05,1708.02,0.0,688.0,32.08,80800,5 years,OWN,UT
LN000002,A,A2,educational,60,28900.0,6.26,562.22,2021-01-28,2021-03-04,Charged Off,14310.9,10017.63,4293.27,18882.37,581.0,35.35,90300,7 years,RENT,GA
LN002161,B,B4,educational,36,5900.0,11.65,194.98,2021-04-15,2021-05-14,Current,1169.88,760.42,409.46,0.0,813.0,33.05,177300,9 years,MORTGAGE,OH
LN000699,C,C3,credit_card,60,24400.0,14.21,570.41,2022-04-11,2022-05-11,Charged Off,3402.86,2382.0,1020.86,22018.0,691.0,20.26,204100,7 years,MORTGAGE,CT
LN002390,A,A4,credit_card,60,10100.0,5.25,191.76,2022-05-16,2022-06-14,Current,6136.32,3988.61,2147.71,0.0,802.0,242.32,107900,9 years,OTHER,MS
LN003000,E,E5,renewable_energy,60,,26.44,126.85,2022-06-09,2022-07-09,Charged Off,318.45,222.91,95.53,3977.09,766.0,39.62,176300,2 years,MORTGAGE,MO
LN001637,B,B2,medical,60,26300.0,10.81,569.34,2022-02-10,2022-03-12,Late (31-120 days),569.34,398.54,170.8,0.0,784.0,124.13,160700,9 years,MORTGAGE,MI
LN003185,E,E1,vacation,60,27100.0,-22.88,762.09,2022-02-12,2022-03-15,Current,26673.15,17337.55,9335.6,0.0,652.0,43.75,211200,9 years,MORTGAGE,KS
LN001292,A,A2,home_improvement,60,21700.0,7.15,431.22,2022-01-18,2022-02-20,Late (31-120 days),2587.32,1811.12,776.2,0.0,789.0,41.8,134700,7 years,RENT,ID
LN003426,A,A3,moving,36,14900.0,7.01,460.14,2023-05-27,2023-06-26,Fully Paid,16399.42,14900.0,1499.42,0.0,812.0,15.58,67300,10+ years,RENT,AZ
LN002490,C,C3,renewable_energy,60,34700.0,15.7,838.32,2021-04-15,2021-05-20,Current,30179.52,19616.69,10562.83,0.0,638.0,10.31,84400,10+ years,RENT,AK
LN001521,B,B5,car,60,25300.0,10.63,545.43,2021-10-01,2021-11-04,Late (31-120 days),6545.16,4581.61,1963.55,0.0,587.0,36.89,236700,10+ years,OWN,MT
LN001854,D,D1,renewable_energy,60,25500.0,21.95,703.56,2023-03-17,2023-04-20,Current,22513.92,14634.05,7879.87,0.0,771.0,25.41,150400,7 years,OWN,ID
LN001137,D,D5,small_business,36,3000.0,17.58,107.83,2022-03-15,2022-04-16,Late (31-120 days),107.83,75.48,32.35,0.0,783.0,26.11,208200,9 years,RENT,KS
LN003305,D,D2,credit_card,36,27000.0,19.41,995.32,2023-09-19,2023-10-17,Fully Paid,35482.06,27000.0,8482.06,0.0,597.0,38.07,50200,4 years,MORTGAGE,VT
LN003477,E,E5,small_business,60,5300.0,23.91,152.19,2022-09-11,2022-10-10,Fully Paid,9281.4,5300.0,3981.4,0.0,671.0,15.1,38500,6 years,OWN,MO
LN001632,C,C5,vacation,36,1300.0,14.0,44.43,2023-02-25,2023-04-01,Fully Paid,1579.37,1300.0,279.37,0.0,642.0,44.75,220800,10+ years,MORTGAGE,CO
LN001999,C,C3,vacation,36,35400.0,15.47,1235.32,2021-12-17,2022-01-20,Fully Paid,43848.67,35400.0,8448.67,0.0,724.0,36.61,87100,2 years,MORTGAGE,IN
LN000664,B,B5,moving,36,23600.0,9.27,753.44,2021-05-10,2021-06-11,Fully Paid,27264.67,23600.0,3664.67,0.0,799.0,35.12,88700,5 years,MORTGAGE,NV
LN000684,F,F5,credit_card,36,8600.0,27.59,353.82,2021-03-24,2021-04-27,Charged Off,4539.48,3177.64,1361.84,5422.36,589.0,16.6,87000,7 years,RENT,SD
LN001258,F,F3,medical,60,1600.0,27.64,49.47,2022-12-15,2023-01-13,Charged Off,709.34,496.54,212.8,1103.46,681.0,22.62,231900,3 years,MORTGAGE,NV
LN003390,B,B1,vacation,36,24400.0,11.82,808.33,2021-04-25,2021-05-24,Current,15358.27,9982.88,5375.39,0.0,585.0,33.91,167900,7 years,RENT,LA
LN000318,B,B1,car,60,18500.0,8.77,381.97,2022-11-11,2022-12-11,Charged Off,4522.25,3165.57,1356.67,15334.43,808.0,27.95,99800,10+ years,MORTGAGE,IL
LN000649,B,B3,debt_consolidation,36,11100.0,11.82,367.73,2022-05-29,2022-06-30,Fully Paid,13232.49,11100.0,2132.49,0.0,706.0,36.99,77100,3 years,MORTGAGE,MT
LN001435,D,D5,major_purchase,60,7400.0,21.73,203.25,2023-04-25,2023-05-24,Current,1219.5,792.68,426.82,0.0,625.0,10.74,205600,8 years,OWN,OH
LN001480,E,E3,home_improvement,60,10600.0,25.36,313.37,2023-06-19,2023-07-17,Fully Paid,18579.17,10600.0,7979.17,0.0,775.0,14.57,194100,4 years,OWN,MO
LN000710,F,F2,wedding,36,2100.0,29.57,88.65,2021-05-17,2021-06-16,FULLY PAID,3174.15,2100.0,1074.15,0.0,810.0,173.66,159100,1 year,RENT,VT
LN001283,E,E5,major_purchase,60,1200.0,26.81,36.51,2023-01-13,2023-02-14,Late (31-120 days),401.61,281.13,120.48,0.0,602.0,40.09,152900,6 years,RENT,ME
LN001769,F,F2,debt_consolidation,36,15000.0,30.17,638.17,2021-11-22,2021-12-20,Current,15954.25,10370.26,5583.99,0.0,621.0,33.01,185900,3 years,OWN,IA
LN000973,B,B3,educational,60,35700.0,11.86,791.6,2023-06-21,2023-07-23,Current,18206.8,11834.42,6372.38,0.0,695.0,19.32,221700,4 years,RENT,NY
LN002676,A,A3,moving,36,17600.0,5.35,530.26,2023-02-07,2023-03-10,Current,4772.34,3102.02,1670.32,0.0,599.0,37.51,233600,4 years,RENT,NH
LN002681,C,C3,home_improvement,60,34500.0,15.87,836.59,2023-02-28,2023-03-28,Current,46012.45,29908.09,16104.36,0.0,713.0,19.61,67600,8 years,RENT,DE
LN001307,A,A3,home_improvement,36,39400.0,6.65,1210.26,2022-12-08,2023-01-07,Fully Paid,43918.65,39400.0,4518.65,0.0,623.0,8.96,95000,< 1 year,MORTGAGE,ND
LN001401,A,A5,medical,60,26600.0,6.83,524.58,2021-11-26,2021-12-30,Current,30950.22,20117.64,10832.58,0.0,632.0,13.58,223100,4 years,MORTGAGE,NC
LN001409,E,E4,car,36,16500.0,22.78,636.82,2021-01-18,2021-02-22,Charged Off,4421.94,3095.36,1326.58,13404.64,585.0,27.5,212300,3 years,MORTGAGE,KY
LN003297,A,A2,vacation,60,34800.0,5.0,656.72,2022-02-22,2022-03-24,Fully Paid,38820.33,34800.0,4020.33,0.0,754.0,19.76,133200,10+ years,RENT,DE
LN002238,B,B4,wedding,36,2800.0,10.25,90.68,2022-03-01,2022-03-29,Charged Off,1509.53,1056.67,452.86,1743.33,711.0,14.38,231600,3 years,RENT,VT
LN003303,C,C1,car,36,33000.0,15.17,1146.7,2022-03-24,2022-03-22,Fully Paid,41291.54,33000.0,8291.54,0.0,740.0,42.46,120300,< 1 year,OTHER,WV
LN001497,F,F5,home_improvement,60,28000.0,29.57,898.51,2021-03-24,2021-04-27,Charged Off,16693.32,11685.32,5008.0,16314.68,683.0,15.39,32400,3 years,RENT,CT
LN002039,E,E1,wedding,36,,26.2,553.44,2021-10-21,2021-11-23,Late (31-120 days),3320.64,2324.45,996.19,0.0,763.0,34.72,152000,6 years,RENT,WI
LN001530,E,E2,small_business,60,,25.1,594.08,2023-12-27,2023-12-21,Current,18416.48,11970.71,6445.77,0.0,620.0,27.53,206600,,RENT,OK
LN001664,D,D1,moving,60,38700.0,18.34,989.9,2021-02-25,2021-03-27,Fully Paid,59396.04,38700.0,20696.04,0.0,773.0,33.96,156000,9 years,OWN,MT
LN001355,C,C4,small_business,60,29800.0,15.06,709.88,2023-05-27,2023-06-28,Charged Off,13142.74,9199.92,3942.82,20600.08,132.0,10.61,215100,4 years,RENT,TX
LN000726,D,D5,renewable_energy,36,24600.0,21.38,931.61,2023-12-30,2024-01-28,Fully Paid,34066.65,24600.0,9466.65,0.0,627.0,15.67,220000,,OWN,KY
LN000853,A,A2,educational,60,,6.23,565.7,2021-03-16,2021-04-16,Fully Paid,34076.75,29100.0,4976.75,0.0,661.0,35.82,68200,7 years,MORTGAGE,SD
LN001644,D,D3,wedding,36,17100.0,19.98,635.32,2021-11-14,2021-12-15,Fully Paid,23260.62,17100.0,6160.62,0.0,730.0,32.96,223400,8 years,MORTGAGE,VA
LN001052,G,G2,car,36,37500.0,33.76,1670.14,2023-08-07,2023-09-08,Fully Paid,60755.41,37500.0,23255.41,0.0,630.0,8.73,182200,3 years,RENT,AZ
LN000796,C,C2,small_business,60,15900.0,15.17,379.68,2023-05-15,2023-06-19,Current,10631.04,6910.18,3720.86,0.0,,19.29,222000,3 years,RENT,WI
LN002694,D,D5,home_improvement,36,30500.0,17.85,1100.35,2021-03-26,2021-04-28,Charged Off,4495.74,3147.02,1348.72,27352.98,733.0,36.66,143500,4 years,MORTGAGE,TX
LN003061,A,A2,renewable_energy,36,30100.0,6.22,918.7,2021-09-05,2021-10-06,Charged Off,10422.92,7296.04,3126.88,22803.96,783.0,13.91,50600,4 years,OWN,CA
LN001598,F,F5,credit_card,36,7000.0,27.57,287.92,2022-08-07,2022-09-11,Fully Paid,10531.43,7000.0,3531.43,0.0,795.0,26.74,79200,,MORTGAGE,NV
LN002605,A,A1,debt_consolidation,60,39900.0,5.16,755.89,2021-10-31,2021-12-05,Fully Paid,46130.5,39900.0,6230.5,0.0,738.0,26.65,234400,10+ years,MORTGAGE,DE
LN002730,F,F3,small_business,60,37400.0,29.44,1197.18,2021-03-17,2021-04-16,Late (31-120 days),7183.08,5028.16,2154.92,0.0,609.0,36.88,221700,7 years,MORTGAGE,NE
LN002626,B,B3,medical,36,38800.0,11.03,1270.81,2022-08-01,2022-08-30,Late (31-120 days),3812.43,2668.7,1143.73,0.0,677.0,29.97,154000,4 years,RENT,AR
LN001820,C,C4,moving,60,26100.0,13.9,605.95,2021-04-08,2021-05-13,Default,6665.45,4665.81,1999.63,0.0,639.0,30.7,82800,,RENT,CT
LN003158,E,E3,wedding,60,23200.0,25.15,682.99,2021-08-20,2021-09-23,Current,25270.63,16425.91,8844.72,0.0,760.0,36.26,72200,,MORTGAGE,ND
LN003315,D,D3,educational,36,14100.0,20.11,524.8,2021-10-27,2021-11-29,Fully Paid,18659.83,14100.0,4559.83,0.0,761.0,18.23,43000,1 year,OWN,TN
LN001723,A,A4,credit_card,36,30200.0,5.08,906.21,2022-06-04,2022-07-08,Current,16311.78,10602.66,5709.12,0.0,725.0,29.07,38800,8 years,RENT,IA
LN001184,B,B3,major_purchase,36,,9.21,883.56,2023-08-01,2023-09-04,Charged Off,4160.04,2912.03,1248.01,24787.97,605.0,16.36,141400,10+ years,OWN,MO
LN002573,E,E5,vacation,36,4700.0,23.91,184.17,2022-04-08,2022-05-13,Fully Paid,6661.63,4700.0,1961.63,0.0,609.0,23.61,48900,10+ years,MORTGAGE,NH
LN001060,A,A1,home_improvement,36,26200.0,7.69,817.27,2022-06-21,2022-07-21,Default,817.27,572.09,245.18,0.0,700.0,12.1,79600,,MORTGAGE,UT
LN000541,B,B5,vacation,36,28300.0,10.62,921.42,2023-06-16,2023-07-20,Charged Off,9064.78,6345.35,2719.43,21954.65,819.0,5.93,204000,2 years,RENT,ND
LN003243,D,D2,major_purchase,36,27800.0,19.52,1026.36,2021-06-14,2021-07-19,Current,12316.32,8005.61,4310.71,0.0,808.0,25.62,115500,3 years,MORTGAGE,TN
LN001679,F,F2,moving,36,15300.0,28.55,637.42,2022-08-29,2022-09-30,Fully Paid,22955.47,15300.0,7655.47,0.0,633.0,223.64,56200,3 years,RENT,NM
LN002797,F,F2,major_purchase,60,28800.0,30.92,948.12,2022-03-21,2022-04-25,Fully Paid,57401.91,28800.0,28601.91,0.0,629.0,19.03,192900,3 years,MORTGAGE,NE
LN003466,B,B1,home_improvement,36,,10.19,459.46,2021-05-23,2021-06-26,Current,11945.96,7764.87,4181.09,0.0,641.0,37.18,96300,1 year,MORTGAGE,WY
LN002533,E,E4,home_improvement,36,22700.0,26.7,923.08,2022-09-12,2022-10-14,Current,26769.32,17400.06,9369.26,0.0,760.0,42.96,105200,4 years,MORTGAGE,OH
LN001758,C,C1,wedding,36,13400.0,13.35,453.76,2022-01-23,2022-02-23,Charged Off,4260.76,2982.53,1278.23,10417.47,734.0,7.47,48800,7 years,RENT,PA
LN001924,D,D2,moving,36,14200.0,21.33,537.39,2022-05-15,2022-06-15,Fully Paid,19503.58,14200.0,5303.58,0.0,789.0,11.92,89300,1 year,MORTGAGE,MS
LN000096,C,C3,moving,36,24600.0,14.31,844.48,2022-02-22,2022-03-22,Fully Paid,30142.35,24600.0,5542.35,0.0,745.0,39.57,61900,6 years,OWN,NJ
LN001021,C,F2,renewable_energy,60,,13.95,767.0,2021-08-15,2021-09-15,Current,22243.0,14457.95,7785.05,0.0,595.0,35.09,42500,10+ years,MORTGAGE,AK
LN000564,D,D4,wedding,60,30600.0,19.83,807.82,2022-01-09,2022-01-06,Current,23426.78,15227.41,8199.37,0.0,664.0,11.49,211000,10+ years,MORTGAGE,NY
LN003313,F,F2,car,36,35400.0,27.56,1455.87,2022-11-26,2022-12-27,Current,13102.83,8516.84,4585.99,0.0,777.0,237.64,135100,9 years,RENT,RI
LN002791,D,D2,wedding,36,9100.0,19.41,335.46,2021-08-10,2021-09-09,Current,7715.58,5015.13,2700.45,0.0,728.0,34.97,185700,5 years,OWN,AR
LN000864,A,A3,vacation,60,35400.0,5.88,682.41,2023-09-16,2023-10-16,Fully Paid,40604.49,35400.0,5204.49,0.0,678.0,15.29,118300,< 1 year,RENT,MD
LN001485,A,A4,credit_card,60,33300.0,7.92,673.93,2021-12-02,2022-01-04,Charged Off,6918.93,4843.25,2075.68,28456.75,801.0,40.69,71800,10+ years,RENT,RI
LN002940,D,D3,medical,60,3300.0,17.28,82.51,2022-02-13,2022-03-20,Current,2310.28,1501.68,808.6,0.0,785.0,9.1,170300,2 years,OWN,WY
LN001882,B,B3,moving,60,14800.0,9.04,307.51,2022-07-04,2022-08-01,Fully Paid,18287.87,14800.0,3487.87,0.0,786.0,38.47,175600,< 1 year,MORTGAGE,XX
LN001039,C,C2,medical,60,34000.0,14.57,801.2,2021-07-10,2021-08-10,Current,21632.4,14061.06,7571.34,0.0,673.0,6.92,118600,1 year,MORTGAGE,CO
LN000207,E,E1,medical,36,19600.0,24.22,771.23,2022-03-15,2022-04-14,Fully Paid,28275.52,19600.0,8675.52,0.0,589.0,27.11,196700,2 years,RENT,WA
LN000393,C,C1,home_improvement,36,35500.0,12.7,1191.01,2021-11-26,2021-12-30,Fully Paid,42750.24,35500.0,7250.24,0.0,625.0,33.19,207600,6 years,RENT,IL
LN002843,B,E2,small_business,36,40000.0,-11.63,1321.51,2023-06-27,2023-07-25,Current,39645.3,25769.45,13875.85,0.0,757.0,9.96,169300,2 years,RENT,MN
LN000871,B,B1,wedding,36,6700.0,11.02,219.41,2022-09-12,2022-10-17,Current,3291.15,2139.25,1151.9,0.0,730.0,37.23,211800,10+ years,RENT,NE
LN000398,C,C2,home_improvement,60,,15.46,117.76,2022-09-27,2022-11-01,Fully Paid,7092.75,4900.0,2192.75,0.0,663.0,27.2,207300,2 years,MORTGAGE,CA
LN002815,D,D4,car,36,30100.0,19.5,1110.97,2023-01-11,2023-02-15,Charged Off,6900.33,4830.23,2070.1,25269.77,665.0,44.04,47600,7 years,RENT,MS
LN003455,D,D5,credit_card,60,31500.0,18.9,815.4,2022-04-01,2022-05-05,Charged Off,8608.48,6025.94,2582.54,25474.06,769.0,12.35,105800,4 years,OTHER,OR
LN003290,A,A2,medical,36,2400.0,6.15,73.18,2023-08-06,2023-09-10,Current,1536.78,998.91,537.87,0.0,815.0,44.47,42300,10+ years,MORTGAGE,LA
LN001029,G,G5,car,36,10600.0,35.25,481.0,2021-06-08,2021-07-10,Late (31-120 days),3848.0,2693.6,1154.4,0.0,819.0,44.63,138400,5 years,OWN,LA
LN002691,B,B5,medical,36,1100.0,8.68,34.82,2021-03-11,2021-04-11,Fully Paid,1239.71,1100.0,139.71,0.0,631.0,41.18,89900,5 years,OWN,IL
LN001486,A,A1,small_business,36,2200.0,5.16,66.09,2022-10-22,2022-11-21,Charged Off,742.07,519.45,222.62,1680.55,697.0,8.47,61700,8 years,MORTGAGE,ID
LN002661,A,A4,debt_consolidation,36,6400.0,6.69,196.71,2023-01-16,2023-02-18,Current,5704.59,3707.98,1996.61,0.0,588.0,33.22,226800,5 years,OTHER,NH
LN000961,C,C1,vacation,60,30000.0,13.88,696.18,2023-01-06,2023-02-08,Default,4177.08,2923.96,1253.12,0.0,597.0,12.09,147900,7 years,MORTGAGE,DE
LN001571,C,C2,home_improvement,60,22500.0,14.14,525.17,2023-11-30,2024-01-04,Late (31-120 days),5776.87,4043.81,1733.06,0.0,651.0,36.04,31600,9 years,OWN,TN
LN002774,B,B3,wedding,36,4300.0,8.9,136.54,2021-04-03,2021-05-06,Current,1911.56,1242.51,669.05,0.0,,43.11,161000,10+ years,RENT,SC
LN001896,B,B3,debt_consolidation,60,,10.4,105.08,2022-08-24,2022-09-27,Late (31-120 days),1155.88,809.12,346.76,0.0,604.0,192.67,144800,3 years,MORTGAGE,UT
LN002732,A,A5,educational,60,19100.0,6.94,377.66,2021-11-05,2021-12-03,Current,17750.02,11537.51,6212.51,0.0,786.0,24.82,74300,6 years,RENT,MT
LN002147,C,C2,car,60,4600.0,15.33,110.23,2022-12-17,2023-01-20,Fully Paid,6597.28,4600.0,1997.28,0.0,580.0,18.66,226800,< 1 year,OWN,NV
LN000805,A,A3,vacation,36,14500.0,7.91,453.78,2022-06-20,2022-07-25,Fully Paid,16290.03,14500.0,1790.03,0.0,636.0,121.48,139000,5 years,MORTGAGE,OH
LN001752,D,D3,credit_card,60,18500.0,18.23,472.1,2022-12-26,2023-01-29,Current,10858.3,7057.89,3800.4,0.0,716.0,18.52,212800,3 years,MORTGAGE,AK
LN002455,D,B3,small_business,36,16900.0,20.32,630.82,2023-02-26,2023-03-30,Fully Paid,22441.48,16900.0,5541.48,0.0,658.0,10.19,42700,4 years,RENT,AZ
LN000503,A,A3,home_improvement,60,,5.35,443.45,2022-03-08,2022-04-12,Fully Paid,26454.3,23300.0,3154.3,0.0,761.0,27.43,212400,5 years,MORTGAGE,GA
LN003120,G,G4,medical,60,38500.0,34.68,1358.5,2023-10-09,2023-11-09,CURRENT,23094.5,15011.43,8083.07,0.0,723.0,41.05,143500,< 1 year,MORTGAGE,SD
LN003105,C,C3,credit_card,60,39000.0,14.81,923.92,2022-03-01,2022-03-31,Fully Paid,56330.16,39000.0,17330.16,0.0,701.0,30.36,33500,3 years,RENT,MT
LN002978,A,A1,home_improvement,60,13400.0,7.94,271.32,2023-12-11,2024-01-14,Charged Off,2055.62,1438.93,616.69,11961.07,616.0,37.38,85600,2 years,MORTGAGE,MS
LN000780,E,E5,debt_consolidation,60,34700.0,24.86,1015.64,2021-05-09,2021-06-13,Fully Paid,60195.01,34700.0,25495.01,0.0,727.0,16.72,124900,3 years,MORTGAGE,MS
LN001864,E,E5,home_improvement,60,8400.0,26.01,251.55,2023-01-03,2023-02-01,Current,3270.15,2125.6,1144.55,0.0,703.0,42.4,182000,3 years,RENT,CA
LN000201,B,B5,car,36,35900.0,9.1,1143.28,2023-11-27,2024-01-01,Default,2286.56,1600.59,685.97,0.0,584.0,28.49,30600,,RENT,AR
LN002183,C,C2,wedding,60,24400.0,15.1,581.76,2021-09-21,2021-10-23,Fully Paid,34787.72,24400.0,10387.72,0.0,722.0,26.5,53300,4 years,MORTGAGE,SD
LN003100,E,E2,small_business,60,25400.0,23.89,729.09,2023-07-02,2023-08-02,Fully Paid,43975.97,25400.0,18575.97,0.0,687.0,21.59,122800,2 years,RENT,MO
LN002089,C,C2,debt_consolidation,36,39400.0,12.83,1324.32,2023-01-20,2023-02-23,Current,13243.2,8608.08,4635.12,0.0,703.0,20.38,116400,9 years,RENT,NE
LN003066,A,A1,major_purchase,60,39000.0,7.94,789.66,2021-04-04,2021-05-04,Fully Paid,47717.59,39000.0,8717.59,0.0,645.0,29.92,221400,5 years,MORTGAGE,VT
LN002279,C,C1,renewable_energy,36,5100.0,16.1,179.55,2022-06-22,2022-07-22,Current,3052.35,1984.03,1068.32,0.0,803.0,32.18,115700,2 years,RENT,MN
LN001797,A,A5,educational,60,27800.0,7.56,557.85,2022-11-05,2022-12-06,Fully Paid,33157.73,27800.0,5357.73,0.0,584.0,29.6,175100,1 year,MORTGAGE,ME
LN000379,B,B1,debt_consolidation,36,10100.0,-9.06,321.46,2021-12-10,2022-01-11,Current,4500.44,2925.29,1575.15,0.0,696.0,34.97,172500,10+ years,RENT,MD
LN002337,A,A2,debt_consolidation,36,,5.75,436.45,2022-05-03,2022-06-05,Charged Off,5909.98,4136.99,1772.99,10263.01,649.0,33.23,218700,5 years,RENT,MI
LN000419,D,D4,educational,36,2700.0,17.36,96.75,2023-07-19,2023-08-20,Current,387.0,251.55,135.45,0.0,809.0,24.91,25300,10+ years,MORTGAGE,LA
LN001699,B,B4,small_business,36,11100.0,9.02,353.08,2022-06-03,2022-07-02,Fully Paid,12810.88,11100.0,1710.88,0.0,730.0,23.32,236700,,MORTGAGE,IN
LN000392,B,B1,wedding,36,6200.0,9.22,197.79,2022-11-05,2022-12-08,Charged Off,1234.29,864.0,370.29,5336.0,760.0,37.16,125200,2 years,RENT,MI
LN002641,G,G2,home_improvement,36,,35.72,912.89,2021-02-13,2021-03-15,Fully Paid,33004.69,20000.0,13004.69,0.0,597.0,28.74,58300,10+ years,MORTGAGE,NV
LN001523,A,A3,wedding,60,,7.85,462.69,2023-03-16,2023-04-13,Fully Paid,27963.29,22900.0,5063.29,0.0,768.0,17.87,209400,< 1 year,OWN,RI
LN001163,F,F3,car,36,38500.0,27.79,1588.13,2023-01-13,2023-02-12,Fully Paid,57334.18,38500.0,18834.18,0.0,663.0,27.71,212000,8 years,MORTGAGE,OK
LN003135,E,E5,educational,36,30000.0,23.0,1161.29,2021-02-12,2021-03-13,Fully Paid,41789.86,30000.0,11789.86,0.0,645.0,28.23,220400,2 years,MORTGAGE,NE
LN001496,D,D2,moving,36,28100.0,17.73,1012.08,2023-11-04,2023-12-05,Fully Paid,36680.73,28100.0,8580.73,0.0,639.0,17.27,163100,7 years,MORTGAGE,NC
LN002696,D,D4,small_business,60,27300.0,21.13,740.55,2022-01-29,2022-03-02,Current,33324.75,21661.09,11663.66,0.0,707.0,16.25,58000,7 years,OWN,KS
LN002028,B,B1,small_business,36,17800.0,9.97,574.11,2023-11-25,2023-11-17,Current,4018.77,2612.2,1406.57,0.0,713.0,15.64,116200,2 years,RENT,ND
LN001153,C,C5,credit_card,60,,12.59,324.63,2023-01-08,2023-02-09,Fully Paid,19240.38,14400.0,4840.38,0.0,631.0,23.15,61500,10+ years,MORTGAGE,MA
LN001368,B,B1,credit_card,36,28700.0,10.43,931.87,2021-06-11,2021-07-09,Late (31-120 days),4659.35,3261.55,1397.81,0.0,807.0,12.34,191800,1 year,MORTGAGE,FL
LN002569,E,E2,debt_consolidation,36,8800.0,23.58,343.31,2021-01-11,2021-02-09,Fully Paid,12218.88,8800.0,3418.88,0.0,817.0,12.79,186700,7 years,MORTGAGE,UT
LN000065,G,G1,vacation,60,14500.0,33.35,499.39,2023-07-12,2023-08-15,Current,28465.23,18502.4,9962.83,0.0,664.0,39.09,243500,4 years,RENT,VA
LN002063,F,F1,moving,36,8800.0,29.02,368.87,2022-02-21,2022-03-27,Current,3688.7,2397.65,1291.04,0.0,815.0,15.54,74700,6 years,RENT,OR
LN001181,C,C3,home_improvement,36,,13.85,1265.29,2023-07-01,2023-08-03,Default,13918.19,9742.73,4175.46,0.0,651.0,26.65,164000,8 years,OWN,MS
LN003113,C,C5,major_purchase,36,4500.0,-14.47,154.83,2022-07-26,2022-08-27,Current,1393.47,905.76,487.71,0.0,679.0,14.89,208900,6 years,RENT,OK
LN000493,E,E2,renewable_energy,36,33800.0,23.11,1310.33,2022-04-22,2022-05-26,Fully Paid,46804.97,33800.0,13004.97,0.0,727.0,8.29,89600,2 years,MORTGAGE,WY
LN000380,B,B4,credit_card,60,29100.0,8.73,600.26,2023-07-17,2023-08-21,Fully Paid,36295.97,29100.0,7195.97,0.0,650.0,18.17,194400,5 years,MORTGAGE,SC
LN002236,E,E5,medical,60,34100.0,26.99,1041.05,2022-02-26,2022-04-02,Fully Paid,61981.88,34100.0,27881.88,0.0,774.0,38.01,241900,1 year,RENT,VA
LN000764,B,B1,wedding,36,22100.0,11.12,724.78,2021-08-11,2021-09-08,Default,724.78,507.35,217.43,0.0,293.0,33.79,48200,< 1 year,RENT,ID
LN002265,C,C4,small_business,36,14500.0,13.92,495.01,2021-12-27,2022-01-30,Charged Off,5661.28,3962.9,1698.38,10537.1,708.0,6.62,89600,8 years,RENT,KS
LN000792,A,A2,small_business,60,6900.0,7.91,139.61,2022-07-11,2022-08-09,Current,2373.37,1542.69,830.68,0.0,766.0,7.97,89100,5 years,RENT,SD
LN001077,G,G1,small_business,60,6800.0,35.06,241.6,2022-12-14,2023-01-16,Fully Paid,14650.24,6800.0,7850.24,0.0,779.0,26.38,234200,1 year,MORTGAGE,LA
LN000879,C,C5,vacation,60,,15.62,79.58,2021-06-06,2021-07-10,Current,3819.84,2482.9,1336.94,0.0,704.0,14.99,178600,< 1 year,RENT,MI
LN000338,F,F3,car,60,7200.0,31.4,239.17,2023-06-13,2023-07-14,Fully Paid,14622.84,7200.0,7422.84,0.0,643.0,34.5,38700,2 years,MORTGAGE,CT
LN002768,A,A3,medical,36,32500.0,5.39,979.76,2023-10-05,2023-11-06,fully paid,35814.64,32500.0,3314.64,0.0,706.0,24.08,99300,5 years,RENT,NH
LN002344,A,A4,moving,60,26900.0,5.73,516.68,2021-04-25,2021-05-29,Current,9816.92,6381.0,3435.92,0.0,642.0,34.57,58800,4 years,MORTGAGE,MA
LN001017,B,B4,moving,60,8000.0,8.92,165.76,2021-05-18,2021-06-17,Fully Paid,9821.0,8000.0,1821.0,0.0,630.0,22.84,248600,4 years,RENT,CA
LN001276,C,C4,wedding,36,4800.0,12.89,161.48,2022-03-24,2022-04-23,Fully Paid,5838.52,4800.0,1038.52,0.0,731.0,21.11,81400,4 years,RENT,GA
LN000456,A,A3,wedding,36,29600.0,7.22,916.94,2022-11-29,2022-12-30,Fully paid,32352.87,29600.0,2752.87,0.0,647.0,17.01,218500,1 year,MORTGAGE,ME
LN003343,D,D2,credit_card,36,11300.0,17.11,403.49,2023-06-21,2023-07-19,Charged Off,4299.74,3009.82,1289.92,8290.18,606.0,29.72,144300,8 years,MORTGAGE,ND
LN000816,E,E3,wedding,60,,25.22,922.74,2021-09-13,2021-10-18,Fully Paid,54263.03,31300.0,22963.03,0.0,639.0,44.56,62400,10+ years,MORTGAGE,GA
LN002318,B,B5,debt_consolidation,60,34400.0,10.41,737.86,2022-11-30,2023-01-01,Fully Paid,44779.17,34400.0,10379.17,0.0,,10.21,107100,6 years,RENT,NY
LN000996,C,C5,small_business,60,35100.0,15.93,852.26,2021-02-05,2021-03-08,Fully Paid,50332.28,35100.0,15232.28,0.0,580.0,39.11,45400,10+ years,MORTGAGE,AL
LN001982,F,F4,small_business,36,25700.0,27.68,1058.61,2021-02-06,2021-03-06,Default,11644.71,8151.3,3493.41,0.0,750.0,24.33,69400,10+ years,RENT,NJ
LN000202,F,F4,moving,36,37400.0,29.5,1577.46,2023-10-11,2023-11-14,Charged Off,10144.85,7101.39,3043.45,30298.61,743.0,26.46,87500,3 years,RENT,NC
LN000162,B,B2,debt_consolidation,36,24300.0,9.81,781.93,2022-11-22,2022-12-27,Current,3127.72,2033.02,1094.7,0.0,581.0,26.29,193400,< 1 year,OWN,LA
LN001580,E,E2,debt_consolidation,60,36500.0,25.55,1083.12,2023-11-24,2023-12-23,Charged Off,12640.95,8848.66,3792.28,27651.34,686.0,23.86,27200,4 years,RENT,TN
LN002778,E,E5,educational,36,6000.0,25.35,239.67,2021-03-23,2021-04-20,Current,719.01,467.36,251.65,0.0,580.0,33.53,169600,5 years,OWN,ID
LN002450,E,E5,medical,36,16700.0,25.54,668.77,2023-04-28,2023-05-31,Current,6687.7,4347.01,2340.69,0.0,598.0,41.13,205700,8 years,MORTGAGE,NV
LN000703,A,A1,home_improvement,60,27500.0,7.46,550.52,2023-06-24,2023-07-27,Fully Paid,33637.87,27500.0,6137.87,0.0,690.0,14.67,185300,2 years,MORTGAGE,AR
LN001501,B,B4,educational,36,24800.0,11.17,813.92,2023-01-14,2023-02-17,Fully Paid,29593.21,24800.0,4793.21,0.0,806.0,30.21,183900,10+ years,RENT,MN
LN001130,B,B4,major_purchase,36,,10.24,1194.82,2021-07-17,2021-08-18,CURRENT,11948.2,7766.33,4181.87,0.0,765.0,41.32,26200,10+ years,MORTGAGE,MT
LN002614,D,D3,car,36,18200.0,17.79,656.06,2021-11-27,2021-12-29,Current,21649.98,14072.49,7577.49,0.0,777.0,23.13,160500,< 1 year,OWN,NE
LN003462,A,A4,moving,36,8200.0,7.07,253.45,2021-02-01,2021-03-03,Fully Paid,9278.6,8200.0,1078.6,0.0,614.0,27.78,129300,3 years,MORTGAGE,AZ
LN001022,A,A3,car,36,12500.0,7.25,387.39,2021-08-25,2021-09-24,Charged Off,7152.04,5006.43,2145.61,7493.57,710.0,40.55,89400,2 years,OWN,NY
LN003074,B,B3,educational,36,30400.0,11.6,1003.92,2022-04-03,2022-05-06,Late (31-120 days),3011.76,2108.23,903.53,0.0,721.0,5.26,105800,10+ years,RENT,AL
LN003460,B,B4,educational,36,35400.0,10.98,1158.62,2022-02-20,2022-03-23,Fully Paid,41609.37,35400.0,6209.37,0.0,599.0,29.22,51400,10+ years,RENT,IL
LN001586,A,A1,medical,60,,5.17,460.47,2021-06-30,2021-07-30,Default,3223.29,2256.3,966.99,0.0,629.0,31.9,133300,3 years,RENT,RI
LN001956,F,F3,car,36,27200.0,28.57,1133.48,2022-01-16,2022-02-19,Fully Paid,40905.14,27200.0,13705.14,0.0,778.0,38.29,221800,10+ years,RENT,OR
LN003153,A,A4,major_purchase,36,19600.0,5.96,595.91,2023-06-23,2023-07-25,Charged Off,3267.39,2287.17,980.22,17312.83,618.0,27.21,29400,7 years,MORTGAGE,TX
LN002254,B,B4,medical,60,26300.0,9.96,558.28,2021-10-03,2021-11-01,Current,31263.68,20321.39,10942.29,0.0,725.0,28.08,242800,4 years,RENT,PA
LN000035,F,F4,vacation,36,13600.0,30.86,583.77,2022-02-19,2022-03-23,Current,19848.18,12901.32,6946.86,0.0,740.0,14.57,205100,< 1 year,RENT,LA
LN000776,B,B3,small_business,36,19000.0,10.39,616.56,2021-04-12,2021-05-10,CURRENT,15414.0,10019.1,5394.9,0.0,607.0,8.1,206700,1 year,RENT,IN
LN002557,A,A5,vacation,36,4900.0,5.66,148.31,2021-07-01,2021-08-05,Fully Paid,5358.45,4900.0,458.45,0.0,616.0,9.87,107000,4 years,MORTGAGE,MD
LN003500,A,A1,vacation,36,23300.0,7.51,724.88,2021-09-21,2021-10-21,Fully Paid,25745.2,23300.0,2445.2,0.0,653.0,21.72,65400,10+ years,RENT,MS
LN001479,A,A1,educational,60,23800.0,5.25,451.87,2022-10-22,2022-11-20,charged off,2304.78,1613.35,691.43,22186.65,603.0,31.49,176200,7 years,RENT,GA
LN003004,A,A5,educational,36,37000.0,6.27,1130.14,2021-06-27,2021-07-31,Fully Paid,40392.39,37000.0,3392.39,0.0,743.0,29.23,220100,7 years,RENT,SD
LN001391,B,B5,debt_consolidation,36,30300.0,10.37,982.97,2022-05-06,2022-06-06,Current,12778.61,8306.1,4472.51,0.0,939.0,37.76,59200,2 years,RENT,ID
LN002140,A,A2,renewable_energy,36,36100.0,7.45,1122.11,2022-02-13,2022-03-14,Current,14587.43,9481.83,5105.6,0.0,727.0,41.79,85000,1 year,MORTGAGE,IA
LN001364,E,E1,vacation,36,27500.0,24.06,1079.77,2021-11-08,2021-12-10,Current,31313.33,20353.66,10959.67,0.0,674.0,18.47,79000,10+ years,RENT,KS
LN002946,F,F3,car,60,,28.9,988.45,2021-06-22,2021-07-21,Current,3953.8,2569.97,1383.83,0.0,787.0,12.54,119400,6 years,MORTGAGE,AR
LN002613,D,D4,small_business,60,15600.0,21.57,427.05,2022-12-22,2023-01-19,Current,4697.55,3053.41,1644.14,0.0,798.0,16.1,145100,< 1 year,RENT,RI
LN003418,D,D3,educational,36,13000.0,20.46,486.18,2021-09-10,2021-10-11,Current,4375.62,2844.15,1531.47,0.0,743.0,25.66,237900,1 year,OWN,MA
LN002825,E,E3,credit_card,60,17300.0,26.75,525.68,2021-06-02,2021-07-07,Charged Off,7134.81,4994.37,2140.44,12305.63,670.0,44.09,145200,< 1 year,RENT,WV
LN002042,F,F3,educational,36,17100.0,28.03,707.59,2023-08-14,2023-09-11,Charged Off,9691.45,6784.02,2907.43,10315.98,660.0,6.66,88000,< 1 year,MORTGAGE,TX
LN000242,C,C5,major_purchase,60,27300.0,15.67,659.11,2022-10-01,2022-10-30,Fully Paid,39557.35,27300.0,12257.35,0.0,614.0,36.22,239700,10+ years,RENT,IL
LN002062,A,A3,educational,36,,6.61,423.65,2023-04-29,2023-06-02,Fully Paid,14989.38,13800.0,1189.38,0.0,802.0,23.46,214200,< 1 year,RENT,IA
LN002364,B,B1,small_business,60,39000.0,10.53,838.84,2021-06-29,2021-07-27,Charged Off,18233.39,12763.37,5470.02,26236.63,593.0,16.75,57500,5 years,RENT,MI
LN000601,B,B4,vacation,36,32200.0,11.07,1055.25,2021-04-04,2021-05-04,Current,34823.25,22635.11,12188.14,0.0,585.0,35.48,200000,10+ years,MORTGAGE,MD
LN002436,F,F2,medical,36,23500.0,30.7,1006.64,2022-06-19,2022-07-24,Charged Off,1558.07,1090.65,467.42,22409.35,777.0,10.38,106000,7 years,MORTGAGE,TX
LN001298,F,F5,home_improvement,60,19300.0,28.88,611.21,2021-12-05,2022-01-05,Late (31-120 days),6723.31,4706.32,2016.99,0.0,725.0,121.1,43700,4 years,RENT,AR
LN002215,B,B2,wedding,36,21400.0,8.63,676.84,2021-03-31,2021-05-02,Fully Paid,24173.17,21400.0,2773.17,0.0,711.0,9.14,135300,3 years,RENT,NH
LN002889,C,C5,car,36,36600.0,14.29,1256.06,2023-04-19,2023-05-17,Current,31401.5,20410.98,10990.52,0.0,623.0,27.59,159100,8 years,MORTGAGE,MN
LN002069,D,D4,wedding,36,3700.0,19.27,136.13,2021-04-18,2021-05-20,Fully paid,4844.77,3700.0,1144.77,0.0,819.0,22.99,130700,6 years,MORTGAGE,ND
LN000647,B,B1,car,36,,10.35,171.89,2023-08-13,2023-09-12,Fully Paid,6290.29,5300.0,990.29,0.0,133.0,11.23,127400,2 years,RENT,MD
LN003203,E,E4,car,60,14700.0,23.45,418.21,2021-10-22,2021-10-17,charged off,930.66,651.46,279.2,14048.54,655.0,10.93,121300,1 year,OWN,IN
LN001529,A,A2,credit_card,36,10900.0,6.34,333.28,2022-05-04,2022-06-01,Late (31-120 days),3666.08,2566.26,1099.82,0.0,582.0,42.65,144200,6 years,RENT,NE
LN002880,D,D4,moving,60,8600.0,21.26,233.92,2022-03-01,2022-03-30,Fully Paid,14242.96,8600.0,5642.96,0.0,632.0,15.85,95600,3 years,MORTGAGE,CA
LN001268,A,A1,vacation,60,21600.0,-7.75,435.39,2021-07-08,2021-08-05,Fully Paid,26453.16,21600.0,4853.16,0.0,664.0,43.1,180300,,RENT,AK
LN001900,C,C2,car,60,16400.0,14.56,386.38,2021-08-27,2021-09-25,Current,19705.38,12808.5,6896.88,0.0,773.0,14.97,142700,6 years,MORTGAGE,NE
LN000563,C,C2,debt_consolidation,36,29600.0,15.93,1039.63,2022-07-08,2022-08-11,Fully Paid,38140.05,29600.0,8540.05,0.0,743.0,41.34,53000,3 years,MORTGAGE,VT
LN001711,D,D2,wedding,36,12800.0,18.78,467.77,2022-08-06,2022-09-04,Fully Paid,16622.53,12800.0,3822.53,0.0,678.0,44.27,190500,4 years,RENT,CA
LN002735,G,C5,car,60,39900.0,33.18,1369.91,2022-08-29,2022-10-03,Fully Paid,82920.21,39900.0,43020.21,0.0,814.0,5.94,145400,2 years,OWN,CT
LN003006,F,F5,moving,36,15700.0,31.47,679.19,2023-07-15,2023-08-13,Fully Paid,24895.53,15700.0,9195.53,0.0,704.0,26.62,65300,2 years,MORTGAGE,IL
LN000190,B,B3,small_business,36,27300.0,-11.95,906.1,2022-05-06,2022-06-04,Fully Paid,32945.92,27300.0,5645.92,0.0,685.0,41.75,138500,10+ years,RENT,FL
LN001807,A,A1,moving,60,31100.0,5.7,596.92,2023-04-24,2023-05-29,Charged Off,13992.36,9794.65,4197.71,21305.35,787.0,42.62,242700,10+ years,RENT,TN
LN000976,A,A2,medical,36,21000.0,6.42,642.86,2022-03-23,2022-04-24,Fully Paid,22700.17,21000.0,1700.17,0.0,680.0,11.33,250000,,RENT,RI
LN002748,E,E2,home_improvement,60,7500.0,26.31,225.93,2021-09-26,2021-10-28,Late (31-120 days),1807.44,1265.21,542.23,0.0,590.0,34.66,233900,1 year,OTHER,CT
LN002081,G,G2,small_business,36,7300.0,35.58,332.62,2022-09-26,2022-10-31,Late (31-120 days),2328.34,1629.84,698.5,0.0,692.0,42.49,201300,< 1 year,RENT,TN
LN002048,D,D3,vacation,36,10800.0,19.29,397.47,2023-08-10,2023-09-12,Fully Paid,14032.9,10800.0,3232.9,0.0,712.0,13.93,36700,10+ years,RENT,WY
LN002559,B,B4,car,60,35100.0,10.57,755.65,2021-12-01,2022-01-03,Fully Paid,44530.94,35100.0,9430.94,0.0,719.0,23.71,112000,7 years,MORTGAGE,WI
LN001083,B,B1,debt_consolidation,60,35000.0,11.87,776.26,2022-01-06,2022-02-05,Current,42694.3,27751.3,14943.0,0.0,677.0,44.97,139900,3 years,OWN,CA
LN000475,C,C4,renewable_energy,36,28600.0,14.79,988.49,2022-04-05,2022-05-10,Charged Off,3888.77,2722.14,1166.63,25877.86,594.0,20.66,227600,6 years,RENT,UT
LN002905,C,C3,wedding,36,9600.0,13.72,326.8,2021-07-12,2021-08-14,Fully Paid,11544.17,9600.0,1944.17,0.0,799.0,24.53,31200,< 1 year,MORTGAGE,MN
LN000748,B,B5,educational,60,,10.17,238.9,2022-08-25,2022-09-26,FULLY PAID,14104.67,11200.0,2904.67,0.0,853.0,24.72,137700,4 years,MORTGAGE,CT
LN002301,D,D5,vacation,36,35000.0,17.65,1259.2,2022-11-24,2022-12-29,Fully Paid,44555.59,35000.0,9555.59,0.0,,37.86,184700,6 years,MORTGAGE,CT
LN000022,F,F5,home_improvement,36,31900.0,28.34,1325.36,2023-02-03,2023-03-08,Fully Paid,47969.16,31900.0,16069.16,0.0,647.0,25.22,127800,10+ years,MORTGAGE,CO
LN003386,F,F4,renewable_energy,60,,27.9,490.99,2021-10-23,2021-11-23,Fully Paid,29538.12,15800.0,13738.12,0.0,740.0,5.06,235100,7 years,MORTGAGE,VT
LN000460,E,E3,renewable_energy,60,19500.0,22.93,548.93,2021-10-28,2021-11-30,Current,1646.79,1070.41,576.38,0.0,615.0,25.73,177700,9 years,OWN,HI
LN001185,B,B5,educational,36,26500.0,11.87,878.53,2021-02-16,2021-02-08,Charged Off,14426.01,10098.21,4327.8,16401.79,781.0,22.64,144800,7 years,RENT,AL
LN002325,E,E4,debt_consolidation,60,31000.0,24.41,899.2,2023-12-13,2024-01-15,Fully Paid,54063.84,31000.0,23063.84,0.0,717.0,39.7,197000,8 years,RENT,WI
LN000956,A,A2,car,36,9800.0,5.82,297.34,2023-05-16,2023-06-15,Current,4460.1,2899.07,1561.04,0.0,618.0,21.45,216900,2 years,MORTGAGE,WI
LN001216,A,A2,wedding,36,23500.0,7.77,733.91,2023-06-15,2023-07-19,Late (31-120 days),5137.37,3596.16,1541.21,0.0,790.0,10.96,169600,6 years,OWN,FL
LN002434,F,F2,credit_card,36,28300.0,30.57,1210.23,2022-03-31,2022-05-01,Fully Paid,43643.47,28300.0,15343.47,0.0,819.0,33.61,30000,8 years,RENT,WA
LN002854,B,B1,major_purchase,36,5300.0,8.58,167.5,2021-08-23,2021-09-26,Current,502.5,326.62,175.88,0.0,708.0,169.55,100100,2 years,RENT,AR
LN003486,A,A3,renewable_energy,60,13400.0,7.62,269.27,2022-01-14,2022-02-15,Late (31-120 days),538.54,376.98,161.56,0.0,704.0,32.31,104600,2 years,MORTGAGE,TN
LN001516,C,C3,small_business,36,24600.0,14.37,845.2,2023-04-15,2023-05-13,Fully Paid,30356.05,24600.0,5756.05,0.0,586.0,23.43,50000,9 years,OWN,MS
LN002392,B,B1,vacation,36,10600.0,9.01,337.13,2023-08-02,2023-08-31,Current,5731.21,3725.29,2005.92,0.0,588.0,10.92,97300,4 years,RENT,WV
LN000770,B,B1,wedding,60,18200.0,11.73,402.37,2023-12-01,2024-01-02,Current,16094.8,10461.62,5633.18,0.0,635.0,35.29,164600,,MORTGAGE,NV
LN003381,C,C1,major_purchase,60,16400.0,14.67,387.32,2023-01-31,2023-03-03,Current,1549.28,1007.03,542.25,0.0,810.0,27.8,36100,10+ years,OTHER,NE
LN001686,B,A1,wedding,36,20900.0,8.58,660.54,2021-05-10,2021-06-14,Late (31-120 days),3302.7,2311.89,990.81,0.0,654.0,36.79,217800,8 years,RENT,WA
LN000131,E,E3,moving,60,39600.0,23.15,1119.76,2021-12-03,2022-01-06,Charged Off,2966.71,2076.7,890.01,37523.3,615.0,33.54,219000,5 years,RENT,NC
LN002920,D,D5,vacation,36,19400.0,19.03,711.42,2022-06-21,2022-07-23,Default,6402.78,4481.95,1920.83,0.0,728.0,29.2,140500,4 years,RENT,NH
LN003172,D,D3,renewable_energy,60,13500.0,17.46,338.86,2021-07-30,2021-09-03,Current,2372.02,1541.81,830.21,0.0,712.0,21.13,191400,4 years,OWN,WI
LN003445,B,B2,vacation,60,12600.0,10.53,271.01,2022-02-26,2022-03-28,Current,13279.49,8631.67,4647.82,0.0,760.0,25.13,139000,10+ years,RENT,HI
LN002136,D,D3,medical,36,8000.0,19.44,295.03,2022-07-30,2022-08-30,Charged Off,3042.67,2129.87,912.8,5870.13,647.0,32.13,193300,< 1 year,OWN,VT
LN001483,A,A5,major_purchase,36,4500.0,6.49,137.9,2021-03-29,2021-05-01,Late (31-120 days),1103.2,772.24,330.96,0.0,638.0,36.59,171800,7 years,RENT,MD
LN000331,A,A3,major_purchase,60,24900.0,7.92,503.93,2023-06-06,2023-07-08,Charged Off,3095.4,2166.78,928.62,22733.22,758.0,26.57,212000,7 years,MORTGAGE,OR
LN001239,C,C1,medical,60,,13.24,750.34,2021-11-28,2022-01-01,Current,14256.46,9266.7,4989.76,0.0,719.0,21.89,245500,6 years,MORTGAGE,VT
LN000467,C,C5,medical,36,39900.0,16.44,1411.45,2021-09-11,2021-10-10,Charged Off,13400.42,9380.29,4020.13,30519.71,706.0,35.49,143000,6 years,RENT,MA
LN002170,B,B3,vacation,60,22600.0,11.02,491.6,2023-10-10,2023-11-12,Fully Paid,29992.86,22600.0,7392.86,0.0,892.0,44.25,192700,6 years,OWN,VA
LN001639,A,A4,small_business,60,11900.0,7.02,235.75,2021-12-16,2022-01-15,Current,7072.5,4597.12,2475.38,0.0,740.0,33.99,86600,,OWN,NJ
LN003093,A,A1,small_business,36,13500.0,7.61,420.62,2023-06-04,2023-07-09,Current,3364.96,2187.22,1177.74,0.0,,8.17,155000,6 years,RENT,NE
LN001096,F,F1,medical,60,20600.0,28.38,646.13,2023-03-20,2023-04-19,Fully Paid,39110.88,20600.0,18510.88,0.0,713.0,15.19,65400,3 years,MORTGAGE,MD
LN001131,B,B3,home_improvement,60,4900.0,9.59,103.12,2023-02-08,2023-03-09,Current,5980.96,3887.62,2093.34,0.0,714.0,30.57,142400,1 year,RENT,IA
LN001295,A,A3,debt_consolidation,60,26200.0,5.3,498.04,2022-03-05,2022-04-09,Current,28388.28,18452.38,9935.9,0.0,613.0,23.55,45200,10+ years,MORTGAGE,PA
LN000861,D,D4,car,60,6300.0,17.73,159.05,2023-08-13,2023-09-14,Current,6362.0,4135.3,2226.7,0.0,,36.66,94200,4 years,MORTGAGE,GA
LN001506,F,F1,home_improvement,60,29000.0,27.56,895.26,2021-02-08,2021-03-13,Current,28648.32,18621.41,10026.91,0.0,801.0,43.81,37800,< 1 year,MORTGAGE,TX
LN003175,B,B2,small_business,60,,9.68,721.28,2021-09-30,2021-10-29,Fully Paid,43541.23,34200.0,9341.23,0.0,677.0,11.82,246500,7 years,MORTGAGE,VT
